controller,timestamp,loop,q0,q1,q2,q3,q4,q5,qvel0,qvel1,qvel2,qvel3,qvel4,qvel5,target0,target1,target2,target3,target4,target5,cmd_pos0,cmd_pos1,cmd_pos2,cmd_pos3,cmd_pos4,cmd_pos5,cmd_vel0,cmd_vel1,cmd_vel2,cmd_vel3,cmd_vel4,cmd_vel5,u0,u1,u2,u3,u4,u5,hal_vel0,hal_vel1,hal_vel2,hal_vel3,hal_vel4,hal_vel5,hal_torq0,hal_torq1,hal_torq2,hal_torq3,hal_torq4,hal_torq5,err_norm,poll_ms,pd_solve_ms,hal_write_ms,sleep_ms
pd,00:06:27.983,1,-90.0,-89.997,50.002,-90.477,-0.145,0.003,0.0,0.0,0.0,0.0,0.0,0.0,-90.0,-89.997,40.0,-89.987,0.079,0.003,-90.0,-89.997,45.001000000000005,-90.232,-0.033,0.003,0.0,0.0,0.0,0.0,0.0,0.0,0.0,0.0,-5.000999999999998,0.24500000000000455,0.11199999999999999,0.0,0.034424500000000004,-0.0619641,0.0068849,-0.4199789,-0.206547,-0.0206547,-0.0020285714285459997,-0.021898168497894,-0.025539194138874,0.006760683760824001,0.0024662698413210004,0.00017246642247,10.016500386861674,2.148293999653106,0.4665510000450013,0.17881300027511315,0.0
pd,00:06:27.986,2,-90.0,-89.997,50.002,-90.477,-0.145,0.003,0.0,0.0,0.0,0.0,0.0,0.0,-90.0,-89.997,40.0,-89.987,0.079,0.003,-90.0,-89.997,45.001000000000005,-90.232,-0.033,0.003,0.0,0.0,-784.080229665072,38.41224880382846,17.559885167464113,0.0,0.0,0.0,-5.000999999999998,0.24500000000000455,0.11199999999999999,0.0,0.034424500000000004,-0.0619641,0.0068849,-0.4199789,-0.206547,-0.0206547,-0.0020285714285459997,-0.021898168497894,-0.025539194138874,0.006760683760824001,0.0024662698413210004,0.00017246642247,10.016500386861674,3.4644480001588818,0.2516640001886117,0.12086900005670032,0.0
pd,00:06:27.990,3,-90.0,-89.997,50.002,-90.477,-0.145,0.003,0.0,0.0,0.0,0.0,0.0,0.0,-90.0,-89.997,40.0,-89.987,0.079,0.003,-90.0,-89.997,45.001000000000005,-90.232,-0.033,0.003,0.0,0.0,-599.1349415595546,29.351741788061098,13.417939103113396,0.0,0.0,0.0,-5.000999999999998,0.24500000000000455,0.11199999999999999,0.0,0.034424500000000004,-0.0619641,0.0068849,-0.4199789,-0.206547,-0.0206547,-0.0020285714285459997,-0.021898168497894,-0.025539194138874,0.006760683760824001,0.0024662698413210004,0.00017246642247,10.016500386861674,2.3705140001766267,0.24783099979686085,0.12085100024705753,0.0
pd,00:06:27.995,4,-90.0,-89.997,50.002,-90.477,-0.145,0.003,0.0,0.0,0.0,0.0,0.0,0.0,-90.0,-89.997,40.0,-89.987,0.079,0.003,-90.0,-89.997,45.001000000000005,-90.232,-0.033,0.003,0.0,0.0,-527.9565644097661,25.86469871633574,11.82386227032469,0.0,0.0,0.0,-5.000999999999998,0.24500000000000455,0.11199999999999999,0.0,0.034424500000000004,-0.0619641,0.0068849,-0.4199789,-0.206547,-0.0206547,-0.0020285714285459997,-0.021898168497894,-0.025539194138874,0.006760683760824001,0.0024662698413210004,0.00017246642247,10.016500386861674,1.8869820000873005,0.29605300005641766,0.09972099996957695,0.0
pd,00:06:27.997,5,-90.0,-89.997,50.002,-90.485,-0.147,0.003,0.0,0.0,0.0,-3.3504175736376838,-0.8376043934098859,0.0,-90.0,-89.997,40.0,-89.987,0.079,0.003,-90.0,-89.997,45.001000000000005,-89.90095824263624,0.04976043934098859,0.003,0.0,0.0,-1047.2148928607091,122.29898547568114,41.20185211031781,0.0,0.0,0.0,-5.000999999999998,0.5840417573637637,0.19676043934098858,0.0,0.034424500000000004,-0.0619641,0.0068849,-0.4199789,-0.206547,-0.0206547,-0.0020285714285459997,-0.021898168497894,-0.025539194138874,0.006760683760824001,0.0024662698413210004,0.00017246642247,10.016939852070594,2.5338650002595386,1.2210810000397032,0.14242399993236177,0.0
pd,00:06:28.001,6,-90.0,-89.997,50.002,-90.485,-0.147,0.003,0.0,0.0,0.0,0.0,0.0,0.0,-90.0,-89.997,40.0,-89.987,0.079,0.003,-90.0,-89.997,45.001000000000005,-90.23599999999999,-0.034,0.003,0.0,0.0,-620.3997132209407,30.88972777284856,14.018229872818692,0.0,0.0,0.0,-5.000999999999998,0.24900000000000944,0.11299999999999999,0.0,0.034424500000000004,-0.0619641,0.0068849,-0.4199789,-0.206547,-0.0206547,-0.0020285714285459997,-0.021898168497894,-0.025539194138874,0.006760683760824001,0.0024662698413210004,0.00017246642247,10.016939852070594,1.8007420003414154,0.2110169998559286,0.07692600001973915,0.0
pd,00:06:28.003,7,-90.0,-89.997,50.002,-90.485,-0.147,0.003,0.0,0.0,0.0,0.0,0.0,0.0,-90.0,-89.997,40.0,-89.987,0.079,0.003,-90.0,-89.997,45.001000000000005,-90.23599999999999,-0.034,0.003,0.0,0.0,-1154.2876020250937,57.47202817521515,26.081683469073297,0.0,0.0,0.0,-5.000999999999998,0.24900000000000944,0.11299999999999999,0.0,-0.0137698,-0.0413094,0.0068849,-0.7022598,-0.1858923,-0.0206547,-0.0026007326007,-0.020823199022938,-0.025365811965494,0.005242979243088,0.0019661172161580002,-0.00020695970696400003,10.016939852070594,1.8520930002523528,0.20772000016222592,0.0930539999899338,0.0
pd,00:06:28.006,8,-90.0,-89.997,50.002,-90.485,-0.147,0.003,0.0,0.0,0.0,0.0,0.0,0.0,-90.0,-89.997,40.0,-89.987,0.079,0.003,-90.0,-89.997,45.001000000000005,-90.23599999999999,-0.034,0.003,0.0,0.0,-1110.648856507466,55.29925320343163,25.095645028063114,0.0,0.0,0.0,-5.000999999999998,0.24900000000000944,0.11299999999999999,0.0,-0.0137698,-0.0413094,0.0068849,-0.7022598,-0.1858923,-0.0206547,-0.0026007326007,-0.020823199022938,-0.025365811965494,0.005242979243088,0.0019661172161580002,-0.00020695970696400003,10.016939852070594,1.861240999915026,0.19236900016039726,0.09373899956699461,0.0
pd,00:06:28.008,9,-90.0,-89.997,50.002,-90.485,-0.147,0.003,0.0,0.0,0.0,0.0,0.0,0.0,-90.0,-89.997,40.0,-89.987,0.079,0.003,-90.0,-89.997,45.001000000000005,-90.23599999999999,-0.034,0.003,0.0,0.0,-1120.4975589743592,55.78962051282104,25.318181196581193,0.0,0.0,0.0,-5.000999999999998,0.24900000000000944,0.11299999999999999,0.0,-0.0137698,-0.0413094,0.0068849,-0.7022598,-0.1858923,-0.0206547,-0.0026007326007,-0.020823199022938,-0.025365811965494,0.005242979243088,0.0019661172161580002,-0.00020695970696400003,10.016939852070594,1.7963159998544143,0.14909100036675227,0.0671470002089336,0.0
pd,00:06:28.010,10,-90.0,-89.997,50.002,-90.485,-0.147,0.003,0.0,0.0,0.0,0.0,0.0,0.0,-90.0,-89.997,40.0,-89.987,0.079,0.003,-90.0,-89.997,45.001000000000005,-90.23599999999999,-0.034,0.003,0.0,0.0,-1177.352621463853,58.620436461608094,26.602848675348,0.0,0.0,0.0,-5.000999999999998,0.24900000000000944,0.11299999999999999,0.0,-0.0137698,-0.0413094,0.0068849,-0.7022598,-0.1858923,-0.0206547,-0.0026007326007,-0.020823199022938,-0.025365811965494,0.005242979243088,0.0019661172161580002,-0.00020695970696400003,10.016939852070594,1.6859840002325654,0.13053500015303143,0.058072999763680855,0.0
pd,00:06:28.012,11,-90.0,-89.997,50.002,-90.485,-0.147,0.003,0.0,0.0,0.0,0.0,0.0,0.0,-90.0,-89.997,40.0,-89.987,0.079,0.003,-90.0,-89.997,45.001000000000005,-90.23599999999999,-0.034,0.003,0.0,0.0,-945.3630027041646,47.06966360194744,21.36093167477916,0.0,0.0,0.0,-5.000999999999998,0.24900000000000944,0.11299999999999999,0.0,-0.0137698,-0.0413094,0.0068849,-0.7022598,-0.1858923,-0.0206547,-0.0026007326007,-0.020823199022938,-0.025365811965494,0.005242979243088,0.0019661172161580002,-0.00020695970696400003,10.016939852070594,1.9212770002923207,0.22964599975239253,0.12238699991939939,0.0
pd,00:06:28.015,12,-90.0,-89.997,50.002,-90.485,-0.147,0.003,0.0,0.0,0.0,0.0,0.0,0.0,-90.0,-89.997,40.0,-89.987,0.079,0.003,-90.0,-89.997,45.001000000000005,-90.23599999999999,-0.034,0.003,0.0,0.0,-1045.0236301315267,52.031770426465215,23.61281147867676,0.0,0.0,0.0,-5.000999999999998,0.24900000000000944,0.11299999999999999,0.0,-0.0137698,-0.0413094,0.0068849,-0.7022598,-0.1858923,-0.0206547,-0.0026007326007,-0.020823199022938,-0.025365811965494,0.005242979243088,0.0019661172161580002,-0.00020695970696400003,10.016939852070594,1.7820759999267466,0.1633130000300298,0.10177700005442603,0.0
pd,00:06:28.017,13,-90.0,-89.997,50.002,-90.493,-0.149,0.003,0.0,0.0,0.0,-3.728270222220156,-0.9320675555555564,0.0,-90.0,-89.997,40.0,-89.987,0.079,0.003,-90.0,-89.997,45.001000000000005,-89.86717297777798,0.05820675555555563,0.003,0.0,0.0,-1165.3174613333335,145.82826570077162,48.28267353631607,0.0,0.0,0.0,-5.000999999999998,0.6258270222220119,0.20720675555555562,0.0,-0.0137698,-0.0413094,0.0068849,-0.7022598,-0.1858923,-0.0206547,-0.0026007326007,-0.020823199022938,-0.025365811965494,0.005242979243088,0.0019661172161580002,-0.00020695970696400003,10.017386086200334,3.971332000219263,0.238997999986168,0.11931299968637177,0.0
pd,00:06:28.021,14,-90.0,-89.997,50.002,-90.493,-0.149,0.003,0.0,0.0,0.0,0.0,0.0,0.0,-90.0,-89.997,40.0,-89.987,0.079,0.003,-90.0,-89.997,45.001000000000005,-90.24,-0.035,0.003,0.0,0.0,-564.7742138933766,28.571860850834693,12.874277221324716,0.0,0.0,0.0,-5.000999999999998,0.2530000000000001,0.11399999999999999,0.0,-0.0137698,-0.0413094,0.0068849,-0.7022598,-0.1858923,-0.0206547,-0.0026007326007,-0.020823199022938,-0.025365811965494,0.005242979243088,0.0019661172161580002,-0.00020695970696400003,10.017386086200334,1.750482999796077,0.16568299997743452,0.08836999995764927,0.0
pd,00:06:28.024,15,-90.0,-89.997,50.002,-90.493,-0.149,0.003,0.0,0.0,0.0,0.0,0.0,0.0,-90.0,-89.997,40.0,-89.987,0.079,0.003,-90.0,-89.997,45.001000000000005,-90.24,-0.035,0.003,0.0,0.0,-1187.3493888825997,60.06786550435868,27.06615283595607,0.0,0.0,0.0,-5.000999999999998,0.2530000000000001,0.11399999999999999,0.0,-0.034424500000000004,-0.0275396,-0.0,-0.6609504,-0.206547,-0.0137698,-0.0020632478632219998,-0.021031257630993998,-0.026492796092464,0.004708333333431,0.0009830586080790001,-0.000569139194151,10.017386086200334,1.8984819998877356,0.21653500016327598,0.09120300001086434,0.0
pd,00:06:28.026,16,-90.0,-89.997,50.002,-90.493,-0.149,0.003,0.0,0.0,0.0,0.0,0.0,0.0,-90.0,-89.997,40.0,-89.987,0.079,0.003,-90.0,-89.997,45.001000000000005,-90.24,-0.035,0.003,0.0,0.0,-1090.327180788024,55.159523443185385,24.854488824202097,0.0,0.0,0.0,-5.000999999999998,0.2530000000000001,0.11399999999999999,0.0,-0.034424500000000004,-0.0275396,-0.0,-0.6609504,-0.206547,-0.0137698,-0.0020632478632219998,-0.021031257630993998,-0.026492796092464,0.004708333333431,0.0009830586080790001,-0.000569139194151,10.017386086200334,1.841240999965521,0.19023899994863314,0.09192600009555463,0.0
pd,00:06:28.028,17,-90.0,-89.997,50.002,-90.493,-0.149,0.003,0.0,0.0,0.0,0.0,0.0,0.0,-90.0,-89.997,40.0,-89.987,0.079,0.003,-90.0,-89.997,45.001000000000005,-90.24,-0.035,0.003,0.0,0.0,-1130.7662697574126,57.205332183288434,25.776315687331532,0.0,0.0,0.0,-5.000999999999998,0.2530000000000001,0.11399999999999999,0.0,-0.034424500000000004,-0.0275396,-0.0,-0.6609504,-0.206547,-0.0137698,-0.0020632478632219998,-0.021031257630993998,-0.026492796092464,0.004708333333431,0.0009830586080790001,-0.000569139194151,10.017386086200334,1.8094459996973455,0.14899799998602248,0.06325799995465786,0.0
pd,00:06:28.030,18,-90.0,-89.997,50.002,-90.493,-0.149,0.003,0.0,0.0,0.0,0.0,0.0,0.0,-90.0,-89.997,40.0,-89.987,0.079,0.003,-90.0,-89.997,45.001000000000005,-90.24,-0.035,0.003,0.0,0.0,-1195.8788086659067,60.499367844925914,27.260584720638537,0.0,0.0,0.0,-5.000999999999998,0.2530000000000001,0.11399999999999999,0.0,-0.034424500000000004,-0.0275396,-0.0,-0.6609504,-0.206547,-0.0137698,-0.0020632478632219998,-0.021031257630993998,-0.026492796092464,0.004708333333431,0.0009830586080790001,-0.000569139194151,10.017386086200334,1.6757059997871693,0.1299059999837482,0.05842500013386598,0.0
pd,00:06:28.032,19,-90.0,-89.997,50.002,-90.493,-0.149,0.003,0.0,0.0,0.0,0.0,0.0,0.0,-90.0,-89.997,40.0,-89.987,0.079,0.003,-90.0,-89.997,45.001000000000005,-90.24,-0.035,0.003,0.0,0.0,-1297.8414988244033,65.65764831085265,29.58486919935651,0.0,0.0,0.0,-5.000999999999998,0.2530000000000001,0.11399999999999999,0.0,-0.034424500000000004,-0.0275396,-0.0,-0.6609504,-0.206547,-0.0137698,-0.0020632478632219998,-0.021031257630993998,-0.026492796092464,0.004708333333431,0.0009830586080790001,-0.000569139194151,10.017386086200334,1.7540389999339823,0.16335099962816457,0.0722029999451479,0.0
pd,00:06:28.034,20,-90.0,-89.997,50.002,-90.493,-0.149,0.003,0.0,0.0,0.0,0.0,0.0,0.0,-90.0,-89.997,40.0,-89.987,0.079,0.003,-90.0,-89.997,45.001000000000005,-90.24,-0.035,0.003,0.0,0.0,-1213.0299736294244,61.36704325699748,27.651553088133237,0.0,0.0,0.0,-5.000999999999998,0.2530000000000001,0.11399999999999999,0.0,-0.034424500000000004,-0.0275396,-0.0,-0.6609504,-0.206547,-0.0137698,-0.0020632478632219998,-0.021031257630993998,-0.026492796092464,0.004708333333431,0.0009830586080790001,-0.000569139194151,10.017386086200334,1.7026509999595874,0.14544300029228907,0.08538800011592684,0.0
pd,00:06:28.037,21,-90.0,-89.997,50.002,-90.493,-0.149,0.003,0.0,0.0,0.0,0.0,0.0,0.0,-90.0,-89.997,40.0,-89.987,0.079,0.003,-90.0,-89.997,45.001000000000005,-90.24,-0.035,0.003,0.0,0.0,-1049.1004453336004,53.07386776032812,23.91470721216365,0.0,0.0,0.0,-5.000999999999998,0.2530000000000001,0.11399999999999999,0.0,-0.034424500000000004,-0.0275396,-0.0,-0.6609504,-0.206547,-0.0137698,-0.0020632478632219998,-0.021031257630993998,-0.026492796092464,0.004708333333431,0.0009830586080790001,-0.000569139194151,10.017386086200334,2.1590899996226653,0.24934899965955992,0.12272100002519437,0.0
pd,00:06:28.039,22,-90.0,-89.997,50.002,-90.505,-0.153,0.003,0.0,0.0,0.0,-4.475515561088557,-1.491838520362797,0.0,-90.0,-89.997,40.0,-89.987,0.079,0.003,-90.0,-89.997,45.001000000000005,-89.79844844389115,0.1121838520362797,0.003,0.0,0.0,-932.5855550417929,131.7576035031833,49.451435680738754,0.0,0.0,0.0,-5.000999999999998,0.7065515561088489,0.2651838520362797,0.0,-0.034424500000000004,-0.0275396,-0.0,-0.6609504,-0.206547,-0.0137698,-0.0020632478632219998,-0.021031257630993998,-0.026492796092464,0.004708333333431,0.0009830586080790001,-0.000569139194151,10.01809123536016,2.0053129996995267,0.17927599992617615,0.08199899957617163,0.0
pd,00:06:28.042,23,-90.0,-89.997,50.002,-90.505,-0.153,0.003,0.0,0.0,0.0,0.0,0.0,0.0,-90.0,-89.997,40.0,-89.987,0.079,0.003,-90.0,-89.997,45.001000000000005,-90.246,-0.037000000000000005,0.003,0.0,0.0,-1066.4894399023797,55.233106365670196,24.737607484238357,0.0,0.0,0.0,-5.000999999999998,0.25900000000000034,0.11599999999999999,0.0,-0.034424500000000004,-0.0275396,-0.0,2.8641184,1.445829,0.0137698,-0.0020632478632219998,-0.021031257630993998,-0.066682783881948,-0.001414224664254,0.005484432234546001,0.00024145299145800003,10.01809123536016,2.314551999916148,1.3901900001656031,0.13759200010099448,0.0
pd,00:06:28.046,24,-90.0,-89.997,50.002,-90.505,-0.153,0.003,0.0,0.0,0.0,0.0,0.0,0.0,-90.0,-89.997,40.0,-89.987,0.079,0.003,-90.0,-89.997,45.001000000000005,-90.246,-0.037000000000000005,0.003,0.0,0.0,-561.8394574382602,29.097464402421423,13.032068998767878,0.0,0.0,0.0,-5.000999999999998,0.25900000000000034,0.11599999999999999,0.0,-0.0068849,0.0,-1.4320592,2.8641184,1.445829,0.0137698,-0.002739438339404,-0.019297435897193998,-0.066682783881948,-0.001414224664254,0.005484432234546001,0.00024145299145800003,10.01809123536016,1.8858530002034968,0.22779400023864582,0.10055399980046786,0.0
pd,00:06:28.048,25,-90.0,-89.997,50.002,-90.505,-0.153,0.003,0.0,0.0,0.0,0.0,0.0,0.0,-90.0,-89.997,40.0,-89.987,0.079,0.003,-90.0,-89.997,45.001000000000005,-90.246,-0.037000000000000005,0.003,0.0,0.0,-1085.2501192052982,56.20471523178816,25.172768211920527,0.0,0.0,0.0,-5.000999999999998,0.25900000000000034,0.11599999999999999,0.0,-0.0068849,0.0,-1.4320592,2.8641184,1.445829,0.0137698,-0.002739438339404,-0.019297435897193998,-0.066682783881948,-0.001414224664254,0.005484432234546001,0.00024145299145800003,10.01809123536016,1.8074820000038017,0.15675800023018382,0.066851999690698,0.0
pd,00:06:28.050,26,-90.0,-89.997,50.002,-90.505,-0.153,0.003,0.0,0.0,0.0,0.0,0.0,0.0,-90.0,-89.997,40.0,-89.987,0.079,0.003,-90.0,-89.997,45.001000000000005,-90.246,-0.037000000000000005,0.003,0.0,0.0,-1188.4257396033997,61.548143682719626,27.565963966005665,0.0,0.0,0.0,-5.000999999999998,0.25900000000000034,0.11599999999999999,0.0,-0.0068849,0.0,-1.4320592,2.8641184,1.445829,0.0137698,-0.002739438339404,-0.019297435897193998,-0.066682783881948,-0.001414224664254,0.005484432234546001,0.00024145299145800003,10.01809123536016,1.6889090002223384,0.13231299999461044,0.05705500007024966,0.0
pd,00:06:28.052,27,-90.0,-89.997,50.002,-90.505,-0.153,0.003,0.0,0.0,0.0,0.0,0.0,0.0,-90.0,-89.997,40.0,-89.987,0.079,0.003,-90.0,-89.997,45.001000000000005,-90.246,-0.037000000000000005,0.003,0.0,0.0,-1288.7511860407965,66.74396264438445,29.8930489063652,0.0,0.0,0.0,-5.000999999999998,0.25900000000000034,0.11599999999999999,0.0,-0.0068849,0.0,-1.4320592,2.8641184,1.445829,0.0137698,-0.002739438339404,-0.019297435897193998,-0.066682783881948,-0.001414224664254,0.005484432234546001,0.00024145299145800003,10.01809123536016,1.7230210000889201,0.15355499999714084,0.06505499959530425,0.0
pd,00:06:28.054,28,-90.0,-89.997,50.002,-90.505,-0.153,0.003,0.0,0.0,0.0,0.0,0.0,0.0,-90.0,-89.997,40.0,-89.987,0.079,0.003,-90.0,-89.997,45.001000000000005,-90.246,-0.037000000000000005,0.003,0.0,0.0,-1244.1111686832744,64.43207212336901,28.85760759193357,0.0,0.0,0.0,-5.000999999999998,0.25900000000000034,0.11599999999999999,0.0,-0.0068849,0.0,-1.4320592,2.8641184,1.445829,0.0137698,-0.002739438339404,-0.019297435897193998,-0.066682783881948,-0.001414224664254,0.005484432234546001,0.00024145299145800003,10.01809123536016,1.8557960001999163,0.24227499989137868,0.16344300001946976,0.0
pd,00:06:28.057,29,-90.0,-89.997,50.002,-90.505,-0.153,0.003,0.0,0.0,0.0,0.0,0.0,0.0,-90.0,-89.997,40.0,-89.987,0.079,0.003,-90.0,-89.997,45.001000000000005,-90.246,-0.037000000000000005,0.003,0.0,0.0,-1054.90415932408,54.63310883122116,24.46888271977469,0.0,0.0,0.0,-5.000999999999998,0.25900000000000034,0.11599999999999999,0.0,-0.0068849,0.0,-1.4320592,2.8641184,1.445829,0.0137698,-0.002739438339404,-0.019297435897193998,-0.066682783881948,-0.001414224664254,0.005484432234546001,0.00024145299145800003,10.01809123536016,1.7746859998624132,0.18772000021272106,0.08444300010523875,0.0
pd,00:06:28.059,30,-90.0,-89.997,50.002,-90.52,-0.157,0.003,0.0,0.0,0.0,-6.928153287083183,-1.8475075432221137,0.0,-90.0,-89.997,40.0,-89.987,0.079,0.003,-90.0,-89.997,45.001000000000005,-89.56068467129168,0.14575075432221138,0.003,0.0,0.0,-1154.923152956723,221.5427882646524,69.91678779080875,0.0,0.0,0.0,-5.000999999999998,0.959315328708314,0.3027507543222114,0.0,-0.0068849,0.0,-1.4320592,2.8641184,1.445829,0.0137698,-0.002739438339404,-0.019297435897193998,-0.066682783881948,-0.001414224664254,0.005484432234546001,0.00024145299145800003,10.018971454196286,1.7715760000101,0.15651700005037128,0.0691659997755778,0.0
pd,00:06:28.061,31,-90.0,-89.997,50.002,-90.52,-0.157,0.003,0.0,0.0,0.0,0.0,0.0,0.0,-90.0,-89.997,40.0,-89.987,0.079,0.003,-90.0,-89.997,45.001000000000005,-90.2535,-0.03900000000000001,0.003,0.0,0.0,-1059.1655374671786,56.44223470006072,24.9913084225409,0.0,0.0,0.0,-5.000999999999998,0.2664999999999935,0.118,0.0,-0.0068849,0.0,-1.4320592,2.8641184,1.445829,0.0137698,-0.002739438339404,-0.019297435897193998,-0.066682783881948,-0.001414224664254,0.005484432234546001,0.00024145299145800003,10.018971454196286,1.8061860000671004,0.22712800000590505,0.11007300008714083,0.0
pd,00:06:28.064,32,-90.0,-89.997,50.002,-90.52,-0.157,0.003,0.0,0.0,0.0,0.0,0.0,0.0,-90.0,-89.997,40.0,-89.987,0.079,0.003,-90.0,-89.997,45.001000000000005,-90.2535,-0.03900000000000001,0.003,0.0,0.0,-1113.8335972812238,59.355459643160714,26.28121665250637,0.0,0.0,0.0,-5.000999999999998,0.2664999999999935,0.118,0.0,0.0550792,0.0481943,-8.2068008,7.6904333000000005,2.0723549,-0.034424500000000004,-0.0024620268619959997,-0.020476434676178,-0.062088156287377995,5.173992674100001e-05,0.0050877594628650005,0.000275946275952,10.018971454196286,1.9805360002465022,0.2182199996241252,0.09072099965123925,0.0
pd,00:06:28.066,33,-90.0,-89.997,50.002,-90.52,-0.157,0.003,0.0,0.0,0.0,0.0,0.0,0.0,-90.0,-89.997,40.0,-89.987,0.079,0.003,-90.0,-89.997,45.001000000000005,-90.2535,-0.03900000000000001,0.003,0.0,0.0,-1051.5196663324646,56.03479125726903,24.810901945057147,0.0,0.0,0.0,-5.000999999999998,0.2664999999999935,0.118,0.0,0.0550792,0.0481943,-8.2068008,7.6904333000000005,2.0723549,-0.034424500000000004,-0.0024620268619959997,-0.020476434676178,-0.062088156287377995,5.173992674100001e-05,0.0050877594628650005,0.000275946275952,10.018971454196286,1.8616299998939212,0.7156960000429535,0.16222100020968355,0.0
pd,00:06:28.069,34,-90.0,-89.997,50.002,-90.52,-0.157,0.003,0.0,0.0,0.0,0.0,0.0,0.0,-90.0,-89.997,40.0,-89.987,0.079,0.003,-90.0,-89.997,45.001000000000005,-90.2535,-0.03900000000000001,0.003,0.0,0.0,-862.2755201841653,45.950095206774755,20.345633149716353,0.0,0.0,0.0,-5.000999999999998,0.2664999999999935,0.118,0.0,0.0550792,0.0481943,-8.2068008,7.6904333000000005,2.0723549,-0.034424500000000004,-0.0024620268619959997,-0.020476434676178,-0.062088156287377995,5.173992674100001e-05,0.0050877594628650005,0.000275946275952,10.018971454196286,3.239486999973451,0.2336269999432261,0.11053599973820383,0.0
pd,00:06:28.072,35,-90.0,-89.997,50.002,-90.52,-0.157,0.003,0.0,0.0,0.0,0.0,0.0,0.0,-90.0,-89.997,40.0,-89.987,0.079,0.003,-90.0,-89.997,45.001000000000005,-90.2535,-0.03900000000000001,0.003,0.0,0.0,-679.5734563597488,36.21402241949079,16.034726624765113,0.0,0.0,0.0,-5.000999999999998,0.2664999999999935,0.118,0.0,0.0550792,0.0481943,-8.2068008,7.6904333000000005,2.0723549,-0.034424500000000004,-0.0024620268619959997,-0.020476434676178,-0.062088156287377995,5.173992674100001e-05,0.0050877594628650005,0.000275946275952,10.018971454196286,1.8075010002576164,0.3393300003153854,0.18538700032877387,0.0
pd,00:06:28.075,36,-90.0,-89.997,50.002,-90.52,-0.157,0.003,0.0,0.0,0.0,0.0,0.0,0.0,-90.0,-89.997,40.0,-89.987,0.079,0.003,-90.0,-89.997,45.001000000000005,-90.2535,-0.03900000000000001,0.003,0.0,0.0,-1017.2509361784678,54.20863317167811,24.002321629485934,0.0,0.0,0.0,-5.000999999999998,0.2664999999999935,0.118,0.0,0.0550792,0.0481943,-8.2068008,7.6904333000000005,2.0723549,-0.034424500000000004,-0.0024620268619959997,-0.020476434676178,-0.062088156287377995,5.173992674100001e-05,0.0050877594628650005,0.000275946275952,10.018971454196286,1.869315000021743,0.21862699986741063,0.08981400014818064,0.0
pd,00:06:28.077,37,-90.0,-89.997,50.002,-90.52,-0.157,0.003,0.0,0.0,0.0,0.0,0.0,0.0,-90.0,-89.997,40.0,-89.987,0.079,0.003,-90.0,-89.997,45.001000000000005,-90.2535,-0.03900000000000001,0.003,0.0,0.0,-1103.752594401179,58.818249631656634,26.043352557356343,0.0,0.0,0.0,-5.000999999999998,0.2664999999999935,0.118,0.0,0.0550792,0.0481943,-8.2068008,7.6904333000000005,2.0723549,-0.034424500000000004,-0.0024620268619959997,-0.020476434676178,-0.062088156287377995,5.173992674100001e-05,0.0050877594628650005,0.000275946275952,10.018971454196286,2.4029950000112876,0.21899700004723854,0.1019809997160337,0.0
pd,00:06:28.080,38,-90.0,-89.997,49.991,-90.498,-0.132,0.003,0.0,0.0,-3.9016781395358717,7.803356279066703,8.867450317124733,0.0,-90.0,-89.997,40.0,-89.987,0.079,0.003,-90.0,-89.997,45.38566781395359,-91.02283562790667,-0.9132450317124734,0.003,0.0,0.0,-816.7510870724403,-93.07907710238639,-138.55303008421794,0.0,0.0,0.0,-4.605332186046411,-0.5248356279066684,-0.7812450317124734,0.0,0.0550792,0.0481943,-12.984921400000001,7.4150373,2.8159241,0.0275396,-0.0024620268619959997,-0.02106593406567,-0.06605860805778,0.001638431013465,0.003983974359057001,0.00020695970696400003,10.006284175456942,5.518686999948841,0.4341620001468982,0.2709610002966656,0.0
pd,00:06:28.086,39,-90.0,-89.997,49.991,-90.498,-0.132,0.003,0.0,0.0,0.0,0.0,0.0,0.0,-90.0,-89.997,40.0,-89.987,0.079,0.003,-90.0,-89.997,44.9955,-90.2425,-0.026499999999999996,0.003,0.0,0.0,-386.7228798818752,19.779340568475835,8.167203248431155,0.0,0.0,0.0,-4.9955,0.25549999999999784,0.10550000000000001,0.0,-0.0413094,0.0137698,-12.984921400000001,7.4150373,2.8159241,0.0275396,-0.0029128205127839997,-0.02106593406567,-0.06605860805778,0.001638431013465,0.003983974359057001,0.00020695970696400003,10.006284175456942,2.8449540000110574,0.27520100002220715,0.9804540000004636,0.0
pd,00:06:28.091,40,-90.0,-89.997,49.991,-90.498,-0.132,0.003,0.0,0.0,0.0,0.0,0.0,0.0,-90.0,-89.997,40.0,-89.987,0.079,0.003,-90.0,-89.997,44.9955,-90.2425,-0.026499999999999996,0.003,0.0,0.0,-588.1279299388087,30.08040958850336,12.420677931847528,0.0,0.0,0.0,-4.9955,0.25549999999999784,0.10550000000000001,0.0,-0.0413094,0.0137698,-12.984921400000001,7.4150373,2.8159241,0.0275396,-0.0029128205127839997,-0.02106593406567,-0.06605860805778,0.001638431013465,0.003983974359057001,0.00020695970696400003,10.006284175456942,2.160368000204471,0.33295899993390776,0.16970300021057483,0.0
pd,00:06:28.096,41,-90.0,-89.997,49.991,-90.498,-0.132,0.003,0.0,0.0,0.0,0.0,0.0,0.0,-90.0,-89.997,40.0,-89.987,0.079,0.003,-90.0,-89.997,44.9955,-90.2425,-0.026499999999999996,0.003,0.0,0.0,-482.49080348178506,24.67748979873856,10.18972670750242,0.0,0.0,0.0,-4.9955,0.25549999999999784,0.10550000000000001,0.0,-0.0413094,0.0137698,-12.984921400000001,7.4150373,2.8159241,0.0275396,-0.0029128205127839997,-0.02106593406567,-0.06605860805778,0.001638431013465,0.003983974359057001,0.00020695970696400003,10.006284175456942,2.6734000002761604,0.24997900027301512,0.6697710000480583,0.0
pd,00:06:28.100,42,-90.0,-89.997,49.886,-90.381,-0.096,0.003,0.0,0.0,-28.095816267941746,31.30676669856578,9.63285129186603,0.0,-90.0,-89.997,40.0,-89.987,0.079,0.003,-90.0,-89.997,47.752581626794175,-93.31467666985658,-0.9717851291866031,0.003,0.0,0.0,-285.42919350592314,-392.4954319325715,-117.17094323725316,0.0,0.0,0.0,-2.133418373205828,-2.933676669856581,-0.8757851291866031,0.0,-0.0413094,0.0137698,-12.984921400000001,7.4150373,2.8159241,0.0275396,-0.0029128205127839997,-0.02106593406567,-0.06605860805778,0.001638431013465,0.003983974359057001,0.00020695970696400003,9.895395747518139,2.8711200002362602,0.32416300018667243,0.14103600005910266,0.0
pd,00:06:28.103,43,-90.0,-89.997,49.886,-90.381,-0.096,0.003,0.0,0.0,0.0,0.0,0.0,0.0,-90.0,-89.997,40.0,-89.987,0.079,0.003,-90.0,-89.997,44.943,-90.184,-0.008500000000000008,0.003,0.0,0.0,-710.5018736120633,28.316582864976404,12.577162440027415,0.0,0.0,0.0,-4.943000000000005,0.19700000000000273,0.0875,0.0,0.0206547,-0.0275396,-17.5633799,11.2499266,4.4407605000000006,0.0206547,-0.002375335775306,-0.021048595848331998,-0.066214652013822,-0.004070207570292,0.002793956044014,-0.000500152625163,9.895395747518139,4.474974999993719,0.33677500005069305,0.31444099977306905,0.0
pd,00:06:28.108,44,-90.0,-89.997,49.886,-90.381,-0.096,0.003,0.0,0.0,0.0,0.0,0.0,0.0,-90.0,-89.997,40.0,-89.987,0.079,0.003,-90.0,-89.997,44.943,-90.184,-0.008500000000000008,0.003,0.0,0.0,-472.1361967571508,18.816676261614397,8.35766077609765,0.0,0.0,0.0,-4.943000000000005,0.19700000000000273,0.0875,0.0,0.0206547,-0.0275396,-17.5633799,11.2499266,4.4407605000000006,0.0206547,-0.002375335775306,-0.021048595848331998,-0.066214652013822,-0.004070207570292,0.002793956044014,-0.000500152625163,9.895395747518139,2.128441999957431,0.21377600023697596,0.09764800006450969,0.0
pd,00:06:28.111,45,-90.0,-89.997,49.886,-90.381,-0.096,0.003,0.0,0.0,0.0,0.0,0.0,0.0,-90.0,-89.997,40.0,-89.987,0.079,0.003,-90.0,-89.997,44.943,-90.184,-0.008500000000000008,0.003,0.0,0.0,-950.3320806747344,37.87485735240243,16.82258892555922,0.0,0.0,0.0,-4.943000000000005,0.19700000000000273,0.0875,0.0,0.0206547,-0.0275396,-17.5633799,11.2499266,4.4407605000000006,0.0206547,-0.002375335775306,-0.021048595848331998,-0.066214652013822,-0.004070207570292,0.002793956044014,-0.000500152625163,9.895395747518139,2.5351240001327824,0.26525699968260597,0.1323870001215255,0.0
pd,00:06:28.114,46,-90.0,-89.997,49.886,-90.381,-0.096,0.003,0.0,0.0,0.0,0.0,0.0,0.0,-90.0,-89.997,40.0,-89.987,0.079,0.003,-90.0,-89.997,44.943,-90.184,-0.008500000000000008,0.003,0.0,0.0,-808.5346178925203,32.223613134701324,14.312518524296076,0.0,0.0,0.0,-4.943000000000005,0.19700000000000273,0.0875,0.0,0.0206547,-0.0275396,-17.5633799,11.2499266,4.4407605000000006,0.0206547,-0.002375335775306,-0.021048595848331998,-0.066214652013822,-0.004070207570292,0.002793956044014,-0.000500152625163,9.895395747518139,2.142719999937981,0.23533099965789006,0.1111290002882015,0.0
pd,00:06:28.117,47,-90.0,-89.997,49.886,-90.381,-0.096,0.003,0.0,0.0,0.0,0.0,0.0,0.0,-90.0,-89.997,40.0,-89.987,0.079,0.003,-90.0,-89.997,44.943,-90.184,-0.008500000000000008,0.003,0.0,0.0,-956.205362604926,38.10893312425106,16.926556590720413,0.0,0.0,0.0,-4.943000000000005,0.19700000000000273,0.0875,0.0,0.0206547,-0.0275396,-17.5633799,11.2499266,4.4407605000000006,0.0206547,-0.002375335775306,-0.021048595848331998,-0.066214652013822,-0.004070207570292,0.002793956044014,-0.000500152625163,9.895395747518139,1.9257779999861668,0.18809099992722622,0.09079500023290166,0.0
pd,00:06:28.119,48,-90.0,-89.996,49.672,-90.241,-0.049,0.003,0.0,0.3638362248455957,-77.8609521165878,50.93707147814039,17.100302567661345,0.0,-90.0,-89.997,40.0,-89.987,0.079,0.003,-90.0,-90.03288362248456,52.62209521165878,-95.20770714781403,-1.6950302567661344,0.003,0.0,-6.709798981674538,536.6757523699372,-903.5339892828334,-299.4427173002787,0.0,0.0,-0.03688362248456656,2.950095211658784,-4.966707147814034,-1.6460302567661345,0.0,0.0206547,-0.0275396,-17.5633799,11.2499266,4.4407605000000006,0.0206547,-0.002375335775306,-0.021048595848331998,-0.066214652013822,-0.004070207570292,0.002793956044014,-0.000500152625163,9.676181323228702,2.3659029998270853,0.2793310000015481,0.4553839999061893,0.0
pd,00:06:28.123,49,-90.0,-89.996,49.672,-90.241,-0.049,0.003,0.0,0.0,0.0,0.0,0.0,0.0,-90.0,-89.997,40.0,-89.987,0.079,0.003,-90.0,-89.9965,44.836,-90.114,0.015,0.003,0.0,-0.07744855602370979,-749.082433857744,19.671933229928733,9.913415170987518,0.0,0.0,-0.0005000000000023874,-4.8359999999999985,0.12699999999999534,0.064,0.0,-0.0137698,0.0,-22.6031267,7.986484,1.858923,-0.0068849,-0.0020632478632219998,-0.021117948717684,-0.062313553112772,0.0036390415141170003,0.000569139194151,0.00020695970696400003,9.676181323228702,3.8827590001346834,0.746844000332203,0.11155500033055432,0.0
pd,00:06:28.128,50,-90.0,-89.996,49.672,-90.241,-0.049,0.003,0.0,0.0,0.0,0.0,0.0,0.0,-90.0,-89.997,40.0,-89.987,0.079,0.003,-90.0,-89.9965,44.836,-90.114,0.015,0.003,0.0,-0.05066074016837408,-489.99067890617437,12.867828002705822,6.48457474152092,0.0,0.0,-0.0005000000000023874,-4.8359999999999985,0.12699999999999534,0.064,0.0,-0.0137698,0.0,-22.6031267,7.986484,1.858923,-0.0068849,-0.0020632478632219998,-0.021117948717684,-0.062313553112772,0.0036390415141170003,0.000569139194151,0.00020695970696400003,9.676181323228702,2.3026809999464604,0.22723900019627763,0.10718400017140084,0.0
pd,00:06:28.131,51,-90.0,-89.996,49.672,-90.241,-0.049,0.003,0.0,0.0,0.0,0.0,0.0,0.0,-90.0,-89.997,40.0,-89.987,0.079,0.003,-90.0,-89.9965,44.836,-90.114,0.015,0.003,0.0,-0.0719138605037382,-695.5508587888346,18.26612056786264,9.204974144434539,0.0,0.0,-0.0005000000000023874,-4.8359999999999985,0.12699999999999534,0.064,0.0,-0.0137698,0.0,-22.6031267,7.986484,1.858923,-0.0068849,-0.0020632478632219998,-0.021117948717684,-0.062313553112772,0.0036390415141170003,0.000569139194151,0.00020695970696400003,9.676181323228702,2.5238830003218027,0.29931200015198556,0.1498309998169134,0.0
pd,00:06:28.134,52,-90.0,-89.996,49.672,-90.241,-0.049,0.003,0.0,0.0,0.0,0.0,0.0,0.0,-90.0,-89.997,40.0,-89.987,0.079,0.003,-90.0,-89.9965,44.836,-90.114,0.015,0.003,0.0,-0.08063488157528505,-779.9005745924328,20.481259920025003,10.321264841587205,0.0,0.0,-0.0005000000000023874,-4.8359999999999985,0.12699999999999534,0.064,0.0,-0.0137698,0.0,-22.6031267,7.986484,1.858923,-0.0068849,-0.0020632478632219998,-0.021117948717684,-0.062313553112772,0.0036390415141170003,0.000569139194151,0.00020695970696400003,9.676181323228702,1.8639270001585828,0.7764370002405485,0.13274000002638786,0.0
pd,00:06:28.137,53,-90.0,-89.996,49.672,-90.241,-0.049,0.003,0.0,0.0,0.0,0.0,0.0,0.0,-90.0,-89.997,40.0,-89.987,0.079,0.003,-90.0,-89.9965,44.836,-90.114,0.015,0.003,0.0,-0.08624576410635029,-834.1690304326366,21.906424082908796,11.039457805560126,0.0,0.0,-0.0005000000000023874,-4.8359999999999985,0.12699999999999534,0.064,0.0,-0.0137698,0.0,-22.6031267,7.986484,1.858923,-0.0068849,-0.0020632478632219998,-0.021117948717684,-0.062313553112772,0.0036390415141170003,0.000569139194151,0.00020695970696400003,9.676181323228702,2.552789999754168,0.2502389997971477,0.12129500009905314,0.0
pd,00:06:28.140,54,-90.0,-89.996,49.363,-90.046,0.026,0.003,0.0,0.0,-101.90595502437408,64.30958326780716,24.734455103003615,0.0,-90.0,-89.997,40.0,-89.987,0.079,0.003,-90.0,-89.9965,54.87209550243741,-96.44745832678072,-2.420945510300362,0.003,0.0,-0.0824481836770724,908.4298357546484,-1055.5772238500408,-403.49242576013717,0.0,0.0,-0.0005000000000023874,5.509095502437411,-6.401458326780713,-2.446945510300362,0.0,-0.0137698,0.0,-22.6031267,7.986484,1.858923,-0.0068849,-0.0020632478632219998,-0.021117948717684,-0.062313553112772,0.0036390415141170003,0.000569139194151,0.00020695970696400003,9.363335943989194,1.8460559999766701,0.2496829997653549,0.118183999802568,0.0
pd,00:06:28.142,55,-90.0,-89.996,49.363,-90.046,0.026,0.003,0.0,0.0,0.0,0.0,0.0,0.0,-90.0,-89.997,40.0,-89.987,0.079,0.003,-90.0,-89.9965,44.6815,-90.01650000000001,0.052500000000000005,0.003,0.0,-0.10817868564995428,-1012.8770337356855,6.382542453318093,5.733470339420201,0.0,0.0,-0.0005000000000023874,-4.6815,0.02949999999999875,0.026500000000000006,0.0,-0.0206547,-0.0206547,-26.2108143,3.8486591000000003,0.7022598,-0.0,-0.0029128205127839997,-0.021291330891064,-0.063960683759882,0.005311965812076,0.001569444444477,-0.00010347985348200002,9.363335943989194,3.9243510000233073,0.24759000007179566,0.42888500001936336,0.0
pd,00:06:28.147,56,-90.0,-89.996,49.363,-90.046,0.026,0.003,0.0,0.0,0.0,0.0,0.0,0.0,-90.0,-89.997,40.0,-89.987,0.079,0.003,-90.0,-89.9965,44.6815,-90.01650000000001,0.052500000000000005,0.003,0.0,-0.05298782151725741,-496.1249728637121,3.12628146950388,2.808354540401233,0.0,0.0,-0.0005000000000023874,-4.6815,0.02949999999999875,0.026500000000000006,0.0,-0.0206547,-0.0206547,-26.2108143,3.8486591000000003,0.7022598,-0.0,-0.0029128205127839997,-0.021291330891064,-0.063960683759882,0.005311965812076,0.001569444444477,-0.00010347985348200002,9.363335943989194,2.62382599976263,0.23127500026021153,0.11157299968544976,0.0
pd,00:06:28.150,57,-90.0,-89.996,49.363,-90.046,0.026,0.003,0.0,0.0,0.0,0.0,0.0,0.0,-90.0,-89.997,40.0,-89.987,0.079,0.003,-90.0,-89.9965,44.6815,-90.01650000000001,0.052500000000000005,0.003,0.0,-0.08141118012461233,-762.2528795031055,4.803259627330146,4.314792546583852,0.0,0.0,-0.0005000000000023874,-4.6815,0.02949999999999875,0.026500000000000006,0.0,-0.0206547,-0.0206547,-26.2108143,3.8486591000000003,0.7022598,-0.0,-0.0029128205127839997,-0.021291330891064,-0.063960683759882,0.005311965812076,0.001569444444477,-0.00010347985348200002,9.363335943989194,2.8505840000434546,0.28096100004404434,0.13790699995297473,0.0
pd,00:06:28.154,58,-90.0,-89.996,49.363,-90.046,0.026,0.003,0.0,0.0,0.0,0.0,0.0,0.0,-90.0,-89.997,40.0,-89.987,0.079,0.003,-90.0,-89.9965,44.6815,-90.01650000000001,0.052500000000000005,0.003,0.0,-0.07343483437250556,-687.5703542264864,4.332655227958,3.8920462217242107,0.0,0.0,-0.0005000000000023874,-4.6815,0.02949999999999875,0.026500000000000006,0.0,-0.0206547,-0.0206547,-26.2108143,3.8486591000000003,0.7022598,-0.0,-0.0029128205127839997,-0.021291330891064,-0.063960683759882,0.005311965812076,0.001569444444477,-0.00010347985348200002,9.363335943989194,2.072238999971887,0.24742400000832276,0.11616499978117645,0.0
pd,00:06:28.156,59,-90.0,-89.996,49.363,-90.046,0.026,0.003,0.0,0.0,0.0,0.0,0.0,0.0,-90.0,-89.997,40.0,-89.987,0.079,0.003,-90.0,-89.9965,44.6815,-90.01650000000001,0.052500000000000005,0.003,0.0,-0.09819966285868204,-919.4434433414497,5.793780108635725,5.204582131485298,0.0,0.0,-0.0005000000000023874,-4.6815,0.02949999999999875,0.026500000000000006,0.0,-0.0206547,-0.0206547,-26.2108143,3.8486591000000003,0.7022598,-0.0,-0.0029128205127839997,-0.021291330891064,-0.063960683759882,0.005311965812076,0.001569444444477,-0.00010347985348200002,9.363335943989194,1.8690369997784728,0.1606099999662547,0.07157399977586465,0.0
pd,00:06:28.158,60,-90.0,-89.996,49.363,-90.046,0.026,0.003,0.0,0.0,0.0,0.0,0.0,0.0,-90.0,-89.997,40.0,-89.987,0.079,0.003,-90.0,-89.9965,44.6815,-90.01650000000001,0.052500000000000005,0.003,0.0,-0.11496283302324381,-1076.3970055914922,6.7828071483403445,6.0930301502028295,0.0,0.0,-0.0005000000000023874,-4.6815,0.02949999999999875,0.026500000000000006,0.0,-0.0206547,-0.0206547,-26.2108143,3.8486591000000003,0.7022598,-0.0,-0.0029128205127839997,-0.021291330891064,-0.063960683759882,0.005311965812076,0.001569444444477,-0.00010347985348200002,9.363335943989194,1.91772200014384,0.18799800000124378,0.09238799975719303,0.0
pd,00:06:28.161,61,-90.0,-89.997,48.961,-89.859,0.083,0.003,0.0,-0.32120569765814266,-129.12469045795714,60.06546546178968,18.308724766426714,0.0,-90.0,-89.997,40.0,-89.987,0.079,0.003,-90.0,-89.96487943023419,56.961,-95.92954654617897,-1.7498724766426714,0.003,0.0,5.158655010378077,1284.8227906264358,-974.9470692611667,-294.364541287803,0.0,0.0,0.03212056976580868,8.0,-6.070546546178974,-1.8328724766426714,0.0,-0.0206547,-0.0206547,-26.2108143,3.8486591000000003,0.7022598,-0.0,-0.0029128205127839997,-0.021291330891064,-0.063960683759882,0.005311965812076,0.001569444444477,-0.00010347985348200002,8.961915029724393,1.9037229999412375,0.2531079999243957,0.46894000024622073,0.0
pd,00:06:28.164,62,-90.0,-89.997,48.961,-89.859,0.083,0.003,0.0,0.0,0.0,0.0,0.0,0.0,-90.0,-89.997,40.0,-89.987,0.079,0.003,-90.0,-89.997,44.4805,-89.923,0.081,0.003,0.0,0.0,-772.91186444024,-11.040365879740078,-0.3450114337418774,0.0,0.0,0.0,-4.480499999999999,-0.06400000000000716,-0.0020000000000000018,0.0,0.0,0.0,-22.3483854,-0.481943,-2.7883845000000003,-0.0068849,-0.0019245421245179999,-0.024932356532044,-0.048044200243598,0.006243284493414001,-0.005346459096570001,3.4493284494e-05,8.961915029724393,3.1998019999264216,0.2679040003386035,0.12464700012060348,0.0
pd,00:06:28.168,63,-90.0,-89.997,48.961,-89.859,0.083,0.003,0.0,0.0,0.0,0.0,0.0,0.0,-90.0,-89.997,40.0,-89.987,0.079,0.003,-90.0,-89.997,44.4805,-89.923,0.081,0.003,0.0,0.0,-600.8241918281219,-8.582244900569098,-0.2681951531427843,0.0,0.0,0.0,-4.480499999999999,-0.06400000000000716,-0.0020000000000000018,0.0,0.0,0.0,-22.3483854,-0.481943,-2.7883845000000003,-0.0068849,-0.0019245421245179999,-0.024932356532044,-0.048044200243598,0.006243284493414001,-0.005346459096570001,3.4493284494e-05,8.961915029724393,2.8011760000481445,0.2506089999769756,0.12479499991968623,0.0
pd,00:06:28.171,64,-90.0,-89.997,48.961,-89.859,0.083,0.003,0.0,0.0,0.0,0.0,0.0,0.0,-90.0,-89.997,40.0,-89.987,0.079,0.003,-90.0,-89.997,44.4805,-89.923,0.081,0.003,0.0,0.0,-681.730358847856,-9.737918305158537,-0.3043099470362043,0.0,0.0,0.0,-4.480499999999999,-0.06400000000000716,-0.0020000000000000018,0.0,0.0,0.0,-22.3483854,-0.481943,-2.7883845000000003,-0.0068849,-0.0019245421245179999,-0.024932356532044,-0.048044200243598,0.006243284493414001,-0.005346459096570001,3.4493284494e-05,8.961915029724393,1.909111000259145,0.1972760001081042,0.09627700001146877,0.0
pd,00:06:28.174,65,-90.0,-89.997,48.961,-89.859,0.083,0.003,0.0,0.0,0.0,0.0,0.0,0.0,-90.0,-89.997,40.0,-89.987,0.079,0.003,-90.0,-89.997,44.4805,-89.923,0.081,0.003,0.0,0.0,-978.2706440395625,-13.97373534617388,-0.43667922956793376,0.0,0.0,0.0,-4.480499999999999,-0.06400000000000716,-0.0020000000000000018,0.0,0.0,0.0,-22.3483854,-0.481943,-2.7883845000000003,-0.0068849,-0.0019245421245179999,-0.024932356532044,-0.048044200243598,0.006243284493414001,-0.005346459096570001,3.4493284494e-05,8.961915029724393,1.698558000043704,0.16255400032605394,0.15599800008203601,0.0
pd,00:06:28.176,66,-90.0,-89.997,48.961,-89.859,0.083,0.003,0.0,0.0,0.0,0.0,0.0,0.0,-90.0,-89.997,40.0,-89.987,0.079,0.003,-90.0,-89.997,44.4805,-89.923,0.081,0.003,0.0,0.0,-1068.6102053906516,-15.26415648811556,-0.47700489025361126,0.0,0.0,0.0,-4.480499999999999,-0.06400000000000716,-0.0020000000000000018,0.0,0.0,0.0,-22.3483854,-0.481943,-2.7883845000000003,-0.0068849,-0.0019245421245179999,-0.024932356532044,-0.048044200243598,0.006243284493414001,-0.005346459096570001,3.4493284494e-05,8.961915029724393,1.7333350001536019,0.15936899990265374,0.06411000003936351,0.0
pd,00:06:28.178,67,-90.0,-89.997,48.961,-89.859,0.083,0.003,0.0,0.0,0.0,0.0,0.0,0.0,-90.0,-89.997,40.0,-89.987,0.079,0.003,-90.0,-89.997,44.4805,-89.923,0.081,0.003,0.0,0.0,-1105.4458277647057,-15.790320941176484,-0.4934475294117651,0.0,0.0,0.0,-4.480499999999999,-0.06400000000000716,-0.0020000000000000018,0.0,0.0,0.0,-22.3483854,-0.481943,-2.7883845000000003,-0.0068849,-0.0019245421245179999,-0.024932356532044,-0.048044200243598,0.006243284493414001,-0.005346459096570001,3.4493284494e-05,8.961915029724393,1.7792970002119546,0.1646470000196132,0.07612900026288116,0.0
pd,00:06:28.180,68,-90.0,-89.997,48.472,-89.743,0.098,0.003,0.0,0.0,-233.44123104939544,55.37665194627801,7.160773958570453,0.0,-90.0,-89.997,40.0,-89.987,0.079,0.003,-90.0,-89.997,56.472,-95.4026651946278,-0.6275773958570453,0.003,0.0,0.0,1909.5397222854542,-1350.9194379972778,-173.18985737268315,0.0,0.0,0.0,8.0,-5.659665194627806,-0.7255773958570453,0.0,0.0,0.0,-22.3483854,-0.481943,-2.7883845000000003,-0.0068849,-0.0019245421245179999,-0.024932356532044,-0.048044200243598,0.006243284493414001,-0.005346459096570001,3.4493284494e-05,8.47553426044636,1.7977790002987604,0.14072100020712242,0.060925000070710666,0.0
pd,00:06:28.182,69,-90.0,-89.997,48.472,-89.743,0.098,0.003,0.0,0.0,0.0,0.0,0.0,0.0,-90.0,-89.997,40.0,-89.987,0.079,0.003,-90.0,-89.997,44.236000000000004,-89.865,0.0885,0.003,0.0,0.0,-1025.6940159334952,-29.54076249855672,-2.3003052765269603,0.0,0.0,0.0,-4.235999999999997,-0.12199999999999989,-0.009500000000000008,0.0,0.0,0.0,-22.3483854,-0.481943,-2.7883845000000003,-0.0068849,-0.0019245421245179999,-0.024932356532044,-0.048044200243598,0.006243284493414001,-0.005346459096570001,3.4493284494e-05,8.47553426044636,1.7287610003222653,0.29753400031040655,0.14266599964685156,0.0
pd,00:06:28.184,70,-90.0,-89.997,48.472,-89.743,0.098,0.003,0.0,0.0,0.0,0.0,0.0,0.0,-90.0,-89.997,40.0,-89.987,0.079,0.003,-90.0,-89.997,44.236000000000004,-89.865,0.0885,0.003,0.0,0.0,-922.1025401702306,-26.557249740502364,-2.067982561760432,0.0,0.0,0.0,-4.235999999999997,-0.12199999999999989,-0.009500000000000008,0.0,0.0481943,-0.0481943,-18.541035700000002,-4.337487,-6.967518800000001,-0.0206547,-0.0026007326007,-0.024152136751834,-0.043692307691759996,0.006657203907342001,-0.0049497863248890005,-6.8986568988e-05,8.47553426044636,2.2917929995855957,0.2564050000728457,0.11603599978116108,0.0
pd,00:06:28.188,71,-90.0,-89.997,48.472,-89.743,0.098,0.003,0.0,0.0,0.0,0.0,0.0,0.0,-90.0,-89.997,40.0,-89.987,0.079,0.003,-90.0,-89.997,44.236000000000004,-89.865,0.0885,0.003,0.0,0.0,-578.016518446223,-16.647312382067785,-1.2963071117183944,0.0,0.0,0.0,-4.235999999999997,-0.12199999999999989,-0.009500000000000008,0.0,0.0481943,-0.0481943,-18.541035700000002,-4.337487,-6.967518800000001,-0.0206547,-0.0026007326007,-0.024152136751834,-0.043692307691759996,0.006657203907342001,-0.0049497863248890005,-6.8986568988e-05,8.47553426044636,2.1644050002578297,0.26179400038017775,0.12231399978190893,0.0
pd,00:06:28.190,72,-90.0,-89.997,48.472,-89.743,0.098,0.003,0.0,0.0,0.0,0.0,0.0,0.0,-90.0,-89.997,40.0,-89.987,0.079,0.003,-90.0,-89.997,44.236000000000004,-89.865,0.0885,0.003,0.0,0.0,-796.5153655518695,-22.940244239218128,-1.786330494037479,0.0,0.0,0.0,-4.235999999999997,-0.12199999999999989,-0.009500000000000008,0.0,0.0481943,-0.0481943,-18.541035700000002,-4.337487,-6.967518800000001,-0.0206547,-0.0026007326007,-0.024152136751834,-0.043692307691759996,0.006657203907342001,-0.0049497863248890005,-6.8986568988e-05,8.47553426044636,2.3309590001190372,0.256275999618083,0.11799799995060312,0.0
pd,00:06:28.194,73,-90.0,-89.997,48.472,-89.743,0.098,0.003,0.0,0.0,0.0,0.0,0.0,0.0,-90.0,-89.997,40.0,-89.987,0.079,0.003,-90.0,-89.997,44.236000000000004,-89.865,0.0885,0.003,0.0,0.0,-695.6566853563039,-20.035438057948298,-1.5601365700861396,0.0,0.0,0.0,-4.235999999999997,-0.12199999999999989,-0.009500000000000008,0.0,0.0481943,-0.0481943,-18.541035700000002,-4.337487,-6.967518800000001,-0.0206547,-0.0026007326007,-0.024152136751834,-0.043692307691759996,0.006657203907342001,-0.0049497863248890005,-6.8986568988e-05,8.47553426044636,2.411939000012353,0.23201599969979725,0.11573999972824822,0.0
pd,00:06:28.196,74,-90.0,-89.997,48.472,-89.743,0.098,0.003,0.0,0.0,0.0,0.0,0.0,0.0,-90.0,-89.997,40.0,-89.987,0.079,0.003,-90.0,-89.997,44.236000000000004,-89.865,0.0885,0.003,0.0,0.0,-739.9246936531736,-21.310390138264182,-1.6594156255205732,0.0,0.0,0.0,-4.235999999999997,-0.12199999999999989,-0.009500000000000008,0.0,0.0481943,-0.0481943,-18.541035700000002,-4.337487,-6.967518800000001,-0.0206547,-0.0026007326007,-0.024152136751834,-0.043692307691759996,0.006657203907342001,-0.0049497863248890005,-6.8986568988e-05,8.47553426044636,1.7963529999178718,0.15372099960586638,0.06420399995477055,0.0
pd,00:06:28.198,75,-90.0,-89.997,48.472,-89.743,0.098,0.003,0.0,0.0,0.0,0.0,0.0,0.0,-90.0,-89.997,40.0,-89.987,0.079,0.003,-90.0,-89.997,44.236000000000004,-89.865,0.0885,0.003,0.0,0.0,-1016.6555129320212,-29.280446784161107,-2.2800347905699248,0.0,0.0,0.0,-4.235999999999997,-0.12199999999999989,-0.009500000000000008,0.0,0.0481943,-0.0481943,-18.541035700000002,-4.337487,-6.967518800000001,-0.0206547,-0.0026007326007,-0.024152136751834,-0.043692307691759996,0.006657203907342001,-0.0049497863248890005,-6.8986568988e-05,8.47553426044636,1.774779000243143,0.1654979996601469,0.07833300014681299,0.0
pd,00:06:28.201,76,-90.0,-89.997,47.986,-89.712,0.073,0.003,0.0,0.0,-232.40585383650867,14.824241705616828,-11.955033633565161,0.0,-90.0,-89.997,40.0,-89.987,0.079,0.003,-90.0,-89.997,55.986,-91.33192417056168,1.271503363356516,0.003,0.0,0.0,1912.8053813704253,-387.3249588578002,286.5629603773623,0.0,0.0,0.0,8.0,-1.6199241705616743,1.198503363356516,0.0,0.0481943,-0.0481943,-18.541035700000002,-4.337487,-6.967518800000001,-0.0206547,-0.0026007326007,-0.024152136751834,-0.043692307691759996,0.006657203907342001,-0.0049497863248890005,-6.8986568988e-05,7.990735698294617,1.8746119999377697,0.188757000159967,0.08766599967202637,0.0
pd,00:06:28.203,77,-90.0,-89.997,47.986,-89.712,0.073,0.003,0.0,0.0,0.0,0.0,0.0,0.0,-90.0,-89.997,40.0,-89.987,0.079,0.003,-90.0,-89.997,43.992999999999995,-89.8495,0.076,0.003,0.0,0.0,-893.3142666951138,-30.761510561125565,0.6711602304245792,0.0,0.0,0.0,-3.993000000000002,-0.13750000000000284,0.0030000000000000027,0.0,-0.0206547,0.034424500000000004,-22.03168,0.2203168,-3.8142346000000003,-0.0137698,-0.0029474969474599997,-0.024689621489312,-0.052344078143422,0.00327686202693,0.002035103785146,-3.4493284494e-05,7.990735698294617,2.2313110002869507,0.26142400020034984,0.14405399997485802,0.0
pd,00:06:28.206,78,-90.0,-89.997,47.986,-89.712,0.073,0.003,0.0,0.0,0.0,0.0,0.0,0.0,-90.0,-89.997,40.0,-89.987,0.079,0.003,-90.0,-89.997,43.992999999999995,-89.8495,0.076,0.003,0.0,0.0,-722.5755402536886,-24.882077832426532,0.5428816981620507,0.0,0.0,0.0,-3.993000000000002,-0.13750000000000284,0.0030000000000000027,0.0,-0.0206547,0.034424500000000004,-22.03168,0.2203168,-3.8142346000000003,-0.0137698,-0.0029474969474599997,-0.024689621489312,-0.052344078143422,0.00327686202693,0.002035103785146,-3.4493284494e-05,7.990735698294617,2.440994999687973,0.26231199990434106,0.12299800027903984,0.0
pd,00:06:28.208,79,-90.0,-89.997,47.986,-89.712,0.073,0.003,0.0,0.0,0.0,0.0,0.0,0.0,-90.0,-89.997,40.0,-89.987,0.079,0.003,-90.0,-89.997,43.992999999999995,-89.8495,0.076,0.003,0.0,0.0,-678.6003189627226,-23.367779578605433,0.5098424635332257,0.0,0.0,0.0,-3.993000000000002,-0.13750000000000284,0.0030000000000000027,0.0,-0.0206547,0.034424500000000004,-22.03168,0.2203168,-3.8142346000000003,-0.0137698,-0.0029474969474599997,-0.024689621489312,-0.052344078143422,0.00327686202693,0.002035103785146,-3.4493284494e-05,7.990735698294617,1.950111000041943,0.21262700010993285,0.09985099995901692,0.0
pd,00:06:28.211,80,-90.0,-89.997,47.986,-89.712,0.073,0.003,0.0,0.0,0.0,0.0,0.0,0.0,-90.0,-89.997,40.0,-89.987,0.079,0.003,-90.0,-89.997,43.992999999999995,-89.8495,0.076,0.003,0.0,0.0,-832.8951597374177,-28.680962800874383,0.6257664611100066,0.0,0.0,0.0,-3.993000000000002,-0.13750000000000284,0.0030000000000000027,0.0,-0.0206547,0.034424500000000004,-22.03168,0.2203168,-3.8142346000000003,-0.0137698,-0.0029474969474599997,-0.024689621489312,-0.052344078143422,0.00327686202693,0.002035103785146,-3.4493284494e-05,7.990735698294617,1.7553720003888884,0.1489800001763797,0.07774000005156267,0.0
pd,00:06:28.214,81,-90.0,-89.997,47.986,-89.712,0.073,0.003,0.0,0.0,0.0,0.0,0.0,0.0,-90.0,-89.997,40.0,-89.987,0.079,0.003,-90.0,-89.997,43.992999999999995,-89.8495,0.076,0.003,0.0,0.0,-706.1242883885654,-24.31557466902699,0.530521629142424,0.0,0.0,0.0,-3.993000000000002,-0.13750000000000284,0.0030000000000000027,0.0,-0.0206547,0.034424500000000004,-22.03168,0.2203168,-3.8142346000000003,-0.0137698,-0.0029474969474599997,-0.024689621489312,-0.052344078143422,0.00327686202693,0.002035103785146,-3.4493284494e-05,7.990735698294617,1.8441309998706856,0.21540499983530026,0.07322100009332644,0.0
pd,00:06:28.216,82,-90.0,-89.997,47.986,-89.712,0.073,0.003,0.0,0.0,0.0,0.0,0.0,0.0,-90.0,-89.997,40.0,-89.987,0.079,0.003,-90.0,-89.997,43.992999999999995,-89.8495,0.076,0.003,0.0,0.0,-897.5271099678454,-30.906580921756813,0.674325401929261,0.0,0.0,0.0,-3.993000000000002,-0.13750000000000284,0.0030000000000000027,0.0,-0.0206547,0.034424500000000004,-22.03168,0.2203168,-3.8142346000000003,-0.0137698,-0.0029474969474599997,-0.024689621489312,-0.052344078143422,0.00327686202693,0.002035103785146,-3.4493284494e-05,7.990735698294617,1.7232239997611032,0.6244199998945987,0.1274249998459709,0.0
pd,00:06:28.219,83,-90.0,-89.997,47.986,-89.712,0.073,0.003,0.0,0.0,0.0,0.0,0.0,0.0,-90.0,-89.997,40.0,-89.987,0.079,0.003,-90.0,-89.997,43.992999999999995,-89.8495,0.076,0.003,0.0,0.0,-772.7164285318812,-26.60869244255708,0.5805532896558093,0.0,0.0,0.0,-3.993000000000002,-0.13750000000000284,0.0030000000000000027,0.0,-0.0206547,0.034424500000000004,-22.03168,0.2203168,-3.8142346000000003,-0.0137698,-0.0029474969474599997,-0.024689621489312,-0.052344078143422,0.00327686202693,0.002035103785146,-3.4493284494e-05,7.990735698294617,2.7393810000830854,0.24064500030362979,0.11373999996067141,0.0
pd,00:06:28.222,84,-90.0,-89.997,47.583,-89.758,-0.021,0.003,0.0,0.0,-126.10448463145289,-14.39406028051086,-29.413949268874962,0.0,-90.0,-89.997,40.0,-89.987,0.079,0.003,-90.0,-89.997,55.583,-88.4330939719489,2.9703949268874963,0.003,0.0,0.0,1251.657415696807,207.29105688894302,468.0252054395678,0.0,0.0,0.0,8.0,1.324906028051089,2.991394926887496,0.0,-0.0206547,0.034424500000000004,-22.03168,0.2203168,-3.8142346000000003,-0.0137698,-0.0029474969474599997,-0.024689621489312,-0.052344078143422,0.00327686202693,0.002035103785146,-3.4493284494e-05,7.5871160528886055,1.7560380001668818,0.2569050002421136,0.1278689996979665,0.0
pd,00:06:28.224,85,-90.0,-89.997,47.583,-89.758,-0.021,0.003,0.0,0.0,0.0,0.0,0.0,0.0,-90.0,-89.997,40.0,-89.987,0.079,0.003,-90.0,-89.997,43.7915,-89.8725,0.029,0.003,0.0,0.0,-828.3521000104175,-25.01551244921337,10.923804562975311,0.0,0.0,0.0,-3.791499999999999,-0.11450000000000671,0.05,0.0,-0.0068849,0.034424500000000004,-17.411912100000002,-4.2961776,-7.4012675,-0.0,-0.00286080586077,-0.024412210011904,-0.043293528692986,0.009071733821922001,-0.006381257631390001,-0.00010347985348200002,7.5871160528886055,2.391292000083922,0.5572729996856651,0.21886800004722318,0.0
pd,00:06:28.227,86,-90.0,-89.997,47.583,-89.758,-0.021,0.003,0.0,0.0,0.0,0.0,0.0,0.0,-90.0,-89.997,40.0,-89.987,0.079,0.003,-90.0,-89.997,43.7915,-89.8725,0.029,0.003,0.0,0.0,-571.5873630939543,-17.26144087412833,7.537747106606283,0.0,0.0,0.0,-3.791499999999999,-0.11450000000000671,0.05,0.0,-0.0068849,0.034424500000000004,-17.411912100000002,-4.2961776,-7.4012675,-0.0,-0.00286080586077,-0.024412210011904,-0.043293528692986,0.009071733821922001,-0.006381257631390001,-0.00010347985348200002,7.5871160528886055,2.0539799998005037,0.23425700010193395,0.10401700001239078,0.0
pd,00:06:28.230,87,-90.0,-89.997,47.583,-89.758,-0.021,0.003,0.0,0.0,0.0,0.0,0.0,0.0,-90.0,-89.997,40.0,-89.987,0.079,0.003,-90.0,-89.997,43.7915,-89.8725,0.029,0.003,0.0,0.0,-762.2808750838844,-23.020218962707236,10.05249736362765,0.0,0.0,0.0,-3.791499999999999,-0.11450000000000671,0.05,0.0,-0.0068849,0.034424500000000004,-17.411912100000002,-4.2961776,-7.4012675,-0.0,-0.00286080586077,-0.024412210011904,-0.043293528692986,0.009071733821922001,-0.006381257631390001,-0.00010347985348200002,7.5871160528886055,1.7669459998614911,0.14255399992180173,0.05994399998598965,0.0
pd,00:06:28.232,88,-90.0,-89.997,47.583,-89.758,-0.021,0.003,0.0,0.0,0.0,0.0,0.0,0.0,-90.0,-89.997,40.0,-89.987,0.079,0.003,-90.0,-89.997,43.7915,-89.8725,0.029,0.003,0.0,0.0,-932.0538984878676,-28.147216504512855,12.29136091900129,0.0,0.0,0.0,-3.791499999999999,-0.11450000000000671,0.05,0.0,-0.0068849,0.034424500000000004,-17.411912100000002,-4.2961776,-7.4012675,-0.0,-0.00286080586077,-0.024412210011904,-0.043293528692986,0.009071733821922001,-0.006381257631390001,-0.00010347985348200002,7.5871160528886055,1.727723999920272,0.1502019999861659,0.06727699974362622,0.0
pd,00:06:28.234,89,-90.0,-89.997,47.583,-89.758,-0.021,0.003,0.0,0.0,0.0,0.0,0.0,0.0,-90.0,-89.997,40.0,-89.987,0.079,0.003,-90.0,-89.997,43.7915,-89.8725,0.029,0.003,0.0,0.0,-941.322577009589,-28.427122528708317,12.413590623890139,0.0,0.0,0.0,-3.791499999999999,-0.11450000000000671,0.05,0.0,-0.0068849,0.034424500000000004,-17.411912100000002,-4.2961776,-7.4012675,-0.0,-0.00286080586077,-0.024412210011904,-0.043293528692986,0.009071733821922001,-0.006381257631390001,-0.00010347985348200002,7.5871160528886055,1.6910019999158976,0.1292760002797877,0.05409200002759462,0.0
pd,00:06:28.236,90,-90.0,-89.997,47.583,-89.758,-0.021,0.003,0.0,0.0,0.0,0.0,0.0,0.0,-90.0,-89.997,40.0,-89.987,0.079,0.003,-90.0,-89.997,43.7915,-89.8725,0.029,0.003,0.0,0.0,-979.4717674304013,-29.579194875585017,12.916678984971668,0.0,0.0,0.0,-3.791499999999999,-0.11450000000000671,0.05,0.0,-0.0068849,0.034424500000000004,-17.411912100000002,-4.2961776,-7.4012675,-0.0,-0.00286080586077,-0.024412210011904,-0.043293528692986,0.009071733821922001,-0.006381257631390001,-0.00010347985348200002,7.5871160528886055,1.6922980003073462,0.1459430000068096,0.06316599956335267,0.0
pd,00:06:28.239,91,-90.0,-89.997,47.583,-89.758,-0.021,0.003,0.0,0.0,0.0,0.0,0.0,0.0,-90.0,-89.997,40.0,-89.987,0.079,0.003,-90.0,-89.997,43.7915,-89.8725,0.029,0.003,0.0,0.0,-692.2646533170815,-20.90579000522368,9.129165941145743,0.0,0.0,0.0,-3.791499999999999,-0.11450000000000671,0.05,0.0,-0.0068849,0.034424500000000004,-17.411912100000002,-4.2961776,-7.4012675,-0.0,-0.00286080586077,-0.024412210011904,-0.043293528692986,0.009071733821922001,-0.006381257631390001,-0.00010347985348200002,7.5871160528886055,1.8937969998660265,0.25127499975496903,0.08916599972508266,0.0
pd,00:06:28.241,92,-90.0,-89.997,47.176,-89.797,-0.13,0.003,0.0,0.0,-174.70900910858512,-16.74115812097085,-46.78939064578856,0.0,-90.0,-89.997,40.0,-89.987,0.079,0.003,-90.0,-89.997,55.176,-88.21788418790291,4.653439064578856,0.003,0.0,0.0,1717.041858561048,338.92599361079,1026.67063771975,0.0,0.0,0.0,8.0,1.5791158120970863,4.783439064578856,0.0,-0.0068849,0.034424500000000004,-17.411912100000002,-4.2961776,-7.4012675,-0.0,-0.00286080586077,-0.024412210011904,-0.043293528692986,0.009071733821922001,-0.006381257631390001,-0.00010347985348200002,7.181556725390396,1.7351500000586384,0.15455399989150465,0.06733300006089848,0.0
pd,00:06:28.243,93,-90.0,-89.997,47.176,-89.797,-0.13,0.003,0.0,0.0,0.0,0.0,0.0,0.0,-90.0,-89.997,40.0,-89.987,0.079,0.003,-90.0,-89.997,43.588,-89.892,-0.025499999999999995,0.003,0.0,0.0,-884.2046270270273,-23.411215041127804,25.752336545240894,0.0,0.0,0.0,-3.588000000000001,-0.09499999999999886,0.10450000000000001,0.0,0.0068849,-0.0068849,-13.1914684,-8.5717005,-3.1395144,-0.0206547,-0.0029128205127839997,-0.023614652014356,-0.044091086690534,0.009313186813380002,-0.001431471306501,0.0009140720390910001,7.181556725390396,3.90136900023208,0.38060699989728164,0.22025699990990688,0.0
pd,00:06:28.248,94,-90.0,-89.997,47.176,-89.797,-0.13,0.003,0.0,0.0,0.0,0.0,0.0,0.0,-90.0,-89.997,40.0,-89.987,0.079,0.003,-90.0,-89.997,43.588,-89.892,-0.025499999999999995,0.003,0.0,0.0,-381.9972269265916,-10.114196365113088,11.12561600162453,0.0,0.0,0.0,-3.588000000000001,-0.09499999999999886,0.10450000000000001,0.0,0.0068849,-0.0068849,-13.1914684,-8.5717005,-3.1395144,-0.0206547,-0.0029128205127839997,-0.023614652014356,-0.044091086690534,0.009313186813380002,-0.001431471306501,0.0009140720390910001,7.181556725390396,2.250959999855695,0.24368200001845253,0.1133689997914189,0.0
pd,00:06:28.250,95,-90.0,-89.997,47.176,-89.797,-0.13,0.003,0.0,0.0,0.0,0.0,0.0,0.0,-90.0,-89.997,40.0,-89.987,0.079,0.003,-90.0,-89.997,43.588,-89.892,-0.025499999999999995,0.003,0.0,0.0,-661.5016594285717,-17.514676043955834,19.26614364835165,0.0,0.0,0.0,-3.588000000000001,-0.09499999999999886,0.10450000000000001,0.0,0.0068849,-0.0068849,-13.1914684,-8.5717005,-3.1395144,-0.0206547,-0.0029128205127839997,-0.023614652014356,-0.044091086690534,0.009313186813380002,-0.001431471306501,0.0009140720390910001,7.181556725390396,1.6914089997044357,0.1462580003135372,0.0615740000284859,0.0
pd,00:06:28.252,96,-90.0,-89.997,47.176,-89.797,-0.13,0.003,0.0,0.0,0.0,0.0,0.0,0.0,-90.0,-89.997,40.0,-89.987,0.079,0.003,-90.0,-89.997,43.588,-89.892,-0.025499999999999995,0.003,0.0,0.0,-912.7342765647746,-24.16659873847618,26.583258612324116,0.0,0.0,0.0,-3.588000000000001,-0.09499999999999886,0.10450000000000001,0.0,0.0068849,-0.0068849,-13.1914684,-8.5717005,-3.1395144,-0.0206547,-0.0029128205127839997,-0.023614652014356,-0.044091086690534,0.009313186813380002,-0.001431471306501,0.0009140720390910001,7.181556725390396,1.8039639999187784,0.17016500032696058,0.07501800018872018,0.0
pd,00:06:28.254,97,-90.0,-89.997,47.176,-89.797,-0.13,0.003,0.0,0.0,0.0,0.0,0.0,0.0,-90.0,-89.997,40.0,-89.987,0.079,0.003,-90.0,-89.997,43.588,-89.892,-0.025499999999999995,0.003,0.0,0.0,-844.6044871478283,-22.362716354248246,24.598987989673365,0.0,0.0,0.0,-3.588000000000001,-0.09499999999999886,0.10450000000000001,0.0,0.0068849,-0.0068849,-13.1914684,-8.5717005,-3.1395144,-0.0206547,-0.0029128205127839997,-0.023614652014356,-0.044091086690534,0.009313186813380002,-0.001431471306501,0.0009140720390910001,7.181556725390396,1.6819649999888497,0.13235000005806796,0.056072999996104045,0.0
pd,00:06:28.256,98,-90.0,-89.997,47.176,-89.797,-0.13,0.003,0.0,0.0,0.0,0.0,0.0,0.0,-90.0,-89.997,40.0,-89.987,0.079,0.003,-90.0,-89.997,43.588,-89.892,-0.025499999999999995,0.003,0.0,0.0,-928.6167315808963,-24.587120819449293,27.045832901394547,0.0,0.0,0.0,-3.588000000000001,-0.09499999999999886,0.10450000000000001,0.0,0.0068849,-0.0068849,-13.1914684,-8.5717005,-3.1395144,-0.0206547,-0.0029128205127839997,-0.023614652014356,-0.044091086690534,0.009313186813380002,-0.001431471306501,0.0009140720390910001,7.181556725390396,1.660632000039186,0.1312949998464319,0.056352000228798715,0.0
pd,00:06:28.258,99,-90.0,-89.997,47.176,-89.797,-0.13,0.003,0.0,0.0,0.0,0.0,0.0,0.0,-90.0,-89.997,40.0,-89.987,0.079,0.003,-90.0,-89.997,43.588,-89.892,-0.025499999999999995,0.003,0.0,0.0,-938.2271042394018,-24.841576059850077,27.325733665835415,0.0,0.0,0.0,-3.588000000000001,-0.09499999999999886,0.10450000000000001,0.0,0.0068849,-0.0068849,-13.1914684,-8.5717005,-3.1395144,-0.0206547,-0.0029128205127839997,-0.023614652014356,-0.044091086690534,0.009313186813380002,-0.001431471306501,0.0009140720390910001,7.181556725390396,1.7597430000932945,0.16651699979775003,0.07464700001946767,0.0
pd,00:06:28.260,100,-90.0,-89.997,46.782,-89.838,-0.249,0.003,0.0,0.0,-189.5784990248965,-19.727711827462045,-57.258480669955254,0.0,-90.0,-89.997,40.0,-89.987,0.079,0.003,-90.0,-89.997,54.782,-87.9397288172538,5.640848066995526,0.003,0.0,0.0,1924.6548124354708,456.6895958975069,1416.9905533320866,0.0,0.0,0.0,8.0,1.8982711827461998,5.889848066995525,0.0,0.0068849,-0.0068849,-13.1914684,-8.5717005,-3.1395144,-0.0206547,-0.0029128205127839997,-0.023614652014356,-0.044091086690534,0.009313186813380002,-0.001431471306501,0.0009140720390910001,6.791561602459331,1.7775010001059854,0.15466500008187722,0.06587000007129973,0.0
pd,00:06:28.263,101,-90.0,-89.997,46.782,-89.838,-0.249,0.003,0.0,0.0,0.0,0.0,0.0,0.0,-90.0,-89.997,40.0,-89.987,0.079,0.003,-90.0,-89.997,43.391,-89.9125,-0.08499999999999999,0.003,0.0,0.0,-587.2371950454167,-12.901554417836577,28.400737241948804,0.0,0.0,0.0,-3.3909999999999982,-0.07450000000000045,0.164,0.0,0.0068849,0.0,-17.418797,-5.2807183,0.2409715,0.0137698,-0.003086202686164,-0.023510622710328,-0.05270818070752,0.001017551892573,-0.0017246642247000002,-0.00043116605617500006,6.791561602459331,2.685473999918031,0.25588600010451046,0.11938800025745877,0.0
pd,00:06:28.266,102,-90.0,-89.997,46.782,-89.838,-0.249,0.003,0.0,0.0,0.0,0.0,0.0,0.0,-90.0,-89.997,40.0,-89.987,0.079,0.003,-90.0,-89.997,43.391,-89.9125,-0.08499999999999999,0.003,0.0,0.0,-534.0524505857612,-11.733089816761861,25.82854671072394,0.0,0.0,0.0,-3.3909999999999982,-0.07450000000000045,0.164,0.0,0.0068849,0.0,-17.418797,-5.2807183,0.2409715,0.0137698,-0.003086202686164,-0.023510622710328,-0.05270818070752,0.001017551892573,-0.0017246642247000002,-0.00043116605617500006,6.791561602459331,2.8452130000005127,0.2647199999046279,0.17899800013765343,0.0
pd,00:06:28.270,103,-90.0,-89.997,46.782,-89.838,-0.249,0.003,0.0,0.0,0.0,0.0,0.0,0.0,-90.0,-89.997,40.0,-89.987,0.079,0.003,-90.0,-89.997,43.391,-89.9125,-0.08499999999999999,0.003,0.0,0.0,-496.78256597974126,-10.914273419490112,24.026051554313657,0.0,0.0,0.0,-3.3909999999999982,-0.07450000000000045,0.164,0.0,0.0068849,0.0,-17.418797,-5.2807183,0.2409715,0.0137698,-0.003086202686164,-0.023510622710328,-0.05270818070752,0.001017551892573,-0.0017246642247000002,-0.00043116605617500006,6.791561602459331,2.134849999947619,0.25623900000937283,0.12694399993051775,0.0
pd,00:06:28.273,104,-90.0,-89.997,46.782,-89.838,-0.249,0.003,0.0,0.0,0.0,0.0,0.0,0.0,-90.0,-89.997,40.0,-89.987,0.079,0.003,-90.0,-89.997,43.391,-89.9125,-0.08499999999999999,0.003,0.0,0.0,-643.977400344109,-14.148132210450145,31.14488164448067,0.0,0.0,0.0,-3.3909999999999982,-0.07450000000000045,0.164,0.0,0.0068849,0.0,-17.418797,-5.2807183,0.2409715,0.0137698,-0.003086202686164,-0.023510622710328,-0.05270818070752,0.001017551892573,-0.0017246642247000002,-0.00043116605617500006,6.791561602459331,2.181052999731037,0.22155399983603274,0.08020299992494984,0.0
pd,00:06:28.275,105,-90.0,-89.997,46.782,-89.838,-0.249,0.003,0.0,0.0,0.0,0.0,0.0,0.0,-90.0,-89.997,40.0,-89.987,0.079,0.003,-90.0,-89.997,43.391,-89.9125,-0.08499999999999999,0.003,0.0,0.0,-658.9550066716082,-14.477189028910391,31.86924833209785,0.0,0.0,0.0,-3.3909999999999982,-0.07450000000000045,0.164,0.0,0.0068849,0.0,-17.418797,-5.2807183,0.2409715,0.0137698,-0.003086202686164,-0.023510622710328,-0.05270818070752,0.001017551892573,-0.0017246642247000002,-0.00043116605617500006,6.791561602459331,1.728464999814605,0.254035000125441,0.08799899978839676,0.0
pd,00:06:28.277,106,-90.0,-89.997,46.782,-89.838,-0.249,0.003,0.0,0.0,0.0,0.0,0.0,0.0,-90.0,-89.997,40.0,-89.987,0.079,0.003,-90.0,-89.997,43.391,-89.9125,-0.08499999999999999,0.003,0.0,0.0,-786.8380650586408,-17.286769639300836,38.05409692409825,0.0,0.0,0.0,-3.3909999999999982,-0.07450000000000045,0.164,0.0,0.0068849,0.0,-17.418797,-5.2807183,0.2409715,0.0137698,-0.003086202686164,-0.023510622710328,-0.05270818070752,0.001017551892573,-0.0017246642247000002,-0.00043116605617500006,6.791561602459331,1.717131000077643,0.19696100025612395,0.06514699998660944,0.0
pd,00:06:28.279,107,-90.0,-89.997,46.782,-89.838,-0.249,0.003,0.0,0.0,0.0,0.0,0.0,0.0,-90.0,-89.997,40.0,-89.987,0.079,0.003,-90.0,-89.997,43.391,-89.9125,-0.08499999999999999,0.003,0.0,0.0,-828.646286646469,-18.205292938709036,40.0760810999767,0.0,0.0,0.0,-3.3909999999999982,-0.07450000000000045,0.164,0.0,0.0068849,0.0,-17.418797,-5.2807183,0.2409715,0.0137698,-0.003086202686164,-0.023510622710328,-0.05270818070752,0.001017551892573,-0.0017246642247000002,-0.00043116605617500006,6.791561602459331,1.8090189996655681,0.16659099992466508,0.07764800011500483,0.0
pd,00:06:28.281,108,-90.0,-89.997,46.479,-89.965,-0.355,0.003,0.0,0.0,-142.44273839946072,-59.70372203542256,-49.831453037435544,0.0,-90.0,-89.997,40.0,-89.987,0.079,0.003,-90.0,-89.997,54.479,-84.00562779645774,4.845145303743555,0.003,0.0,0.0,1880.4321900919076,1400.7744155349762,1222.3150777893302,0.0,0.0,0.0,8.0,5.959372203542259,5.200145303743556,0.0,0.0068849,0.0,-17.418797,-5.2807183,0.2409715,0.0137698,-0.003086202686164,-0.023510622710328,-0.05270818070752,0.001017551892573,-0.0017246642247000002,-0.00043116605617500006,6.493556883557731,1.7273539997404441,0.1959609999175882,0.10231400028715143,0.0
pd,00:06:28.283,109,-90.0,-89.997,46.479,-89.965,-0.355,0.003,0.0,0.0,0.0,0.0,0.0,0.0,-90.0,-89.997,40.0,-89.987,0.079,0.003,-90.0,-89.997,43.2395,-89.976,-0.13799999999999998,0.003,0.0,0.0,-764.4563861820636,-2.5957772026545447,51.207604816023405,0.0,0.0,0.0,-3.2394999999999996,-0.01099999999999568,0.217,0.0,0.0137698,0.0137698,-13.1708137,-1.0189652,3.8624289000000003,-0.0137698,-0.002635409035376,-0.023579975579679998,-0.038022710622234,-0.0009485653235850001,0.004656593406690001,-3.4493284494e-05,6.493556883557731,2.670121999926778,0.2380529999754799,0.11268399975961074,0.0
pd,00:06:28.287,110,-90.0,-89.997,46.479,-89.965,-0.355,0.003,0.0,0.0,0.0,0.0,0.0,0.0,-90.0,-89.997,40.0,-89.987,0.079,0.003,-90.0,-89.997,43.2395,-89.976,-0.13799999999999998,0.003,0.0,0.0,-511.46005450575916,-1.736706466911913,34.26048212000301,0.0,0.0,0.0,-3.2394999999999996,-0.01099999999999568,0.217,0.0,0.0137698,0.0137698,-13.1708137,-1.0189652,3.8624289000000003,-0.0137698,-0.002635409035376,-0.023579975579679998,-0.038022710622234,-0.0009485653235850001,0.004656593406690001,-3.4493284494e-05,6.493556883557731,2.1224970000730536,0.17998000021179905,0.07801800029483275,0.0
pd,00:06:28.290,111,-90.0,-89.997,46.479,-89.965,-0.355,0.003,0.0,0.0,0.0,0.0,0.0,0.0,-90.0,-89.997,40.0,-89.987,0.079,0.003,-90.0,-89.997,43.2395,-89.976,-0.13799999999999998,0.003,0.0,0.0,-488.08994209354114,-1.6573512464969422,32.695020044543426,0.0,0.0,0.0,-3.2394999999999996,-0.01099999999999568,0.217,0.0,0.0137698,0.0137698,-13.1708137,-1.0189652,3.8624289000000003,-0.0137698,-0.002635409035376,-0.023579975579679998,-0.038022710622234,-0.0009485653235850001,0.004656593406690001,-3.4493284494e-05,6.493556883557731,1.86888899997939,0.22181300028023543,0.08099900014713057,0.0
pd,00:06:28.292,112,-90.0,-89.997,46.479,-89.965,-0.355,0.003,0.0,0.0,0.0,0.0,0.0,0.0,-90.0,-89.997,40.0,-89.987,0.079,0.003,-90.0,-89.997,43.2395,-89.976,-0.13799999999999998,0.003,0.0,0.0,-714.3017457680579,-2.4254728209432175,47.84796383135317,0.0,0.0,0.0,-3.2394999999999996,-0.01099999999999568,0.217,0.0,0.0137698,0.0137698,-13.1708137,-1.0189652,3.8624289000000003,-0.0137698,-0.002635409035376,-0.023579975579679998,-0.038022710622234,-0.0009485653235850001,0.004656593406690001,-3.4493284494e-05,6.493556883557731,2.2312009996312554,0.26194199972451315,0.1329990000158432,0.0
pd,00:06:28.295,113,-90.0,-89.997,46.479,-89.965,-0.355,0.003,0.0,0.0,0.0,0.0,0.0,0.0,-90.0,-89.997,40.0,-89.987,0.079,0.003,-90.0,-89.997,43.2395,-89.976,-0.13799999999999998,0.003,0.0,0.0,-588.7109102253032,-1.999018370883097,39.43518058925476,0.0,0.0,0.0,-3.2394999999999996,-0.01099999999999568,0.217,0.0,0.0137698,0.0137698,-13.1708137,-1.0189652,3.8624289000000003,-0.0137698,-0.002635409035376,-0.023579975579679998,-0.038022710622234,-0.0009485653235850001,0.004656593406690001,-3.4493284494e-05,6.493556883557731,2.5737159999152937,0.23199699990072986,0.11218400004509022,0.0
pd,00:06:28.298,114,-90.0,-89.997,46.479,-89.965,-0.355,0.003,0.0,0.0,0.0,0.0,0.0,0.0,-90.0,-89.997,40.0,-89.987,0.079,0.003,-90.0,-89.997,43.2395,-89.976,-0.13799999999999998,0.003,0.0,0.0,-537.3506212133195,-1.8246201059867864,35.99477845448074,0.0,0.0,0.0,-3.2394999999999996,-0.01099999999999568,0.217,0.0,0.0137698,0.0137698,-13.1708137,-1.0189652,3.8624289000000003,-0.0137698,-0.002635409035376,-0.023579975579679998,-0.038022710622234,-0.0009485653235850001,0.004656593406690001,-3.4493284494e-05,6.493556883557731,1.7327610003121663,0.14220299999578856,0.061591999838128686,0.0
pd,00:06:28.300,115,-90.0,-89.997,46.479,-89.965,-0.355,0.003,0.0,0.0,0.0,0.0,0.0,0.0,-90.0,-89.997,40.0,-89.987,0.079,0.003,-90.0,-89.997,43.2395,-89.976,-0.13799999999999998,0.003,0.0,0.0,-809.1619704621247,-2.7475788470689544,54.20223725583611,0.0,0.0,0.0,-3.2394999999999996,-0.01099999999999568,0.217,0.0,0.0137698,0.0137698,-13.1708137,-1.0189652,3.8624289000000003,-0.0137698,-0.002635409035376,-0.023579975579679998,-0.038022710622234,-0.0009485653235850001,0.004656593406690001,-3.4493284494e-05,6.493556883557731,1.785946000381955,0.17607200015845592,0.14572099962606444,0.0
pd,00:06:28.302,116,-90.0,-89.997,46.172,-90.102,-0.379,0.003,0.0,0.0,-135.44244535605438,-60.44174271589375,-10.588334490375523,0.0,-90.0,-89.997,40.0,-89.987,0.079,0.003,-90.0,-89.997,54.172,-84.00032572841063,0.9088334490375525,0.003,0.0,0.0,1764.7224150625855,1345.9701695605568,284.08356929799106,0.0,0.0,0.0,8.0,6.101674271589374,1.2878334490375525,0.0,0.0413094,0.0206547,-9.163801900000001,3.0362409,8.0071387,0.0275396,-0.00242735042732,-0.023874725274426,-0.035682051281603996,-0.002000610500652,0.004691086691184,0.000137973137976,6.190038206667223,2.202366999881633,0.4697729996223643,0.17438700024285936,0.0
pd,00:06:28.305,117,-90.0,-89.997,46.172,-90.102,-0.379,0.003,0.0,0.0,0.0,0.0,0.0,0.0,-90.0,-89.997,40.0,-89.987,0.079,0.003,-90.0,-89.997,43.086,-90.0445,-0.15,0.003,0.0,0.0,-517.7034694824412,9.646127509799978,38.416751299896006,0.0,0.0,0.0,-3.0859999999999985,0.05750000000000455,0.229,0.0,0.0413094,0.0206547,-9.163801900000001,3.0362409,8.0071387,0.0275396,-0.00242735042732,-0.023874725274426,-0.035682051281603996,-0.002000610500652,0.004691086691184,0.000137973137976,6.190038206667223,2.320607999990898,0.19298000006529037,0.07873999993535108,0.0
pd,00:06:28.308,118,-90.0,-89.997,46.172,-90.102,-0.379,0.003,0.0,0.0,0.0,0.0,0.0,0.0,-90.0,-89.997,40.0,-89.987,0.079,0.003,-90.0,-89.997,43.086,-90.0445,-0.15,0.003,0.0,0.0,-572.9801745905265,10.676072598495754,42.51861956617973,0.0,0.0,0.0,-3.0859999999999985,0.05750000000000455,0.229,0.0,0.0413094,0.0206547,-9.163801900000001,3.0362409,8.0071387,0.0275396,-0.00242735042732,-0.023874725274426,-0.035682051281603996,-0.002000610500652,0.004691086691184,0.000137973137976,6.190038206667223,1.7518350000500504,0.16162800011443323,0.06881399986014003,0.0
pd,00:06:28.310,119,-90.0,-89.997,46.172,-90.102,-0.379,0.003,0.0,0.0,0.0,0.0,0.0,0.0,-90.0,-89.997,40.0,-89.987,0.079,0.003,-90.0,-89.997,43.086,-90.0445,-0.15,0.003,0.0,0.0,-750.61599072141,13.985877986547152,55.700279285548596,0.0,0.0,0.0,-3.0859999999999985,0.05750000000000455,0.229,0.0,0.0413094,0.0206547,-9.163801900000001,3.0362409,8.0071387,0.0275396,-0.00242735042732,-0.023874725274426,-0.035682051281603996,-0.002000610500652,0.004691086691184,0.000137973137976,6.190038206667223,1.7784449996725016,0.16575700010434957,0.07349900033659651,0.0
pd,00:06:28.312,120,-90.0,-89.997,46.172,-90.102,-0.379,0.003,0.0,0.0,0.0,0.0,0.0,0.0,-90.0,-89.997,40.0,-89.987,0.079,0.003,-90.0,-89.997,43.086,-90.0445,-0.15,0.003,0.0,0.0,-738.7068909941784,13.763981280676811,54.81655153521288,0.0,0.0,0.0,-3.0859999999999985,0.05750000000000455,0.229,0.0,0.0413094,0.0206547,-9.163801900000001,3.0362409,8.0071387,0.0275396,-0.00242735042732,-0.023874725274426,-0.035682051281603996,-0.002000610500652,0.004691086691184,0.000137973137976,6.190038206667223,1.7588719997547742,0.16279400006169453,0.06912900016686763,0.0
pd,00:06:28.315,121,-90.0,-89.997,46.172,-90.102,-0.379,0.003,0.0,0.0,0.0,0.0,0.0,0.0,-90.0,-89.997,40.0,-89.987,0.079,0.003,-90.0,-89.997,43.086,-90.0445,-0.15,0.003,0.0,0.0,-540.7144349569719,10.074880106943732,40.12430512156404,0.0,0.0,0.0,-3.0859999999999985,0.05750000000000455,0.229,0.0,0.0413094,0.0206547,-9.163801900000001,3.0362409,8.0071387,0.0275396,-0.00242735042732,-0.023874725274426,-0.035682051281603996,-0.002000610500652,0.004691086691184,0.000137973137976,6.190038206667223,1.869555999746808,0.22016499997334904,0.07533300004070043,0.0
pd,00:06:28.317,122,-90.0,-89.997,46.172,-90.102,-0.379,0.003,0.0,0.0,0.0,0.0,0.0,0.0,-90.0,-89.997,40.0,-89.987,0.079,0.003,-90.0,-89.997,43.086,-90.0445,-0.15,0.003,0.0,0.0,-683.184954291143,12.729466905944214,50.69648559062599,0.0,0.0,0.0,-3.0859999999999985,0.05750000000000455,0.229,0.0,0.0413094,0.0206547,-9.163801900000001,3.0362409,8.0071387,0.0275396,-0.00242735042732,-0.023874725274426,-0.035682051281603996,-0.002000610500652,0.004691086691184,0.000137973137976,6.190038206667223,1.717946000098891,0.6260860000111279,0.1285729999835894,0.0
pd,00:06:28.320,123,-90.0,-89.997,46.172,-90.102,-0.379,0.003,0.0,0.0,0.0,0.0,0.0,0.0,-90.0,-89.997,40.0,-89.987,0.079,0.003,-90.0,-89.997,43.086,-90.0445,-0.15,0.003,0.0,0.0,-596.6452541716601,11.117012998986773,44.27471263943948,0.0,0.0,0.0,-3.0859999999999985,0.05750000000000455,0.229,0.0,0.0413094,0.0206547,-9.163801900000001,3.0362409,8.0071387,0.0275396,-0.00242735042732,-0.023874725274426,-0.035682051281603996,-0.002000610500652,0.004691086691184,0.000137973137976,6.190038206667223,2.9609520001940837,0.26218300035907305,0.12436999986675801,0.0
pd,00:06:28.323,124,-90.0,-89.997,45.858,-90.164,-0.34,0.003,0.0,0.0,-89.604807184651,-17.692668934548237,11.129259491087216,0.0,-90.0,-89.997,40.0,-89.987,0.079,0.003,-90.0,-89.997,51.889480718465094,-88.30623310654518,-1.2434259491087218,0.003,0.0,0.0,860.5886414267603,265.0714080924328,-128.90335664888107,0.0,0.0,0.0,6.031480718465097,1.8577668934548228,-0.9034259491087218,0.0,0.034424500000000004,0.0550792,-12.826568700000001,-0.8330729,3.2703275,-0.0206547,-0.0019245421245179999,-0.02470695970665,-0.05418192918125,0.0018626373626760002,0.00448412698422,-0.00020695970696400003,5.875632221301804,2.7319000000716187,0.37406999990707845,0.28481200024543796,0.0
pd,00:06:28.327,125,-90.0,-89.997,45.858,-90.164,-0.34,0.003,0.0,0.0,0.0,0.0,0.0,0.0,-90.0,-89.997,40.0,-89.987,0.079,0.003,-90.0,-89.997,42.929,-90.0755,-0.1305,0.003,0.0,0.0,-386.6162014098689,11.681643504532165,27.653156092648544,0.0,0.0,0.0,-2.928999999999995,0.08849999999999625,0.20950000000000002,0.0,0.034424500000000004,0.0550792,-12.826568700000001,-0.8330729,3.2703275,-0.0206547,-0.0019245421245179999,-0.02470695970665,-0.05418192918125,0.0018626373626760002,0.00448412698422,-0.00020695970696400003,5.875632221301804,2.3589580000589194,0.2547009999034344,0.1187210000352934,0.0
pd,00:06:28.330,126,-90.0,-89.997,45.858,-90.164,-0.34,0.003,0.0,0.0,0.0,0.0,0.0,0.0,-90.0,-89.997,40.0,-89.987,0.079,0.003,-90.0,-89.997,42.929,-90.0755,-0.1305,0.003,0.0,0.0,-515.9212336636987,15.58860675289829,36.90184310431715,0.0,0.0,0.0,-2.928999999999995,0.08849999999999625,0.20950000000000002,0.0,0.034424500000000004,0.0550792,-12.826568700000001,-0.8330729,3.2703275,-0.0206547,-0.0019245421245179999,-0.02470695970665,-0.05418192918125,0.0018626373626760002,0.00448412698422,-0.00020695970696400003,5.875632221301804,1.9230180000704422,0.24740499975450803,0.11551700026757317,0.0
pd,00:06:28.332,127,-90.0,-89.997,45.858,-90.164,-0.34,0.003,0.0,0.0,0.0,0.0,0.0,0.0,-90.0,-89.997,40.0,-89.987,0.079,0.003,-90.0,-89.997,42.929,-90.0755,-0.1305,0.003,0.0,0.0,-612.5407068209012,18.50797287594805,43.81265895492621,0.0,0.0,0.0,-2.928999999999995,0.08849999999999625,0.20950000000000002,0.0,0.034424500000000004,0.0550792,-12.826568700000001,-0.8330729,3.2703275,-0.0206547,-0.0019245421245179999,-0.02470695970665,-0.05418192918125,0.0018626373626760002,0.00448412698422,-0.00020695970696400003,5.875632221301804,1.9161479999638686,0.2470540002832422,0.11447999986557988,0.0
pd,00:06:28.335,128,-90.0,-89.997,45.858,-90.164,-0.34,0.003,0.0,0.0,0.0,0.0,0.0,0.0,-90.0,-89.997,40.0,-89.987,0.079,0.003,-90.0,-89.997,42.929,-90.0755,-0.1305,0.003,0.0,0.0,-614.624595557334,18.5709377626583,43.96171142685612,0.0,0.0,0.0,-2.928999999999995,0.08849999999999625,0.20950000000000002,0.0,0.034424500000000004,0.0550792,-12.826568700000001,-0.8330729,3.2703275,-0.0206547,-0.0019245421245179999,-0.02470695970665,-0.05418192918125,0.0018626373626760002,0.00448412698422,-0.00020695970696400003,5.875632221301804,1.8110749997504172,0.4206989997328492,0.12846200024796417,0.0
pd,00:06:28.337,129,-90.0,-89.997,45.858,-90.164,-0.34,0.003,0.0,0.0,0.0,0.0,0.0,0.0,-90.0,-89.997,40.0,-89.987,0.079,0.003,-90.0,-89.997,42.929,-90.0755,-0.1305,0.003,0.0,0.0,-589.1011995780183,17.7997460439251,42.13612199098495,0.0,0.0,0.0,-2.928999999999995,0.08849999999999625,0.20950000000000002,0.0,0.034424500000000004,0.0550792,-12.826568700000001,-0.8330729,3.2703275,-0.0206547,-0.0019245421245179999,-0.02470695970665,-0.05418192918125,0.0018626373626760002,0.00448412698422,-0.00020695970696400003,5.875632221301804,1.8115379998562275,0.22153500003696536,0.10116600014953292,0.0
pd,00:06:28.339,130,-90.0,-89.997,45.858,-90.164,-0.34,0.003,0.0,0.0,0.0,0.0,0.0,0.0,-90.0,-89.997,40.0,-89.987,0.079,0.003,-90.0,-89.997,42.929,-90.0755,-0.1305,0.003,0.0,0.0,-655.0664613415802,19.792892396289542,46.85436109629946,0.0,0.0,0.0,-2.928999999999995,0.08849999999999625,0.20950000000000002,0.0,0.034424500000000004,0.0550792,-12.826568700000001,-0.8330729,3.2703275,-0.0206547,-0.0019245421245179999,-0.02470695970665,-0.05418192918125,0.0018626373626760002,0.00448412698422,-0.00020695970696400003,5.875632221301804,2.1566639998127357,0.25766399994608946,0.12216599998282618,0.0
pd,00:06:28.343,131,-90.0,-89.997,45.636,-90.142,-0.22,0.003,0.0,0.0,-58.820940492733776,5.8291022109932635,31.79510296904612,0.0,-90.0,-89.997,40.0,-89.987,0.079,0.003,-90.0,-89.997,48.70009404927338,-90.64741022109932,-3.250010296904612,0.003,0.0,0.0,405.9299408478686,-66.95654175608928,-401.4145391139672,0.0,0.0,0.0,3.064094049273379,-0.505410221099325,-3.030010296904612,0.0,-0.0275396,-0.0137698,-16.5375298,-0.0068849,2.4647942,-0.034424500000000004,-0.0026007326007,-0.024672283271974,-0.06605860805778,0.002017857142899,0.005587912088028,-0.000500152625163,5.646053666057385,4.29462500005684,0.24177500017685816,0.103222000234382,0.0
pd,00:06:28.348,132,-90.0,-89.997,45.636,-90.142,-0.22,0.003,0.0,0.0,0.0,0.0,0.0,0.0,-90.0,-89.997,40.0,-89.987,0.079,0.003,-90.0,-89.997,42.818,-90.0645,-0.07050000000000001,0.003,0.0,0.0,-294.2089080499827,8.091266988599651,15.608315029621147,0.0,0.0,0.0,-2.818000000000005,0.07750000000000057,0.1495,0.0,-0.0275396,-0.0137698,-16.5375298,-0.0068849,2.4647942,-0.034424500000000004,-0.0026007326007,-0.024672283271974,-0.06605860805778,0.002017857142899,0.005587912088028,-0.000500152625163,5.646053666057385,2.5240859999939858,0.7901959997980157,0.13294399968799553,0.0
pd,00:06:28.352,133,-90.0,-89.997,45.636,-90.142,-0.22,0.003,0.0,0.0,0.0,0.0,0.0,0.0,-90.0,-89.997,40.0,-89.987,0.079,0.003,-90.0,-89.997,42.818,-90.0645,-0.07050000000000001,0.003,0.0,0.0,-393.93243140914564,10.833840821223916,20.89882842287695,0.0,0.0,0.0,-2.818000000000005,0.07750000000000057,0.1495,0.0,-0.0275396,-0.0137698,-16.5375298,-0.0068849,2.4647942,-0.034424500000000004,-0.0026007326007,-0.024672283271974,-0.06605860805778,0.002017857142899,0.005587912088028,-0.000500152625163,5.646053666057385,1.9170929999745567,0.21679400015273131,0.0850730002639466,0.0
pd,00:06:28.354,134,-90.0,-89.997,45.636,-90.142,-0.22,0.003,0.0,0.0,0.0,0.0,0.0,0.0,-90.0,-89.997,40.0,-89.987,0.079,0.003,-90.0,-89.997,42.818,-90.0645,-0.07050000000000001,0.003,0.0,0.0,-612.0947007767999,16.83369031589862,32.47273164163646,0.0,0.0,0.0,-2.818000000000005,0.07750000000000057,0.1495,0.0,-0.0275396,-0.0137698,-16.5375298,-0.0068849,2.4647942,-0.034424500000000004,-0.0026007326007,-0.024672283271974,-0.06605860805778,0.002017857142899,0.005587912088028,-0.000500152625163,5.646053666057385,1.7151500001091335,0.14357200006998028,0.06974000007176073,0.0
pd,00:06:28.356,135,-90.0,-89.997,45.636,-90.142,-0.22,0.003,0.0,0.0,0.0,0.0,0.0,0.0,-90.0,-89.997,40.0,-89.987,0.079,0.003,-90.0,-89.997,42.818,-90.0645,-0.07050000000000001,0.003,0.0,0.0,-705.0553968026727,19.390274397518635,37.40446480553567,0.0,0.0,0.0,-2.818000000000005,0.07750000000000057,0.1495,0.0,-0.0275396,-0.0137698,-16.5375298,-0.0068849,2.4647942,-0.034424500000000004,-0.0026007326007,-0.024672283271974,-0.06605860805778,0.002017857142899,0.005587912088028,-0.000500152625163,5.646053666057385,1.7840390000856132,0.16947999984040507,0.07736999987173476,0.0
pd,00:06:28.358,136,-90.0,-89.997,45.636,-90.142,-0.22,0.003,0.0,0.0,0.0,0.0,0.0,0.0,-90.0,-89.997,40.0,-89.987,0.079,0.003,-90.0,-89.997,42.818,-90.0645,-0.07050000000000001,0.003,0.0,0.0,-668.5265085972854,18.385665158371175,35.466541176470585,0.0,0.0,0.0,-2.818000000000005,0.07750000000000057,0.1495,0.0,-0.0275396,-0.0137698,-16.5375298,-0.0068849,2.4647942,-0.034424500000000004,-0.0026007326007,-0.024672283271974,-0.06605860805778,0.002017857142899,0.005587912088028,-0.000500152625163,5.646053666057385,1.748002000113047,0.33323700017717783,0.1278509998883237,0.0
pd,00:06:28.360,137,-90.0,-89.997,45.636,-90.142,-0.22,0.003,0.0,0.0,0.0,0.0,0.0,0.0,-90.0,-89.997,40.0,-89.987,0.079,0.003,-90.0,-89.997,42.818,-90.0645,-0.07050000000000001,0.003,0.0,0.0,-601.932607048279,16.554214707679893,31.933614178040333,0.0,0.0,0.0,-2.818000000000005,0.07750000000000057,0.1495,0.0,-0.0275396,-0.0137698,-16.5375298,-0.0068849,2.4647942,-0.034424500000000004,-0.0026007326007,-0.024672283271974,-0.06605860805778,0.002017857142899,0.005587912088028,-0.000500152625163,5.646053666057385,1.9740360003197566,0.22694300014336477,0.10261100032948889,0.0
pd,00:06:28.363,138,-90.0,-89.997,45.419,-90.127,-0.117,0.003,0.0,0.0,-90.63572674766228,6.2651424019122075,43.020644493128856,0.0,-90.0,-89.997,40.0,-89.987,0.079,0.003,-90.0,-89.997,51.773072674766226,-90.68351424019122,-4.321064449312886,0.003,0.0,0.0,1326.9723379836034,-116.22136544966128,-877.9687480586953,0.0,0.0,0.0,6.354072674766229,-0.5565142401912198,-4.204064449312886,0.0,0.0206547,-0.0550792,-21.6254709,0.2822809,2.822809,-0.0206547,-0.0019245421245179999,-0.023840048839749998,-0.070497191696308,-0.000293192918199,0.002173076923122,-0.00020695970696400003,5.424350375851469,3.2440800000586023,0.21266500016281498,0.09318399997937377,0.0
pd,00:06:28.366,139,-90.0,-89.997,45.419,-90.127,-0.117,0.003,0.0,0.0,0.0,0.0,0.0,0.0,-90.0,-89.997,40.0,-89.987,0.079,0.003,-90.0,-89.997,42.7095,-90.05699999999999,-0.019000000000000003,0.003,0.0,0.0,-371.97128462948393,9.609887405079903,13.45384236711181,0.0,0.0,0.0,-2.7094999999999985,0.07000000000000739,0.098,0.0,0.0206547,-0.0550792,-21.6254709,0.2822809,2.822809,-0.0206547,-0.0019245421245179999,-0.023840048839749998,-0.070497191696308,-0.000293192918199,0.002173076923122,-0.00020695970696400003,5.424350375851469,3.0357110003933485,0.2053500002148212,0.09586899977875873,0.0
pd,00:06:28.370,140,-90.0,-89.997,45.419,-90.127,-0.117,0.003,0.0,0.0,0.0,0.0,0.0,0.0,-90.0,-89.997,40.0,-89.987,0.079,0.003,-90.0,-89.997,42.7095,-90.05699999999999,-0.019000000000000003,0.003,0.0,0.0,-395.7813849690044,10.225021940516863,14.31503071672355,0.0,0.0,0.0,-2.7094999999999985,0.07000000000000739,0.098,0.0,0.0206547,-0.0550792,-21.6254709,0.2822809,2.822809,-0.0206547,-0.0019245421245179999,-0.023840048839749998,-0.070497191696308,-0.000293192918199,0.002173076923122,-0.00020695970696400003,5.424350375851469,1.7349459999422834,0.18305400044482667,0.0890169999365753,0.0
pd,00:06:28.373,141,-90.0,-89.997,45.419,-90.127,-0.117,0.003,0.0,0.0,0.0,0.0,0.0,0.0,-90.0,-89.997,40.0,-89.987,0.079,0.003,-90.0,-89.997,42.7095,-90.05699999999999,-0.019000000000000003,0.003,0.0,0.0,-408.8820136720153,10.563477009426538,14.788867813197093,0.0,0.0,0.0,-2.7094999999999985,0.07000000000000739,0.098,0.0,0.0206547,-0.0550792,-21.6254709,0.2822809,2.822809,-0.0206547,-0.0019245421245179999,-0.023840048839749998,-0.070497191696308,-0.000293192918199,0.002173076923122,-0.00020695970696400003,5.424350375851469,2.0304810000197904,0.2890339997065894,0.1377019998471951,0.0
pd,00:06:28.376,142,-90.0,-89.997,45.419,-90.127,-0.117,0.003,0.0,0.0,0.0,0.0,0.0,0.0,-90.0,-89.997,40.0,-89.987,0.079,0.003,-90.0,-89.997,42.7095,-90.05699999999999,-0.019000000000000003,0.003,0.0,0.0,-523.1777317005798,13.516309732068924,18.92283362489642,0.0,0.0,0.0,-2.7094999999999985,0.07000000000000739,0.098,0.0,0.0206547,-0.0550792,-21.6254709,0.2822809,2.822809,-0.0206547,-0.0019245421245179999,-0.023840048839749998,-0.070497191696308,-0.000293192918199,0.002173076923122,-0.00020695970696400003,5.424350375851469,2.4696979999134783,0.33253399988097954,0.7420669999191887,0.0
pd,00:06:28.379,143,-90.0,-89.997,45.419,-90.127,-0.117,0.003,0.0,0.0,0.0,0.0,0.0,0.0,-90.0,-89.997,40.0,-89.987,0.079,0.003,-90.0,-89.997,42.7095,-90.05699999999999,-0.019000000000000003,0.003,0.0,0.0,-363.43033859929625,9.389231851615005,13.144924592260953,0.0,0.0,0.0,-2.7094999999999985,0.07000000000000739,0.098,0.0,0.0206547,-0.0550792,-21.6254709,0.2822809,2.822809,-0.0206547,-0.0019245421245179999,-0.023840048839749998,-0.070497191696308,-0.000293192918199,0.002173076923122,-0.00020695970696400003,5.424350375851469,1.9844620001094881,0.292107999939617,0.1666279999881226,0.0
pd,00:06:28.382,144,-90.0,-89.997,45.123,-90.135,-0.069,0.003,0.0,0.0,-115.37161825109166,-3.118151844627916,18.708911067744634,0.0,-90.0,-89.997,40.0,-89.987,0.079,0.003,-90.0,-89.997,53.123,-89.7491848155372,-1.8658911067744632,0.003,0.0,0.0,1559.0759223120529,75.18939556979122,-350.1862074485902,0.0,0.0,0.0,8.0,0.3858151844627997,-1.7968911067744633,0.0,0.0206547,-0.0550792,-21.6254709,0.44751850000000004,2.9880466,-0.0413094,-0.0019245421245179999,-0.023840048839749998,-0.070497191696308,-0.001138278388302,0.000741605616621,-3.4493284494e-05,5.127273837040496,2.9520269999920856,1.1812479997388436,0.1372579999951995,0.0
pd,00:06:28.386,145,-90.0,-89.997,45.123,-90.135,-0.069,0.003,0.0,0.0,0.0,0.0,0.0,0.0,-90.0,-89.997,40.0,-89.987,0.079,0.003,-90.0,-89.997,42.561499999999995,-90.061,0.0050000000000000044,0.003,0.0,0.0,-290.13528749662424,8.381811936268477,8.381811936267892,0.0,0.0,0.0,-2.5615000000000023,0.07399999999999807,0.07400000000000001,0.0,-0.0413094,0.0068849,-26.672102600000002,0.44751850000000004,2.9880466,-0.0413094,-0.0026007326007,-0.024152136751834,-0.068243223442368,-0.001138278388302,0.000741605616621,-3.4493284494e-05,5.127273837040496,3.055636999761191,0.2950339999188145,0.14899900043019443,0.0
pd,00:06:28.390,146,-90.0,-89.997,45.123,-90.135,-0.069,0.003,0.0,0.0,0.0,0.0,0.0,0.0,-90.0,-89.997,40.0,-89.987,0.079,0.003,-90.0,-89.997,42.561499999999995,-90.061,0.0050000000000000044,0.003,0.0,0.0,-353.3185245987896,10.207132859774458,10.207132859773745,0.0,0.0,0.0,-2.5615000000000023,0.07399999999999807,0.07400000000000001,0.0,-0.0413094,0.0068849,-26.672102600000002,0.44751850000000004,2.9880466,-0.0413094,-0.0026007326007,-0.024152136751834,-0.068243223442368,-0.001138278388302,0.000741605616621,-3.4493284494e-05,5.127273837040496,1.9287959999019222,0.2667190001375275,0.12533200015241164,0.0
pd,00:06:28.392,147,-90.0,-89.997,45.123,-90.135,-0.069,0.003,0.0,0.0,0.0,0.0,0.0,0.0,-90.0,-89.997,40.0,-89.987,0.079,0.003,-90.0,-89.997,42.561499999999995,-90.061,0.0050000000000000044,0.003,0.0,0.0,-526.2396990595608,15.202708463950906,15.202708463949845,0.0,0.0,0.0,-2.5615000000000023,0.07399999999999807,0.07400000000000001,0.0,-0.0413094,0.0068849,-26.672102600000002,0.44751850000000004,2.9880466,-0.0413094,-0.0026007326007,-0.024152136751834,-0.068243223442368,-0.001138278388302,0.000741605616621,-3.4493284494e-05,5.127273837040496,2.4225500001193723,0.23996099980649888,0.11449900011939462,0.0
pd,00:06:28.395,148,-90.0,-89.997,45.123,-90.135,-0.069,0.003,0.0,0.0,0.0,0.0,0.0,0.0,-90.0,-89.997,40.0,-89.987,0.079,0.003,-90.0,-89.997,42.561499999999995,-90.061,0.0050000000000000044,0.003,0.0,0.0,-445.61218150145146,12.873434093737938,12.87343409373704,0.0,0.0,0.0,-2.5615000000000023,0.07399999999999807,0.07400000000000001,0.0,-0.0413094,0.0068849,-26.672102600000002,0.44751850000000004,2.9880466,-0.0413094,-0.0026007326007,-0.024152136751834,-0.068243223442368,-0.001138278388302,0.000741605616621,-3.4493284494e-05,5.127273837040496,1.7840749997048988,0.19520199975886499,0.09920200000124169,0.0
pd,00:06:28.397,149,-90.0,-89.997,45.123,-90.135,-0.069,0.003,0.0,0.0,0.0,0.0,0.0,0.0,-90.0,-89.997,40.0,-89.987,0.079,0.003,-90.0,-89.997,42.561499999999995,-90.061,0.0050000000000000044,0.003,0.0,0.0,-589.4069396532803,17.027567259162918,17.02756725916173,0.0,0.0,0.0,-2.5615000000000023,0.07399999999999807,0.07400000000000001,0.0,-0.0413094,0.0068849,-26.672102600000002,0.44751850000000004,2.9880466,-0.0413094,-0.0026007326007,-0.024152136751834,-0.068243223442368,-0.001138278388302,0.000741605616621,-3.4493284494e-05,5.127273837040496,1.982591999876604,0.2362750001339009,0.1132950001192512,0.0
pd,00:06:28.400,150,-90.0,-89.997,45.123,-90.135,-0.069,0.003,0.0,0.0,0.0,0.0,0.0,0.0,-90.0,-89.997,40.0,-89.987,0.079,0.003,-90.0,-89.997,42.561499999999995,-90.061,0.0050000000000000044,0.003,0.0,0.0,-525.8276084573216,15.190803445576629,15.19080344557557,0.0,0.0,0.0,-2.5615000000000023,0.07399999999999807,0.07400000000000001,0.0,-0.0413094,0.0068849,-26.672102600000002,0.44751850000000004,2.9880466,-0.0413094,-0.0026007326007,-0.024152136751834,-0.068243223442368,-0.001138278388302,0.000741605616621,-3.4493284494e-05,5.127273837040496,1.8169270001635596,0.18386900001132744,0.08251799999925424,0.0
pd,00:06:28.403,151,-90.0,-89.996,44.742,-90.127,-0.016,0.003,0.0,0.31312459873236487,-119.30047211646144,2.5049967898500194,16.595603732736098,0.0,-90.0,-89.997,40.0,-89.987,0.079,0.003,-90.0,-90.02781245987323,52.742,-90.307499678985,-1.6280603732736099,0.003,0.0,-4.980631866224909,1252.4983949234788,-28.259444776614725,-252.38787875561758,0.0,0.0,-0.031812459873236776,8.0,-0.18049967898500086,-1.6120603732736098,0.0,-0.06884900000000001,0.034424500000000004,-31.3400648,0.5714467,2.0172757,-0.0481943,-0.002236630036602,-0.023840048839749998,-0.057961660560934,-0.000275946275952,0.00046565934066900006,-0.00010347985348200002,4.74501738669101,3.9653690000704955,0.4532370003289543,0.09742499969433993,0.0
pd,00:06:28.408,152,-90.0,-89.996,44.742,-90.127,-0.016,0.003,0.0,0.0,0.0,0.0,0.0,0.0,-90.0,-89.997,40.0,-89.987,0.079,0.003,-90.0,-89.9965,42.370999999999995,-90.05699999999999,0.0315,0.003,0.0,-0.05331652005923663,-252.82693811969276,7.464312808257517,5.065069405603295,0.0,0.0,-0.0005000000000023874,-2.371000000000002,0.07000000000000739,0.0475,0.0,-0.06884900000000001,0.034424500000000004,-31.3400648,0.5714467,2.0172757,-0.0481943,-0.002236630036602,-0.023840048839749998,-0.057961660560934,-0.000275946275952,0.00046565934066900006,-0.00010347985348200002,4.74501738669101,2.442105999762134,0.26918300000033923,0.14664699983768514,0.0
pd,00:06:28.411,153,-90.0,-89.996,44.742,-90.127,-0.016,0.003,0.0,0.0,0.0,0.0,0.0,0.0,-90.0,-89.997,40.0,-89.987,0.079,0.003,-90.0,-89.9965,42.370999999999995,-90.05699999999999,0.0315,0.003,0.0,-0.0775918306944655,-367.9404611513983,10.862856297173346,7.3712239159390265,0.0,0.0,-0.0005000000000023874,-2.371000000000002,0.07000000000000739,0.0475,0.0,-0.06884900000000001,0.034424500000000004,-31.3400648,0.5714467,2.0172757,-0.0481943,-0.002236630036602,-0.023840048839749998,-0.057961660560934,-0.000275946275952,0.00046565934066900006,-0.00010347985348200002,4.74501738669101,1.87218600012784,0.22570100009033922,0.09449900016988977,0.0
pd,00:06:28.413,154,-90.0,-89.996,44.742,-90.127,-0.016,0.003,0.0,0.0,0.0,0.0,0.0,0.0,-90.0,-89.997,40.0,-89.987,0.079,0.003,-90.0,-89.9965,42.370999999999995,-90.05699999999999,0.0315,0.003,0.0,-0.10956907001097249,-519.5765299895504,15.339669801462968,10.409061650992685,0.0,0.0,-0.0005000000000023874,-2.371000000000002,0.07000000000000739,0.0475,0.0,-0.06884900000000001,0.034424500000000004,-31.3400648,0.5714467,2.0172757,-0.0481943,-0.002236630036602,-0.023840048839749998,-0.057961660560934,-0.000275946275952,0.00046565934066900006,-0.00010347985348200002,4.74501738669101,1.7384830002811213,0.15266499985955306,0.06398100003934815,0.0
pd,00:06:28.415,155,-90.0,-89.996,44.742,-90.127,-0.016,0.003,0.0,0.0,0.0,0.0,0.0,0.0,-90.0,-89.997,40.0,-89.987,0.079,0.003,-90.0,-89.9965,42.370999999999995,-90.05699999999999,0.0315,0.003,0.0,-0.12368200047239995,-586.5000462373198,17.315480066053386,11.749790044821893,0.0,0.0,-0.0005000000000023874,-2.371000000000002,0.07000000000000739,0.0475,0.0,-0.06884900000000001,0.034424500000000004,-31.3400648,0.5714467,2.0172757,-0.0481943,-0.002236630036602,-0.023840048839749998,-0.057961660560934,-0.000275946275952,0.00046565934066900006,-0.00010347985348200002,4.74501738669101,1.8303709998690465,0.2680900001905684,0.127238999994006,0.0
pd,00:06:28.418,156,-90.0,-89.996,44.742,-90.127,-0.016,0.003,0.0,0.0,0.0,0.0,0.0,0.0,-90.0,-89.997,40.0,-89.987,0.079,0.003,-90.0,-89.9965,42.370999999999995,-90.05699999999999,0.0315,0.003,0.0,-0.10683402954712244,-506.6069681100354,14.956764136525786,10.149232806928172,0.0,0.0,-0.0005000000000023874,-2.371000000000002,0.07000000000000739,0.0475,0.0,-0.06884900000000001,0.034424500000000004,-31.3400648,0.5714467,2.0172757,-0.0481943,-0.002236630036602,-0.023840048839749998,-0.057961660560934,-0.000275946275952,0.00046565934066900006,-0.00010347985348200002,4.74501738669101,2.086571999825537,0.20897900003546965,0.09774000000106753,0.0
pd,00:06:28.420,157,-90.0,-89.996,44.742,-90.127,-0.016,0.003,0.0,0.0,0.0,0.0,0.0,0.0,-90.0,-89.997,40.0,-89.987,0.079,0.003,-90.0,-89.9965,42.370999999999995,-90.05699999999999,0.0315,0.003,0.0,-0.10081492164263117,-478.06435842707407,14.114089029901029,9.57741755600423,0.0,0.0,-0.0005000000000023874,-2.371000000000002,0.07000000000000739,0.0475,0.0,-0.06884900000000001,0.034424500000000004,-31.3400648,0.5714467,2.0172757,-0.0481943,-0.002236630036602,-0.023840048839749998,-0.057961660560934,-0.000275946275952,0.00046565934066900006,-0.00010347985348200002,4.74501738669101,1.796963999822765,0.1819059998524608,0.0814989998616511,0.0
pd,00:06:28.422,158,-90.0,-89.997,44.256,-90.116,0.044,0.003,0.0,-0.46780102610082835,-227.35129868391567,5.145811287082521,28.06806156591568,0.0,-90.0,-89.997,40.0,-89.987,0.079,0.003,-90.0,-89.95021989738991,52.256,-90.56608112870825,-2.745306156591568,0.003,0.0,10.94189000099715,1871.2041043943789,-105.27420691866644,-652.4201410783314,0.0,0.0,0.046780102610085805,8.0,-0.45008112870824846,-2.789306156591568,0.0,-0.06884900000000001,-0.0137698,-27.608449,0.1927772,0.8606125,-0.0068849,-0.0026007326007,-0.023267887667596,-0.043380219779676,-0.000672619047633,0.001362484737513,0.000379426129434,4.258098401869079,2.913046000230679,0.5285130000629579,0.10210999971604906,0.0
pd,00:06:28.426,159,-90.0,-89.997,44.256,-90.116,0.044,0.003,0.0,0.0,0.0,0.0,0.0,0.0,-90.0,-89.997,40.0,-89.987,0.079,0.003,-90.0,-89.997,42.128,-90.0515,0.0615,0.003,0.0,0.0,-284.32335983690115,8.617883792049255,2.338185524974516,0.0,0.0,0.0,-2.128,0.06449999999999534,0.0175,0.0,0.0,-0.0137698,-27.608449,0.1927772,0.8606125,-0.0068849,-0.0026007326007,-0.023267887667596,-0.043380219779676,-0.000672619047633,0.001362484737513,0.000379426129434,4.258098401869079,2.6516600000832113,0.18235000015920377,0.08949900029620039,0.0
pd,00:06:28.429,160,-90.0,-89.997,44.256,-90.116,0.044,0.003,0.0,0.0,0.0,0.0,0.0,0.0,-90.0,-89.997,40.0,-89.987,0.079,0.003,-90.0,-89.997,42.128,-90.0515,0.0615,0.003,0.0,0.0,-354.2981467132423,10.73883010479558,2.913636074944427,0.0,0.0,0.0,-2.128,0.06449999999999534,0.0175,0.0,0.0,-0.0137698,-27.608449,0.1927772,0.8606125,-0.0068849,-0.0026007326007,-0.023267887667596,-0.043380219779676,-0.000672619047633,0.001362484737513,0.000379426129434,4.258098401869079,1.751872000113508,0.1774060001480393,0.07805500035829027,0.0
pd,00:06:28.432,161,-90.0,-89.997,44.256,-90.116,0.044,0.003,0.0,0.0,0.0,0.0,0.0,0.0,-90.0,-89.997,40.0,-89.987,0.079,0.003,-90.0,-89.997,42.128,-90.0515,0.0615,0.003,0.0,0.0,-368.97391120297647,11.183654733361317,3.0343249276560567,0.0,0.0,0.0,-2.128,0.06449999999999534,0.0175,0.0,0.0,-0.0137698,-27.608449,0.1927772,0.8606125,-0.0068849,-0.0026007326007,-0.023267887667596,-0.043380219779676,-0.000672619047633,0.001362484737513,0.000379426129434,4.258098401869079,1.898518999951193,0.22177599976203055,0.07911000011517899,0.0
pd,00:06:28.434,162,-90.0,-89.997,44.256,-90.116,0.044,0.003,0.0,0.0,0.0,0.0,0.0,0.0,-90.0,-89.997,40.0,-89.987,0.079,0.003,-90.0,-89.997,42.128,-90.0515,0.0615,0.003,0.0,0.0,-463.0838908373976,14.036142367957366,3.8082556812285984,0.0,0.0,0.0,-2.128,0.06449999999999534,0.0175,0.0,0.0,-0.0137698,-27.608449,0.1927772,0.8606125,-0.0068849,-0.0026007326007,-0.023267887667596,-0.043380219779676,-0.000672619047633,0.001362484737513,0.000379426129434,4.258098401869079,2.4094949999380333,0.3074229998674127,0.13616500018542865,0.0
pd,00:06:28.437,163,-90.0,-89.997,44.256,-90.116,0.044,0.003,0.0,0.0,0.0,0.0,0.0,0.0,-90.0,-89.997,40.0,-89.987,0.079,0.003,-90.0,-89.997,42.128,-90.0515,0.0615,0.003,0.0,0.0,-356.8193376509155,10.815247781242913,2.934369553050292,0.0,0.0,0.0,-2.128,0.06449999999999534,0.0175,0.0,0.0,-0.0137698,-27.608449,0.1927772,0.8606125,-0.0068849,-0.0026007326007,-0.023267887667596,-0.043380219779676,-0.000672619047633,0.001362484737513,0.000379426129434,4.258098401869079,2.324774000044272,0.24425700030406006,0.11433200006649713,0.0
pd,00:06:28.440,164,-90.0,-89.997,44.256,-90.116,0.044,0.003,0.0,0.0,0.0,0.0,0.0,0.0,-90.0,-89.997,40.0,-89.987,0.079,0.003,-90.0,-89.997,42.128,-90.0515,0.0615,0.003,0.0,0.0,-382.4112644387318,11.590942930591698,3.1448294772922027,0.0,0.0,0.0,-2.128,0.06449999999999534,0.0175,0.0,0.0,-0.0137698,-27.608449,0.1927772,0.8606125,-0.0068849,-0.0026007326007,-0.023267887667596,-0.043380219779676,-0.000672619047633,0.001362484737513,0.000379426129434,4.258098401869079,1.773408000190102,0.1546280000184197,0.08166600036929594,0.0
pd,00:06:28.442,165,-90.0,-89.997,43.639,-90.107,0.088,0.003,0.0,0.0,-295.42072694063796,4.309216438356327,21.067280365296803,0.0,-90.0,-89.997,40.0,-89.987,0.079,0.003,-90.0,-89.997,51.639,-90.47792164383563,-2.0232280365296806,0.003,0.0,0.0,1915.207305936073,-88.79898027547718,-505.4299200073394,0.0,0.0,0.0,8.0,-0.3709216438356293,-2.1112280365296807,0.0,0.0,-0.0137698,-27.608449,0.48882790000000004,0.8881521,0.0206547,-0.0026007326007,-0.023267887667596,-0.043380219779676,-0.0019143772894170002,0.002155830280875,-0.00043116605617500006,3.6409891513158925,2.9165269997974974,0.6161969999993744,0.17866500002128305,0.0
pd,00:06:28.446,166,-90.0,-89.997,43.639,-90.107,0.088,0.003,0.0,0.0,0.0,0.0,0.0,0.0,-90.0,-89.997,40.0,-89.987,0.079,0.003,-90.0,-89.997,41.819500000000005,-90.047,0.08349999999999999,0.003,0.0,0.0,-232.21568062317448,7.657565725414117,-0.5743174294060366,0.0,0.0,0.0,-1.819499999999998,0.060000000000002274,-0.004500000000000004,0.0,0.0275396,0.0413094,-31.140402700000003,0.48882790000000004,0.8881521,0.0206547,-0.0024620268619959997,-0.023510622710328,-0.056071794871092,-0.0019143772894170002,0.002155830280875,-0.00043116605617500006,3.6409891513158925,2.6300109998373955,0.20855399998254143,0.07492500026273774,0.0
pd,00:06:28.449,167,-90.0,-89.997,43.639,-90.107,0.088,0.003,0.0,0.0,0.0,0.0,0.0,0.0,-90.0,-89.997,40.0,-89.987,0.079,0.003,-90.0,-89.997,41.819500000000005,-90.047,0.08349999999999999,0.003,0.0,0.0,-304.48197127353995,10.040625598468303,-0.7530469198850936,0.0,0.0,0.0,-1.819499999999998,0.060000000000002274,-0.004500000000000004,0.0,0.0275396,0.0413094,-31.140402700000003,0.48882790000000004,0.8881521,0.0206547,-0.0024620268619959997,-0.023510622710328,-0.056071794871092,-0.0019143772894170002,0.002155830280875,-0.00043116605617500006,3.6409891513158925,1.7110759999923175,0.16018399992390187,0.06803600035709678,0.0
pd,00:06:28.451,168,-90.0,-89.997,43.639,-90.107,0.088,0.003,0.0,0.0,0.0,0.0,0.0,0.0,-90.0,-89.997,40.0,-89.987,0.079,0.003,-90.0,-89.997,41.819500000000005,-90.047,0.08349999999999999,0.003,0.0,0.0,-452.48050088936355,14.92103877623678,-1.1190779082177154,0.0,0.0,0.0,-1.819499999999998,0.060000000000002274,-0.004500000000000004,0.0,0.0275396,0.0413094,-31.140402700000003,0.48882790000000004,0.8881521,0.0206547,-0.0024620268619959997,-0.023510622710328,-0.056071794871092,-0.0019143772894170002,0.002155830280875,-0.00043116605617500006,3.6409891513158925,1.7641859999457665,0.18599800023366697,0.09229600027538254,0.0
pd,00:06:28.453,169,-90.0,-89.997,43.639,-90.107,0.088,0.003,0.0,0.0,0.0,0.0,0.0,0.0,-90.0,-89.997,40.0,-89.987,0.079,0.003,-90.0,-89.997,41.819500000000005,-90.047,0.08349999999999999,0.003,0.0,0.0,-427.0107502238141,14.081145926589612,-1.0560859444941801,0.0,0.0,0.0,-1.819499999999998,0.060000000000002274,-0.004500000000000004,0.0,0.0275396,0.0413094,-31.140402700000003,0.48882790000000004,0.8881521,0.0206547,-0.0024620268619959997,-0.023510622710328,-0.056071794871092,-0.0019143772894170002,0.002155830280875,-0.00043116605617500006,3.6409891513158925,1.770723000390717,0.37997800018274575,0.12981400004719035,0.0
pd,00:06:28.455,170,-90.0,-89.997,43.639,-90.107,0.088,0.003,0.0,0.0,0.0,0.0,0.0,0.0,-90.0,-89.997,40.0,-89.987,0.079,0.003,-90.0,-89.997,41.819500000000005,-90.047,0.08349999999999999,0.003,0.0,0.0,-377.27586157801096,12.441083646431162,-0.9330812734823012,0.0,0.0,0.0,-1.819499999999998,0.060000000000002274,-0.004500000000000004,0.0,0.0275396,0.0413094,-31.140402700000003,0.48882790000000004,0.8881521,0.0206547,-0.0024620268619959997,-0.023510622710328,-0.056071794871092,-0.0019143772894170002,0.002155830280875,-0.00043116605617500006,3.6409891513158925,1.8495560002520506,0.19592399985413067,0.08018400012588245,0.0
pd,00:06:28.460,171,-90.0,-89.997,43.639,-90.107,0.088,0.003,0.0,0.0,0.0,0.0,0.0,0.0,-90.0,-89.997,40.0,-89.987,0.079,0.003,-90.0,-89.997,41.819500000000005,-90.047,0.08349999999999999,0.003,0.0,0.0,-269.53225005297753,8.888120364484339,-0.6666090273362997,0.0,0.0,0.0,-1.819499999999998,0.060000000000002274,-0.004500000000000004,0.0,0.0275396,0.0413094,-31.140402700000003,0.48882790000000004,0.8881521,0.0206547,-0.0024620268619959997,-0.023510622710328,-0.056071794871092,-0.0019143772894170002,0.002155830280875,-0.00043116605617500006,3.6409891513158925,3.1987100001060753,0.26166399993599043,0.0934439999582537,0.0
pd,00:06:28.463,172,-90.0,-89.997,43.077,-90.103,0.106,0.003,0.0,0.0,-153.38357938573787,1.0916980739211677,4.912641332639251,0.0,-90.0,-89.997,40.0,-89.987,0.079,0.003,-90.0,-89.997,51.077,-90.15416980739211,-0.3987641332639251,0.003,0.0,0.0,1091.6980739198334,-6.982747521602866,-68.88125400850514,0.0,0.0,0.0,8.0,-0.05116980739211385,-0.5047641332639251,0.0,-0.0068849,-0.0137698,-28.3795578,0.481943,0.3167054,-0.034424500000000004,-0.0025140415140099998,-0.024082783882482,-0.052430769230112,-0.00046565934066900006,0.0019143772894170002,-3.4493284494e-05,3.079304142172382,4.466697000225395,0.556976000098075,0.13373900037549902,0.0
pd,00:06:28.468,173,-90.0,-89.997,43.077,-90.103,0.106,0.003,0.0,0.0,0.0,0.0,0.0,0.0,-90.0,-89.997,40.0,-89.987,0.079,0.003,-90.0,-89.997,41.5385,-90.04499999999999,0.0925,0.003,0.0,0.0,-145.42156902690758,5.482256095912004,-1.2760423671519356,0.0,0.0,0.0,-1.538499999999999,0.058000000000006935,-0.013499999999999998,0.0,-0.0068849,-0.0137698,-28.3795578,0.481943,0.3167054,-0.034424500000000004,-0.0025140415140099998,-0.024082783882482,-0.052430769230112,-0.00046565934066900006,0.0019143772894170002,-3.4493284494e-05,3.079304142172382,2.384921000157192,0.2247200000056182,0.10170299992751097,0.0
pd,00:06:28.471,174,-90.0,-89.997,43.077,-90.103,0.106,0.003,0.0,0.0,0.0,0.0,0.0,0.0,-90.0,-89.997,40.0,-89.987,0.079,0.003,-90.0,-89.997,41.5385,-90.04499999999999,0.0925,0.003,0.0,0.0,-273.22113235667695,10.300179185367062,-2.3974555000423403,0.0,0.0,0.0,-1.538499999999999,0.058000000000006935,-0.013499999999999998,0.0,-0.0068849,-0.0137698,-28.3795578,0.481943,0.3167054,-0.034424500000000004,-0.0025140415140099998,-0.024082783882482,-0.052430769230112,-0.00046565934066900006,0.0019143772894170002,-3.4493284494e-05,3.079304142172382,1.745982999636908,0.18746099976851838,0.14492399986920645,0.0
pd,00:06:28.473,175,-90.0,-89.997,43.077,-90.103,0.106,0.003,0.0,0.0,0.0,0.0,0.0,0.0,-90.0,-89.997,40.0,-89.987,0.079,0.003,-90.0,-89.997,41.5385,-90.04499999999999,0.0925,0.003,0.0,0.0,-355.4945297487878,13.401808726311112,-3.1193865138827674,0.0,0.0,0.0,-1.538499999999999,0.058000000000006935,-0.013499999999999998,0.0,-0.0068849,-0.0137698,-28.3795578,0.481943,0.3167054,-0.034424500000000004,-0.0025140415140099998,-0.024082783882482,-0.052430769230112,-0.00046565934066900006,0.0019143772894170002,-3.4493284494e-05,3.079304142172382,1.9936100002269086,0.24910899992391933,0.12247999984538183,0.0
pd,00:06:28.475,176,-90.0,-89.997,43.077,-90.103,0.106,0.003,0.0,0.0,0.0,0.0,0.0,0.0,-90.0,-89.997,40.0,-89.987,0.079,0.003,-90.0,-89.997,41.5385,-90.04499999999999,0.0925,0.003,0.0,0.0,-311.5554607956738,11.745347238315917,-2.733830822711471,0.0,0.0,0.0,-1.538499999999999,0.058000000000006935,-0.013499999999999998,0.0,-0.0068849,-0.0137698,-28.3795578,0.481943,0.3167054,-0.034424500000000004,-0.0025140415140099998,-0.024082783882482,-0.052430769230112,-0.00046565934066900006,0.0019143772894170002,-3.4493284494e-05,3.079304142172382,1.8041670000457088,0.1698870000836905,0.06999900006121607,0.0
pd,00:06:28.477,177,-90.0,-89.997,43.077,-90.103,0.106,0.003,0.0,0.0,0.0,0.0,0.0,0.0,-90.0,-89.997,40.0,-89.987,0.079,0.003,-90.0,-89.997,41.5385,-90.04499999999999,0.0925,0.003,0.0,0.0,-363.3410306306304,13.697614414414375,-3.1882378378378373,0.0,0.0,0.0,-1.538499999999999,0.058000000000006935,-0.013499999999999998,0.0,-0.0068849,-0.0137698,-28.3795578,0.481943,0.3167054,-0.034424500000000004,-0.0025140415140099998,-0.024082783882482,-0.052430769230112,-0.00046565934066900006,0.0019143772894170002,-3.4493284494e-05,3.079304142172382,1.7007060000651109,0.1456089999010146,0.06286999996518716,0.0
pd,00:06:28.479,178,-90.0,-89.997,43.077,-90.103,0.106,0.003,0.0,0.0,0.0,0.0,0.0,0.0,-90.0,-89.997,40.0,-89.987,0.079,0.003,-90.0,-89.997,41.5385,-90.04499999999999,0.0925,0.003,0.0,0.0,-389.0592490051849,14.667167008320227,-3.4139095622814417,0.0,0.0,0.0,-1.538499999999999,0.058000000000006935,-0.013499999999999998,0.0,-0.0068849,-0.0137698,-28.3795578,0.481943,0.3167054,-0.034424500000000004,-0.0025140415140099998,-0.024082783882482,-0.052430769230112,-0.00046565934066900006,0.0019143772894170002,-3.4493284494e-05,3.079304142172382,1.746963999721629,0.1415359997736232,0.0619620000179566,0.0
pd,00:06:28.481,179,-90.0,-89.997,43.077,-90.103,0.106,0.003,0.0,0.0,0.0,0.0,0.0,0.0,-90.0,-89.997,40.0,-89.987,0.079,0.003,-90.0,-89.997,41.5385,-90.04499999999999,0.0925,0.003,0.0,0.0,-381.19900189035894,14.370843100188994,-3.3449376181474477,0.0,0.0,0.0,-1.538499999999999,0.058000000000006935,-0.013499999999999998,0.0,-0.0068849,-0.0137698,-28.3795578,0.481943,0.3167054,-0.034424500000000004,-0.0025140415140099998,-0.024082783882482,-0.052430769230112,-0.00046565934066900006,0.0019143772894170002,-3.4493284494e-05,3.079304142172382,1.714778999939881,0.1708499999040214,0.0793330000306014,0.0
pd,00:06:28.483,180,-90.0,-89.997,42.495,-90.091,0.126,0.003,0.0,0.0,-284.40928905976966,5.8641090527789705,9.773515087964583,0.0,-90.0,-89.997,40.0,-89.987,0.079,0.003,-90.0,-89.997,50.495,-90.62541090527789,-0.8748515087964585,0.003,0.0,0.0,1954.7030175929162,-130.57682614765855,-244.54593305085757,0.0,0.0,0.0,8.0,-0.5344109052778947,-1.0008515087964585,0.0,-0.0481943,0.0206547,-24.7236759,0.2272017,0.0550792,-0.0137698,-0.002548717948686,-0.024117460317157998,-0.039583150182654,-0.001138278388302,0.0024662698413210004,-0.00010347985348200002,2.497608856486537,4.0908309997576,0.20838699992964393,0.09472100009588758,0.0
pd,00:06:28.489,181,-90.0,-89.997,42.495,-90.091,0.126,0.003,0.0,0.0,0.0,0.0,0.0,0.0,-90.0,-89.997,40.0,-89.987,0.079,0.003,-90.0,-89.997,41.2475,-90.03899999999999,0.10250000000000001,0.003,0.0,0.0,-118.13407026099509,4.9242257744061755,-2.225371263433577,0.0,0.0,0.0,-1.2474999999999952,0.05200000000000671,-0.023499999999999993,0.0,-0.0481943,0.0206547,-24.7236759,0.2272017,0.0550792,-0.0137698,-0.002548717948686,-0.024117460317157998,-0.039583150182654,-0.001138278388302,0.0024662698413210004,-0.00010347985348200002,2.497608856486537,1.8482229997971444,0.21825699968758272,0.08159200024238089,0.0
pd,00:06:28.491,182,-90.0,-89.997,42.495,-90.091,0.126,0.003,0.0,0.0,0.0,0.0,0.0,0.0,-90.0,-89.997,40.0,-89.987,0.079,0.003,-90.0,-89.997,41.2475,-90.03899999999999,0.10250000000000001,0.003,0.0,0.0,-278.5855734213606,11.612384623575675,-5.247904589500585,0.0,0.0,0.0,-1.2474999999999952,0.05200000000000671,-0.023499999999999993,0.0,-0.0481943,0.0206547,-24.7236759,0.2272017,0.0550792,-0.0137698,-0.002548717948686,-0.024117460317157998,-0.039583150182654,-0.001138278388302,0.0024662698413210004,-0.00010347985348200002,2.497608856486537,2.4065689999588358,0.30008900012035156,0.13514699958250276,0.0
pd,00:06:28.494,183,-90.0,-89.997,42.495,-90.091,0.126,0.003,0.0,0.0,0.0,0.0,0.0,0.0,-90.0,-89.997,40.0,-89.987,0.079,0.003,-90.0,-89.997,41.2475,-90.03899999999999,0.10250000000000001,0.003,0.0,0.0,-208.59489076702258,8.694937330569221,-3.929442832084197,0.0,0.0,0.0,-1.2474999999999952,0.05200000000000671,-0.023499999999999993,0.0,-0.0481943,0.0206547,-24.7236759,0.2272017,0.0550792,-0.0137698,-0.002548717948686,-0.024117460317157998,-0.039583150182654,-0.001138278388302,0.0024662698413210004,-0.00010347985348200002,2.497608856486537,2.6365119997535658,0.2988119999827177,0.11840600018331315,0.0
pd,00:06:28.497,184,-90.0,-89.997,42.495,-90.091,0.126,0.003,0.0,0.0,0.0,0.0,0.0,0.0,-90.0,-89.997,40.0,-89.987,0.079,0.003,-90.0,-89.997,41.2475,-90.03899999999999,0.10250000000000001,0.003,0.0,0.0,-197.25530573776652,8.222265249189412,-3.715831410691397,0.0,0.0,0.0,-1.2474999999999952,0.05200000000000671,-0.023499999999999993,0.0,-0.0481943,0.0206547,-24.7236759,0.2272017,0.0550792,-0.0137698,-0.002548717948686,-0.024117460317157998,-0.039583150182654,-0.001138278388302,0.0024662698413210004,-0.00010347985348200002,2.497608856486537,1.733667999815225,0.14749900037713815,0.06212899961610674,0.0
pd,00:06:28.499,185,-90.0,-89.997,42.495,-90.091,0.126,0.003,0.0,0.0,0.0,0.0,0.0,0.0,-90.0,-89.997,40.0,-89.987,0.079,0.003,-90.0,-89.997,41.2475,-90.03899999999999,0.10250000000000001,0.003,0.0,0.0,-309.8291236380859,12.914720985314919,-5.836460445286594,0.0,0.0,0.0,-1.2474999999999952,0.05200000000000671,-0.023499999999999993,0.0,-0.0481943,0.0206547,-24.7236759,0.2272017,0.0550792,-0.0137698,-0.002548717948686,-0.024117460317157998,-0.039583150182654,-0.001138278388302,0.0024662698413210004,-0.00010347985348200002,2.497608856486537,1.8814820000443433,0.1820719999159337,0.08711000009498093,0.0
pd,00:06:28.501,186,-90.0,-89.997,42.495,-90.091,0.126,0.003,0.0,0.0,0.0,0.0,0.0,0.0,-90.0,-89.997,40.0,-89.987,0.079,0.003,-90.0,-89.997,41.2475,-90.03899999999999,0.10250000000000001,0.003,0.0,0.0,-279.89698512891806,11.667048678720356,-5.272608537498662,0.0,0.0,0.0,-1.2474999999999952,0.05200000000000671,-0.023499999999999993,0.0,-0.0481943,0.0206547,-24.7236759,0.2272017,0.0550792,-0.0137698,-0.002548717948686,-0.024117460317157998,-0.039583150182654,-0.001138278388302,0.0024662698413210004,-0.00010347985348200002,2.497608856486537,1.6852799999469426,0.17466500003138208,0.08262900018962682,0.0
pd,00:06:28.503,187,-90.0,-89.997,41.908,-90.084,0.135,0.003,0.0,0.0,-290.4738612553072,3.463913166583456,4.453602642756021,0.0,-90.0,-89.997,40.0,-89.987,0.079,0.003,-90.0,-89.997,49.908,-90.38189131665834,-0.3383602642756021,0.003,0.0,0.0,1979.3789523360076,-73.70497528464772,-117.11991799741712,0.0,0.0,0.0,8.0,-0.2978913166583368,-0.4733602642756021,0.0,-0.0137698,-0.0137698,-20.7097792,0.1652376,0.0619641,-0.0206547,-0.001751159951138,-0.023545299145004,-0.03719047619001,-0.0023972832723330004,1.7246642247e-05,-0.00010347985348200002,1.9112846465139635,4.213532999983727,0.20571999993990175,0.0955360001171357,0.0
pd,00:06:28.508,188,-90.0,-89.997,41.908,-90.084,0.135,0.003,0.0,0.0,0.0,0.0,0.0,0.0,-90.0,-89.997,40.0,-89.987,0.079,0.003,-90.0,-89.997,40.954,-90.0355,0.10700000000000001,0.003,0.0,0.0,-103.66233202072546,5.270045181347608,-3.0425003108808295,0.0,0.0,0.0,-0.9540000000000006,0.048500000000004206,-0.027999999999999997,0.0,-0.0137698,-0.0137698,-20.7097792,0.1652376,0.0619641,-0.0206547,-0.001751159951138,-0.023545299145004,-0.03719047619001,-0.0023972832723330004,1.7246642247e-05,-0.00010347985348200002,1.9112846465139635,1.7044839996742667,0.14755400025023846,0.06144400003904593,0.0
pd,00:06:28.510,189,-90.0,-89.997,41.908,-90.084,0.135,0.003,0.0,0.0,0.0,0.0,0.0,0.0,-90.0,-89.997,40.0,-89.987,0.079,0.003,-90.0,-89.997,40.954,-90.0355,0.10700000000000001,0.003,0.0,0.0,-241.07519074587316,12.255919026389785,-7.07558211832751,0.0,0.0,0.0,-0.9540000000000006,0.048500000000004206,-0.027999999999999997,0.0,-0.0137698,-0.0137698,-20.7097792,0.1652376,0.0619641,-0.0206547,-0.001751159951138,-0.023545299145004,-0.03719047619001,-0.0023972832723330004,1.7246642247e-05,-0.00010347985348200002,1.9112846465139635,1.7085939998651156,0.3210529998796119,0.17523899987281766,0.0
pd,00:06:28.512,190,-90.0,-89.997,41.908,-90.084,0.135,0.003,0.0,0.0,0.0,0.0,0.0,0.0,-90.0,-89.997,40.0,-89.987,0.079,0.003,-90.0,-89.997,40.954,-90.0355,0.10700000000000001,0.003,0.0,0.0,-204.967012396271,10.420230714067085,-6.015803298842332,0.0,0.0,0.0,-0.9540000000000006,0.048500000000004206,-0.027999999999999997,0.0,-0.0137698,-0.0137698,-20.7097792,0.1652376,0.0619641,-0.0206547,-0.001751159951138,-0.023545299145004,-0.03719047619001,-0.0023972832723330004,1.7246642247e-05,-0.00010347985348200002,1.9112846465139635,1.858888999777264,0.22818300021754112,0.1028330002554867,0.0
pd,00:06:28.515,191,-90.0,-89.997,41.908,-90.084,0.135,0.003,0.0,0.0,0.0,0.0,0.0,0.0,-90.0,-89.997,40.0,-89.987,0.079,0.003,-90.0,-89.997,40.954,-90.0355,0.10700000000000001,0.003,0.0,0.0,-148.0452129643334,7.526407577327869,-4.345142518869321,0.0,0.0,0.0,-0.9540000000000006,0.048500000000004206,-0.027999999999999997,0.0,-0.0137698,-0.0137698,-20.7097792,0.1652376,0.0619641,-0.0206547,-0.001751159951138,-0.023545299145004,-0.03719047619001,-0.0023972832723330004,1.7246642247e-05,-0.00010347985348200002,1.9112846465139635,2.200940999955492,0.22564599976249156,0.09411099972567172,0.0
pd,00:06:28.518,192,-90.0,-89.997,41.908,-90.084,0.135,0.003,0.0,0.0,0.0,0.0,0.0,0.0,-90.0,-89.997,40.0,-89.987,0.079,0.003,-90.0,-89.997,40.954,-90.0355,0.10700000000000001,0.003,0.0,0.0,-182.19497386394693,9.262532738367073,-5.347441580912486,0.0,0.0,0.0,-0.9540000000000006,0.048500000000004206,-0.027999999999999997,0.0,-0.0137698,-0.0137698,-20.7097792,0.1652376,0.0619641,-0.0206547,-0.001751159951138,-0.023545299145004,-0.03719047619001,-0.0023972832723330004,1.7246642247e-05,-0.00010347985348200002,1.9112846465139635,1.71118700018269,0.6544939997183974,0.15422099977513426,0.0
pd,00:06:28.521,193,-90.0,-89.997,41.908,-90.084,0.135,0.003,0.0,0.0,0.0,0.0,0.0,0.0,-90.0,-89.997,40.0,-89.987,0.079,0.003,-90.0,-89.997,40.954,-90.0355,0.10700000000000001,0.003,0.0,0.0,-177.4284327775808,9.020208584605252,-5.20754310039021,0.0,0.0,0.0,-0.9540000000000006,0.048500000000004206,-0.027999999999999997,0.0,-0.0137698,-0.0137698,-20.7097792,0.1652376,0.0619641,-0.0206547,-0.001751159951138,-0.023545299145004,-0.03719047619001,-0.0023972832723330004,1.7246642247e-05,-0.00010347985348200002,1.9112846465139635,2.3558480002066062,0.25107100009336136,0.1266469998881803,0.0
pd,00:06:28.524,194,-90.0,-89.997,41.376,-90.077,0.136,0.003,0.0,0.0,-170.68536127897306,2.245860016830183,0.3208371452612257,0.0,-90.0,-89.997,40.0,-89.987,0.079,0.003,-90.0,-89.997,49.376,-90.25658600168302,0.07541628547387744,0.003,0.0,0.0,1283.3485810449017,-28.808930054428338,-9.7187530089411,0.0,0.0,0.0,8.0,-0.1795860016830204,-0.06058371452612257,0.0,0.0,0.0413094,-23.064415,1.0396199,-0.0068849,0.0206547,-0.00242735042732,-0.024152136751834,-0.045911599511024,-0.0,0.0018798840049230002,-0.00020695970696400003,1.3801177485997325,3.8391289999708533,0.20651699969675974,0.09070300029634382,0.0
pd,00:06:28.528,195,-90.0,-89.997,41.376,-90.077,0.136,0.003,0.0,0.0,0.0,0.0,0.0,0.0,-90.0,-89.997,40.0,-89.987,0.079,0.003,-90.0,-89.997,40.688,-90.032,0.10750000000000001,0.003,0.0,0.0,-81.44739350832614,5.327227773073869,-3.373910922946656,0.0,0.0,0.0,-0.6879999999999953,0.045000000000001705,-0.028499999999999998,0.0,0.0,0.0413094,-23.064415,1.0396199,-0.0068849,0.0206547,-0.00242735042732,-0.024152136751834,-0.045911599511024,-0.0,0.0018798840049230002,-0.00020695970696400003,1.3801177485997325,1.689038999757031,0.1457949997529795,0.06527799996547401,0.0
pd,00:06:28.530,196,-90.0,-89.997,41.376,-90.077,0.136,0.003,0.0,0.0,0.0,0.0,0.0,0.0,-90.0,-89.997,40.0,-89.987,0.079,0.003,-90.0,-89.997,40.688,-90.032,0.10750000000000001,0.003,0.0,0.0,-175.01705191654506,11.44733624454192,-7.249979621542941,0.0,0.0,0.0,-0.6879999999999953,0.045000000000001705,-0.028499999999999998,0.0,0.0,0.0413094,-23.064415,1.0396199,-0.0068849,0.0206547,-0.00242735042732,-0.024152136751834,-0.045911599511024,-0.0,0.0018798840049230002,-0.00020695970696400003,1.3801177485997325,1.7435200002182683,0.24546099984945613,0.1181100001304003,0.0
pd,00:06:28.532,197,-90.0,-89.997,41.376,-90.077,0.136,0.003,0.0,0.0,0.0,0.0,0.0,0.0,-90.0,-89.997,40.0,-89.987,0.079,0.003,-90.0,-89.997,40.688,-90.032,0.10750000000000001,0.003,0.0,0.0,-155.76385361114083,10.188042750729092,-6.4524270754615145,0.0,0.0,0.0,-0.6879999999999953,0.045000000000001705,-0.028499999999999998,0.0,0.0,0.0413094,-23.064415,1.0396199,-0.0068849,0.0206547,-0.00242735042732,-0.024152136751834,-0.045911599511024,-0.0,0.0018798840049230002,-0.00020695970696400003,1.3801177485997325,1.7490750001343258,0.18781299968395615,0.0839060003272607,0.0
pd,00:06:28.534,198,-90.0,-89.997,41.376,-90.077,0.136,0.003,0.0,0.0,0.0,0.0,0.0,0.0,-90.0,-89.997,40.0,-89.987,0.079,0.003,-90.0,-89.997,40.688,-90.032,0.10750000000000001,0.003,0.0,0.0,-163.6244699478337,10.70218190065815,-6.77804853708324,0.0,0.0,0.0,-0.6879999999999953,0.045000000000001705,-0.028499999999999998,0.0,0.0,0.0413094,-23.064415,1.0396199,-0.0068849,0.0206547,-0.00242735042732,-0.024152136751834,-0.045911599511024,-0.0,0.0018798840049230002,-0.00020695970696400003,1.3801177485997325,1.6731320001781569,0.14403599971046788,0.06396199978553341,0.0
pd,00:06:28.536,199,-90.0,-89.997,41.376,-90.077,0.136,0.003,0.0,0.0,0.0,0.0,0.0,0.0,-90.0,-89.997,40.0,-89.987,0.079,0.003,-90.0,-89.997,40.688,-90.032,0.10750000000000001,0.003,0.0,0.0,-176.7104195958356,11.558094304960633,-7.320126393141458,0.0,0.0,0.0,-0.6879999999999953,0.045000000000001705,-0.028499999999999998,0.0,0.0,0.0413094,-23.064415,1.0396199,-0.0068849,0.0206547,-0.00242735042732,-0.024152136751834,-0.045911599511024,-0.0,0.0018798840049230002,-0.00020695970696400003,1.3801177485997325,1.669224999659491,0.13751699998465483,0.05972200005999184,0.0
pd,00:06:28.538,200,-90.0,-89.997,41.376,-90.077,0.136,0.003,0.0,0.0,0.0,0.0,0.0,0.0,-90.0,-89.997,40.0,-89.987,0.079,0.003,-90.0,-89.997,40.688,-90.032,0.10750000000000001,0.003,0.0,0.0,-177.93076532248088,11.637913429523193,-7.3706785053644115,0.0,0.0,0.0,-0.6879999999999953,0.045000000000001705,-0.028499999999999998,0.0,0.0,0.0413094,-23.064415,1.0396199,-0.0068849,0.0206547,-0.00242735042732,-0.024152136751834,-0.045911599511024,-0.0,0.0018798840049230002,-0.00020695970696400003,1.3801177485997325,1.6912239998418954,0.12616599997272715,0.05744400004914496,0.0
pd,00:06:28.541,201,-90.0,-89.997,41.376,-90.077,0.136,0.003,0.0,0.0,0.0,0.0,0.0,0.0,-90.0,-89.997,40.0,-89.987,0.079,0.003,-90.0,-89.997,40.688,-90.032,0.10750000000000001,0.003,0.0,0.0,-113.53797418948675,7.426175637394049,-4.703244570349387,0.0,0.0,0.0,-0.6879999999999953,0.045000000000001705,-0.028499999999999998,0.0,0.0,0.0413094,-23.064415,1.0396199,-0.0068849,0.0206547,-0.00242735042732,-0.024152136751834,-0.045911599511024,-0.0,0.0018798840049230002,-0.00020695970696400003,1.3801177485997325,1.9130189998577407,0.24266399987027398,0.3849770000670105,0.0
pd,00:06:28.544,202,-90.0,-89.997,41.376,-90.077,0.136,0.003,0.0,0.0,0.0,0.0,0.0,0.0,-90.0,-89.997,40.0,-89.987,0.079,0.003,-90.0,-89.997,40.688,-90.032,0.10750000000000001,0.003,0.0,0.0,-123.48858062307409,8.07701472098627,-5.115442656624444,0.0,0.0,0.0,-0.6879999999999953,0.045000000000001705,-0.028499999999999998,0.0,-0.0206547,0.0137698,-18.4859565,0.8743823000000001,-0.1101584,0.0068849,-0.002236630036602,-0.023250549450258,-0.044593894993336,6.8986568988e-05,0.001086538461561,-0.000396672771681,1.3801177485997325,4.43206799991458,0.27581199992710026,0.1284059999306919,0.0
pd,00:06:28.549,203,-90.0,-89.997,41.376,-90.077,0.136,0.003,0.0,0.0,0.0,0.0,0.0,0.0,-90.0,-89.997,40.0,-89.987,0.079,0.003,-90.0,-89.997,40.688,-90.032,0.10750000000000001,0.003,0.0,0.0,-69.46418448798794,4.543442299359857,-2.8775134562611338,0.0,0.0,0.0,-0.6879999999999953,0.045000000000001705,-0.028499999999999998,0.0,-0.0206547,0.0137698,-18.4859565,0.8743823000000001,-0.1101584,0.0068849,-0.002236630036602,-0.023250549450258,-0.044593894993336,6.8986568988e-05,0.001086538461561,-0.000396672771681,1.3801177485997325,2.1770899998045934,0.5620309998448647,0.12555400007840944,0.0
pd,00:06:28.552,204,-90.0,-89.997,41.376,-90.077,0.136,0.003,0.0,0.0,0.0,0.0,0.0,0.0,-90.0,-89.997,40.0,-89.987,0.079,0.003,-90.0,-89.997,40.688,-90.032,0.10750000000000001,0.003,0.0,0.0,-115.61222564102545,7.5618461538464405,-4.7891692307692315,0.0,0.0,0.0,-0.6879999999999953,0.045000000000001705,-0.028499999999999998,0.0,-0.0206547,0.0137698,-18.4859565,0.8743823000000001,-0.1101584,0.0068849,-0.002236630036602,-0.023250549450258,-0.044593894993336,6.8986568988e-05,0.001086538461561,-0.000396672771681,1.3801177485997325,1.8914450001830119,0.1975719997062697,0.09218400009558536,0.0
pd,00:06:28.554,205,-90.0,-89.998,40.487,-90.057,0.135,0.003,0.0,-0.4414592148216006,-392.45724197452716,8.829184296388098,-0.4414592148194931,0.0,-90.0,-89.997,40.0,-89.987,0.079,0.003,-90.0,-89.95335407851785,48.487,-90.90491842963881,0.15114592148194933,0.003,0.0,9.85467672120408,1765.8368592779707,-187.1607020896623,3.5638829099792604,0.0,0.0,0.04464592148215729,8.0,-0.8479184296388098,0.01614592148194932,0.0,-0.0206547,0.0137698,-18.4859565,0.8743823000000001,-0.1101584,0.0068849,-0.002236630036602,-0.023250549450258,-0.044593894993336,6.8986568988e-05,0.001086538461561,-0.000396672771681,0.4951827945314769,1.7199460003212153,0.13964700019641896,0.05879499985894654,0.0
pd,00:06:28.556,206,-90.0,-89.998,40.487,-90.057,0.135,0.003,0.0,0.0,0.0,0.0,0.0,0.0,-90.0,-89.997,40.0,-89.987,0.079,0.003,-90.0,-89.9975,40.2435,-90.02199999999999,0.10700000000000001,0.003,0.0,0.12600048065429065,-61.36223407834679,8.820033645759162,-7.056026916606586,0.0,0.0,0.0005000000000023874,-0.2435000000000045,0.0350000000000108,-0.027999999999999997,0.0,-0.0206547,0.0137698,-18.4859565,0.8743823000000001,-0.1101584,0.0068849,-0.002236630036602,-0.023250549450258,-0.044593894993336,6.8986568988e-05,0.001086538461561,-0.000396672771681,0.4951827945314769,1.7616130003261787,0.14642499991168734,0.06425900028261822,0.0
pd,00:06:28.558,207,-90.0,-89.998,40.487,-90.057,0.135,0.003,0.0,0.0,0.0,0.0,0.0,0.0,-90.0,-89.997,40.0,-89.987,0.079,0.003,-90.0,-89.9975,40.2435,-90.02199999999999,0.10700000000000001,0.003,0.0,0.12262612559993062,-59.7189231668813,8.583828791955064,-6.867063033563327,0.0,0.0,0.0005000000000023874,-0.2435000000000045,0.0350000000000108,-0.027999999999999997,0.0,-0.0206547,0.0137698,-18.4859565,0.8743823000000001,-0.1101584,0.0068849,-0.002236630036602,-0.023250549450258,-0.044593894993336,6.8986568988e-05,0.001086538461561,-0.000396672771681,0.4951827945314769,1.6741879999244702,0.1264799998352828,0.055592000080650905,0.0
pd,00:06:28.560,208,-90.0,-89.998,40.487,-90.057,0.135,0.003,0.0,0.0,0.0,0.0,0.0,0.0,-90.0,-89.997,40.0,-89.987,0.079,0.003,-90.0,-89.9975,40.2435,-90.02199999999999,0.10700000000000001,0.003,0.0,0.13033884400310836,-63.47501702921093,9.123719080174984,-7.298975264139218,0.0,0.0,0.0005000000000023874,-0.2435000000000045,0.0350000000000108,-0.027999999999999997,0.0,-0.0206547,0.0137698,-18.4859565,0.8743823000000001,-0.1101584,0.0068849,-0.002236630036602,-0.023250549450258,-0.044593894993336,6.8986568988e-05,0.001086538461561,-0.000396672771681,0.4951827945314769,1.7208529998242739,0.14818399995419895,0.06318399982774281,0.0
pd,00:06:28.562,209,-90.0,-89.998,40.487,-90.057,0.135,0.003,0.0,0.0,0.0,0.0,0.0,0.0,-90.0,-89.997,40.0,-89.987,0.079,0.003,-90.0,-89.9975,40.2435,-90.02199999999999,0.10700000000000001,0.003,0.0,0.12509854450071664,-60.92299117155834,8.756898115009276,-7.005518492006682,0.0,0.0,0.0005000000000023874,-0.2435000000000045,0.0350000000000108,-0.027999999999999997,0.0,-0.0206547,-0.0413094,-14.905808500000001,0.7504541,-0.0206547,-0.0068849,-0.002236630036602,-0.024169474969172,-0.039115018314527995,-0.000275946275952,0.0008795787545970001,-0.000500152625163,0.4951827945314769,2.6772700002766214,0.5484949997480726,0.3840509998553898,0.0
pd,00:06:28.566,210,-90.0,-89.998,40.487,-90.057,0.135,0.003,0.0,0.0,0.0,0.0,0.0,0.0,-90.0,-89.997,40.0,-89.987,0.079,0.003,-90.0,-89.9975,40.2435,-90.02199999999999,0.10700000000000001,0.003,0.0,0.06729405724586104,-32.77220587857797,4.710584007188278,-3.768467205750225,0.0,0.0,0.0005000000000023874,-0.2435000000000045,0.0350000000000108,-0.027999999999999997,0.0,0.0413094,-0.0413094,-14.905808500000001,0.7504541,-0.0206547,-0.0068849,-0.002826129426094,-0.024169474969172,-0.039115018314527995,-0.000275946275952,0.0008795787545970001,-0.000500152625163,0.4951827945314769,2.832490999935544,0.3192750000380329,0.13123999997333158,0.0
pd,00:06:28.570,211,-90.0,-89.998,40.487,-90.057,0.135,0.003,0.0,0.0,0.0,0.0,0.0,0.0,-90.0,-89.997,40.0,-89.987,0.079,0.003,-90.0,-89.9975,40.2435,-90.02199999999999,0.10700000000000001,0.003,0.0,0.059254972875508974,-28.857171790235192,4.147848101266261,-3.318278481012659,0.0,0.0,0.0005000000000023874,-0.2435000000000045,0.0350000000000108,-0.027999999999999997,0.0,0.0413094,-0.0413094,-14.905808500000001,0.7504541,-0.0206547,-0.0068849,-0.002826129426094,-0.024169474969172,-0.039115018314527995,-0.000275946275952,0.0008795787545970001,-0.000500152625163,0.4951827945314769,1.9006669999726,0.22766400024920586,0.19088699991698377,0.0
pd,00:06:28.573,212,-90.0,-89.998,40.487,-90.057,0.135,0.003,0.0,0.0,0.0,0.0,0.0,0.0,-90.0,-89.997,40.0,-89.987,0.079,0.003,-90.0,-89.9975,40.2435,-90.02199999999999,0.10700000000000001,0.003,0.0,0.0963322002760686,-46.913781534221584,6.743254019293317,-5.394603215434084,0.0,0.0,0.0005000000000023874,-0.2435000000000045,0.0350000000000108,-0.027999999999999997,0.0,0.0413094,-0.0413094,-14.905808500000001,0.7504541,-0.0206547,-0.0068849,-0.002826129426094,-0.024169474969172,-0.039115018314527995,-0.000275946275952,0.0008795787545970001,-0.000500152625163,0.4951827945314769,1.7329279999103164,0.1849430000220309,0.08022100018933997,0.0
pd,00:06:28.575,213,-90.0,-89.997,40.069,-90.039,0.133,0.003,0.0,0.48127412507401346,-201.1725842799767,8.662934251291206,-0.9625482501434317,0.0,-90.0,-89.997,40.0,-89.987,0.079,0.003,-90.0,-90.0451274125074,48.069,-90.87929342512912,0.2022548250143432,0.003,0.0,-11.581239173232559,1925.0965002868618,-202.20574149126548,16.665277657886385,0.0,0.0,-0.04812741250739805,8.0,-0.8402934251291185,0.06925482501434319,0.0,0.0413094,-0.0413094,-14.905808500000001,0.7504541,-0.0206547,-0.0068849,-0.002826129426094,-0.024169474969172,-0.039115018314527995,-0.000275946275952,0.0008795787545970001,-0.000500152625163,0.10188719252193112,2.5140130001091165,0.31090399988897843,0.3772189998016984,0.0
pd,00:06:28.578,214,-90.0,-89.997,40.069,-90.039,0.133,0.003,0.0,0.0,0.0,0.0,0.0,0.0,-90.0,-89.997,40.0,-89.987,0.079,0.003,-90.0,-89.997,40.0345,-90.013,0.10600000000000001,0.003,0.0,0.0,-5.184275150473112,3.9069899684728457,-4.057258813413586,0.0,0.0,0.0,-0.03450000000000131,0.02599999999999625,-0.026999999999999996,0.0,0.0413094,-0.0413094,-14.905808500000001,0.7504541,-0.0206547,-0.0068849,-0.002826129426094,-0.024169474969172,-0.039115018314527995,-0.000275946275952,0.0008795787545970001,-0.000500152625163,0.10188719252193112,1.8055010000352922,0.20140600008744514,0.06857400012449943,0.0
pd,00:06:28.580,215,-90.0,-89.997,40.069,-90.039,0.133,0.003,0.0,0.0,0.0,0.0,0.0,0.0,-90.0,-89.997,40.0,-89.987,0.079,0.003,-90.0,-89.997,40.0345,-90.013,0.10600000000000001,0.003,0.0,0.0,-8.025706489184996,6.0483585135892435,-6.280987687188021,0.0,0.0,0.0,-0.03450000000000131,0.02599999999999625,-0.026999999999999996,0.0,0.0413094,-0.0413094,-14.905808500000001,0.7504541,-0.0206547,-0.0068849,-0.002826129426094,-0.024169474969172,-0.039115018314527995,-0.000275946275952,0.0008795787545970001,-0.000500152625163,0.10188719252193112,1.728168000227015,0.14297999996415456,0.059592000070551876,0.0
pd,00:06:28.582,216,-90.0,-89.997,40.069,-90.039,0.133,0.003,0.0,0.0,0.0,0.0,0.0,0.0,-90.0,-89.997,40.0,-89.987,0.079,0.003,-90.0,-89.997,40.0345,-90.013,0.10600000000000001,0.003,0.0,0.0,-8.653479727305674,6.521462982897624,-6.7722884822389675,0.0,0.0,0.0,-0.03450000000000131,0.02599999999999625,-0.026999999999999996,0.0,0.0413094,-0.0413094,-11.1122286,0.8881521,-0.0068849,0.0137698,-0.002635409035376,-0.023267887667596,-0.033948229547804,0.001103785103808,-0.0009485653235850001,-0.000500152625163,0.10188719252193112,2.8589169996848796,0.5000139999538078,0.10559099973761477,0.0
pd,00:06:28.586,217,-90.0,-89.997,40.069,-90.039,0.133,0.003,0.0,0.0,0.0,0.0,0.0,0.0,-90.0,-89.997,40.0,-89.987,0.079,0.003,-90.0,-89.997,40.0345,-90.013,0.10600000000000001,0.003,0.0,0.0,-4.704886461178485,3.5457115359609204,-3.6820850565743273,0.0,0.0,0.0,-0.03450000000000131,0.02599999999999625,-0.026999999999999996,0.0,0.0275396,-0.0413094,-11.1122286,0.8881521,-0.0068849,0.0137698,-0.002635409035376,-0.023267887667596,-0.033948229547804,0.001103785103808,-0.0009485653235850001,-0.000500152625163,0.10188719252193112,2.8568980001182354,0.25110899969149614,0.1208869998663431,0.0
pd,00:06:28.589,218,-90.0,-89.997,40.069,-90.039,0.133,0.003,0.0,0.0,0.0,0.0,0.0,0.0,-90.0,-89.997,40.0,-89.987,0.079,0.003,-90.0,-89.997,40.0345,-90.013,0.10600000000000001,0.003,0.0,0.0,-5.172785014656663,3.898330735683637,-4.048266533209409,0.0,0.0,0.0,-0.03450000000000131,0.02599999999999625,-0.026999999999999996,0.0,0.0275396,-0.0413094,-11.1122286,0.8881521,-0.0068849,0.0137698,-0.002635409035376,-0.023267887667596,-0.033948229547804,0.001103785103808,-0.0009485653235850001,-0.000500152625163,0.10188719252193112,2.1320159999049793,0.215424000089115,0.10285100006512948,0.0
pd,00:06:28.592,219,-90.0,-89.997,40.069,-90.039,0.133,0.003,0.0,0.0,0.0,0.0,0.0,0.0,-90.0,-89.997,40.0,-89.987,0.079,0.003,-90.0,-89.997,40.0345,-90.013,0.10600000000000001,0.003,0.0,0.0,-6.784672168042268,5.113086271568552,-5.309743435858965,0.0,0.0,0.0,-0.03450000000000131,0.02599999999999625,-0.026999999999999996,0.0,0.0275396,-0.0413094,-11.1122286,0.8881521,-0.0068849,0.0137698,-0.002635409035376,-0.023267887667596,-0.033948229547804,0.001103785103808,-0.0009485653235850001,-0.000500152625163,0.10188719252193112,1.8342410003242549,0.1888130000224919,0.08355499994650017,0.0
pd,00:06:28.594,220,-90.0,-89.997,39.739,-90.025,0.133,0.003,0.0,0.0,-150.6771521881148,6.392364032221027,0.0,0.0,-90.0,-89.997,40.0,-89.987,0.079,0.003,-90.0,-89.997,47.739,-90.6452364032221,0.10600000000000001,0.003,0.0,0.0,1826.3897234922708,-141.59917412258085,-6.164065316786415,0.0,0.0,0.0,8.0,-0.6202364032220942,-0.026999999999999996,0.0,0.0275396,-0.0413094,-11.1122286,0.8881521,-0.0068849,0.0137698,-0.002635409035376,-0.023267887667596,-0.033948229547804,0.001103785103808,-0.0009485653235850001,-0.000500152625163,0.2692229559305861,1.684131999809324,0.1394060000166064,0.05875899978491361,0.0
pd,00:06:28.597,221,-90.0,-89.997,39.739,-90.025,0.133,0.003,0.0,0.0,0.0,0.0,0.0,0.0,-90.0,-89.997,40.0,-89.987,0.079,0.003,-90.0,-89.997,39.8695,-90.006,0.10600000000000001,0.003,0.0,0.0,24.093523725680335,3.5078693546977235,-4.984866977726913,0.0,0.0,0.0,0.13050000000000495,0.019000000000005457,-0.026999999999999996,0.0,0.0275396,-0.0413094,-11.1122286,0.8881521,-0.0068849,0.0137698,-0.002635409035376,-0.023267887667596,-0.033948229547804,0.001103785103808,-0.0009485653235850001,-0.000500152625163,0.2692229559305861,1.8915000000561122,0.21670199976142612,0.06998100025157328,0.0
pd,00:06:28.599,222,-90.0,-89.997,39.739,-90.025,0.133,0.003,0.0,0.0,0.0,0.0,0.0,0.0,-90.0,-89.997,40.0,-89.987,0.079,0.003,-90.0,-89.997,39.8695,-90.006,0.10600000000000001,0.003,0.0,0.0,26.797056300793393,3.901487124254523,-5.544218544991678,0.0,0.0,0.0,0.13050000000000495,0.019000000000005457,-0.026999999999999996,0.0,0.0275396,-0.0413094,-11.1122286,0.8881521,-0.0068849,0.0137698,-0.002635409035376,-0.023267887667596,-0.033948229547804,0.001103785103808,-0.0009485653235850001,-0.000500152625163,0.2692229559305861,1.7291489998569887,0.6367720002344868,0.12797999988833908,0.0
pd,00:06:28.602,223,-90.0,-89.997,39.739,-90.025,0.133,0.003,0.0,0.0,0.0,0.0,0.0,0.0,-90.0,-89.997,40.0,-89.987,0.079,0.003,-90.0,-89.997,39.8695,-90.006,0.10600000000000001,0.003,0.0,0.0,25.03689836245567,3.6452189186727146,-5.180047937059739,0.0,0.0,0.0,0.13050000000000495,0.019000000000005457,-0.026999999999999996,0.0,0.0275396,-0.0413094,-6.2859137,0.5852165,-0.206547,0.0137698,-0.002635409035376,-0.023874725274426,-0.029422954822586,-0.00022420634921100003,-0.001138278388302,-0.000500152625163,0.2692229559305861,3.484355000182404,0.6335489997582044,0.12449899986677337,0.0
pd,00:06:28.606,224,-90.0,-89.997,39.739,-90.025,0.133,0.003,0.0,0.0,0.0,0.0,0.0,0.0,-90.0,-89.997,40.0,-89.987,0.079,0.003,-90.0,-89.997,39.8695,-90.006,0.10600000000000001,0.003,0.0,0.0,14.943668013541712,2.1757064540794717,-3.0917933821120456,0.0,0.0,0.0,0.13050000000000495,0.019000000000005457,-0.026999999999999996,0.0,0.0068849,0.0,-6.2859137,0.5852165,-0.206547,0.0137698,-0.002375335775306,-0.023874725274426,-0.029422954822586,-0.00022420634921100003,-0.001138278388302,-0.000500152625163,0.2692229559305861,2.9097679998812964,0.24540499998693122,0.11724000023605186,0.0
pd,00:06:28.610,225,-90.0,-89.997,39.739,-90.025,0.133,0.003,0.0,0.0,0.0,0.0,0.0,0.0,-90.0,-89.997,40.0,-89.987,0.079,0.003,-90.0,-89.997,39.8695,-90.006,0.10600000000000001,0.003,0.0,0.0,19.341225159010808,2.8159638162552256,-4.001632791519435,0.0,0.0,0.0,0.13050000000000495,0.019000000000005457,-0.026999999999999996,0.0,0.0068849,0.0,-6.2859137,0.5852165,-0.206547,0.0137698,-0.002375335775306,-0.023874725274426,-0.029422954822586,-0.00022420634921100003,-0.001138278388302,-0.000500152625163,0.2692229559305861,1.693446999979642,0.15157300003920682,0.06585199980690959,0.0
pd,00:06:28.611,226,-90.0,-89.997,39.739,-90.025,0.133,0.003,0.0,0.0,0.0,0.0,0.0,0.0,-90.0,-89.997,40.0,-89.987,0.079,0.003,-90.0,-89.997,39.8695,-90.006,0.10600000000000001,0.003,0.0,0.0,32.94154260953333,4.796086663458286,-6.815491574386135,0.0,0.0,0.0,0.13050000000000495,0.019000000000005457,-0.026999999999999996,0.0,0.0068849,0.0,-6.2859137,0.5852165,-0.206547,0.0137698,-0.002375335775306,-0.023874725274426,-0.029422954822586,-0.00022420634921100003,-0.001138278388302,-0.000500152625163,0.2692229559305861,1.7234090000783908,0.17409099973519915,0.09833200010689325,0.0
pd,00:06:28.614,227,-90.0,-89.998,39.483,-90.005,0.131,0.003,0.0,-0.4802821481758877,-122.95222993244028,9.605642963476802,-0.9605642963471897,0.0,-90.0,-89.997,40.0,-89.987,0.079,0.003,-90.0,-89.94947178518241,47.483,-90.95656429634768,0.20105642963471898,0.003,0.0,11.653617629811169,1921.1285926943776,-228.50967218757924,16.823426259167544,0.0,0.0,0.04852821481759406,8.0,-0.9515642963476836,0.07005642963471898,0.0,0.0068849,0.0,-6.2859137,0.5852165,-0.206547,0.0137698,-0.002375335775306,-0.023874725274426,-0.029422954822586,-0.00022420634921100003,-0.001138278388302,-0.000500152625163,0.5199211478676389,1.6860579999047332,0.1549980001982476,0.06240599986995221,0.0
pd,00:06:28.616,228,-90.0,-89.998,39.483,-90.005,0.131,0.003,0.0,0.0,0.0,0.0,0.0,0.0,-90.0,-89.997,40.0,-89.987,0.079,0.003,-90.0,-89.9975,39.7415,-89.996,0.10500000000000001,0.003,0.0,0.1269308800393423,65.62326498002702,2.284755840697339,-6.600405762014285,0.0,0.0,0.0005000000000023874,0.25850000000000506,0.009000000000000341,-0.025999999999999995,0.0,0.0068849,0.0,-6.2859137,0.5852165,-0.206547,0.0137698,-0.002375335775306,-0.023874725274426,-0.029422954822586,-0.00022420634921100003,-0.001138278388302,-0.000500152625163,0.5199211478676389,2.0362949999253033,0.19027500002266606,0.08883200007403502,0.0
pd,00:06:28.618,229,-90.0,-89.998,39.483,-90.005,0.131,0.003,0.0,0.0,0.0,0.0,0.0,0.0,-90.0,-89.997,40.0,-89.987,0.079,0.003,-90.0,-89.9975,39.7415,-89.996,0.10500000000000001,0.003,0.0,0.10420113286346087,53.87198569015236,1.875620391533411,-5.4184589088740935,0.0,0.0,0.0005000000000023874,0.25850000000000506,0.009000000000000341,-0.025999999999999995,0.0,0.0068849,0.0,-6.2859137,0.5852165,-0.206547,0.0137698,-0.002375335775306,-0.023874725274426,-0.029422954822586,-0.00022420634921100003,-0.001138278388302,-0.000500152625163,0.5199211478676389,1.6957429998001317,0.13640599991049385,0.05790699970020796,0.0
pd,00:06:28.620,230,-90.0,-89.998,39.483,-90.005,0.131,0.003,0.0,0.0,0.0,0.0,0.0,0.0,-90.0,-89.997,40.0,-89.987,0.079,0.003,-90.0,-89.9975,39.7415,-89.996,0.10500000000000001,0.003,0.0,0.12800000000061118,66.17600000000039,2.3040000000000873,-6.656000000000001,0.0,0.0,0.0005000000000023874,0.25850000000000506,0.009000000000000341,-0.025999999999999995,0.0,0.0068849,0.0,-6.2859137,0.5852165,-0.206547,0.0137698,-0.002375335775306,-0.023874725274426,-0.029422954822586,-0.00022420634921100003,-0.001138278388302,-0.000500152625163,0.5199211478676389,1.828760000080365,0.17583099997864338,0.08174000004146365,0.0
pd,00:06:28.623,231,-90.0,-89.998,39.483,-90.005,0.131,0.003,0.0,0.0,0.0,0.0,0.0,0.0,-90.0,-89.997,40.0,-89.987,0.079,0.003,-90.0,-89.9975,39.7415,-89.996,0.10500000000000001,0.003,0.0,0.08312795306841658,42.97715173616641,1.4963031552244106,-4.322653559537023,0.0,0.0,0.0005000000000023874,0.25850000000000506,0.009000000000000341,-0.025999999999999995,0.0,-0.0068849,0.0413094,-1.1773179,0.9225766000000001,-0.0550792,0.0068849,-0.002635409035376,-0.024204151403848,-0.03337606837565,0.0018453907204290002,0.00017246642247,6.8986568988e-05,0.5199211478676389,5.013080999560771,0.27270100008536247,0.1259249997929146,0.0
pd,00:06:28.628,232,-90.0,-89.998,39.483,-90.005,0.131,0.003,0.0,0.0,0.0,0.0,0.0,0.0,-90.0,-89.997,40.0,-89.987,0.079,0.003,-90.0,-89.9975,39.7415,-89.996,0.10500000000000001,0.003,0.0,0.045113625607925256,23.32374443918613,0.812045260938808,-2.3459085316009123,0.0,0.0,0.0005000000000023874,0.25850000000000506,0.009000000000000341,-0.025999999999999995,0.0,-0.0068849,0.0413094,-1.1773179,0.9225766000000001,-0.0550792,0.0068849,-0.002635409035376,-0.024204151403848,-0.03337606837565,0.0018453907204290002,0.00017246642247,6.8986568988e-05,0.5199211478676389,2.1643310001309146,0.23523800018665497,0.11333200018270873,0.0
pd,00:06:28.631,233,-90.0,-89.998,39.483,-90.005,0.131,0.003,0.0,0.0,0.0,0.0,0.0,0.0,-90.0,-89.997,40.0,-89.987,0.079,0.003,-90.0,-89.9975,39.7415,-89.996,0.10500000000000001,0.003,0.0,0.09585665965856173,49.55789304324007,1.7254198738459379,-4.9845463022214105,0.0,0.0,0.0005000000000023874,0.25850000000000506,0.009000000000000341,-0.025999999999999995,0.0,-0.0068849,0.0413094,-1.1773179,0.9225766000000001,-0.0550792,0.0068849,-0.002635409035376,-0.024204151403848,-0.03337606837565,0.0018453907204290002,0.00017246642247,6.8986568988e-05,0.5199211478676389,1.8123529998774757,0.18177599986302084,0.08231399988289922,0.0
pd,00:06:28.633,234,-90.0,-89.998,39.483,-90.005,0.131,0.003,0.0,0.0,0.0,0.0,0.0,0.0,-90.0,-89.997,40.0,-89.987,0.079,0.003,-90.0,-89.9975,39.7415,-89.996,0.10500000000000001,0.003,0.0,0.11521547082793174,59.56639841775664,2.0738784748929473,-5.991204483023844,0.0,0.0,0.0005000000000023874,0.25850000000000506,0.009000000000000341,-0.025999999999999995,0.0,-0.0068849,0.0413094,-1.1773179,0.9225766000000001,-0.0550792,0.0068849,-0.002635409035376,-0.024204151403848,-0.03337606837565,0.0018453907204290002,0.00017246642247,6.8986568988e-05,0.5199211478676389,1.694706000307633,0.16898000012588454,0.08420199992542621,0.0
pd,00:06:28.635,235,-90.0,-89.998,39.308,-89.992,0.129,0.003,0.0,0.0,-86.35331764705742,6.414817882348509,-0.9868950588235302,0.0,-90.0,-89.997,40.0,-89.987,0.079,0.003,-90.0,-89.9975,47.308,-90.63098178823485,0.20268950588235304,0.003,0.0,0.12336188235353021,1973.7901176470589,-157.65199237179812,18.180952310610405,0.0,0.0,0.0005000000000023874,8.0,-0.6389817882348439,0.07368950588235304,0.0,-0.0068849,0.0413094,-1.1773179,0.9225766000000001,-0.0550792,0.0068849,-0.002635409035376,-0.024204151403848,-0.03337606837565,0.0018453907204290002,0.00017246642247,6.8986568988e-05,0.6938227439339246,1.7846860000645393,0.1691090001258999,0.07511000012527802,0.0
pd,00:06:28.637,236,-90.0,-89.998,39.308,-89.992,0.129,0.003,0.0,0.0,0.0,0.0,0.0,0.0,-90.0,-89.997,40.0,-89.987,0.079,0.003,-90.0,-89.9975,39.653999999999996,-89.98949999999999,0.10400000000000001,0.003,0.0,0.11883227561253477,82.23193472348143,0.5941613780609851,-5.941613780598368,0.0,0.0,0.0005000000000023874,0.34599999999999653,0.002500000000011937,-0.024999999999999994,0.0,-0.0068849,0.0413094,-1.1773179,0.9225766000000001,-0.0550792,0.0068849,-0.002635409035376,-0.024204151403848,-0.03337606837565,0.0018453907204290002,0.00017246642247,6.8986568988e-05,0.6938227439339246,1.654169000175898,0.13538700022763805,0.05735200011258712,0.0
pd,00:06:28.639,237,-90.0,-89.998,39.308,-89.992,0.129,0.003,0.0,0.0,0.0,0.0,0.0,0.0,-90.0,-89.997,40.0,-89.987,0.079,0.003,-90.0,-89.9975,39.653999999999996,-89.98949999999999,0.10400000000000001,0.003,0.0,0.13090836454494467,90.58858826466918,0.654541822722863,-6.54541822721598,0.0,0.0,0.0005000000000023874,0.34599999999999653,0.002500000000011937,-0.024999999999999994,0.0,-0.0068849,0.0413094,-1.1773179,0.9225766000000001,-0.0550792,0.0068849,-0.002635409035376,-0.024204151403848,-0.03337606837565,0.0018453907204290002,0.00017246642247,6.8986568988e-05,0.6938227439339246,1.7293169998993108,0.21077599967611604,0.3480519999357057,0.0
pd,00:06:28.642,238,-90.0,-89.998,39.308,-89.992,0.129,0.003,0.0,0.0,0.0,0.0,0.0,0.0,-90.0,-89.997,40.0,-89.987,0.079,0.003,-90.0,-89.9975,39.653999999999996,-89.98949999999999,0.10400000000000001,0.003,0.0,0.10525757879994045,72.83824452921102,0.5262878939982064,-5.262878939971894,0.0,0.0,0.0005000000000023874,0.34599999999999653,0.002500000000011937,-0.024999999999999994,0.0,-0.0068849,0.0413094,-1.1773179,0.9225766000000001,-0.0550792,0.0068849,-0.002635409035376,-0.024204151403848,-0.03337606837565,0.0018453907204290002,0.00017246642247,6.8986568988e-05,0.6938227439339246,1.7363169999953243,0.49738400002752314,0.6883830001243041,0.0
pd,00:06:28.645,239,-90.0,-89.998,39.308,-89.992,0.129,0.003,0.0,0.0,0.0,0.0,0.0,0.0,-90.0,-89.997,40.0,-89.987,0.079,0.003,-90.0,-89.9975,39.653999999999996,-89.98949999999999,0.10400000000000001,0.003,0.0,0.07463174377259835,51.64516669039147,0.37315871886193114,-3.7315871886121,0.0,0.0,0.0005000000000023874,0.34599999999999653,0.002500000000011937,-0.024999999999999994,0.0,0.0,0.0068849,0.0963886,0.8193031000000001,-0.1239282,-0.0,-0.002323321123292,-0.024498901098593998,-0.018222466422237998,0.003207875457942,-0.00043116605617500006,0.00034493284494,0.6938227439339246,3.403911000077642,0.2973119999296614,0.10516500015000929,0.0
pd,00:06:28.649,240,-90.0,-89.998,39.308,-89.992,0.129,0.003,0.0,0.0,0.0,0.0,0.0,0.0,-90.0,-89.997,40.0,-89.987,0.079,0.003,-90.0,-89.9975,39.653999999999996,-89.98949999999999,0.10400000000000001,0.003,0.0,0.06403908635672449,44.31504775864176,0.32019543178271237,-3.201954317820936,0.0,0.0,0.0005000000000023874,0.34599999999999653,0.002500000000011937,-0.024999999999999994,0.0,0.0,0.0068849,0.0963886,0.8193031000000001,-0.1239282,-0.0,-0.002323321123292,-0.024498901098593998,-0.018222466422237998,0.003207875457942,-0.00043116605617500006,0.00034493284494,0.6938227439339246,1.727113000015379,0.14622100025007967,0.10346199997002259,0.0
pd,00:06:28.652,241,-90.0,-89.998,39.308,-89.992,0.129,0.003,0.0,0.0,0.0,0.0,0.0,0.0,-90.0,-89.997,40.0,-89.987,0.079,0.003,-90.0,-89.9975,39.653999999999996,-89.98949999999999,0.10400000000000001,0.003,0.0,0.08721417283581526,60.352207602095994,0.43607086417783686,-4.360708641769941,0.0,0.0,0.0005000000000023874,0.34599999999999653,0.002500000000011937,-0.024999999999999994,0.0,0.0,0.0068849,0.0963886,0.8193031000000001,-0.1239282,-0.0,-0.002323321123292,-0.024498901098593998,-0.018222466422237998,0.003207875457942,-0.00043116605617500006,0.00034493284494,0.6938227439339246,1.8807779997587204,0.23912699998618336,0.09583299970472581,0.0
pd,00:06:28.654,242,-90.0,-89.998,39.231,-89.98,0.128,0.003,0.0,0.0,-33.20939928020487,5.175490796915363,-0.431290899742931,0.0,-90.0,-89.997,40.0,-89.987,0.079,0.003,-90.0,-89.9975,42.93643992802049,-90.50104907969154,0.1466290899742931,0.003,0.0,0.10782272493624749,799.0612602496677,-112.36186319519332,4.0172784882024395,0.0,0.0,0.0005000000000023874,3.705439928020489,-0.5210490796915366,0.018629089974293106,0.0,0.0,0.0068849,0.0963886,0.8193031000000001,-0.1239282,-0.0,-0.002323321123292,-0.024498901098593998,-0.018222466422237998,0.003207875457942,-0.00043116605617500006,0.00034493284494,0.770591980233377,2.182386000185943,0.25799700006245985,0.1498130000072706,0.0
pd,00:06:28.657,243,-90.0,-89.998,39.231,-89.98,0.128,0.003,0.0,0.0,0.0,0.0,0.0,0.0,-90.0,-89.997,40.0,-89.987,0.079,0.003,-90.0,-89.9975,39.6155,-89.98349999999999,0.10350000000000001,0.003,0.0,0.09248333039380903,71.1196810724994,-0.6473833127527204,-4.531683189275005,0.0,0.0,0.0005000000000023874,0.3844999999999956,-0.0034999999999882903,-0.024499999999999994,0.0,0.0,0.0068849,0.0963886,0.8193031000000001,-0.1239282,-0.0,-0.002323321123292,-0.024498901098593998,-0.018222466422237998,0.003207875457942,-0.00043116605617500006,0.00034493284494,0.770591980233377,2.282959999774903,0.23710900040896377,0.11311000025671092,0.0
pd,00:06:28.660,244,-90.0,-89.998,39.231,-89.98,0.128,0.003,0.0,0.0,0.0,0.0,0.0,0.0,-90.0,-89.997,40.0,-89.987,0.079,0.003,-90.0,-89.9975,39.6155,-89.98349999999999,0.10350000000000001,0.003,0.0,0.091514749520423,70.37484238086911,-0.6406032466390595,-4.484222726479316,0.0,0.0,0.0005000000000023874,0.3844999999999956,-0.0034999999999882903,-0.024499999999999994,0.0,0.0,0.0068849,0.0963886,0.8193031000000001,-0.1239282,-0.0,-0.002323321123292,-0.024498901098593998,-0.018222466422237998,0.003207875457942,-0.00043116605617500006,0.00034493284494,0.770591980233377,1.8218519999209093,0.16072100015662727,0.07253600006151828,0.0
pd,00:06:28.662,245,-90.0,-89.998,39.231,-89.98,0.128,0.003,0.0,0.0,0.0,0.0,0.0,0.0,-90.0,-89.997,40.0,-89.987,0.079,0.003,-90.0,-89.9975,39.6155,-89.98349999999999,0.10350000000000001,0.003,0.0,0.11747434461180896,90.33777100604955,-0.8223204122776545,-5.7562428859511545,0.0,0.0,0.0005000000000023874,0.3844999999999956,-0.0034999999999882903,-0.024499999999999994,0.0,0.0,0.0068849,0.0963886,0.8193031000000001,-0.1239282,-0.0,-0.002323321123292,-0.024498901098593998,-0.018222466422237998,0.003207875457942,-0.00043116605617500006,0.00034493284494,0.770591980233377,1.743723999879876,1.220266000018455,0.24936799991337466,0.0
pd,00:06:28.665,246,-90.0,-89.998,39.231,-89.98,0.128,0.003,0.0,0.0,0.0,0.0,0.0,0.0,-90.0,-89.997,40.0,-89.987,0.079,0.003,-90.0,-89.9975,39.6155,-89.98349999999999,0.10350000000000001,0.003,0.0,0.0695388288351354,53.47535937396368,-0.48677180184298324,-3.4074026129053654,0.0,0.0,0.0005000000000023874,0.3844999999999956,-0.0034999999999882903,-0.024499999999999994,0.0,-0.0275396,0.0137698,2.0998945,0.3717846,-0.1790074,-0.0137698,-0.002375335775306,-0.024152136751834,0.001629792429772,0.0017419108669470002,-0.001345238095266,0.00020695970696400003,0.770591980233377,3.2660050001140917,0.2833859998645494,0.10275899967382429,0.0
pd,00:06:28.669,247,-90.0,-89.998,39.231,-89.98,0.128,0.003,0.0,0.0,0.0,0.0,0.0,0.0,-90.0,-89.997,40.0,-89.987,0.079,0.003,-90.0,-89.9975,39.6155,-89.98349999999999,0.10350000000000001,0.003,0.0,0.0667457670276898,51.32749484404827,-0.4672203691909831,-3.270542584341184,0.0,0.0,0.0005000000000023874,0.3844999999999956,-0.0034999999999882903,-0.024499999999999994,0.0,-0.0275396,0.0137698,2.0998945,0.3717846,-0.1790074,-0.0137698,-0.002375335775306,-0.024152136751834,0.001629792429772,0.0017419108669470002,-0.001345238095266,0.00020695970696400003,0.770591980233377,1.718280000204686,0.14466500033449847,0.06183200002851663,0.0
pd,00:06:28.671,248,-90.0,-89.998,39.231,-89.98,0.128,0.003,0.0,0.0,0.0,0.0,0.0,0.0,-90.0,-89.997,40.0,-89.987,0.079,0.003,-90.0,-89.9975,39.6155,-89.98349999999999,0.10350000000000001,0.003,0.0,0.12548779320308842,96.500112972714,-0.878414552416269,-6.148901866921973,0.0,0.0,0.0005000000000023874,0.3844999999999956,-0.0034999999999882903,-0.024499999999999994,0.0,-0.0275396,0.0137698,2.0998945,0.3717846,-0.1790074,-0.0137698,-0.002375335775306,-0.024152136751834,0.001629792429772,0.0017419108669470002,-0.001345238095266,0.00020695970696400003,0.770591980233377,1.8119080000360555,0.2033129999290395,0.0905729998521565,0.0
pd,00:06:28.673,249,-90.0,-89.998,39.231,-89.98,0.128,0.003,0.0,0.0,0.0,0.0,0.0,0.0,-90.0,-89.997,40.0,-89.987,0.079,0.003,-90.0,-89.9975,39.6155,-89.98349999999999,0.10350000000000001,0.003,0.0,0.1139632648630591,87.63775067927381,-0.7977428540365552,-5.584199978263232,0.0,0.0,0.0005000000000023874,0.3844999999999956,-0.0034999999999882903,-0.024499999999999994,0.0,-0.0275396,0.0137698,2.0998945,0.3717846,-0.1790074,-0.0137698,-0.002375335775306,-0.024152136751834,0.001629792429772,0.0017419108669470002,-0.001345238095266,0.00020695970696400003,0.770591980233377,1.7296500000156811,0.161980000029871,0.0688510003783449,0.0
pd,00:06:28.675,250,-90.0,-89.997,39.23,-89.962,0.127,0.003,0.0,0.49182739212242343,-0.49182739212242343,8.852893058161687,-0.4918273921200755,0.0,-90.0,-89.997,40.0,-89.987,0.079,0.003,-90.0,-90.04618273921224,39.664182739212244,-90.85978930581616,0.15218273921200756,0.003,0.0,-12.094709182039454,106.7714821651543,-220.77868647642833,6.192780476540814,0.0,0.0,-0.0491827392122417,0.4341827392122468,-0.8977893058161612,0.02518273921200756,0.0,-0.0275396,0.0137698,2.0998945,0.3717846,-0.1790074,-0.0137698,-0.002375335775306,-0.024152136751834,0.001629792429772,0.0017419108669470002,-0.001345238095266,0.00020695970696400003,0.771899604870999,1.7690390000097977,0.1432949998161348,0.059889000112889335,0.0
pd,00:06:28.678,251,-90.0,-89.997,39.23,-89.962,0.127,0.003,0.0,0.0,0.0,0.0,0.0,0.0,-90.0,-89.997,40.0,-89.987,0.079,0.003,-90.0,-89.997,39.614999999999995,-89.9745,0.10300000000000001,0.003,0.0,0.0,66.84910746812413,-2.1704255671461383,-4.1672170889220075,0.0,0.0,0.0,0.384999999999998,-0.012500000000002842,-0.023999999999999994,0.0,-0.0275396,0.0137698,2.0998945,0.3717846,-0.1790074,-0.0137698,-0.002375335775306,-0.024152136751834,0.001629792429772,0.0017419108669470002,-0.001345238095266,0.00020695970696400003,0.771899604870999,1.8418899999232963,0.2225530001851439,0.11699900005623931,0.0
pd,00:06:28.680,252,-90.0,-89.997,39.23,-89.962,0.127,0.003,0.0,0.0,0.0,0.0,0.0,0.0,-90.0,-89.997,40.0,-89.987,0.079,0.003,-90.0,-89.997,39.614999999999995,-89.9745,0.10300000000000001,0.003,0.0,0.0,84.5980217937975,-2.7466890192781914,-5.273642917015926,0.0,0.0,0.0,0.384999999999998,-0.012500000000002842,-0.023999999999999994,0.0,-0.0275396,0.0137698,2.0998945,0.3717846,-0.1790074,-0.0137698,-0.002375335775306,-0.024152136751834,0.001629792429772,0.0017419108669470002,-0.001345238095266,0.00020695970696400003,0.771899604870999,1.747223999700509,0.43747799963966827,0.1518309995844902,0.0
pd,00:06:28.683,253,-90.0,-89.997,39.23,-89.962,0.127,0.003,0.0,0.0,0.0,0.0,0.0,0.0,-90.0,-89.997,40.0,-89.987,0.079,0.003,-90.0,-89.997,39.614999999999995,-89.9745,0.10300000000000001,0.003,0.0,0.0,64.1968291325438,-2.0843126341727802,-4.001880257613103,0.0,0.0,0.0,0.384999999999998,-0.012500000000002842,-0.023999999999999994,0.0,0.0,-0.0206547,4.5027246000000005,0.1858923,-0.0757339,0.0275396,-0.0033462759462339997,-0.023614652014356,0.0037797313796839997,0.001431471306501,-0.001190018315043,-0.000362179487187,0.771899604870999,4.600603000199044,0.2453679999234737,0.11768399963330012,0.0
pd,00:06:28.688,254,-90.0,-89.997,39.23,-89.962,0.127,0.003,0.0,0.0,0.0,0.0,0.0,0.0,-90.0,-89.997,40.0,-89.987,0.079,0.003,-90.0,-89.997,39.614999999999995,-89.9745,0.10300000000000001,0.003,0.0,0.0,37.984734663154086,-1.2332706059461356,-2.367879563417388,0.0,0.0,0.0,0.384999999999998,-0.012500000000002842,-0.023999999999999994,0.0,0.0,-0.0206547,4.5027246000000005,0.1858923,-0.0757339,0.0275396,-0.0033462759462339997,-0.023614652014356,0.0037797313796839997,0.001431471306501,-0.001190018315043,-0.000362179487187,0.771899604870999,1.7811309999160585,0.17888699994728086,0.08075800042206538,0.0
pd,00:06:28.691,255,-90.0,-89.997,39.23,-89.962,0.127,0.003,0.0,0.0,0.0,0.0,0.0,0.0,-90.0,-89.997,40.0,-89.987,0.079,0.003,-90.0,-89.997,39.614999999999995,-89.9745,0.10300000000000001,0.003,0.0,0.0,90.88288158487205,-2.9507429085987233,-5.665426384511481,0.0,0.0,0.0,0.384999999999998,-0.012500000000002842,-0.023999999999999994,0.0,0.0,-0.0206547,4.5027246000000005,0.1858923,-0.0757339,0.0275396,-0.0033462759462339997,-0.023614652014356,0.0037797313796839997,0.001431471306501,-0.001190018315043,-0.000362179487187,0.771899604870999,1.9585180002650304,0.2546450000409095,0.11079600017183111,0.0
pd,00:06:28.693,256,-90.0,-89.997,39.23,-89.962,0.127,0.003,0.0,0.0,0.0,0.0,0.0,0.0,-90.0,-89.997,40.0,-89.987,0.079,0.003,-90.0,-89.997,39.614999999999995,-89.9745,0.10300000000000001,0.003,0.0,0.0,79.55498275692219,-2.5829539856134653,-4.959271652379545,0.0,0.0,0.0,0.384999999999998,-0.012500000000002842,-0.023999999999999994,0.0,0.0,-0.0206547,4.5027246000000005,0.1858923,-0.0757339,0.0275396,-0.0033462759462339997,-0.023614652014356,0.0037797313796839997,0.001431471306501,-0.001190018315043,-0.000362179487187,0.771899604870999,1.7652609999458946,0.2213870002378826,0.07857299988245359,0.0
pd,00:06:28.695,257,-90.0,-89.997,39.254,-89.951,0.125,0.003,0.0,0.0,11.207225116900892,5.136644845250666,-0.9339354264083731,0.0,-90.0,-89.997,40.0,-89.987,0.079,0.003,-90.0,-89.997,38.50627748830991,-90.48266448452506,0.19539354264083733,0.003,0.0,0.0,-174.5811356976054,-124.13507426527654,16.43575581566659,0.0,0.0,0.0,-0.7477225116900854,-0.5316644845250664,0.07039354264083733,0.0,0.0,-0.0206547,4.5027246000000005,0.1858923,-0.0757339,0.0275396,-0.0033462759462339997,-0.023614652014356,0.0037797313796839997,0.001431471306501,-0.001190018315043,-0.000362179487187,0.7482833687848497,1.7434829997000634,0.14712899974256288,0.06068399989089812,0.0
pd,00:06:28.697,258,-90.0,-89.997,39.254,-89.951,0.125,0.003,0.0,0.0,0.0,0.0,0.0,0.0,-90.0,-89.997,40.0,-89.987,0.079,0.003,-90.0,-89.997,39.626999999999995,-89.969,0.10200000000000001,0.003,0.0,0.0,92.31032523011592,-4.454653764456152,-5.692057587915978,0.0,0.0,0.0,0.37299999999999756,-0.018000000000000682,-0.022999999999999993,0.0,0.0,-0.0206547,4.5027246000000005,0.1858923,-0.0757339,0.0275396,-0.0033462759462339997,-0.023614652014356,0.0037797313796839997,0.001431471306501,-0.001190018315043,-0.000362179487187,0.7482833687848497,1.782649000233505,0.18979500009663752,0.08618399988336023,0.0
pd,00:06:28.699,259,-90.0,-89.997,39.254,-89.951,0.125,0.003,0.0,0.0,0.0,0.0,0.0,0.0,-90.0,-89.997,40.0,-89.987,0.079,0.003,-90.0,-89.997,39.626999999999995,-89.969,0.10200000000000001,0.003,0.0,0.0,87.20598617614296,-4.20833177257541,-5.37731282051282,0.0,0.0,0.0,0.37299999999999756,-0.018000000000000682,-0.022999999999999993,0.0,0.0,-0.0206547,4.5027246000000005,0.1858923,-0.0757339,0.0275396,-0.0033462759462339997,-0.023614652014356,0.0037797313796839997,0.001431471306501,-0.001190018315043,-0.000362179487187,0.7482833687848497,1.7473349998908816,0.18218299965155893,0.09837000015977537,0.0
pd,00:06:28.701,260,-90.0,-89.997,39.254,-89.951,0.125,0.003,0.0,0.0,0.0,0.0,0.0,0.0,-90.0,-89.997,40.0,-89.987,0.079,0.003,-90.0,-89.997,39.626999999999995,-89.969,0.10200000000000001,0.003,0.0,0.0,88.12952861649418,-4.252899504281369,-5.434260477692654,0.0,0.0,0.0,0.37299999999999756,-0.018000000000000682,-0.022999999999999993,0.0,0.0,-0.0206547,4.5027246000000005,0.1858923,-0.0757339,0.0275396,-0.0033462759462339997,-0.023614652014356,0.0037797313796839997,0.001431471306501,-0.001190018315043,-0.000362179487187,0.7482833687848497,1.8632040000738925,0.2485530003468739,0.4233670001667633,0.0
pd,00:06:28.705,261,-90.0,-89.997,39.254,-89.951,0.125,0.003,0.0,0.0,0.0,0.0,0.0,0.0,-90.0,-89.997,40.0,-89.987,0.079,0.003,-90.0,-89.997,39.626999999999995,-89.969,0.10200000000000001,0.003,0.0,0.0,47.97238415307263,-2.3150212191832105,-2.9580826689562123,0.0,0.0,0.0,0.37299999999999756,-0.018000000000000682,-0.022999999999999993,0.0,-0.0206547,-0.0275396,3.6421121000000003,0.13081310000000002,-0.0619641,-0.0,-0.002288644688616,-0.023545299145004,0.005530891330822,0.0022593101343570004,-0.0017246642247000002,3.4493284494e-05,0.7482833687848497,3.1611730000804528,0.2598859996396641,0.0890169999365753,0.0
pd,00:06:28.709,262,-90.0,-89.997,39.254,-89.951,0.125,0.003,0.0,0.0,0.0,0.0,0.0,0.0,-90.0,-89.997,40.0,-89.987,0.079,0.003,-90.0,-89.997,39.626999999999995,-89.969,0.10200000000000001,0.003,0.0,0.0,51.646487257361834,-2.4923237818566903,-3.184635943483428,0.0,0.0,0.0,0.37299999999999756,-0.018000000000000682,-0.022999999999999993,0.0,-0.0206547,-0.0275396,3.6421121000000003,0.13081310000000002,-0.0619641,-0.0,-0.002288644688616,-0.023545299145004,0.005530891330822,0.0022593101343570004,-0.0017246642247000002,3.4493284494e-05,0.7482833687848497,1.7211129998031538,0.18618400008563185,0.09975900002245908,0.0
pd,00:06:28.711,263,-90.0,-89.997,39.254,-89.951,0.125,0.003,0.0,0.0,0.0,0.0,0.0,0.0,-90.0,-89.997,40.0,-89.987,0.079,0.003,-90.0,-89.997,39.626999999999995,-89.969,0.10200000000000001,0.003,0.0,0.0,88.89064727272753,-4.289629090909253,-5.481192727272727,0.0,0.0,0.0,0.37299999999999756,-0.018000000000000682,-0.022999999999999993,0.0,-0.0206547,-0.0275396,3.6421121000000003,0.13081310000000002,-0.0619641,-0.0,-0.002288644688616,-0.023545299145004,0.005530891330822,0.0022593101343570004,-0.0017246642247000002,3.4493284494e-05,0.7482833687848497,1.8829999999070424,0.482847000057518,0.13325800000529853,0.0
pd,00:06:28.714,264,-90.0,-89.997,39.254,-89.951,0.125,0.003,0.0,0.0,0.0,0.0,0.0,0.0,-90.0,-89.997,40.0,-89.987,0.079,0.003,-90.0,-89.997,39.626999999999995,-89.969,0.10200000000000001,0.003,0.0,0.0,71.05438241438844,-3.4288978108821357,-4.381369425015896,0.0,0.0,0.0,0.37299999999999756,-0.018000000000000682,-0.022999999999999993,0.0,-0.0206547,-0.0275396,3.6421121000000003,0.13081310000000002,-0.0619641,-0.0,-0.002288644688616,-0.023545299145004,0.005530891330822,0.0022593101343570004,-0.0017246642247000002,3.4493284494e-05,0.7482833687848497,1.8295560003025457,0.20049800014021457,0.0785540000833862,0.0
pd,00:06:28.716,265,-90.0,-89.998,39.331,-89.947,0.123,0.003,0.0,-0.4570452217522096,35.192482074754516,1.8281808869958482,-0.9140904435000553,0.0,-90.0,-89.997,40.0,-89.987,0.079,0.003,-90.0,-89.95179547782479,36.14625179252455,-90.14981808869959,0.19240904435000553,0.003,0.0,10.558778041714502,-727.7869753518102,-46.348519162308314,15.861536033202876,0.0,0.0,0.04620452217521631,-3.184748207475451,-0.20281808869958695,0.06940904435000553,0.0,-0.0206547,-0.0275396,3.6421121000000003,0.13081310000000002,-0.0619641,-0.0,-0.002288644688616,-0.023545299145004,0.005530891330822,0.0022593101343570004,-0.0017246642247000002,3.4493284494e-05,0.6716382955132884,2.034442999956809,0.19473899965305463,0.09081400003196904,0.0
pd,00:06:28.718,266,-90.0,-89.998,39.331,-89.947,0.123,0.003,0.0,0.0,0.0,0.0,0.0,0.0,-90.0,-89.997,40.0,-89.987,0.079,0.003,-90.0,-89.9975,39.6655,-89.967,0.101,0.003,0.0,0.10373723783191599,69.4002121092201,-4.149489513256,-4.5644384645825085,0.0,0.0,0.0005000000000023874,0.33449999999999847,-0.01999999999999602,-0.021999999999999992,0.0,-0.0206547,-0.0275396,3.6421121000000003,0.13081310000000002,-0.0619641,-0.0,-0.002288644688616,-0.023545299145004,0.005530891330822,0.0022593101343570004,-0.0017246642247000002,3.4493284494e-05,0.6716382955132884,1.7199650001202826,0.15683200035709888,0.08370299974558293,0.0
pd,00:06:28.720,267,-90.0,-89.998,39.331,-89.947,0.123,0.003,0.0,0.0,0.0,0.0,0.0,0.0,-90.0,-89.997,40.0,-89.987,0.079,0.003,-90.0,-89.9975,39.6655,-89.967,0.101,0.003,0.0,0.12256879018176585,81.99852063120944,-4.902751607246248,-5.393026767971946,0.0,0.0,0.0005000000000023874,0.33449999999999847,-0.01999999999999602,-0.021999999999999992,0.0,-0.0206547,-0.0275396,3.6421121000000003,0.13081310000000002,-0.0619641,-0.0,-0.002288644688616,-0.023545299145004,0.005530891330822,0.0022593101343570004,-0.0017246642247000002,3.4493284494e-05,0.6716382955132884,1.9773140002143919,0.2411639998172177,0.11944299967581173,0.0
pd,00:06:28.723,268,-90.0,-89.998,39.331,-89.947,0.123,0.003,0.0,0.0,0.0,0.0,0.0,0.0,-90.0,-89.997,40.0,-89.987,0.079,0.003,-90.0,-89.9975,39.6655,-89.967,0.101,0.003,0.0,0.10243000879212727,68.52567588160562,-4.0972003516647115,-4.506920386832079,0.0,0.0,0.0005000000000023874,0.33449999999999847,-0.01999999999999602,-0.021999999999999992,0.0,-0.0137698,0.0,4.2066739,0.1721225,-0.0619641,-0.0068849,-0.002375335775306,-0.023857387057087998,0.00112698412697,0.0030526556777190003,-0.0022593101343570004,-0.000569139194151,0.6716382955132884,3.377244999683171,0.22438699988924782,0.4168469999967783,0.0
pd,00:06:28.727,269,-90.0,-89.998,39.331,-89.947,0.123,0.003,0.0,0.0,0.0,0.0,0.0,0.0,-90.0,-89.997,40.0,-89.987,0.079,0.003,-90.0,-89.9975,39.6655,-89.967,0.101,0.003,0.0,0.06072716742949017,40.626475010134754,-2.429086697167525,-2.671995366884809,0.0,0.0,0.0005000000000023874,0.33449999999999847,-0.01999999999999602,-0.021999999999999992,0.0,-0.0137698,0.0,4.2066739,0.1721225,-0.0619641,-0.0068849,-0.002375335775306,-0.023857387057087998,0.00112698412697,0.0030526556777190003,-0.0022593101343570004,-0.000569139194151,0.6716382955132884,2.409920999980386,0.17603599962967564,0.07809199996700045,0.0
pd,00:06:28.730,270,-90.0,-89.998,39.331,-89.947,0.123,0.003,0.0,0.0,0.0,0.0,0.0,0.0,-90.0,-89.997,40.0,-89.987,0.079,0.003,-90.0,-89.9975,39.6655,-89.967,0.101,0.003,0.0,0.09099852469018543,60.878013017443095,-3.639940987589313,-4.003935086349041,0.0,0.0,0.0005000000000023874,0.33449999999999847,-0.01999999999999602,-0.021999999999999992,0.0,-0.0137698,0.0,4.2066739,0.1721225,-0.0619641,-0.0068849,-0.002375335775306,-0.023857387057087998,0.00112698412697,0.0030526556777190003,-0.0022593101343570004,-0.000569139194151,0.6716382955132884,1.7027250000865024,0.13655500015374855,0.05827799986946047,0.0
pd,00:06:28.732,271,-90.0,-89.998,39.331,-89.947,0.123,0.003,0.0,0.0,0.0,0.0,0.0,0.0,-90.0,-89.997,40.0,-89.987,0.079,0.003,-90.0,-89.9975,39.6655,-89.967,0.101,0.003,0.0,0.10947755272551751,73.24048277302117,-4.37910210899892,-4.81701231989977,0.0,0.0,0.0005000000000023874,0.33449999999999847,-0.01999999999999602,-0.021999999999999992,0.0,-0.0137698,0.0,4.2066739,0.1721225,-0.0619641,-0.0068849,-0.002375335775306,-0.023857387057087998,0.00112698412697,0.0030526556777190003,-0.0022593101343570004,-0.000569139194151,0.6716382955132884,1.884388999769726,0.2244049996988906,0.1432210001439671,0.0
pd,00:06:28.734,272,-90.0,-89.998,39.331,-89.947,0.123,0.003,0.0,0.0,0.0,0.0,0.0,0.0,-90.0,-89.997,40.0,-89.987,0.079,0.003,-90.0,-89.9975,39.6655,-89.967,0.101,0.003,0.0,0.10662761846705378,71.33387675411804,-4.265104738660937,-4.691615212527964,0.0,0.0,0.0005000000000023874,0.33449999999999847,-0.01999999999999602,-0.021999999999999992,0.0,-0.0137698,0.0,4.2066739,0.1721225,-0.0619641,-0.0068849,-0.002375335775306,-0.023857387057087998,0.00112698412697,0.0030526556777190003,-0.0022593101343570004,-0.000569139194151,0.6716382955132884,1.7274280003221065,0.16096099989226786,0.074129000040557,0.0
pd,00:06:28.736,273,-90.0,-89.998,39.404,-89.944,0.122,0.003,0.0,0.0,35.85714861224987,1.4735814498185358,-0.4911938166061604,0.0,-90.0,-89.997,40.0,-89.987,0.079,0.003,-90.0,-89.9975,36.11628513877501,-90.11285814498186,0.14961938166061606,0.003,0.0,0.12279845415212634,-807.4526052989471,-41.47103834933552,6.7832347450900885,0.0,0.0,0.0005000000000023874,-3.287714861224991,-0.16885814498185425,0.02761938166061606,0.0,-0.0137698,0.0,4.2066739,0.1721225,-0.0619641,-0.0068849,-0.002375335775306,-0.023857387057087998,0.00112698412697,0.0030526556777190003,-0.0022593101343570004,-0.000569139194151,0.5990951510402961,1.8992780001099163,0.235127999985707,0.11316500012981123,0.0
pd,00:06:28.739,274,-90.0,-89.998,39.404,-89.944,0.122,0.003,0.0,0.0,0.0,0.0,0.0,0.0,-90.0,-89.997,40.0,-89.987,0.079,0.003,-90.0,-89.9975,39.702,-89.96549999999999,0.1005,0.003,0.0,0.1064436097863168,63.44039143234153,-4.577075220788933,-4.577075220789768,0.0,0.0,0.0005000000000023874,0.2979999999999947,-0.021499999999988972,-0.02149999999999999,0.0,-0.0137698,0.0,4.2066739,0.1721225,-0.0619641,-0.0068849,-0.002375335775306,-0.023857387057087998,0.00112698412697,0.0030526556777190003,-0.0022593101343570004,-0.000569139194151,0.5990951510402961,2.3259409999809577,0.25101600022026105,0.1225910000357544,0.0
pd,00:06:28.741,275,-90.0,-89.998,39.404,-89.944,0.122,0.003,0.0,0.0,0.0,0.0,0.0,0.0,-90.0,-89.997,40.0,-89.987,0.079,0.003,-90.0,-89.9975,39.702,-89.96549999999999,0.1005,0.003,0.0,0.08907373428516878,53.087945633706795,-3.83017057424327,-3.8301705742439682,0.0,0.0,0.0005000000000023874,0.2979999999999947,-0.021499999999988972,-0.02149999999999999,0.0,-0.0137698,0.0,4.2066739,0.1721225,-0.0619641,-0.0068849,-0.002375335775306,-0.023857387057087998,0.00112698412697,0.0030526556777190003,-0.0022593101343570004,-0.000569139194151,0.5990951510402961,2.038758000253438,0.640882999960013,0.227830999847356,0.0
pd,00:06:28.745,276,-90.0,-89.998,39.404,-89.944,0.122,0.003,0.0,0.0,0.0,0.0,0.0,0.0,-90.0,-89.997,40.0,-89.987,0.079,0.003,-90.0,-89.9975,39.702,-89.96549999999999,0.1005,0.003,0.0,0.07122026760884377,42.44727949466796,-3.0624715071651005,-3.0624715071656587,0.0,0.0,0.0005000000000023874,0.2979999999999947,-0.021499999999988972,-0.02149999999999999,0.0,0.0068849,-0.0137698,5.439071,0.1239282,-0.13081310000000002,-0.0068849,-0.002201953601926,-0.022661050060766,3.4676434676e-05,0.00310439560446,-0.001086538461561,0.000137973137976,0.5990951510402961,3.1527480000477226,0.2817559998220531,0.08961100002125022,0.0
pd,00:06:28.748,277,-90.0,-89.998,39.404,-89.944,0.122,0.003,0.0,0.0,0.0,0.0,0.0,0.0,-90.0,-89.997,40.0,-89.987,0.079,0.003,-90.0,-89.9975,39.702,-89.96549999999999,0.1005,0.003,0.0,0.06916728232223,41.223700263852,-2.974193139841146,-2.9741931398416885,0.0,0.0,0.0005000000000023874,0.2979999999999947,-0.021499999999988972,-0.02149999999999999,0.0,0.0068849,-0.0137698,5.439071,0.1239282,-0.13081310000000002,-0.0068849,-0.002201953601926,-0.022661050060766,3.4676434676e-05,0.00310439560446,-0.001086538461561,0.000137973137976,0.5990951510402961,1.8057049996969,0.15251699960572296,0.06355499999699532,0.0
pd,00:06:28.751,278,-90.0,-89.998,39.404,-89.944,0.122,0.003,0.0,0.0,0.0,0.0,0.0,0.0,-90.0,-89.997,40.0,-89.987,0.079,0.003,-90.0,-89.9975,39.702,-89.96549999999999,0.1005,0.003,0.0,0.11963217341757065,71.30077535653125,-5.144183456930037,-5.144183456930975,0.0,0.0,0.0005000000000023874,0.2979999999999947,-0.021499999999988972,-0.02149999999999999,0.0,0.0068849,-0.0137698,5.439071,0.1239282,-0.13081310000000002,-0.0068849,-0.002201953601926,-0.022661050060766,3.4676434676e-05,0.00310439560446,-0.001086538461561,0.000137973137976,0.5990951510402961,1.717465000183438,0.1744059995871794,0.0785540000833862,0.0
pd,00:06:28.753,279,-90.0,-89.998,39.404,-89.944,0.122,0.003,0.0,0.0,0.0,0.0,0.0,0.0,-90.0,-89.997,40.0,-89.987,0.079,0.003,-90.0,-89.9975,39.702,-89.96549999999999,0.1005,0.003,0.0,0.11859036417156829,70.6798570459168,-5.099385659352158,-5.0993856593530875,0.0,0.0,0.0005000000000023874,0.2979999999999947,-0.021499999999988972,-0.02149999999999999,0.0,0.0068849,-0.0137698,5.439071,0.1239282,-0.13081310000000002,-0.0068849,-0.002201953601926,-0.022661050060766,3.4676434676e-05,0.00310439560446,-0.001086538461561,0.000137973137976,0.5990951510402961,1.7335760003334144,0.17690499998934683,0.07175900009315228,0.0
pd,00:06:28.755,280,-90.0,-89.998,39.404,-89.944,0.122,0.003,0.0,0.0,0.0,0.0,0.0,0.0,-90.0,-89.997,40.0,-89.987,0.079,0.003,-90.0,-89.9975,39.702,-89.96549999999999,0.1005,0.003,0.0,0.1214191755448132,72.3658286243627,-5.221024548401085,-5.2210245484020374,0.0,0.0,0.0005000000000023874,0.2979999999999947,-0.021499999999988972,-0.02149999999999999,0.0,0.0068849,-0.0137698,5.439071,0.1239282,-0.13081310000000002,-0.0068849,-0.002201953601926,-0.022661050060766,3.4676434676e-05,0.00310439560446,-0.001086538461561,0.000137973137976,0.5990951510402961,1.7320949996246782,0.20836900012000115,0.07372099980784697,0.0
pd,00:06:28.757,281,-90.0,-89.997,39.48,-89.941,0.122,0.003,0.0,0.4144569169980264,31.498725691696873,1.2433707509881895,0.0,0.0,-90.0,-89.997,40.0,-89.987,0.079,0.003,-90.0,-90.0384456916998,36.59012743083031,-90.08833707509882,0.1005,0.003,0.0,-8.588726802334437,-598.8638377647575,-30.53243495233501,-4.455411857707509,0.0,0.0,-0.041445691699806275,-2.8898725691696896,-0.1473370750988181,-0.02149999999999999,0.0,0.0068849,-0.0137698,5.439071,0.1239282,-0.13081310000000002,-0.0068849,-0.002201953601926,-0.022661050060766,3.4676434676e-05,0.00310439560446,-0.001086538461561,0.000137973137976,0.5237986254277521,3.675761000067723,0.25573799985068035,0.12151700002505095,0.0
pd,00:06:28.761,282,-90.0,-89.997,39.48,-89.941,0.122,0.003,0.0,0.0,0.0,0.0,0.0,0.0,-90.0,-89.997,40.0,-89.987,0.079,0.003,-90.0,-89.997,39.739999999999995,-89.964,0.1005,0.003,0.0,0.0,31.19512100234586,-2.759568396360884,-2.579596544424738,0.0,0.0,0.0,0.259999999999998,-0.022999999999996135,-0.02149999999999999,0.0,0.0068849,-0.0137698,5.439071,0.1239282,-0.13081310000000002,-0.0068849,-0.002201953601926,-0.022661050060766,3.4676434676e-05,0.00310439560446,-0.001086538461561,0.000137973137976,0.5237986254277521,1.7865939998955582,0.2941640000244661,0.12622100030057481,0.0
pd,00:06:28.764,283,-90.0,-89.997,39.48,-89.941,0.122,0.003,0.0,0.0,0.0,0.0,0.0,0.0,-90.0,-89.997,40.0,-89.987,0.079,0.003,-90.0,-89.997,39.739999999999995,-89.964,0.1005,0.003,0.0,0.0,55.2665234137445,-4.888961686599624,-4.57011635921346,0.0,0.0,0.0,0.259999999999998,-0.022999999999996135,-0.02149999999999999,0.0,-0.0275396,0.0,4.7712357,-0.0275396,-0.14458290000000001,0.0068849,-0.0020285714285459997,-0.023285225884934,0.0033809523809099997,0.003069902319966,-0.001621184371218,6.8986568988e-05,0.5237986254277521,4.778342999998131,0.2629040000101668,0.11777600002460531,0.0
pd,00:06:28.769,284,-90.0,-89.997,39.48,-89.941,0.122,0.003,0.0,0.0,0.0,0.0,0.0,0.0,-90.0,-89.997,40.0,-89.987,0.079,0.003,-90.0,-89.997,39.739999999999995,-89.964,0.1005,0.003,0.0,0.0,24.71711332728936,-2.186513871259832,-2.0439151405258387,0.0,0.0,0.0,0.259999999999998,-0.022999999999996135,-0.02149999999999999,0.0,-0.0275396,0.0,4.7712357,-0.0275396,-0.14458290000000001,0.0068849,-0.0020285714285459997,-0.023285225884934,0.0033809523809099997,0.003069902319966,-0.001621184371218,6.8986568988e-05,0.5237986254277521,1.7457050003031327,0.15025799984869082,0.06172099983814405,0.0
pd,00:06:28.771,285,-90.0,-89.997,39.48,-89.941,0.122,0.003,0.0,0.0,0.0,0.0,0.0,0.0,-90.0,-89.997,40.0,-89.987,0.079,0.003,-90.0,-89.997,39.739999999999995,-89.964,0.1005,0.003,0.0,0.0,64.20105027669884,-5.679323678322371,-5.308933003650064,0.0,0.0,0.0,0.259999999999998,-0.022999999999996135,-0.02149999999999999,0.0,-0.0275396,0.0,4.7712357,-0.0275396,-0.14458290000000001,0.0068849,-0.0020285714285459997,-0.023285225884934,0.0033809523809099997,0.003069902319966,-0.001621184371218,6.8986568988e-05,0.5237986254277521,1.7569829997228226,0.1509240000814316,0.0755179999032407,0.0
pd,00:06:28.773,286,-90.0,-89.997,39.48,-89.941,0.122,0.003,0.0,0.0,0.0,0.0,0.0,0.0,-90.0,-89.997,40.0,-89.987,0.079,0.003,-90.0,-89.997,39.739999999999995,-89.964,0.1005,0.003,0.0,0.0,63.174547561117286,-5.588517668867095,-5.224049125246205,0.0,0.0,0.0,0.259999999999998,-0.022999999999996135,-0.02149999999999999,0.0,-0.0275396,0.0,4.7712357,-0.0275396,-0.14458290000000001,0.0068849,-0.0020285714285459997,-0.023285225884934,0.0033809523809099997,0.003069902319966,-0.001621184371218,6.8986568988e-05,0.5237986254277521,1.842816000134917,0.191850000192062,0.08864800020091934,0.0
pd,00:06:28.775,287,-90.0,-89.997,39.584,-89.939,0.12,0.003,0.0,0.0,47.17287942035541,0.9071707580880344,-0.9071707580837036,0.0,-90.0,-89.997,40.0,-89.987,0.079,0.003,-90.0,-89.997,35.07471205796446,-90.05371707580879,0.19021707580837036,0.003,0.0,0.0,-1022.6735401985209,-26.016994156654665,15.924719472875042,0.0,0.0,0.0,-4.509287942035542,-0.11471707580879809,0.07021707580837036,0.0,-0.0275396,0.0,4.7712357,-0.0275396,-0.14458290000000001,0.0068849,-0.0020285714285459997,-0.023285225884934,0.0033809523809099997,0.003069902319966,-0.001621184371218,6.8986568988e-05,0.42076240326340647,1.772927000274649,0.15466499962712987,0.06575899988092715,0.0
pd,00:06:28.777,288,-90.0,-89.997,39.584,-89.939,0.12,0.003,0.0,0.0,0.0,0.0,0.0,0.0,-90.0,-89.997,40.0,-89.987,0.079,0.003,-90.0,-89.997,39.792,-89.963,0.0995,0.003,0.0,0.0,50.42279690209186,-5.81801502716471,-4.969554502369667,0.0,0.0,0.0,0.2079999999999984,-0.02400000000000091,-0.02049999999999999,0.0,-0.0275396,0.0,4.7712357,-0.0275396,-0.14458290000000001,0.0068849,-0.0020285714285459997,-0.023285225884934,0.0033809523809099997,0.003069902319966,-0.001621184371218,6.8986568988e-05,0.42076240326340647,1.8173720000049798,0.24455299990222557,0.11373999996067141,0.0
pd,00:06:28.780,289,-90.0,-89.997,39.584,-89.939,0.12,0.003,0.0,0.0,0.0,0.0,0.0,0.0,-90.0,-89.997,40.0,-89.987,0.079,0.003,-90.0,-89.997,39.792,-89.963,0.0995,0.003,0.0,0.0,45.647511092506974,-5.267020510674122,-4.498913352867308,0.0,0.0,0.0,0.2079999999999984,-0.02400000000000091,-0.02049999999999999,0.0,-0.0275396,0.0,4.7712357,-0.0275396,-0.14458290000000001,0.0068849,-0.0020285714285459997,-0.023285225884934,0.0033809523809099997,0.003069902319966,-0.001621184371218,6.8986568988e-05,0.42076240326340647,1.7886119999275252,0.17985000022235909,0.10059199985334999,0.0
pd,00:06:28.782,290,-90.0,-89.997,39.584,-89.939,0.12,0.003,0.0,0.0,0.0,0.0,0.0,0.0,-90.0,-89.997,40.0,-89.987,0.079,0.003,-90.0,-89.997,39.792,-89.963,0.0995,0.003,0.0,0.0,48.151850756153735,-5.555982779556453,-4.7457352908709565,0.0,0.0,0.0,0.2079999999999984,-0.02400000000000091,-0.02049999999999999,0.0,-0.0275396,0.0,4.7712357,-0.0275396,-0.14458290000000001,0.0068849,-0.0020285714285459997,-0.023285225884934,0.0033809523809099997,0.003069902319966,-0.001621184371218,6.8986568988e-05,0.42076240326340647,1.9230739999329671,1.1432850001256156,0.3990519999206299,0.0
pd,00:06:28.786,291,-90.0,-89.997,39.584,-89.939,0.12,0.003,0.0,0.0,0.0,0.0,0.0,0.0,-90.0,-89.997,40.0,-89.987,0.079,0.003,-90.0,-89.997,39.792,-89.963,0.0995,0.003,0.0,0.0,22.491884912859476,-2.5952174899454423,-2.216748272661648,0.0,0.0,0.0,0.2079999999999984,-0.02400000000000091,-0.02049999999999999,0.0,-0.0206547,-0.0137698,3.6352272,-0.06884900000000001,-0.13081310000000002,0.0137698,-0.002635409035376,-0.025521855921536,0.00268742368739,0.0039322344323160004,-0.001431471306501,-3.4493284494e-05,0.42076240326340647,3.10322899986204,0.37444100007633097,0.15388800011351123,0.0
pd,00:06:28.790,292,-90.0,-89.997,39.584,-89.939,0.12,0.003,0.0,0.0,0.0,0.0,0.0,0.0,-90.0,-89.997,40.0,-89.987,0.079,0.003,-90.0,-89.997,39.792,-89.963,0.0995,0.003,0.0,0.0,27.681661124507976,-3.1940378220587577,-2.7282406396750853,0.0,0.0,0.0,0.2079999999999984,-0.02400000000000091,-0.02049999999999999,0.0,-0.0206547,-0.0137698,3.6352272,-0.06884900000000001,-0.13081310000000002,0.0137698,-0.002635409035376,-0.025521855921536,0.00268742368739,0.0039322344323160004,-0.001431471306501,-3.4493284494e-05,0.42076240326340647,1.8665369998416281,0.2739599999586062,0.1276289999623259,0.0
pd,00:06:28.792,293,-90.0,-89.997,39.584,-89.939,0.12,0.003,0.0,0.0,0.0,0.0,0.0,0.0,-90.0,-89.997,40.0,-89.987,0.079,0.003,-90.0,-89.997,39.792,-89.963,0.0995,0.003,0.0,0.0,43.5902484261014,-5.029644049165775,-4.296154291995602,0.0,0.0,0.0,0.2079999999999984,-0.02400000000000091,-0.02049999999999999,0.0,-0.0206547,-0.0137698,3.6352272,-0.06884900000000001,-0.13081310000000002,0.0137698,-0.002635409035376,-0.025521855921536,0.00268742368739,0.0039322344323160004,-0.001431471306501,-3.4493284494e-05,0.42076240326340647,2.247810999961075,0.2681460000530933,0.13668400015376392,0.0
pd,00:06:28.795,294,-90.0,-89.997,39.685,-89.938,0.117,0.003,0.0,0.0,36.4189050894082,0.36058321870361265,-1.0817496561210413,0.0,-90.0,-89.997,40.0,-89.987,0.079,0.003,-90.0,-89.997,36.20060949105918,-89.99855832187036,0.20617496561210413,0.003,0.0,0.0,-628.206372473028,-10.918157309754461,16.07749806424995,0.0,0.0,0.0,-3.4843905089408196,-0.06055832187036003,0.08917496561210413,0.0,-0.0206547,-0.0137698,3.6352272,-0.06884900000000001,-0.13081310000000002,0.0137698,-0.002635409035376,-0.025521855921536,0.00268742368739,0.0039322344323160004,-0.001431471306501,-3.4493284494e-05,0.3210451681617367,2.2334600002977822,0.6152339997242962,0.14294299990069703,0.0
pd,00:06:28.798,295,-90.0,-89.997,39.685,-89.938,0.117,0.003,0.0,0.0,0.0,0.0,0.0,0.0,-90.0,-89.997,40.0,-89.987,0.079,0.003,-90.0,-89.997,39.8425,-89.9625,0.098,0.003,0.0,0.0,25.1179802281367,-3.9072413688206855,-3.030105551330799,0.0,0.0,0.0,0.15749999999999886,-0.024500000000003297,-0.019000000000000003,0.0,-0.0206547,-0.0137698,3.6352272,-0.06884900000000001,-0.13081310000000002,0.0137698,-0.002635409035376,-0.025521855921536,0.00268742368739,0.0039322344323160004,-0.001431471306501,-3.4493284494e-05,0.3210451681617367,2.0311279999987164,0.40838399991116603,0.13527700002669008,0.0
pd,00:06:28.801,296,-90.0,-89.997,39.685,-89.938,0.117,0.003,0.0,0.0,0.0,0.0,0.0,0.0,-90.0,-89.997,40.0,-89.987,0.079,0.003,-90.0,-89.997,39.8425,-89.9625,0.098,0.003,0.0,0.0,29.116840620592175,-4.529286318758111,-3.512507757404796,0.0,0.0,0.0,0.15749999999999886,-0.024500000000003297,-0.019000000000000003,0.0,-0.0206547,-0.0137698,3.6352272,-0.06884900000000001,-0.13081310000000002,0.0137698,-0.002635409035376,-0.025521855921536,0.00268742368739,0.0039322344323160004,-0.001431471306501,-3.4493284494e-05,0.3210451681617367,1.939278000008926,0.2650900000844558,0.15698000015618163,0.0
pd,00:06:28.804,297,-90.0,-89.997,39.685,-89.938,0.117,0.003,0.0,0.0,0.0,0.0,0.0,0.0,-90.0,-89.997,40.0,-89.987,0.079,0.003,-90.0,-89.997,39.8425,-89.9625,0.098,0.003,0.0,0.0,31.240087014092275,-4.8595690910803,-3.768645417573064,0.0,0.0,0.0,0.15749999999999886,-0.024500000000003297,-0.019000000000000003,0.0,-0.0068849,0.06884900000000001,-0.1032735,-1.032735,-0.206547,-0.0137698,-0.00242735042732,-0.029110866910502,-0.007559462759367999,0.005553418803534001,-0.0017074175824530002,-0.000724358974374,0.3210451681617367,4.517252999903576,0.2630710000630643,0.1243879996764008,0.0
pd,00:06:28.809,298,-90.0,-89.997,39.685,-89.938,0.117,0.003,0.0,0.0,0.0,0.0,0.0,0.0,-90.0,-89.997,40.0,-89.987,0.079,0.003,-90.0,-89.997,39.8425,-89.9625,0.098,0.003,0.0,0.0,15.454144949234905,-2.403978103213962,-1.864309549431526,0.0,0.0,0.0,0.15749999999999886,-0.024500000000003297,-0.019000000000000003,0.0,-0.0068849,0.06884900000000001,-0.1032735,-1.032735,-0.206547,-0.0137698,-0.00242735042732,-0.029110866910502,-0.007559462759367999,0.005553418803534001,-0.0017074175824530002,-0.000724358974374,0.3210451681617367,1.8768519998957345,0.23716500027148868,0.10320299998056726,0.0
pd,00:06:28.811,299,-90.0,-89.997,39.685,-89.938,0.117,0.003,0.0,0.0,0.0,0.0,0.0,0.0,-90.0,-89.997,40.0,-89.987,0.079,0.003,-90.0,-89.997,39.8425,-89.9625,0.098,0.003,0.0,0.0,33.943216524509054,-5.280055903811737,-4.094737231528106,0.0,0.0,0.0,0.15749999999999886,-0.024500000000003297,-0.019000000000000003,0.0,-0.0068849,0.06884900000000001,-0.1032735,-1.032735,-0.206547,-0.0137698,-0.00242735042732,-0.029110866910502,-0.007559462759367999,0.005553418803534001,-0.0017074175824530002,-0.000724358974374,0.3210451681617367,1.9898509999620728,0.23236799961523502,0.10977700003422797,0.0
pd,00:06:28.813,300,-90.0,-89.997,39.685,-89.938,0.117,0.003,0.0,0.0,0.0,0.0,0.0,0.0,-90.0,-89.997,40.0,-89.987,0.079,0.003,-90.0,-89.997,39.8425,-89.9625,0.098,0.003,0.0,0.0,32.27491108071112,-5.02054172366543,-3.8934813367207353,0.0,0.0,0.0,0.15749999999999886,-0.024500000000003297,-0.019000000000000003,0.0,-0.0068849,0.06884900000000001,-0.1032735,-1.032735,-0.206547,-0.0137698,-0.00242735042732,-0.029110866910502,-0.007559462759367999,0.005553418803534001,-0.0017074175824530002,-0.000724358974374,0.3210451681617367,1.793167999949219,0.23251600032381248,0.10990600003424333,0.0
pd,00:06:28.817,301,-90.0,-89.997,39.762,-89.938,0.116,0.003,0.0,0.0,25.380071355598613,0.0,-0.3296113163064836,0.0,-90.0,-89.997,40.0,-89.987,0.079,0.003,-90.0,-89.997,37.34299286444014,-89.9625,0.13046113163064837,0.003,0.0,0.0,-398.66606305333084,-4.037738624753793,2.3832763160296637,0.0,0.0,0.0,-2.419007135559859,-0.024500000000003297,0.014461131630648369,0.0,-0.0068849,0.06884900000000001,-0.1032735,-1.032735,-0.206547,-0.0137698,-0.00242735042732,-0.029110866910502,-0.007559462759367999,0.005553418803534001,-0.0017074175824530002,-0.000724358974374,0.24579259549465488,2.1325720003915194,0.2614599998196354,0.11464700037322473,0.0
pd,00:06:28.819,302,-90.0,-89.997,39.762,-89.938,0.116,0.003,0.0,0.0,0.0,0.0,0.0,0.0,-90.0,-89.997,40.0,-89.987,0.079,0.003,-90.0,-89.997,39.881,-89.9625,0.0975,0.003,0.0,0.0,22.562253684115316,-4.645169876140676,-3.507577253412893,0.0,0.0,0.0,0.11899999999999977,-0.024500000000003297,-0.018500000000000003,0.0,-0.0068849,0.06884900000000001,-0.1032735,-1.032735,-0.206547,-0.0137698,-0.00242735042732,-0.029110866910502,-0.007559462759367999,0.005553418803534001,-0.0017074175824530002,-0.000724358974374,0.24579259549465488,1.9352220001565001,0.22051599989936221,0.09659099987402442,0.0
pd,00:06:28.821,303,-90.0,-89.997,39.762,-89.938,0.116,0.003,0.0,0.0,0.0,0.0,0.0,0.0,-90.0,-89.997,40.0,-89.987,0.079,0.003,-90.0,-89.997,39.881,-89.9625,0.0975,0.003,0.0,0.0,25.259219433198332,-5.200427530363564,-3.926853441295547,0.0,0.0,0.0,0.11899999999999977,-0.024500000000003297,-0.018500000000000003,0.0,-0.0068849,0.06884900000000001,-0.1032735,-1.032735,-0.206547,-0.0137698,-0.00242735042732,-0.029110866910502,-0.007559462759367999,0.005553418803534001,-0.0017074175824530002,-0.000724358974374,0.24579259549465488,1.9316850002724095,1.0038970003733994,0.5505680001078872,0.0
pd,00:06:28.826,304,-90.0,-89.997,39.762,-89.938,0.116,0.003,0.0,0.0,0.0,0.0,0.0,0.0,-90.0,-89.997,40.0,-89.987,0.079,0.003,-90.0,-89.997,39.881,-89.9625,0.0975,0.003,0.0,0.0,15.836099244875914,-3.2603733739445406,-2.4619145884891176,0.0,0.0,0.0,0.11899999999999977,-0.024500000000003297,-0.018500000000000003,0.0,-0.06884900000000001,0.0206547,2.8641184,-0.0137698,-0.2272017,-0.0137698,-0.001751159951138,-0.026579487179154,0.00010402930402799999,0.004156440781527,-0.002000610500652,-0.000500152625163,0.24579259549465488,3.6277049998716393,0.255016000210162,0.11736900023606722,0.0
pd,00:06:28.829,305,-90.0,-89.997,39.762,-89.938,0.116,0.003,0.0,0.0,0.0,0.0,0.0,0.0,-90.0,-89.997,40.0,-89.987,0.079,0.003,-90.0,-89.997,39.881,-89.9625,0.0975,0.003,0.0,0.0,14.458927462340645,-2.9768380069520286,-2.2478164542294325,0.0,0.0,0.0,0.11899999999999977,-0.024500000000003297,-0.018500000000000003,0.0,-0.06884900000000001,0.0206547,2.8641184,-0.0137698,-0.2272017,-0.0137698,-0.001751159951138,-0.026579487179154,0.00010402930402799999,0.004156440781527,-0.002000610500652,-0.000500152625163,0.24579259549465488,1.7932050000126765,0.2108499998030311,0.09722100003273226,0.0
pd,00:06:28.832,306,-90.0,-89.997,39.762,-89.938,0.116,0.003,0.0,0.0,0.0,0.0,0.0,0.0,-90.0,-89.997,40.0,-89.987,0.079,0.003,-90.0,-89.997,39.881,-89.9625,0.0975,0.003,0.0,0.0,27.084988929889246,-5.5763212502704596,-4.210691556327329,0.0,0.0,0.0,0.11899999999999977,-0.024500000000003297,-0.018500000000000003,0.0,-0.06884900000000001,0.0206547,2.8641184,-0.0137698,-0.2272017,-0.0137698,-0.001751159951138,-0.026579487179154,0.00010402930402799999,0.004156440781527,-0.002000610500652,-0.000500152625163,0.24579259549465488,1.9268329997430556,0.23322000015468802,0.11173900020367,0.0
pd,00:06:28.834,307,-90.0,-89.997,39.762,-89.938,0.116,0.003,0.0,0.0,0.0,0.0,0.0,0.0,-90.0,-89.997,40.0,-89.987,0.079,0.003,-90.0,-89.997,39.881,-89.9625,0.0975,0.003,0.0,0.0,25.046275391409026,-5.1565861099951835,-3.8937486953030915,0.0,0.0,0.0,0.11899999999999977,-0.024500000000003297,-0.018500000000000003,0.0,-0.06884900000000001,0.0206547,2.8641184,-0.0137698,-0.2272017,-0.0137698,-0.001751159951138,-0.026579487179154,0.00010402930402799999,0.004156440781527,-0.002000610500652,-0.000500152625163,0.24579259549465488,1.9733140002244909,0.2613119995658053,0.12068399973941268,0.0
pd,00:06:28.836,308,-90.0,-89.997,39.799,-89.957,0.112,0.003,0.0,0.0,14.894831365773678,-7.648697187826402,-1.6102520395431437,0.0,-90.0,-89.997,40.0,-89.987,0.079,0.003,-90.0,-89.997,38.41001686342263,-89.20713028121736,0.2565252039543144,0.003,0.0,0.0,-279.5766160705922,150.9349055076735,29.090250554102923,0.0,0.0,0.0,-1.388983136577366,0.7498697187826338,0.1445252039543144,0.0,-0.06884900000000001,0.0206547,2.8641184,-0.0137698,-0.2272017,-0.0137698,-0.001751159951138,-0.026579487179154,0.00010402930402799999,0.004156440781527,-0.002000610500652,-0.000500152625163,0.20588831924128254,2.010314000017388,0.24810800005070632,0.11281300021437346,0.0
pd,00:06:28.839,309,-90.0,-89.997,39.799,-89.957,0.112,0.003,0.0,0.0,0.0,0.0,0.0,0.0,-90.0,-89.997,40.0,-89.987,0.079,0.003,-90.0,-89.997,39.8995,-89.972,0.0955,0.003,0.0,0.0,20.265747692307745,-3.024738461538576,-3.327212307692308,0.0,0.0,0.0,0.10050000000000381,-0.015000000000000568,-0.0165,0.0,-0.06884900000000001,0.0206547,2.8641184,-0.0137698,-0.2272017,-0.0137698,-0.001751159951138,-0.026579487179154,0.00010402930402799999,0.004156440781527,-0.002000610500652,-0.000500152625163,0.20588831924128254,1.7960380000658915,0.22166500002640532,0.1020550002976961,0.0
pd,00:06:28.841,310,-90.0,-89.997,39.799,-89.957,0.112,0.003,0.0,0.0,0.0,0.0,0.0,0.0,-90.0,-89.997,40.0,-89.987,0.079,0.003,-90.0,-89.997,39.8995,-89.972,0.0955,0.003,0.0,0.0,20.053641864890633,-2.9930808753569162,-3.2923889628924834,0.0,0.0,0.0,0.10050000000000381,-0.015000000000000568,-0.0165,0.0,-0.06884900000000001,0.0206547,2.8641184,-0.0137698,-0.2272017,-0.0137698,-0.001751159951138,-0.026579487179154,0.00010402930402799999,0.004156440781527,-0.002000610500652,-0.000500152625163,0.20588831924128254,1.8105560002368293,0.2544599997236219,0.5237909999777912,0.0
pd,00:06:28.846,311,-90.0,-89.997,39.799,-89.957,0.112,0.003,0.0,0.0,0.0,0.0,0.0,0.0,-90.0,-89.997,40.0,-89.987,0.079,0.003,-90.0,-89.997,39.8995,-89.972,0.0955,0.003,0.0,0.0,12.156175798823424,-1.8143545968393813,-1.9957900565232438,0.0,0.0,0.0,0.10050000000000381,-0.015000000000000568,-0.0165,0.0,0.0,0.0,1.032735,-0.0619641,-0.06884900000000001,-0.034424500000000004,-0.002739438339404,-0.02808791208756,0.002739438339404,0.004570360195455,-0.002621489621544,0.000137973137976,0.20588831924128254,3.182523999839759,0.2781640000648622,0.12903600008939975,0.0
pd,00:06:28.849,312,-90.0,-89.997,39.799,-89.957,0.112,0.003,0.0,0.0,0.0,0.0,0.0,0.0,-90.0,-89.997,40.0,-89.987,0.079,0.003,-90.0,-89.997,39.8995,-89.972,0.0955,0.003,0.0,0.0,13.150544456230145,-1.9627678292881507,-2.159044612216884,0.0,0.0,0.0,0.10050000000000381,-0.015000000000000568,-0.0165,0.0,0.0,0.0,1.032735,-0.0619641,-0.06884900000000001,-0.034424500000000004,-0.002739438339404,-0.02808791208756,0.002739438339404,0.004570360195455,-0.002621489621544,0.000137973137976,0.20588831924128254,1.9116109997412423,0.31671899978391593,0.14610999960495974,0.0
pd,00:06:28.852,313,-90.0,-89.997,39.799,-89.957,0.112,0.003,0.0,0.0,0.0,0.0,0.0,0.0,-90.0,-89.997,40.0,-89.987,0.079,0.003,-90.0,-89.997,39.8995,-89.972,0.0955,0.003,0.0,0.0,20.12448925809229,-3.0036551131482088,-3.304020624462905,0.0,0.0,0.0,0.10050000000000381,-0.015000000000000568,-0.0165,0.0,0.0,0.0,1.032735,-0.0619641,-0.06884900000000001,-0.034424500000000004,-0.002739438339404,-0.02808791208756,0.002739438339404,0.004570360195455,-0.002621489621544,0.000137973137976,0.20588831924128254,2.0329799999672105,0.3013860000464774,0.18673900012800004,0.0
pd,00:06:28.855,314,-90.0,-89.997,39.799,-89.957,0.112,0.003,0.0,0.0,0.0,0.0,0.0,0.0,-90.0,-89.997,40.0,-89.987,0.079,0.003,-90.0,-89.997,39.8995,-89.972,0.0955,0.003,0.0,0.0,18.70961171770977,-2.792479360852303,-3.071727296937417,0.0,0.0,0.0,0.10050000000000381,-0.015000000000000568,-0.0165,0.0,0.0,0.0,1.032735,-0.0619641,-0.06884900000000001,-0.034424500000000004,-0.002739438339404,-0.02808791208756,0.002739438339404,0.004570360195455,-0.002621489621544,0.000137973137976,0.20588831924128254,2.125498000168591,0.28020099989589653,0.14242499992178637,0.0
pd,00:06:28.857,315,-90.0,-89.997,39.826,-89.958,0.108,0.003,0.0,0.0,10.104952975819067,-0.3742575176247013,-1.4970300704916584,0.0,-90.0,-89.997,40.0,-89.987,0.079,0.003,-90.0,-89.997,38.90250470241809,-89.93507424823753,0.2432030070491658,0.003,0.0,0.0,-172.8125288047195,4.290067472130951,25.300370896687088,0.0,0.0,0.0,-0.9234952975819084,0.02292575176247169,0.13520300704916582,0.0,0.0,0.0,1.032735,-0.0619641,-0.06884900000000001,-0.034424500000000004,-0.002739438339404,-0.02808791208756,0.002739438339404,0.004570360195455,-0.002621489621544,0.000137973137976,0.17876800608609922,2.1563299997069407,0.2723119996517198,0.16312800016748952,0.0
pd,00:06:28.860,316,-90.0,-89.997,39.826,-89.958,0.108,0.003,0.0,0.0,0.0,0.0,0.0,0.0,-90.0,-89.997,40.0,-89.987,0.079,0.003,-90.0,-89.997,39.913,-89.9725,0.0935,0.003,0.0,0.0,16.04116616845432,-2.6735276947420594,-2.6735276947423947,0.0,0.0,0.0,0.08699999999999619,-0.014499999999998181,-0.014499999999999999,0.0,0.0,0.0,1.032735,-0.0619641,-0.06884900000000001,-0.034424500000000004,-0.002739438339404,-0.02808791208756,0.002739438339404,0.004570360195455,-0.002621489621544,0.000137973137976,0.17876800608609922,2.001369000026898,0.25575699964974774,0.14301700002761208,0.0
pd,00:06:28.862,317,-90.0,-89.997,39.826,-89.958,0.108,0.003,0.0,0.0,0.0,0.0,0.0,0.0,-90.0,-89.997,40.0,-89.987,0.079,0.003,-90.0,-89.997,39.913,-89.9725,0.0935,0.003,0.0,0.0,17.292410577196424,-2.882068429532384,-2.8820684295327457,0.0,0.0,0.0,0.08699999999999619,-0.014499999999998181,-0.014499999999999999,0.0,-0.034424500000000004,0.06884900000000001,0.9294615,-0.0137698,-0.1170433,-0.0,-0.002548717948686,-0.027151648351308,0.006657875457791999,0.00431166056175,-0.0027767094017670003,-0.000258699633705,0.17876800608609922,3.592687000036676,1.215655000123661,0.4246990001774975,0.0
pd,00:06:28.868,318,-90.0,-89.997,39.826,-89.958,0.108,0.003,0.0,0.0,0.0,0.0,0.0,0.0,-90.0,-89.997,40.0,-89.987,0.079,0.003,-90.0,-89.997,39.913,-89.9725,0.0935,0.003,0.0,0.0,7.984081218274088,-1.3306802030455183,-1.3306802030456852,0.0,0.0,0.0,0.08699999999999619,-0.014499999999998181,-0.014499999999999999,0.0,-0.034424500000000004,0.06884900000000001,0.9294615,-0.0137698,-0.1170433,-0.0,-0.002548717948686,-0.027151648351308,0.006657875457791999,0.00431166056175,-0.0027767094017670003,-0.000258699633705,0.17876800608609922,1.9872220000252128,0.2712559999054065,0.1306470003328286,0.0
pd,00:06:28.870,319,-90.0,-89.997,39.826,-89.958,0.108,0.003,0.0,0.0,0.0,0.0,0.0,0.0,-90.0,-89.997,40.0,-89.987,0.079,0.003,-90.0,-89.997,39.913,-89.9725,0.0935,0.003,0.0,0.0,17.384680705097615,-2.8974467841825806,-2.897446784182944,0.0,0.0,0.0,0.08699999999999619,-0.014499999999998181,-0.014499999999999999,0.0,-0.034424500000000004,0.06884900000000001,0.9294615,-0.0137698,-0.1170433,-0.0,-0.002548717948686,-0.027151648351308,0.006657875457791999,0.00431166056175,-0.0027767094017670003,-0.000258699633705,0.17876800608609922,1.985999000226002,0.3298300002825272,0.15038700030345353,0.0
pd,00:06:28.873,320,-90.0,-89.997,39.826,-89.958,0.108,0.003,0.0,0.0,0.0,0.0,0.0,0.0,-90.0,-89.997,40.0,-89.987,0.079,0.003,-90.0,-89.997,39.913,-89.9725,0.0935,0.003,0.0,0.0,16.781845474613636,-2.796974245768597,-2.7969742457689475,0.0,0.0,0.0,0.08699999999999619,-0.014499999999998181,-0.014499999999999999,0.0,-0.034424500000000004,0.06884900000000001,0.9294615,-0.0137698,-0.1170433,-0.0,-0.002548717948686,-0.027151648351308,0.006657875457791999,0.00431166056175,-0.0027767094017670003,-0.000258699633705,0.17876800608609922,3.13226600019334,0.280163999832439,0.18562800005383906,0.0
pd,00:06:28.877,321,-90.0,-89.998,39.861,-89.959,0.105,0.003,0.0,-0.24519490237460698,8.58182158306943,-0.24519490237460698,-0.7355847071203093,0.0,-90.0,-89.997,40.0,-89.987,0.079,0.003,-90.0,-89.97298050976254,39.07231784169306,-89.94848050976253,0.16555847071203095,0.003,0.0,3.067325733103951,-96.69042240487076,1.2896626908967614,7.424314157060511,0.0,0.0,0.025019490237468744,-0.7886821583069406,0.010519490237470563,0.06055847071203095,0.0,-0.034424500000000004,0.06884900000000001,0.9294615,-0.0137698,-0.1170433,-0.0,-0.002548717948686,-0.027151648351308,0.006657875457791999,0.00431166056175,-0.0027767094017670003,-0.000258699633705,0.1441596337398245,2.8827320002164925,0.28510899983302807,0.13931300009062397,0.0
pd,00:06:28.881,322,-90.0,-89.998,39.861,-89.959,0.105,0.003,0.0,0.0,0.0,0.0,0.0,0.0,-90.0,-89.997,40.0,-89.987,0.079,0.003,-90.0,-89.9975,39.930499999999995,-89.973,0.092,0.003,0.0,0.07292919738524181,10.13715843650042,-2.042017526776407,-1.8961591320072329,0.0,0.0,0.0005000000000023874,0.0694999999999979,-0.013999999999995794,-0.012999999999999998,0.0,-0.034424500000000004,0.06884900000000001,0.9294615,-0.0137698,-0.1170433,-0.0,-0.002548717948686,-0.027151648351308,0.006657875457791999,0.00431166056175,-0.0027767094017670003,-0.000258699633705,0.1441596337398245,2.504198000224278,0.28297899962126394,0.14755400025023846,0.0
pd,00:06:28.884,323,-90.0,-89.998,39.861,-89.959,0.105,0.003,0.0,0.0,0.0,0.0,0.0,0.0,-90.0,-89.997,40.0,-89.987,0.079,0.003,-90.0,-89.9975,39.930499999999995,-89.973,0.092,0.003,0.0,0.08061628354001743,11.205663412009152,-2.257255939109032,-2.096023372030445,0.0,0.0,0.0005000000000023874,0.0694999999999979,-0.013999999999995794,-0.012999999999999998,0.0,-0.0068849,-0.0206547,1.2048575000000001,-0.0,-0.1790074,0.0206547,-0.002149938949912,-0.028382661782305998,0.0067619047618199995,0.0047428266179250006,-0.0027422161172730003,-0.0009140720390910001,0.1441596337398245,4.694842999924731,0.24555299978601397,0.12255399997229688,0.0
pd,00:06:28.889,324,-90.0,-89.998,39.861,-89.959,0.105,0.003,0.0,0.0,0.0,0.0,0.0,0.0,-90.0,-89.997,40.0,-89.987,0.079,0.003,-90.0,-89.9975,39.930499999999995,-89.973,0.092,0.003,0.0,0.04782995028075568,6.648363088993434,-1.339238607854362,-1.2435787072937097,0.0,0.0,0.0005000000000023874,0.0694999999999979,-0.013999999999995794,-0.012999999999999998,0.0,-0.0068849,-0.0206547,1.2048575000000001,-0.0,-0.1790074,0.0206547,-0.002149938949912,-0.028382661782305998,0.0067619047618199995,0.0047428266179250006,-0.0027422161172730003,-0.0009140720390910001,0.1441596337398245,1.8169080003644922,0.18933100000140257,0.0747589997445175,0.0
pd,00:06:28.891,325,-90.0,-89.998,39.861,-89.959,0.105,0.003,0.0,0.0,0.0,0.0,0.0,0.0,-90.0,-89.997,40.0,-89.987,0.079,0.003,-90.0,-89.9975,39.930499999999995,-89.973,0.092,0.003,0.0,0.11581356306660115,16.09808526618103,-3.242779765848374,-3.0111526397172517,0.0,0.0,0.0005000000000023874,0.0694999999999979,-0.013999999999995794,-0.012999999999999998,0.0,-0.0068849,-0.0206547,1.2048575000000001,-0.0,-0.1790074,0.0206547,-0.002149938949912,-0.028382661782305998,0.0067619047618199995,0.0047428266179250006,-0.0027422161172730003,-0.0009140720390910001,0.1441596337398245,2.2942000000512053,0.2600339998934942,0.13023899964537122,0.0
pd,00:06:28.894,326,-90.0,-89.998,39.861,-89.959,0.105,0.003,0.0,0.0,0.0,0.0,0.0,0.0,-90.0,-89.997,40.0,-89.987,0.079,0.003,-90.0,-89.9975,39.930499999999995,-89.973,0.092,0.003,0.0,0.08925570309882591,12.40654273067782,-2.4991596867544414,-2.3206482805583923,0.0,0.0,0.0005000000000023874,0.0694999999999979,-0.013999999999995794,-0.012999999999999998,0.0,-0.0068849,-0.0206547,1.2048575000000001,-0.0,-0.1790074,0.0206547,-0.002149938949912,-0.028382661782305998,0.0067619047618199995,0.0047428266179250006,-0.0027422161172730003,-0.0009140720390910001,0.1441596337398245,1.7960199998015014,0.18686900011744,0.08138799967127852,0.0
pd,00:06:28.896,327,-90.0,-89.998,39.861,-89.959,0.105,0.003,0.0,0.0,0.0,0.0,0.0,0.0,-90.0,-89.997,40.0,-89.987,0.079,0.003,-90.0,-89.9975,39.930499999999995,-89.973,0.092,0.003,0.0,0.11672893242847676,16.225321607481135,-3.2684101079807615,-3.034952243125904,0.0,0.0,0.0005000000000023874,0.0694999999999979,-0.013999999999995794,-0.012999999999999998,0.0,-0.0068849,-0.0206547,1.2048575000000001,-0.0,-0.1790074,0.0206547,-0.002149938949912,-0.028382661782305998,0.0067619047618199995,0.0047428266179250006,-0.0027422161172730003,-0.0009140720390910001,0.1441596337398245,1.8613519996506511,0.17746100002113963,0.08605399989392026,0.0
pd,00:06:28.898,328,-90.0,-89.998,39.877,-89.96,0.103,0.003,0.0,0.0,7.261292360963256,-0.4538307725557696,-0.9076615451201047,0.0,-90.0,-89.997,40.0,-89.987,0.079,0.003,-90.0,-89.9975,39.21237076390368,-89.92811692274442,0.18176615451201047,0.003,0.0,0.11345769314055473,-150.8145998417966,7.234760791245041,17.87325237688507,0.0,0.0,0.0005000000000023874,-0.6646292360963244,0.03188307725557138,0.07876615451201048,0.0,-0.0068849,-0.0206547,1.2048575000000001,-0.0,-0.1790074,0.0206547,-0.002149938949912,-0.028382661782305998,0.0067619047618199995,0.0047428266179250006,-0.0027422161172730003,-0.0009140720390910001,0.12819906395913921,1.6872979999789095,0.1372400001855567,0.058073000218428206,0.0
pd,00:06:28.900,329,-90.0,-89.998,39.877,-89.96,0.103,0.003,0.0,0.0,0.0,0.0,0.0,0.0,-90.0,-89.997,40.0,-89.987,0.079,0.003,-90.0,-89.9975,39.938500000000005,-89.9735,0.091,0.003,0.0,0.1285649828353368,15.813492888670602,-3.47125453653765,-3.085559588033349,0.0,0.0,0.0005000000000023874,0.06150000000000233,-0.013500000000007617,-0.011999999999999997,0.0,-0.0068849,-0.0206547,1.2048575000000001,-0.0,-0.1790074,0.0206547,-0.002149938949912,-0.028382661782305998,0.0067619047618199995,0.0047428266179250006,-0.0027422161172730003,-0.0009140720390910001,0.12819906395913921,1.7150579997178284,0.1487940003244148,0.06575799989150255,0.0
pd,00:06:28.902,330,-90.0,-89.998,39.877,-89.96,0.103,0.003,0.0,0.0,0.0,0.0,0.0,0.0,-90.0,-89.997,40.0,-89.987,0.079,0.003,-90.0,-89.9975,39.938500000000005,-89.9735,0.091,0.003,0.0,0.12509854450071664,15.387120973514369,-3.3776607015033493,-3.0023650680028626,0.0,0.0,0.0005000000000023874,0.06150000000000233,-0.013500000000007617,-0.011999999999999997,0.0,-0.0068849,-0.0206547,1.2048575000000001,0.0068849,-0.1927772,0.0481943,-0.002149938949912,-0.028382661782305998,0.0067619047618199995,0.0037770146520930002,-0.000362179487187,0.00020695970696400003,0.12819906395913921,2.5933819997590035,0.44825499981016037,0.25284899993494037,0.0
pd,00:06:28.906,331,-90.0,-89.998,39.877,-89.96,0.103,0.003,0.0,0.0,0.0,0.0,0.0,0.0,-90.0,-89.997,40.0,-89.987,0.079,0.003,-90.0,-89.9975,39.938500000000005,-89.9735,0.091,0.003,0.0,0.06218205538783175,7.648392812666633,-1.6789154954635044,-1.4923693293008358,0.0,0.0,0.0005000000000023874,0.06150000000000233,-0.013500000000007617,-0.011999999999999997,0.0,0.0068849,-0.0068849,1.1291236,0.0068849,-0.1927772,0.0481943,-0.002375335775306,-0.026648840048505998,0.001543101343082,0.0037770146520930002,-0.000362179487187,0.00020695970696400003,0.12819906395913921,2.735714000209555,0.23188700015452923,0.10579499985396978,0.0
pd,00:06:28.909,332,-90.0,-89.998,39.877,-89.96,0.103,0.003,0.0,0.0,0.0,0.0,0.0,0.0,-90.0,-89.997,40.0,-89.987,0.079,0.003,-90.0,-89.9975,39.938500000000005,-89.9735,0.091,0.003,0.0,0.07539915150679563,9.274095635291395,-2.0357770906738386,-1.809579636154454,0.0,0.0,0.0005000000000023874,0.06150000000000233,-0.013500000000007617,-0.011999999999999997,0.0,0.0068849,-0.0068849,1.1291236,0.0068849,-0.1927772,0.0481943,-0.002375335775306,-0.026648840048505998,0.001543101343082,0.0037770146520930002,-0.000362179487187,0.00020695970696400003,0.12819906395913921,1.77696399987326,0.2775710004243592,0.17840600003182772,0.0
pd,00:06:28.912,333,-90.0,-89.998,39.877,-89.96,0.103,0.003,0.0,0.0,0.0,0.0,0.0,0.0,-90.0,-89.997,40.0,-89.987,0.079,0.003,-90.0,-89.9975,39.938500000000005,-89.9735,0.091,0.003,0.0,0.10422184673541465,12.819287148394537,-2.813989861842866,-2.5013243216380077,0.0,0.0,0.0005000000000023874,0.06150000000000233,-0.013500000000007617,-0.011999999999999997,0.0,0.0068849,-0.0068849,1.1291236,0.0068849,-0.1927772,0.0481943,-0.002375335775306,-0.026648840048505998,0.001543101343082,0.0037770146520930002,-0.000362179487187,0.00020695970696400003,0.12819906395913921,2.0211280002513377,0.5544389996430255,0.13509199970940244,0.0
pd,00:06:28.915,334,-90.0,-89.998,39.877,-89.96,0.103,0.003,0.0,0.0,0.0,0.0,0.0,0.0,-90.0,-89.997,40.0,-89.987,0.079,0.003,-90.0,-89.9975,39.938500000000005,-89.9735,0.091,0.003,0.0,0.08826397306439451,10.856468686868471,-2.383127272727363,-2.118335353535353,0.0,0.0,0.0005000000000023874,0.06150000000000233,-0.013500000000007617,-0.011999999999999997,0.0,0.0068849,-0.0068849,1.1291236,0.0068849,-0.1927772,0.0481943,-0.002375335775306,-0.026648840048505998,0.001543101343082,0.0037770146520930002,-0.000362179487187,0.00020695970696400003,0.12819906395913921,1.7910010001287446,0.24733100008234032,0.09016600006361841,0.0
pd,00:06:28.917,335,-90.0,-89.998,39.896,-89.96,0.1,0.003,0.0,0.0,8.596739590074767,0.0,-1.3573799352750757,0.0,-90.0,-89.997,40.0,-89.987,0.079,0.003,-90.0,-89.9975,39.08832604099253,-89.9735,0.22523799352750756,0.003,0.0,0.11311499460679685,-182.72007103348963,-3.0541048543690477,28.332589924724868,0.0,0.0,0.0005000000000023874,-0.8076739590074737,-0.013500000000007617,0.12523799352750756,0.0,0.0068849,-0.0068849,1.1291236,0.0068849,-0.1927772,0.0481943,-0.002375335775306,-0.026648840048505998,0.001543101343082,0.0037770146520930002,-0.000362179487187,0.00020695970696400003,0.10948515881159374,1.9894810002369923,0.2023309998548939,0.08896200006347499,0.0
pd,00:06:28.919,336,-90.0,-89.998,39.896,-89.96,0.1,0.003,0.0,0.0,0.0,0.0,0.0,0.0,-90.0,-89.997,40.0,-89.987,0.079,0.003,-90.0,-89.9975,39.948,-89.9735,0.0895,0.003,0.0,0.10563933105027269,10.986490429175818,-2.852261938343852,-2.2184259520451346,0.0,0.0,0.0005000000000023874,0.0519999999999996,-0.013500000000007617,-0.01050000000000001,0.0,0.0068849,-0.0068849,1.1291236,0.0068849,-0.1927772,0.0481943,-0.002375335775306,-0.026648840048505998,0.001543101343082,0.0037770146520930002,-0.000362179487187,0.00020695970696400003,0.10948515881159374,1.7816869999478513,0.1608130000931851,0.07249899999806075,0.0
pd,00:06:28.921,337,-90.0,-89.998,39.896,-89.96,0.1,0.003,0.0,0.0,0.0,0.0,0.0,0.0,-90.0,-89.997,40.0,-89.987,0.079,0.003,-90.0,-89.9975,39.948,-89.9735,0.0895,0.003,0.0,0.11983725714342935,12.463074742857048,-3.2356059428572657,-2.5165824000000008,0.0,0.0,0.0005000000000023874,0.0519999999999996,-0.013500000000007617,-0.01050000000000001,0.0,0.0068849,-0.0068849,1.1291236,0.0068849,-0.1927772,0.0481943,-0.002375335775306,-0.026648840048505998,0.001543101343082,0.0037770146520930002,-0.000362179487187,0.00020695970696400003,0.10948515881159374,1.803666999876441,0.1650359999985085,0.07905499978733133,0.0
pd,00:06:28.923,338,-90.0,-89.998,39.896,-89.96,0.1,0.003,0.0,0.0,0.0,0.0,0.0,0.0,-90.0,-89.997,40.0,-89.987,0.079,0.003,-90.0,-89.9975,39.948,-89.9735,0.0895,0.003,0.0,0.11784400989042558,12.255777028545646,-3.181788267026419,-2.4747242076871214,0.0,0.0,0.0005000000000023874,0.0519999999999996,-0.013500000000007617,-0.01050000000000001,0.0,0.0275396,-0.0137698,-0.5232524000000001,0.0137698,0.06884900000000001,0.0275396,-0.002548717948686,-0.02609401709369,-0.03016849816812,0.004501373626467,-0.00068986568988,-0.00010347985348200002,0.10948515881159374,3.710964000219974,0.6567890000042098,0.10699899985411321,0.0
pd,00:06:28.928,339,-90.0,-89.998,39.896,-89.96,0.1,0.003,0.0,0.0,0.0,0.0,0.0,0.0,-90.0,-89.997,40.0,-89.987,0.079,0.003,-90.0,-89.9975,39.948,-89.9735,0.0895,0.003,0.0,0.054678834020180776,5.686598738071605,-1.4763285185378878,-1.148255514418314,0.0,0.0,0.0005000000000023874,0.0519999999999996,-0.013500000000007617,-0.01050000000000001,0.0,0.0275396,-0.0137698,-0.5232524000000001,0.0137698,0.06884900000000001,0.0275396,-0.002548717948686,-0.02609401709369,-0.03016849816812,0.004501373626467,-0.00068986568988,-0.00010347985348200002,0.10948515881159374,1.8153900000470458,0.15985099980753148,0.06935100009286543,0.0
pd,00:06:28.930,340,-90.0,-89.998,39.896,-89.96,0.1,0.003,0.0,0.0,0.0,0.0,0.0,0.0,-90.0,-89.997,40.0,-89.987,0.079,0.003,-90.0,-89.9975,39.948,-89.9735,0.0895,0.003,0.0,0.11814940845126837,12.287538478873145,-3.190034028169135,-2.4811375774647892,0.0,0.0,0.0005000000000023874,0.0519999999999996,-0.013500000000007617,-0.01050000000000001,0.0,0.0275396,-0.0137698,-0.5232524000000001,0.0137698,0.06884900000000001,0.0275396,-0.002548717948686,-0.02609401709369,-0.03016849816812,0.004501373626467,-0.00068986568988,-0.00010347985348200002,0.10948515881159374,1.8203720001110923,0.24160900011338526,0.11599899971770355,0.0
pd,00:06:28.933,341,-90.0,-89.998,39.896,-89.96,0.1,0.003,0.0,0.0,0.0,0.0,0.0,0.0,-90.0,-89.997,40.0,-89.987,0.079,0.003,-90.0,-89.9975,39.948,-89.9735,0.0895,0.003,0.0,0.0927204881072603,9.642930763108954,-2.5034531788841696,-1.9471302502431695,0.0,0.0,0.0005000000000023874,0.0519999999999996,-0.013500000000007617,-0.01050000000000001,0.0,0.0275396,-0.0137698,-0.5232524000000001,0.0137698,0.06884900000000001,0.0275396,-0.002548717948686,-0.02609401709369,-0.03016849816812,0.004501373626467,-0.00068986568988,-0.00010347985348200002,0.10948515881159374,1.9145369997204398,0.22560899969903403,0.09557300018059323,0.0
pd,00:06:28.935,342,-90.0,-89.998,39.896,-89.96,0.1,0.003,0.0,0.0,0.0,0.0,0.0,0.0,-90.0,-89.997,40.0,-89.987,0.079,0.003,-90.0,-89.9975,39.948,-89.9735,0.0895,0.003,0.0,0.10720539822155269,11.149361414988157,-2.894545751968211,-2.251313362641857,0.0,0.0,0.0005000000000023874,0.0519999999999996,-0.013500000000007617,-0.01050000000000001,0.0,0.0275396,-0.0137698,-0.5232524000000001,0.0137698,0.06884900000000001,0.0275396,-0.002548717948686,-0.02609401709369,-0.03016849816812,0.004501373626467,-0.00068986568988,-0.00010347985348200002,0.10948515881159374,1.766204999967158,0.1779799999894749,0.08548100004190928,0.0
pd,00:06:28.937,343,-90.0,-89.998,39.919,-89.96,0.096,0.003,0.0,0.0,10.889377130599819,0.0,-1.8938047183655058,0.0,-90.0,-89.997,40.0,-89.987,0.079,0.003,-90.0,-89.9975,38.870562286940014,-89.9735,0.2768804718365506,0.003,0.0,0.11836279489840916,-248.19203598816617,-3.195795462241909,42.81903637802977,0.0,0.0,0.0005000000000023874,-1.0484377130599825,-0.013500000000007617,0.18088047183655062,0.0,0.0275396,-0.0137698,-0.5232524000000001,0.0137698,0.06884900000000001,0.0275396,-0.002548717948686,-0.02609401709369,-0.03016849816812,0.004501373626467,-0.00068986568988,-0.00010347985348200002,0.08706319543871889,1.7486500000813976,0.22962699995332514,0.10905500039370963,0.0
pd,00:06:28.939,344,-90.0,-89.998,39.919,-89.96,0.096,0.003,0.0,0.0,0.0,0.0,0.0,0.0,-90.0,-89.997,40.0,-89.987,0.079,0.003,-90.0,-89.9975,39.9595,-89.9735,0.0875,0.003,0.0,0.11432359354611936,9.260211077191803,-3.086737025730601,-1.9435010902747494,0.0,0.0,0.0005000000000023874,0.040500000000001535,-0.013500000000007617,-0.008500000000000008,0.0,0.0275396,-0.0137698,-0.5232524000000001,0.0137698,0.06884900000000001,0.0275396,-0.002548717948686,-0.02609401709369,-0.03016849816812,0.004501373626467,-0.00068986568988,-0.00010347985348200002,0.08706319543871889,2.1215159999883326,0.23375699993266608,0.11331399991831859,0.0
pd,00:06:28.942,345,-90.0,-89.998,39.919,-89.96,0.096,0.003,0.0,0.0,0.0,0.0,0.0,0.0,-90.0,-89.997,40.0,-89.987,0.079,0.003,-90.0,-89.9975,39.9595,-89.9735,0.0875,0.003,0.0,0.09740603808685618,7.889889084997977,-2.629963028332659,-1.6559026474686485,0.0,0.0,0.0005000000000023874,0.040500000000001535,-0.013500000000007617,-0.008500000000000008,0.0,0.0481943,0.0,0.1170433,-0.0206547,-0.13769800000000001,-0.0,-0.002149938949912,-0.026146031745704,-0.006640537240454,0.004622100122196,-0.001465964590995,-3.4493284494e-05,0.08706319543871889,3.386503999990964,0.3993299997091526,0.11009200034095556,0.0
pd,00:06:28.946,346,-90.0,-89.998,39.919,-89.96,0.096,0.003,0.0,0.0,0.0,0.0,0.0,0.0,-90.0,-89.997,40.0,-89.987,0.079,0.003,-90.0,-89.9975,39.9595,-89.9735,0.0875,0.003,0.0,0.06250825633412857,5.06316876304043,-1.6877229210134768,-1.0626403576751118,0.0,0.0,0.0005000000000023874,0.040500000000001535,-0.013500000000007617,-0.008500000000000008,0.0,0.0481943,0.0,0.1170433,-0.0206547,-0.13769800000000001,-0.0,-0.002149938949912,-0.026146031745704,-0.006640537240454,0.004622100122196,-0.001465964590995,-3.4493284494e-05,0.08706319543871889,2.9346569999688654,0.2592939999885857,0.17636899974604603,0.0
pd,00:06:28.950,347,-90.0,-89.998,39.919,-89.96,0.096,0.003,0.0,0.0,0.0,0.0,0.0,0.0,-90.0,-89.997,40.0,-89.987,0.079,0.003,-90.0,-89.9975,39.9595,-89.9735,0.0875,0.003,0.0,0.0716877008275796,5.806703767006441,-1.9355679223354805,-1.2186909140630342,0.0,0.0,0.0005000000000023874,0.040500000000001535,-0.013500000000007617,-0.008500000000000008,0.0,0.0481943,0.0,0.1170433,-0.0206547,-0.13769800000000001,-0.0,-0.002149938949912,-0.026146031745704,-0.006640537240454,0.004622100122196,-0.001465964590995,-3.4493284494e-05,0.08706319543871889,2.0187959999020677,0.24523799993403372,0.121276999834663,0.0
pd,00:06:28.952,348,-90.0,-89.998,39.919,-89.96,0.096,0.003,0.0,0.0,0.0,0.0,0.0,0.0,-90.0,-89.997,40.0,-89.987,0.079,0.003,-90.0,-89.9975,39.9595,-89.9735,0.0875,0.003,0.0,0.10035180400086198,8.128496124031315,-2.7094987080104387,-1.705980668006508,0.0,0.0,0.0005000000000023874,0.040500000000001535,-0.013500000000007617,-0.008500000000000008,0.0,0.0481943,0.0,0.1170433,-0.0206547,-0.13769800000000001,-0.0,-0.002149938949912,-0.026146031745704,-0.006640537240454,0.004622100122196,-0.001465964590995,-3.4493284494e-05,0.08706319543871889,1.8235940001432027,0.1733869999043236,0.07796299996698508,0.0
pd,00:06:28.954,349,-90.0,-89.998,39.919,-89.96,0.096,0.003,0.0,0.0,0.0,0.0,0.0,0.0,-90.0,-89.997,40.0,-89.987,0.079,0.003,-90.0,-89.9975,39.9595,-89.9735,0.0875,0.003,0.0,0.11634039720459412,9.423572173527484,-3.1411907245091615,-1.9777867524686565,0.0,0.0,0.0005000000000023874,0.040500000000001535,-0.013500000000007617,-0.008500000000000008,0.0,0.0481943,0.0,0.1170433,-0.0206547,-0.13769800000000001,-0.0,-0.002149938949912,-0.026146031745704,-0.006640537240454,0.004622100122196,-0.001465964590995,-3.4493284494e-05,0.08706319543871889,1.7365939997944224,0.14760999965801602,0.06385200003933278,0.0
pd,00:06:28.956,350,-90.0,-89.998,39.919,-89.96,0.096,0.003,0.0,0.0,0.0,0.0,0.0,0.0,-90.0,-89.997,40.0,-89.987,0.079,0.003,-90.0,-89.9975,39.9595,-89.9735,0.0875,0.003,0.0,0.12388657845049703,10.034812854442725,-3.3449376181475747,-2.1060718336483935,0.0,0.0,0.0005000000000023874,0.040500000000001535,-0.013500000000007617,-0.008500000000000008,0.0,0.0481943,0.0,0.1170433,-0.0206547,-0.13769800000000001,-0.0,-0.002149938949912,-0.026146031745704,-0.006640537240454,0.004622100122196,-0.001465964590995,-3.4493284494e-05,0.08706319543871889,1.851371000157087,0.1739429999361164,0.08248099993579672,0.0
pd,00:06:28.959,351,-90.0,-89.997,39.92,-89.959,0.098,0.003,0.0,0.39235771749485754,0.39235771749485754,0.39235771748928183,0.7847154349859689,0.0,-90.0,-89.997,40.0,-89.987,0.079,0.003,-90.0,-90.03623577174949,39.92076422825051,-90.01223577174893,0.010028456501403105,0.003,0.0,-7.697228923851969,0.14992542600754577,-10.443732946192648,-17.258157005722122,0.0,0.0,-0.03923577174948889,0.0007642282505102571,-0.05323577174893046,-0.0879715434985969,0.0,0.0481943,0.0,0.1170433,-0.0206547,-0.13769800000000001,-0.0,-0.002149938949912,-0.026146031745704,-0.006640537240454,0.004622100122196,-0.001465964590995,-3.4493284494e-05,0.08686195945291159,1.9952030002059473,0.2254969999739842,0.09138799987340462,0.0
pd,00:06:28.961,352,-90.0,-89.997,39.92,-89.959,0.098,0.003,0.0,0.0,0.0,0.0,0.0,0.0,-90.0,-89.997,40.0,-89.987,0.079,0.003,-90.0,-89.997,39.96,-89.973,0.0885,0.003,0.0,0.0,8.295696202531468,-2.9034936708852035,-1.970227848101266,0.0,0.0,0.0,0.03999999999999915,-0.013999999999995794,-0.009500000000000008,0.0,0.0481943,0.0,0.1170433,-0.0206547,-0.13769800000000001,-0.0,-0.002149938949912,-0.026146031745704,-0.006640537240454,0.004622100122196,-0.001465964590995,-3.4493284494e-05,0.08686195945291159,1.7401499999323278,0.16599799982941477,0.07640700005140388,0.0
pd,00:06:28.963,353,-90.0,-89.997,39.92,-89.959,0.098,0.003,0.0,0.0,0.0,0.0,0.0,0.0,-90.0,-89.997,40.0,-89.987,0.079,0.003,-90.0,-89.997,39.96,-89.973,0.0885,0.003,0.0,0.0,9.719161163248547,-3.401706407136042,-2.3083007762715795,0.0,0.0,0.0,0.03999999999999915,-0.013999999999995794,-0.009500000000000008,0.0,0.0,-0.0137698,0.034424500000000004,-0.0826188,-0.0895037,-0.0275396,-0.00268742368739,-0.025521855921536,-0.026527472527139998,0.005105006105112,-0.000758852258868,0.000379426129434,0.08686195945291159,4.976526000064041,0.26164500013692304,0.26464599977771286,0.0
pd,00:06:28.969,354,-90.0,-89.997,39.92,-89.959,0.098,0.003,0.0,0.0,0.0,0.0,0.0,0.0,-90.0,-89.997,40.0,-89.987,0.079,0.003,-90.0,-89.997,39.96,-89.973,0.0885,0.003,0.0,0.0,3.5269963000335607,-1.2344487050114017,-0.8376616212579887,0.0,0.0,0.0,0.03999999999999915,-0.013999999999995794,-0.009500000000000008,0.0,0.0,-0.0137698,0.034424500000000004,-0.0826188,-0.0895037,-0.0275396,-0.00268742368739,-0.025521855921536,-0.026527472527139998,0.005105006105112,-0.000758852258868,0.000379426129434,0.08686195945291159,2.0072399997843604,0.23685000041950843,0.10944299992843298,0.0
pd,00:06:28.971,355,-90.0,-89.997,39.92,-89.959,0.098,0.003,0.0,0.0,0.0,0.0,0.0,0.0,-90.0,-89.997,40.0,-89.987,0.079,0.003,-90.0,-89.997,39.96,-89.973,0.0885,0.003,0.0,0.0,8.148235065565634,-2.8518822729471762,-1.9352058280718798,0.0,0.0,0.0,0.03999999999999915,-0.013999999999995794,-0.009500000000000008,0.0,0.0,-0.0137698,0.034424500000000004,-0.0826188,-0.0895037,-0.0275396,-0.00268742368739,-0.025521855921536,-0.026527472527139998,0.005105006105112,-0.000758852258868,0.000379426129434,0.08686195945291159,1.7933899998752167,0.2679790000001958,0.0942949995987874,0.0
pd,00:06:28.974,356,-90.0,-89.997,39.92,-89.959,0.098,0.003,0.0,0.0,0.0,0.0,0.0,0.0,-90.0,-89.997,40.0,-89.987,0.079,0.003,-90.0,-89.997,39.96,-89.973,0.0885,0.003,0.0,0.0,8.925000531971296,-3.1237501861890817,-2.1196876263432283,0.0,0.0,0.0,0.03999999999999915,-0.013999999999995794,-0.009500000000000008,0.0,0.0,-0.0137698,0.034424500000000004,-0.0826188,-0.0895037,-0.0275396,-0.00268742368739,-0.025521855921536,-0.026527472527139998,0.005105006105112,-0.000758852258868,0.000379426129434,0.08686195945291159,1.7579639998075436,0.15259200017680996,0.06746200006091385,0.0
pd,00:06:28.976,357,-90.0,-89.997,39.92,-89.959,0.098,0.003,0.0,0.0,0.0,0.0,0.0,0.0,-90.0,-89.997,40.0,-89.987,0.079,0.003,-90.0,-89.997,39.96,-89.973,0.0885,0.003,0.0,0.0,9.778072036367666,-3.422325212727728,-2.3222921086373707,0.0,0.0,0.0,0.03999999999999915,-0.013999999999995794,-0.009500000000000008,0.0,0.0,-0.0137698,0.034424500000000004,-0.0826188,-0.0895037,-0.0275396,-0.00268742368739,-0.025521855921536,-0.026527472527139998,0.005105006105112,-0.000758852258868,0.000379426129434,0.08686195945291159,1.7709449998619675,0.1687949998085969,0.07853699980842066,0.0
pd,00:06:28.978,358,-90.0,-89.998,39.92,-89.96,0.094,0.003,0.0,-0.477330602027999,0.0,-0.47733060202121574,-1.909322408102881,0.0,-90.0,-89.997,40.0,-89.987,0.079,0.003,-90.0,-89.9497669397972,39.96,-89.92576693979787,0.2774322408102881,0.003,0.0,11.511557832073203,9.546612040514193,8.170243617730579,43.778910968450816,0.0,0.0,0.04823306020280427,0.03999999999999915,0.03423306020212635,0.1834322408102881,0.0,0.0,-0.0137698,0.034424500000000004,-0.0826188,-0.0895037,-0.0275396,-0.00268742368739,-0.025521855921536,-0.026527472527139998,0.005105006105112,-0.000758852258868,0.000379426129434,0.08576129663198774,1.7139830001724476,0.1337759999842092,0.057498999922245275,0.0
pd,00:06:28.980,359,-90.0,-89.998,39.92,-89.96,0.094,0.003,0.0,0.0,0.0,0.0,0.0,0.0,-90.0,-89.997,40.0,-89.987,0.079,0.003,-90.0,-89.9975,39.96,-89.9735,0.0865,0.003,0.0,0.12700775193859093,10.160620155038544,-3.4292093023257113,-1.9051162790697673,0.0,0.0,0.0005000000000023874,0.03999999999999915,-0.013500000000007617,-0.007500000000000007,0.0,0.0,-0.0137698,0.034424500000000004,-0.0826188,-0.0895037,-0.0275396,-0.00268742368739,-0.025521855921536,-0.026527472527139998,0.005105006105112,-0.000758852258868,0.000379426129434,0.08576129663198774,1.715317000162031,0.13759100011156988,0.06077699981688056,0.0
pd,00:06:28.982,360,-90.0,-89.998,39.92,-89.96,0.094,0.003,0.0,0.0,0.0,0.0,0.0,0.0,-90.0,-89.997,40.0,-89.987,0.079,0.003,-90.0,-89.9975,39.96,-89.9735,0.0865,0.003,0.0,0.12641060880108582,10.112848704038361,-3.413086437613149,-1.8961591320072333,0.0,0.0,0.0005000000000023874,0.03999999999999915,-0.013500000000007617,-0.007500000000000007,0.0,0.0,-0.0137698,0.034424500000000004,-0.0826188,-0.0895037,-0.0275396,-0.00268742368739,-0.025521855921536,-0.026527472527139998,0.005105006105112,-0.000758852258868,0.000379426129434,0.08576129663198774,1.6881500000636152,0.15170200003922218,0.15912800017758855,0.0
pd,00:06:28.985,361,-90.0,-89.998,39.92,-89.96,0.094,0.003,0.0,0.0,0.0,0.0,0.0,0.0,-90.0,-89.997,40.0,-89.987,0.079,0.003,-90.0,-89.9975,39.96,-89.9735,0.0865,0.003,0.0,0.0685075133937676,5.480601071475122,-1.8497028616229632,-1.0276127009016072,0.0,0.0,0.0005000000000023874,0.03999999999999915,-0.013500000000007617,-0.007500000000000007,0.0,0.0137698,-0.0068849,0.0481943,-0.0206547,-0.0826188,-0.0,-0.001837851037828,-0.027203663003322,-0.0010056166056039999,0.006088064713191001,-0.0027767094017670003,-0.000500152625163,0.08576129663198774,3.2392099997196055,0.2933870000561001,0.1271840001209057,0.0
pd,00:06:28.989,362,-90.0,-89.998,39.92,-89.96,0.094,0.003,0.0,0.0,0.0,0.0,0.0,0.0,-90.0,-89.997,40.0,-89.987,0.079,0.003,-90.0,-89.9975,39.96,-89.9735,0.0865,0.003,0.0,0.06618544467619812,5.294835574070454,-1.7870070062488843,-0.9927816701382314,0.0,0.0,0.0005000000000023874,0.03999999999999915,-0.013500000000007617,-0.007500000000000007,0.0,0.0137698,-0.0068849,0.0481943,-0.0206547,-0.0826188,-0.0,-0.001837851037828,-0.027203663003322,-0.0010056166056039999,0.006088064713191001,-0.0027767094017670003,-0.000500152625163,0.08576129663198774,1.9322219995956402,0.26259100013703573,0.12644300022657262,0.0
pd,00:06:28.991,363,-90.0,-89.998,39.92,-89.96,0.094,0.003,0.0,0.0,0.0,0.0,0.0,0.0,-90.0,-89.997,40.0,-89.987,0.079,0.003,-90.0,-89.9975,39.96,-89.9735,0.0865,0.003,0.0,0.10276127009065139,8.220901607212683,-2.7745542924344444,-1.5414190513524109,0.0,0.0,0.0005000000000023874,0.03999999999999915,-0.013500000000007617,-0.007500000000000007,0.0,0.0137698,-0.0068849,0.0481943,-0.0206547,-0.0826188,-0.0,-0.001837851037828,-0.027203663003322,-0.0010056166056039999,0.006088064713191001,-0.0027767094017670003,-0.000500152625163,0.08576129663198774,2.16746099977172,0.25649700000940356,0.1257579997400171,0.0
pd,00:06:28.994,364,-90.0,-89.998,39.92,-89.96,0.094,0.003,0.0,0.0,0.0,0.0,0.0,0.0,-90.0,-89.997,40.0,-89.987,0.079,0.003,-90.0,-89.9975,39.96,-89.9735,0.0865,0.003,0.0,0.08810822619989973,7.048658095958173,-2.3789221073860243,-1.3216233929921855,0.0,0.0,0.0005000000000023874,0.03999999999999915,-0.013500000000007617,-0.007500000000000007,0.0,0.0137698,-0.0068849,0.0481943,-0.0206547,-0.0826188,-0.0,-0.001837851037828,-0.027203663003322,-0.0010056166056039999,0.006088064713191001,-0.0027767094017670003,-0.000500152625163,0.08576129663198774,1.8437229996379756,0.1713870001367468,0.07683200010433211,0.0
pd,00:06:28.996,365,-90.0,-89.998,39.92,-89.96,0.094,0.003,0.0,0.0,0.0,0.0,0.0,0.0,-90.0,-89.997,40.0,-89.987,0.079,0.003,-90.0,-89.9975,39.96,-89.9735,0.0865,0.003,0.0,0.11534220657848496,9.227376526234542,-3.114239577604342,-1.7301330986690133,0.0,0.0,0.0005000000000023874,0.03999999999999915,-0.013500000000007617,-0.007500000000000007,0.0,0.0137698,-0.0068849,0.0481943,-0.0206547,-0.0826188,-0.0,-0.001837851037828,-0.027203663003322,-0.0010056166056039999,0.006088064713191001,-0.0027767094017670003,-0.000500152625163,0.08576129663198774,1.81412999972963,0.18807199967341148,0.09853600022324827,0.0
pd,00:06:28.999,366,-90.0,-89.998,39.92,-89.961,0.093,0.003,0.0,0.0,0.0,-0.4278592267693591,-0.4278592267673165,0.0,-90.0,-89.997,40.0,-89.987,0.079,0.003,-90.0,-89.9975,39.96,-89.93121407732306,0.12878592267673167,0.003,0.0,0.10696480669233978,8.55718453534614,6.372090922552835,7.655668602810684,0.0,0.0,0.0005000000000023874,0.03999999999999915,0.02978592267693614,0.03578592267673167,0.0,0.0137698,-0.0068849,0.0481943,-0.0206547,-0.0826188,-0.0,-0.001837851037828,-0.027203663003322,-0.0010056166056039999,0.006088064713191001,-0.0027767094017670003,-0.000500152625163,0.08528188553262377,1.7360209999424114,0.2237749999949301,0.06844400013505947,0.0
pd,00:06:29.001,367,-90.0,-89.998,39.92,-89.961,0.093,0.003,0.0,0.0,0.0,0.0,0.0,0.0,-90.0,-89.997,40.0,-89.987,0.079,0.003,-90.0,-89.9975,39.96,-89.97399999999999,0.086,0.003,0.0,0.11915636363693259,9.532509090908889,-3.0980654545450075,-1.6681890909090908,0.0,0.0,0.0005000000000023874,0.03999999999999915,-0.012999999999991019,-0.007000000000000006,0.0,0.0137698,-0.0068849,0.0481943,-0.0206547,-0.0826188,-0.0,-0.001837851037828,-0.027203663003322,-0.0010056166056039999,0.006088064713191001,-0.0027767094017670003,-0.000500152625163,0.08528188553262377,1.667650999934267,0.1690540002527996,0.08533200025340193,0.0
pd,00:06:29.003,368,-90.0,-89.998,39.92,-89.961,0.093,0.003,0.0,0.0,0.0,0.0,0.0,0.0,-90.0,-89.997,40.0,-89.987,0.079,0.003,-90.0,-89.9975,39.96,-89.97399999999999,0.086,0.003,0.0,0.12503887431493046,10.00310994514646,-3.2510107321721997,-1.7505442404006677,0.0,0.0,0.0005000000000023874,0.03999999999999915,-0.012999999999991019,-0.007000000000000006,0.0,-0.034424500000000004,-0.0068849,0.0068849,-0.1790074,-0.6540655,0.0068849,-0.0018898656898419998,-0.030532600732217998,-0.003589010988966,0.00551892551904,-0.0029491758242370003,0.00010347985348200002,0.08528188553262377,3.7205570001788146,0.6249200000638666,0.29271900029925746,0.0
pd,00:06:29.008,369,-90.0,-89.998,39.92,-89.961,0.093,0.003,0.0,0.0,0.0,0.0,0.0,0.0,-90.0,-89.997,40.0,-89.987,0.079,0.003,-90.0,-89.9975,39.96,-89.97399999999999,0.086,0.003,0.0,0.052439287857821905,4.1951430286056315,-1.3634214842966625,-0.7341500300060011,0.0,0.0,0.0005000000000023874,0.03999999999999915,-0.012999999999991019,-0.007000000000000006,0.0,-0.034424500000000004,-0.0068849,0.0068849,-0.1790074,-0.6540655,0.0068849,-0.0018898656898419998,-0.030532600732217998,-0.003589010988966,0.00551892551904,-0.0029491758242370003,0.00010347985348200002,0.08528188553262377,1.9440740002210077,0.20835000032093376,0.08448100015812088,0.0
pd,00:06:29.010,370,-90.0,-89.998,39.92,-89.961,0.093,0.003,0.0,0.0,0.0,0.0,0.0,0.0,-90.0,-89.997,40.0,-89.987,0.079,0.003,-90.0,-89.9975,39.96,-89.97399999999999,0.086,0.003,0.0,0.10777839449121254,8.62227155925565,-2.8022382567577413,-1.5088975228697705,0.0,0.0,0.0005000000000023874,0.03999999999999915,-0.012999999999991019,-0.007000000000000006,0.0,-0.034424500000000004,-0.0068849,0.0068849,-0.1790074,-0.6540655,0.0068849,-0.0018898656898419998,-0.030532600732217998,-0.003589010988966,0.00551892551904,-0.0029491758242370003,0.00010347985348200002,0.08528188553262377,1.723928000046726,0.13931300009062397,0.06068400034564547,0.0
pd,00:06:29.013,371,-90.0,-89.998,39.92,-89.961,0.093,0.003,0.0,0.0,0.0,0.0,0.0,0.0,-90.0,-89.997,40.0,-89.987,0.079,0.003,-90.0,-89.9975,39.96,-89.97399999999999,0.086,0.003,0.0,0.08924810622223225,7.139848497744337,-2.320450761766624,-1.2494734871052855,0.0,0.0,0.0005000000000023874,0.03999999999999915,-0.012999999999991019,-0.007000000000000006,0.0,-0.034424500000000004,-0.0068849,0.0068849,-0.1790074,-0.6540655,0.0068849,-0.0018898656898419998,-0.030532600732217998,-0.003589010988966,0.00551892551904,-0.0029491758242370003,0.00010347985348200002,0.08528188553262377,1.9983879997198528,0.23560799991173553,0.10233200009679422,0.0
pd,00:06:29.015,372,-90.0,-89.998,39.92,-89.961,0.093,0.003,0.0,0.0,0.0,0.0,0.0,0.0,-90.0,-89.997,40.0,-89.987,0.079,0.003,-90.0,-89.9975,39.96,-89.97399999999999,0.086,0.003,0.0,0.10243000879212727,8.19440070333088,-2.6631802285822084,-1.4340201230829344,0.0,0.0,0.0005000000000023874,0.03999999999999915,-0.012999999999991019,-0.007000000000000006,0.0,-0.034424500000000004,-0.0068849,0.0068849,-0.1790074,-0.6540655,0.0068849,-0.0018898656898419998,-0.030532600732217998,-0.003589010988966,0.00551892551904,-0.0029491758242370003,0.00010347985348200002,0.08528188553262377,1.769742000305996,0.15399799985971185,0.06507399984911899,0.0
pd,00:06:29.017,373,-90.0,-89.998,39.92,-89.961,0.093,0.003,0.0,0.0,0.0,0.0,0.0,0.0,-90.0,-89.997,40.0,-89.987,0.079,0.003,-90.0,-89.9975,39.96,-89.97399999999999,0.086,0.003,0.0,0.12160222660385095,9.728178128261419,-3.1616578916845723,-1.7024311724457843,0.0,0.0,0.0005000000000023874,0.03999999999999915,-0.012999999999991019,-0.007000000000000006,0.0,-0.034424500000000004,-0.0068849,0.0068849,-0.1790074,-0.6540655,0.0068849,-0.0018898656898419998,-0.030532600732217998,-0.003589010988966,0.00551892551904,-0.0029491758242370003,0.00010347985348200002,0.08528188553262377,2.02411000009306,0.25722000009409385,0.12440599994079093,0.0
pd,00:06:29.020,374,-90.0,-89.998,39.921,-89.962,0.092,0.003,0.0,0.0,0.39763974213028297,-0.3976397421331084,-0.39763974213121006,0.0,-90.0,-89.997,40.0,-89.987,0.079,0.003,-90.0,-89.9975,39.92073602578697,-89.93473602578669,0.12526397421312102,0.003,0.0,0.0994099355332771,-0.05248331899886834,5.420619837827284,6.613539064182324,0.0,0.0,0.0005000000000023874,-0.0002639742130270406,0.02726397421331228,0.03326397421312102,0.0,-0.034424500000000004,-0.0068849,0.0068849,-0.1790074,-0.6540655,0.0068849,-0.0018898656898419998,-0.030532600732217998,-0.003589010988966,0.00551892551904,-0.0029491758242370003,0.00010347985348200002,0.08388086790204118,2.147627000340435,0.2449789999445784,0.12309100020502228,0.0
pd,00:06:29.022,375,-90.0,-89.998,39.921,-89.962,0.092,0.003,0.0,0.0,0.0,0.0,0.0,0.0,-90.0,-89.997,40.0,-89.987,0.079,0.003,-90.0,-89.9975,39.960499999999996,-89.9745,0.08549999999999999,0.003,0.0,0.09529910024584266,7.528628919385682,-2.382477506133878,-1.2388883031900388,0.0,0.0,0.0005000000000023874,0.03949999999999676,-0.012500000000002842,-0.006500000000000006,0.0,-0.0137698,0.0275396,0.0757339,-0.0068849,-0.0275396,-0.0137698,-0.002548717948686,-0.02912820512784,0.001543101343082,0.006226037851167001,-0.002655982906038,0.00020695970696400003,0.08388086790204118,3.5935209998569917,0.2610719998301647,0.1252950000889541,0.0
pd,00:06:29.027,376,-90.0,-89.998,39.921,-89.962,0.092,0.003,0.0,0.0,0.0,0.0,0.0,0.0,-90.0,-89.997,40.0,-89.987,0.079,0.003,-90.0,-89.9975,39.960499999999996,-89.9745,0.08549999999999999,0.003,0.0,0.060910601220157234,4.811937496369484,-1.5227650304961404,-0.791837815858263,0.0,0.0,0.0005000000000023874,0.03949999999999676,-0.012500000000002842,-0.006500000000000006,0.0,-0.0137698,0.0275396,0.0757339,-0.0068849,-0.0275396,-0.0137698,-0.002548717948686,-0.02912820512784,0.001543101343082,0.006226037851167001,-0.002655982906038,0.00020695970696400003,0.08388086790204118,2.7407509996919543,0.21966400026940391,0.10520299974814407,0.0
pd,00:06:29.030,377,-90.0,-89.998,39.921,-89.962,0.092,0.003,0.0,0.0,0.0,0.0,0.0,0.0,-90.0,-89.997,40.0,-89.987,0.079,0.003,-90.0,-89.9975,39.960499999999996,-89.9745,0.08549999999999999,0.003,0.0,0.07919758308194916,6.2566090634441585,-1.9799395770385997,-1.0295685800604228,0.0,0.0,0.0005000000000023874,0.03949999999999676,-0.012500000000002842,-0.006500000000000006,0.0,-0.0137698,0.0275396,0.0757339,-0.0068849,-0.0275396,-0.0137698,-0.002548717948686,-0.02912820512784,0.001543101343082,0.006226037851167001,-0.002655982906038,0.00020695970696400003,0.08388086790204118,1.7356309999740915,0.14022100003785454,0.06123999992269091,0.0
pd,00:06:29.032,378,-90.0,-89.998,39.921,-89.962,0.092,0.003,0.0,0.0,0.0,0.0,0.0,0.0,-90.0,-89.997,40.0,-89.987,0.079,0.003,-90.0,-89.9975,39.960499999999996,-89.9745,0.08549999999999999,0.003,0.0,0.12472653740989732,9.853396455334918,-3.1181634352314807,-1.6214449863209228,0.0,0.0,0.0005000000000023874,0.03949999999999676,-0.012500000000002842,-0.006500000000000006,0.0,-0.0137698,0.0275396,0.0757339,-0.0068849,-0.0275396,-0.0137698,-0.002548717948686,-0.02912820512784,0.001543101343082,0.006226037851167001,-0.002655982906038,0.00020695970696400003,0.08388086790204118,1.7276309999942896,0.15209100001811748,0.06766600017726887,0.0
pd,00:06:29.034,379,-90.0,-89.998,39.921,-89.962,0.092,0.003,0.0,0.0,0.0,0.0,0.0,0.0,-90.0,-89.997,40.0,-89.987,0.079,0.003,-90.0,-89.9975,39.960499999999996,-89.9745,0.08549999999999999,0.003,0.0,0.12395980612424717,9.792824683768844,-3.098995153090325,-1.6114774796075184,0.0,0.0,0.0005000000000023874,0.03949999999999676,-0.012500000000002842,-0.006500000000000006,0.0,-0.0137698,0.0275396,0.0757339,-0.0068849,-0.0275396,-0.0137698,-0.002548717948686,-0.02912820512784,0.001543101343082,0.006226037851167001,-0.002655982906038,0.00020695970696400003,0.08388086790204118,1.6871499997250794,0.15414600011354196,0.07012900005065603,0.0
pd,00:06:29.036,380,-90.0,-89.998,39.921,-89.962,0.092,0.003,0.0,0.0,0.0,0.0,0.0,0.0,-90.0,-89.997,40.0,-89.987,0.079,0.003,-90.0,-89.9975,39.960499999999996,-89.9745,0.08549999999999999,0.003,0.0,0.12636490720715918,9.982827669317986,-3.1591226801628176,-1.6427437936852252,0.0,0.0,0.0005000000000023874,0.03949999999999676,-0.012500000000002842,-0.006500000000000006,0.0,-0.0137698,0.0275396,0.0757339,-0.0068849,-0.0275396,-0.0137698,-0.002548717948686,-0.02912820512784,0.001543101343082,0.006226037851167001,-0.002655982906038,0.00020695970696400003,0.08388086790204118,1.7662979998931405,0.15753599973322707,0.0747589997445175,0.0
pd,00:06:29.038,381,-90.0,-89.998,39.921,-89.962,0.092,0.003,0.0,0.0,0.0,0.0,0.0,0.0,-90.0,-89.997,40.0,-89.987,0.079,0.003,-90.0,-89.9975,39.960499999999996,-89.9745,0.08549999999999999,0.003,0.0,0.10184304584353213,8.045600621600686,-2.546076146075278,-1.3239595959595958,0.0,0.0,0.0005000000000023874,0.03949999999999676,-0.012500000000002842,-0.006500000000000006,0.0,-0.0137698,0.0275396,0.0757339,-0.0068849,-0.0275396,-0.0137698,-0.002548717948686,-0.02912820512784,0.001543101343082,0.006226037851167001,-0.002655982906038,0.00020695970696400003,0.08388086790204118,1.8716120002864045,0.22768200005884864,0.09912800032907398,0.0
pd,00:06:29.040,382,-90.0,-89.998,39.921,-89.968,0.077,0.003,0.0,0.0,0.0,-2.615718116619993,-6.539295291549735,0.0,-90.0,-89.997,40.0,-89.987,0.079,0.003,-90.0,-89.9975,39.960499999999996,-89.715928188338,0.7319295291549734,0.003,0.0,0.10898825485968265,8.610072133873885,54.94573370445841,142.75925287666678,0.0,0.0,0.0005000000000023874,0.03949999999999676,0.252071811662006,0.6549295291549735,0.0,-0.0137698,0.0275396,0.0757339,-0.0068849,-0.0275396,-0.0137698,-0.002548717948686,-0.02912820512784,0.001543101343082,0.006226037851167001,-0.002655982906038,0.00020695970696400003,0.0812834546509914,1.7779089998839481,0.20007200009786175,0.07029500011412892,0.0
pd,00:06:29.043,383,-90.0,-89.998,39.921,-89.968,0.077,0.003,0.0,0.0,0.0,0.0,0.0,0.0,-90.0,-89.997,40.0,-89.987,0.079,0.003,-90.0,-89.9975,39.960499999999996,-89.97749999999999,0.078,0.003,0.0,0.11802971634455277,9.32434759117522,-2.2425646105347616,0.2360594326879786,0.0,0.0,0.0005000000000023874,0.03949999999999676,-0.009499999999988518,0.0010000000000000009,0.0,0.0206547,-0.034424500000000004,0.0619641,-0.0895037,-0.0,-0.0,-0.002236630036602,-0.028885470085108,0.005097435897372,0.004691086691184,-0.000758852258868,0.000137973137976,0.0812834546509914,4.1698300001371535,0.6683080000584596,0.33449600005042157,0.0
pd,00:06:29.048,384,-90.0,-89.998,39.921,-89.968,0.077,0.003,0.0,0.0,0.0,0.0,0.0,0.0,-90.0,-89.997,40.0,-89.987,0.079,0.003,-90.0,-89.9975,39.960499999999996,-89.97749999999999,0.078,0.003,0.0,0.046010355419263134,3.6348180781044603,-0.8741967529614226,0.09202071083808697,0.0,0.0,0.0005000000000023874,0.03949999999999676,-0.009499999999988518,0.0010000000000000009,0.0,0.0206547,-0.034424500000000004,0.0619641,-0.0895037,-0.0,-0.0,-0.002236630036602,-0.028885470085108,0.005097435897372,0.004691086691184,-0.000758852258868,0.000137973137976,0.0812834546509914,1.9046659999730764,0.19918299994969857,0.08727700014787843,0.0
pd,00:06:29.050,385,-90.0,-89.998,39.921,-89.968,0.077,0.003,0.0,0.0,0.0,0.0,0.0,0.0,-90.0,-89.997,40.0,-89.987,0.079,0.003,-90.0,-89.9975,39.960499999999996,-89.97749999999999,0.078,0.003,0.0,0.11004050792370729,8.693200125931437,-2.0907696505394924,0.22008101584636391,0.0,0.0,0.0005000000000023874,0.03949999999999676,-0.009499999999988518,0.0010000000000000009,0.0,0.0206547,-0.034424500000000004,0.0619641,-0.0895037,-0.0,-0.0,-0.002236630036602,-0.028885470085108,0.005097435897372,0.004691086691184,-0.000758852258868,0.000137973137976,0.0812834546509914,1.7221309999513323,0.1819239996621036,0.06014800010234467,0.0
pd,00:06:29.052,386,-90.0,-89.998,39.921,-89.968,0.077,0.003,0.0,0.0,0.0,0.0,0.0,0.0,-90.0,-89.997,40.0,-89.987,0.079,0.003,-90.0,-89.9975,39.960499999999996,-89.97749999999999,0.078,0.003,0.0,0.12320244389672269,9.732993067794697,-2.3408464340254755,0.24640488779226905,0.0,0.0,0.0005000000000023874,0.03949999999999676,-0.009499999999988518,0.0010000000000000009,0.0,0.0206547,-0.034424500000000004,0.0619641,-0.0895037,-0.0,-0.0,-0.002236630036602,-0.028885470085108,0.005097435897372,0.004691086691184,-0.000758852258868,0.000137973137976,0.0812834546509914,1.7736869999680493,0.15492400007133256,0.06775900010325131,0.0
pd,00:06:29.054,387,-90.0,-89.998,39.921,-89.968,0.077,0.003,0.0,0.0,0.0,0.0,0.0,0.0,-90.0,-89.997,40.0,-89.987,0.079,0.003,-90.0,-89.9975,39.960499999999996,-89.97749999999999,0.078,0.003,0.0,0.1209430219152257,9.554498731257285,-2.297917416377257,0.24188604382929663,0.0,0.0,0.0005000000000023874,0.03949999999999676,-0.009499999999988518,0.0010000000000000009,0.0,0.0206547,-0.034424500000000004,0.0619641,-0.0895037,-0.0,-0.0,-0.002236630036602,-0.028885470085108,0.005097435897372,0.004691086691184,-0.000758852258868,0.000137973137976,0.0812834546509914,1.6945570000643784,0.14799900009165867,0.06444299970098655,0.0
pd,00:06:29.056,388,-90.0,-89.998,39.921,-89.968,0.077,0.003,0.0,0.0,0.0,0.0,0.0,0.0,-90.0,-89.997,40.0,-89.987,0.079,0.003,-90.0,-89.9975,39.960499999999996,-89.97749999999999,0.078,0.003,0.0,0.12660903163547535,10.002113499154873,-2.4055716010614367,0.25321806326974183,0.0,0.0,0.0005000000000023874,0.03949999999999676,-0.009499999999988518,0.0010000000000000009,0.0,0.0206547,-0.034424500000000004,0.0619641,-0.0895037,-0.0,-0.0,-0.002236630036602,-0.028885470085108,0.005097435897372,0.004691086691184,-0.000758852258868,0.000137973137976,0.0812834546509914,1.7302610003753216,0.14125699999567587,0.06492500006061164,0.0
pd,00:06:29.058,389,-90.0,-89.998,39.921,-89.968,0.077,0.003,0.0,0.0,0.0,0.0,0.0,0.0,-90.0,-89.997,40.0,-89.987,0.079,0.003,-90.0,-89.9975,39.960499999999996,-89.97749999999999,0.078,0.003,0.0,0.12471170314046227,9.852224548049554,-2.3695223596563775,0.2494234062797338,0.0,0.0,0.0005000000000023874,0.03949999999999676,-0.009499999999988518,0.0010000000000000009,0.0,0.0206547,-0.034424500000000004,0.0619641,-0.0895037,-0.0,-0.0,-0.002236630036602,-0.028885470085108,0.005097435897372,0.004691086691184,-0.000758852258868,0.000137973137976,0.0812834546509914,1.655114000186586,0.14448000001721084,0.061499999901570845,0.0
pd,00:06:29.060,390,-90.0,-89.997,39.922,-89.968,0.077,0.003,0.0,0.5187760049499106,0.5187760049462244,0.0,0.0,0.0,-90.0,-89.997,40.0,-89.987,0.079,0.003,-90.0,-90.04887760049499,39.90912239950538,-89.97749999999999,0.078,0.003,0.0,-13.456427165525232,-3.3402950689542807,-2.464186023499174,0.259388002473717,0.0,0.0,-0.051877600494989906,-0.012877600494618946,-0.009499999999988518,0.0010000000000000009,0.0,0.0206547,-0.034424500000000004,0.0619641,-0.0895037,-0.0,-0.0,-0.002236630036602,-0.028885470085108,0.005097435897372,0.004691086691184,-0.000758852258868,0.000137973137976,0.0803056660516562,1.6865020002114761,0.1363129999845114,0.05968400000710972,0.0
pd,00:06:29.063,391,-90.0,-89.997,39.922,-89.968,0.077,0.003,0.0,0.0,0.0,0.0,0.0,0.0,-90.0,-89.997,40.0,-89.987,0.079,0.003,-90.0,-89.997,39.961,-89.97749999999999,0.078,0.003,0.0,0.0,8.33815149352667,-2.0310881843195863,0.21379875624426567,0.0,0.0,0.0,0.03900000000000148,-0.009499999999988518,0.0010000000000000009,0.0,0.0275396,-0.034424500000000004,-0.0,0.1032735,0.1101584,0.0137698,-0.002826129426094,-0.029162881562516,0.004282539682486,0.0030181623932250003,-0.000362179487187,6.8986568988e-05,0.0803056660516562,3.6709830001200316,0.24594200021965662,0.3891999999723339,0.0
pd,00:06:29.067,392,-90.0,-89.997,39.922,-89.968,0.077,0.003,0.0,0.0,0.0,0.0,0.0,0.0,-90.0,-89.997,40.0,-89.987,0.079,0.003,-90.0,-89.997,39.961,-89.97749999999999,0.078,0.003,0.0,0.0,4.349086887163836,-1.0593929596932268,0.11151504838881218,0.0,0.0,0.0,0.03900000000000148,-0.009499999999988518,0.0010000000000000009,0.0,0.0275396,-0.034424500000000004,-0.0,0.1032735,0.1101584,0.0137698,-0.002826129426094,-0.029162881562516,0.004282539682486,0.0030181623932250003,-0.000362179487187,6.8986568988e-05,0.0803056660516562,2.5934930004041234,0.2557010002419702,0.1340910002909368,0.0
pd,00:06:29.070,393,-90.0,-89.997,39.922,-89.968,0.077,0.003,0.0,0.0,0.0,0.0,0.0,0.0,-90.0,-89.997,40.0,-89.987,0.079,0.003,-90.0,-89.997,39.961,-89.97749999999999,0.078,0.003,0.0,0.0,6.301150077041841,-1.5348955315863497,0.16156795069337457,0.0,0.0,0.0,0.03900000000000148,-0.009499999999988518,0.0010000000000000009,0.0,0.0275396,-0.034424500000000004,-0.0,0.1032735,0.1101584,0.0137698,-0.002826129426094,-0.029162881562516,0.004282539682486,0.0030181623932250003,-0.000362179487187,6.8986568988e-05,0.0803056660516562,2.1230539996395237,0.22771999965698342,0.11553600006664055,0.0
pd,00:06:29.073,394,-90.0,-89.997,39.922,-89.968,0.077,0.003,0.0,0.0,0.0,0.0,0.0,0.0,-90.0,-89.997,40.0,-89.987,0.079,0.003,-90.0,-89.997,39.961,-89.97749999999999,0.078,0.003,0.0,0.0,7.448222201985529,-1.814310536380186,0.19098005646116037,0.0,0.0,0.0,0.03900000000000148,-0.009499999999988518,0.0010000000000000009,0.0,0.0275396,-0.034424500000000004,-0.0,0.1032735,0.1101584,0.0137698,-0.002826129426094,-0.029162881562516,0.004282539682486,0.0030181623932250003,-0.000362179487187,6.8986568988e-05,0.0803056660516562,1.6955209998741338,0.25494200008324697,0.0791659999777039,0.0
pd,00:06:29.075,395,-90.0,-89.997,39.922,-89.968,0.077,0.003,0.0,0.0,0.0,0.0,0.0,0.0,-90.0,-89.997,40.0,-89.987,0.079,0.003,-90.0,-89.997,39.961,-89.97749999999999,0.078,0.003,0.0,0.0,9.253187917185553,-2.2539816721338184,0.23726122864577462,0.0,0.0,0.0,0.03900000000000148,-0.009499999999988518,0.0010000000000000009,0.0,0.0275396,-0.034424500000000004,-0.0,0.1032735,0.1101584,0.0137698,-0.002826129426094,-0.029162881562516,0.004282539682486,0.0030181623932250003,-0.000362179487187,6.8986568988e-05,0.0803056660516562,1.7301309999311343,0.16257200013569673,0.07194399995569256,0.0
pd,00:06:29.077,396,-90.0,-89.997,39.922,-89.968,0.077,0.003,0.0,0.0,0.0,0.0,0.0,0.0,-90.0,-89.997,40.0,-89.987,0.079,0.003,-90.0,-89.997,39.961,-89.97749999999999,0.078,0.003,0.0,0.0,9.576036529680728,-2.3326242828697836,0.24553939819693266,0.0,0.0,0.0,0.03900000000000148,-0.009499999999988518,0.0010000000000000009,0.0,0.0275396,-0.034424500000000004,-0.0,0.1032735,0.1101584,0.0137698,-0.002826129426094,-0.029162881562516,0.004282539682486,0.0030181623932250003,-0.000362179487187,6.8986568988e-05,0.0803056660516562,1.6663169999446836,0.15709099989180686,0.07355500019912142,0.0
pd,00:06:29.079,397,-90.0,-89.998,39.923,-89.968,0.077,0.003,0.0,-0.5074164045511768,0.5074164045511768,0.0,0.0,0.0,-90.0,-89.997,40.0,-89.987,0.079,0.003,-90.0,-89.94675835954489,39.910758359544886,-89.97749999999999,0.078,0.003,0.0,13.000424481458499,-3.1058045927574227,-2.4102279216054705,0.2537082022743772,0.0,0.0,0.051241640455117476,-0.012241640455115999,-0.009499999999988518,0.0010000000000000009,0.0,0.0275396,-0.034424500000000004,-0.0,0.1032735,0.1101584,0.0137698,-0.002826129426094,-0.029162881562516,0.004282539682486,0.0030181623932250003,-0.000362179487187,6.8986568988e-05,0.07934103604062274,1.691669000138063,0.14731400005985051,0.06833299994468689,0.0
pd,00:06:29.081,398,-90.0,-89.998,39.923,-89.968,0.077,0.003,0.0,0.0,0.0,0.0,0.0,0.0,-90.0,-89.997,40.0,-89.987,0.079,0.003,-90.0,-89.9975,39.9615,-89.97749999999999,0.078,0.003,0.0,0.1264715957067913,9.738312869376202,-2.4029603184164543,0.2529431914123751,0.0,0.0,0.0005000000000023874,0.03849999999999909,-0.009499999999988518,0.0010000000000000009,0.0,0.0275396,-0.034424500000000004,-0.0,0.1032735,0.1101584,0.0137698,-0.002826129426094,-0.029162881562516,0.004282539682486,0.0030181623932250003,-0.000362179487187,6.8986568988e-05,0.07934103604062274,1.685502999862365,0.3614780002862972,0.13488800004779478,0.0
pd,00:06:29.083,399,-90.0,-89.998,39.923,-89.968,0.077,0.003,0.0,0.0,0.0,0.0,0.0,0.0,-90.0,-89.997,40.0,-89.987,0.079,0.003,-90.0,-89.9975,39.9615,-89.97749999999999,0.078,0.003,0.0,0.10854824016614976,8.358214492753426,-2.062416563146048,0.21709648033126314,0.0,0.0,0.0005000000000023874,0.03849999999999909,-0.009499999999988518,0.0010000000000000009,0.0,-0.0068849,-0.0619641,0.1032735,2.7608449,4.0001269,-0.0137698,-0.002149938949912,-0.030532600732217998,0.008582417582309999,0.0026387362637910004,0.004225427350515,0.000137973137976,0.07934103604062274,3.980629000125191,0.3880140002365806,0.1090360001398949,0.0
pd,00:06:29.088,400,-90.0,-89.998,39.923,-89.968,0.077,0.003,0.0,0.0,0.0,0.0,0.0,0.0,-90.0,-89.997,40.0,-89.987,0.079,0.003,-90.0,-89.9975,39.9615,-89.97749999999999,0.078,0.003,0.0,0.05463325170661214,4.206760381388949,-1.038031782420196,0.10926650341270265,0.0,0.0,0.0005000000000023874,0.03849999999999909,-0.009499999999988518,0.0010000000000000009,0.0,-0.0068849,-0.0619641,0.1032735,2.7608449,4.0001269,-0.0137698,-0.002149938949912,-0.030532600732217998,0.008582417582309999,0.0026387362637910004,0.004225427350515,0.000137973137976,0.07934103604062274,1.7668539999249333,0.17209099996762234,0.0833690000945353,0.0
pd,00:06:29.090,401,-90.0,-89.998,39.923,-89.968,0.077,0.003,0.0,0.0,0.0,0.0,0.0,0.0,-90.0,-89.997,40.0,-89.987,0.079,0.003,-90.0,-89.9975,39.9615,-89.97749999999999,0.078,0.003,0.0,0.09288475507175187,7.152126140490574,-1.7648103463540457,0.18576951014261686,0.0,0.0,0.0005000000000023874,0.03849999999999909,-0.009499999999988518,0.0010000000000000009,0.0,-0.0068849,-0.0619641,0.1032735,2.7608449,4.0001269,-0.0137698,-0.002149938949912,-0.030532600732217998,0.008582417582309999,0.0026387362637910004,0.004225427350515,0.000137973137976,0.07934103604062274,1.8826299997272145,0.2838669997800025,0.09807300011743791,0.0
pd,00:06:29.093,402,-90.0,-89.998,39.923,-89.968,0.077,0.003,0.0,0.0,0.0,0.0,0.0,0.0,-90.0,-89.997,40.0,-89.987,0.079,0.003,-90.0,-89.9975,39.9615,-89.97749999999999,0.078,0.003,0.0,0.1047737809757201,8.067581135091736,-1.9907018385282595,0.20954756195043983,0.0,0.0,0.0005000000000023874,0.03849999999999909,-0.009499999999988518,0.0010000000000000009,0.0,-0.0068849,-0.0619641,0.1032735,2.7608449,4.0001269,-0.0137698,-0.002149938949912,-0.030532600732217998,0.008582417582309999,0.0026387362637910004,0.004225427350515,0.000137973137976,0.07934103604062274,1.7486679998910404,0.16168399997695815,0.0636660001873679,0.0
pd,00:06:29.095,403,-90.0,-89.998,39.923,-89.968,0.077,0.003,0.0,0.0,0.0,0.0,0.0,0.0,-90.0,-89.997,40.0,-89.987,0.079,0.003,-90.0,-89.9975,39.9615,-89.97749999999999,0.078,0.003,0.0,0.12218317408587821,9.408104404567478,-2.321480307619532,0.24436634817058983,0.0,0.0,0.0005000000000023874,0.03849999999999909,-0.009499999999988518,0.0010000000000000009,0.0,-0.0068849,-0.0619641,0.1032735,2.7608449,4.0001269,-0.0137698,-0.002149938949912,-0.030532600732217998,0.008582417582309999,0.0026387362637910004,0.004225427350515,0.000137973137976,0.07934103604062274,1.9146849999742699,0.232034999953612,0.11396099989724462,0.0
pd,00:06:29.097,404,-90.0,-89.998,39.923,-89.968,0.077,0.003,0.0,0.0,0.0,0.0,0.0,0.0,-90.0,-89.997,40.0,-89.987,0.079,0.003,-90.0,-89.9975,39.9615,-89.97749999999999,0.078,0.003,0.0,0.10573520217858291,8.141610567711817,-2.0089688413825573,0.21147040435615627,0.0,0.0,0.0005000000000023874,0.03849999999999909,-0.009499999999988518,0.0010000000000000009,0.0,-0.0068849,-0.0619641,0.1032735,2.7608449,4.0001269,-0.0137698,-0.002149938949912,-0.030532600732217998,0.008582417582309999,0.0026387362637910004,0.004225427350515,0.000137973137976,0.07934103604062274,2.0624050002879812,0.23422000003847643,0.11431400025685434,0.0
pd,00:06:29.100,405,-90.0,-89.998,39.923,-89.966,0.081,0.003,0.0,0.0,0.0,0.7973961977224386,1.5947923954372638,0.0,-90.0,-89.997,40.0,-89.987,0.079,0.003,-90.0,-89.9975,39.9615,-90.05623961977224,-0.07947923954372639,0.003,0.0,0.09967452471530483,7.674938403041644,-17.989182422490646,-31.991383856236208,0.0,0.0,0.0005000000000023874,0.03849999999999909,-0.09023961977224815,-0.1604792395437264,0.0,-0.0068849,-0.0619641,0.1032735,2.7608449,4.0001269,-0.0137698,-0.002149938949912,-0.030532600732217998,0.008582417582309999,0.0026387362637910004,0.004225427350515,0.000137973137976,0.07984359711335508,1.845575000061217,0.3542740000739286,0.13240599992059288,0.0
pd,00:06:29.102,406,-90.0,-89.998,39.923,-89.966,0.081,0.003,0.0,0.0,0.0,0.0,0.0,0.0,-90.0,-89.997,40.0,-89.987,0.079,0.003,-90.0,-89.9975,39.9615,-89.97649999999999,0.08,0.003,0.0,0.10190242954373244,7.846487074829747,-2.1399510204082444,-0.20380485908649193,0.0,0.0,0.0005000000000023874,0.03849999999999909,-0.010499999999993292,-0.0010000000000000009,0.0,-0.0137698,-0.0481943,0.0206547,-0.3648997,-0.1239282,-0.0275396,-0.002548717948686,-0.03944444444395,0.0038144078143599997,0.0032941086691770003,-0.0008968253968440001,0.00010347985348200002,0.07984359711335508,3.023730000222713,0.5153470001459937,0.1518129997748474,0.0
pd,00:06:29.106,407,-90.0,-89.998,39.923,-89.966,0.081,0.003,0.0,0.0,0.0,0.0,0.0,0.0,-90.0,-89.997,40.0,-89.987,0.079,0.003,-90.0,-89.9975,39.9615,-89.97649999999999,0.08,0.003,0.0,0.06333127982152605,4.876508546234106,-1.329956876245747,-0.1266625596424474,0.0,0.0,0.0005000000000023874,0.03849999999999909,-0.010499999999993292,-0.0010000000000000009,0.0,-0.0137698,-0.0481943,0.0206547,-0.3648997,-0.1239282,-0.0275396,-0.002548717948686,-0.03944444444395,0.0038144078143599997,0.0032941086691770003,-0.0008968253968440001,0.00010347985348200002,0.07984359711335508,2.4966979999589967,0.19509100002323976,0.09023999973578611,0.0
pd,00:06:29.109,408,-90.0,-89.998,39.923,-89.966,0.081,0.003,0.0,0.0,0.0,0.0,0.0,0.0,-90.0,-89.997,40.0,-89.987,0.079,0.003,-90.0,-89.9975,39.9615,-89.97649999999999,0.08,0.003,0.0,0.08725045764727965,6.718285238808296,-1.8322596105841933,-0.17450091529372624,0.0,0.0,0.0005000000000023874,0.03849999999999909,-0.010499999999993292,-0.0010000000000000009,0.0,-0.0137698,-0.0481943,0.0206547,-0.3648997,-0.1239282,-0.0275396,-0.002548717948686,-0.03944444444395,0.0038144078143599997,0.0032941086691770003,-0.0008968253968440001,0.00010347985348200002,0.07984359711335508,1.730686999962927,0.1974420001715771,0.06248099998629186,0.0
pd,00:06:29.111,409,-90.0,-89.998,39.923,-89.966,0.081,0.003,0.0,0.0,0.0,0.0,0.0,0.0,-90.0,-89.997,40.0,-89.987,0.079,0.003,-90.0,-89.9975,39.9615,-89.97649999999999,0.08,0.003,0.0,0.12151767296384364,9.356860818171063,-2.5518711322286283,-0.24303534592652704,0.0,0.0,0.0005000000000023874,0.03849999999999909,-0.010499999999993292,-0.0010000000000000009,0.0,-0.0137698,-0.0481943,0.0206547,-0.3648997,-0.1239282,-0.0275396,-0.002548717948686,-0.03944444444395,0.0038144078143599997,0.0032941086691770003,-0.0008968253968440001,0.00010347985348200002,0.07984359711335508,1.7037789998539665,0.16140600018843543,0.07042600009299349,0.0
pd,00:06:29.113,410,-90.0,-89.998,39.923,-89.966,0.081,0.003,0.0,0.0,0.0,0.0,0.0,0.0,-90.0,-89.997,40.0,-89.987,0.079,0.003,-90.0,-89.9975,39.9615,-89.97649999999999,0.08,0.003,0.0,0.12465240133202649,9.598234902519982,-2.6177004279601563,-0.2493048026628628,0.0,0.0,0.0005000000000023874,0.03849999999999909,-0.010499999999993292,-0.0010000000000000009,0.0,-0.0137698,-0.0481943,0.0206547,-0.3648997,-0.1239282,-0.0275396,-0.002548717948686,-0.03944444444395,0.0038144078143599997,0.0032941086691770003,-0.0008968253968440001,0.00010347985348200002,0.07984359711335508,1.7015019998325442,0.1297210001212079,0.05572100008066627,0.0
pd,00:06:29.116,411,-90.0,-89.998,39.923,-89.966,0.081,0.003,0.0,0.0,0.0,0.0,0.0,0.0,-90.0,-89.997,40.0,-89.987,0.079,0.003,-90.0,-89.9975,39.9615,-89.97649999999999,0.08,0.003,0.0,0.09777844088073544,7.528939947780501,-2.0533472584857173,-0.1955568817605373,0.0,0.0,0.0005000000000023874,0.03849999999999909,-0.010499999999993292,-0.0010000000000000009,0.0,-0.0137698,-0.0481943,0.0206547,-0.3648997,-0.1239282,-0.0275396,-0.002548717948686,-0.03944444444395,0.0038144078143599997,0.0032941086691770003,-0.0008968253968440001,0.00010347985348200002,0.07984359711335508,1.971832999970502,0.22938700021768454,0.09690600018075202,0.0
pd,00:06:29.118,412,-90.0,-89.998,39.923,-89.966,0.081,0.003,0.0,0.0,0.0,0.0,0.0,0.0,-90.0,-89.997,40.0,-89.987,0.079,0.003,-90.0,-89.9975,39.9615,-89.97649999999999,0.08,0.003,0.0,0.10446064953227802,8.043470013946811,-2.193673640167447,-0.20892129906355866,0.0,0.0,0.0005000000000023874,0.03849999999999909,-0.010499999999993292,-0.0010000000000000009,0.0,-0.0137698,-0.0481943,0.0206547,-0.3648997,-0.1239282,-0.0275396,-0.002548717948686,-0.03944444444395,0.0038144078143599997,0.0032941086691770003,-0.0008968253968440001,0.00010347985348200002,0.07984359711335508,1.684631999978592,0.161980000029871,0.07725799969193758,0.0
pd,00:06:29.120,413,-90.0,-89.998,39.924,-89.931,0.122,0.003,0.0,0.0,0.4996192971995503,17.486675402023312,20.4843911852293,0.0,-90.0,-89.997,40.0,-89.987,0.079,0.003,-90.0,-89.9975,39.91203807028005,-91.70766754020232,-1.94793911852293,0.003,0.0,0.12490482430077508,-2.988205459924073,-443.8286938976053,-517.0907638223466,0.0,0.0,0.0005000000000023874,-0.011961929719952025,-1.7766675402023253,-2.06993911852293,0.0,-0.0137698,-0.0481943,0.0206547,-0.3648997,-0.1239282,-0.0275396,-0.002548717948686,-0.03944444444395,0.0038144078143599997,0.0032941086691770003,-0.0008968253968440001,0.00010347985348200002,0.1037400597647784,2.109053999902244,0.26214599984086817,0.12909099996250006,0.0
pd,00:06:29.123,414,-90.0,-89.998,39.924,-89.931,0.122,0.003,0.0,0.0,0.0,0.0,0.0,0.0,-90.0,-89.997,40.0,-89.987,0.079,0.003,-90.0,-89.9975,39.962,-89.959,0.1005,0.003,0.0,0.09578660820361805,7.279782223440261,-5.364050059376748,-4.118824152735909,0.0,0.0,0.0005000000000023874,0.03800000000000381,-0.028000000000005798,-0.02149999999999999,0.0,0.0550792,0.0068849,-0.0206547,-0.0068849,-0.0068849,0.0137698,-0.003259584859544,-0.026908913308575998,0.0017164835164619999,0.005260225885335,-0.00034493284494,-0.000258699633705,0.1037400597647784,3.915202999905887,0.6007339998177486,0.1204250002047047,0.0
pd,00:06:29.128,415,-90.0,-89.998,39.924,-89.931,0.122,0.003,0.0,0.0,0.0,0.0,0.0,0.0,-90.0,-89.997,40.0,-89.987,0.079,0.003,-90.0,-89.9975,39.962,-89.959,0.1005,0.003,0.0,0.050434130152710636,3.832993891587732,-2.824311288538178,-2.168667596556202,0.0,0.0,0.0005000000000023874,0.03800000000000381,-0.028000000000005798,-0.02149999999999999,0.0,0.0550792,0.0068849,-0.0206547,-0.0068849,-0.0068849,0.0137698,-0.003259584859544,-0.026908913308575998,0.0017164835164619999,0.005260225885335,-0.00034493284494,-0.000258699633705,0.1037400597647784,1.8173160001424549,0.18777600007524597,0.08262900018962682,0.0
pd,00:06:29.130,416,-90.0,-89.998,39.924,-89.931,0.122,0.003,0.0,0.0,0.0,0.0,0.0,0.0,-90.0,-89.997,40.0,-89.987,0.079,0.003,-90.0,-89.9975,39.962,-89.959,0.1005,0.003,0.0,0.11545650737778097,8.774694560669515,-6.465564413124561,-4.964629817220876,0.0,0.0,0.0005000000000023874,0.03800000000000381,-0.028000000000005798,-0.02149999999999999,0.0,0.0550792,0.0068849,-0.0206547,-0.0068849,-0.0068849,0.0137698,-0.003259584859544,-0.026908913308575998,0.0017164835164619999,0.005260225885335,-0.00034493284494,-0.000258699633705,0.1037400597647784,1.7145940000773408,0.13644299997395137,0.058924999848386506,0.0
pd,00:06:29.132,417,-90.0,-89.998,39.924,-89.931,0.122,0.003,0.0,0.0,0.0,0.0,0.0,0.0,-90.0,-89.997,40.0,-89.987,0.079,0.003,-90.0,-89.9975,39.962,-89.959,0.1005,0.003,0.0,0.12660903163547535,9.622286404250247,-7.090105771552434,-5.444188360299444,0.0,0.0,0.0005000000000023874,0.03800000000000381,-0.028000000000005798,-0.02149999999999999,0.0,0.0550792,0.0068849,-0.0206547,-0.0068849,-0.0068849,0.0137698,-0.003259584859544,-0.026908913308575998,0.0017164835164619999,0.005260225885335,-0.00034493284494,-0.000258699633705,0.1037400597647784,1.7230759999620204,0.15131300006032689,0.06616600012421259,0.0
pd,00:06:29.134,418,-90.0,-89.998,39.924,-89.931,0.122,0.003,0.0,0.0,0.0,0.0,0.0,0.0,-90.0,-89.997,40.0,-89.987,0.079,0.003,-90.0,-89.9975,39.962,-89.959,0.1005,0.003,0.0,0.12440099656009097,9.454475738521834,-6.9664558073315055,-5.34924285205837,0.0,0.0,0.0005000000000023874,0.03800000000000381,-0.028000000000005798,-0.02149999999999999,0.0,0.0550792,0.0068849,-0.0206547,-0.0068849,-0.0068849,0.0137698,-0.003259584859544,-0.026908913308575998,0.0017164835164619999,0.005260225885335,-0.00034493284494,-0.000258699633705,0.1037400597647784,1.6953899998952693,0.14110999973127036,0.06225800007086946,0.0
pd,00:06:29.136,419,-90.0,-89.998,39.924,-89.931,0.122,0.003,0.0,0.0,0.0,0.0,0.0,0.0,-90.0,-89.997,40.0,-89.987,0.079,0.003,-90.0,-89.9975,39.962,-89.959,0.1005,0.003,0.0,0.12733163327322486,9.677204128718948,-7.130571463266213,-5.475260230722525,0.0,0.0,0.0005000000000023874,0.03800000000000381,-0.028000000000005798,-0.02149999999999999,0.0,0.0550792,0.0068849,-0.0206547,-0.0068849,-0.0068849,0.0137698,-0.003259584859544,-0.026908913308575998,0.0017164835164619999,0.005260225885335,-0.00034493284494,-0.000258699633705,0.1037400597647784,1.7678539998087217,0.178590999894368,0.08342500041180756,0.0
pd,00:06:29.138,420,-90.0,-89.998,39.924,-89.931,0.122,0.003,0.0,0.0,0.0,0.0,0.0,0.0,-90.0,-89.997,40.0,-89.987,0.079,0.003,-90.0,-89.9975,39.962,-89.959,0.1005,0.003,0.0,0.11860377785375034,9.013887116842048,-6.641811559777995,-5.099962447686913,0.0,0.0,0.0005000000000023874,0.03800000000000381,-0.028000000000005798,-0.02149999999999999,0.0,0.0550792,0.0068849,-0.0206547,-0.0068849,-0.0068849,0.0137698,-0.003259584859544,-0.026908913308575998,0.0017164835164619999,0.005260225885335,-0.00034493284494,-0.000258699633705,0.1037400597647784,1.7631870000514027,0.36688599993794924,0.18125800033885753,0.0
pd,00:06:29.141,421,-90.0,-89.998,39.925,-89.917,0.156,0.003,0.0,0.0,0.31707771393938805,4.4390879951604445,10.780642273964318,0.0,-90.0,-89.997,40.0,-89.987,0.079,0.003,-90.0,-89.9975,39.93079222860606,-90.39590879951604,-0.9605642273964318,0.003,0.0,0.07926942848541026,0.9182933025144709,-75.92565366817844,-177.01881634509235,0.0,0.0,0.0005000000000023874,0.005792228606061656,-0.4789087995160344,-1.1165642273964318,0.0,0.0550792,0.0068849,-0.0206547,-0.0068849,-0.0068849,0.0137698,-0.003259584859544,-0.026908913308575998,0.0017164835164619999,0.005260225885335,-0.00034493284494,-0.000258699633705,0.12827704393226202,1.9338890001563414,0.23338700020758552,0.09944399971573148,0.0
pd,00:06:29.143,422,-90.0,-89.998,39.925,-89.917,0.156,0.003,0.0,0.0,0.0,0.0,0.0,0.0,-90.0,-89.997,40.0,-89.987,0.079,0.003,-90.0,-89.9975,39.9625,-89.952,0.1175,0.003,0.0,0.10540570969089333,7.905428226779551,-7.378399678326583,-8.116239646160032,0.0,0.0,0.0005000000000023874,0.03750000000000142,-0.03499999999999659,-0.038500000000000006,0.0,-0.0137698,-0.0481943,0.0481943,-0.5921014,-1.6454911,0.034424500000000004,-0.002115262515236,-0.029925763125388,0.00797557997548,0.005794871794992,-0.002276556776604,-0.000500152625163,0.12827704393226202,3.942646999803401,0.3994399999101006,0.12448100005713059,0.0
pd,00:06:29.148,423,-90.0,-89.998,39.925,-89.917,0.156,0.003,0.0,0.0,0.0,0.0,0.0,0.0,-90.0,-89.997,40.0,-89.987,0.079,0.003,-90.0,-89.9975,39.9625,-89.952,0.1175,0.003,0.0,0.05297711312105324,3.973283484060172,-3.7083979184556584,-4.079237710301622,0.0,0.0,0.0005000000000023874,0.03750000000000142,-0.03499999999999659,-0.038500000000000006,0.0,-0.0137698,-0.0481943,0.0481943,-0.5921014,-1.6454911,0.034424500000000004,-0.002115262515236,-0.029925763125388,0.00797557997548,0.005794871794992,-0.002276556776604,-0.000500152625163,0.12827704393226202,2.1192939998400107,0.23436799983755918,0.11486899984447518,0.0
pd,00:06:29.151,424,-90.0,-89.998,39.925,-89.917,0.156,0.003,0.0,0.0,0.0,0.0,0.0,0.0,-90.0,-89.997,40.0,-89.987,0.079,0.003,-90.0,-89.9975,39.9625,-89.952,0.1175,0.003,0.0,0.09747847913033436,7.310885934740447,-6.82349353909016,-7.505842892999907,0.0,0.0,0.0005000000000023874,0.03750000000000142,-0.03499999999999659,-0.038500000000000006,0.0,-0.0137698,-0.0481943,0.0481943,-0.5921014,-1.6454911,0.034424500000000004,-0.002115262515236,-0.029925763125388,0.00797557997548,0.005794871794992,-0.002276556776604,-0.000500152625163,0.12827704393226202,1.7699639997772465,0.24470100015605567,0.09911000006468385,0.0
pd,00:06:29.153,425,-90.0,-89.998,39.925,-89.917,0.156,0.003,0.0,0.0,0.0,0.0,0.0,0.0,-90.0,-89.997,40.0,-89.987,0.079,0.003,-90.0,-89.9975,39.9625,-89.952,0.1175,0.003,0.0,0.1133840830455241,8.503806228374025,-7.936885813148016,-8.730574394463668,0.0,0.0,0.0005000000000023874,0.03750000000000142,-0.03499999999999659,-0.038500000000000006,0.0,-0.0137698,-0.0481943,0.0481943,-0.5921014,-1.6454911,0.034424500000000004,-0.002115262515236,-0.029925763125388,0.00797557997548,0.005794871794992,-0.002276556776604,-0.000500152625163,0.12827704393226202,1.7601310000827652,0.1750360002006346,0.11459200004537706,0.0
pd,00:06:29.155,426,-90.0,-89.998,39.925,-89.917,0.156,0.003,0.0,0.0,0.0,0.0,0.0,0.0,-90.0,-89.997,40.0,-89.987,0.079,0.003,-90.0,-89.9975,39.9625,-89.952,0.1175,0.003,0.0,0.11779105818973341,8.834329364188157,-8.245374073241164,-9.069911480566164,0.0,0.0,0.0005000000000023874,0.03750000000000142,-0.03499999999999659,-0.038500000000000006,0.0,-0.0137698,-0.0481943,0.0481943,-0.5921014,-1.6454911,0.034424500000000004,-0.002115262515236,-0.029925763125388,0.00797557997548,0.005794871794992,-0.002276556776604,-0.000500152625163,0.12827704393226202,1.7496870000286435,0.16303600023093168,0.07511100011470262,0.0
pd,00:06:29.157,427,-90.0,-89.998,39.925,-89.917,0.156,0.003,0.0,0.0,0.0,0.0,0.0,0.0,-90.0,-89.997,40.0,-89.987,0.079,0.003,-90.0,-89.9975,39.9625,-89.952,0.1175,0.003,0.0,0.12127874161519857,9.095905621096806,-8.489511913022536,-9.3384631043257,0.0,0.0,0.0005000000000023874,0.03750000000000142,-0.03499999999999659,-0.038500000000000006,0.0,-0.0137698,-0.0481943,0.0481943,-0.5921014,-1.6454911,0.034424500000000004,-0.002115262515236,-0.029925763125388,0.00797557997548,0.005794871794992,-0.002276556776604,-0.000500152625163,0.12827704393226202,1.8300930000805238,0.2629049999995914,0.1352580002276227,0.0
pd,00:06:29.159,428,-90.0,-89.998,39.925,-89.919,0.153,0.003,0.0,0.0,0.0,-0.8431609206935823,-1.2647413810433221,0.0,-90.0,-89.997,40.0,-89.987,0.079,0.003,-90.0,-89.9975,39.9625,-89.86868390793063,0.24247413810433222,0.003,0.0,0.10539511508744666,7.9046336315210555,10.606140628750731,18.860274165622325,0.0,0.0,0.0005000000000023874,0.03750000000000142,0.050316092069365936,0.08947413810433222,0.0,-0.0137698,-0.0481943,0.0481943,-0.5921014,-1.6454911,0.034424500000000004,-0.002115262515236,-0.029925763125388,0.00797557997548,0.005794871794992,-0.002276556776604,-0.000500152625163,0.12540334923757077,1.9432409999353695,0.2074980002362281,0.09031399986270117,0.0
pd,00:06:29.162,429,-90.0,-89.998,39.925,-89.919,0.153,0.003,0.0,0.0,0.0,0.0,0.0,0.0,-90.0,-89.997,40.0,-89.987,0.079,0.003,-90.0,-89.9975,39.9625,-89.953,0.11599999999999999,0.003,0.0,0.1074911327529479,8.061834956432904,-7.309397027165324,-7.954343823680164,0.0,0.0,0.0005000000000023874,0.03750000000000142,-0.034000000000006025,-0.037000000000000005,0.0,-0.0137698,-0.0481943,0.0481943,-0.5921014,-1.6454911,0.034424500000000004,-0.002115262515236,-0.029925763125388,0.00797557997548,0.005794871794992,-0.002276556776604,-0.000500152625163,0.12540334923757077,1.6671319999659318,0.45073599994793767,0.5523099998754333,0.0
pd,00:06:29.165,430,-90.0,-89.998,39.925,-89.919,0.153,0.003,0.0,0.0,0.0,0.0,0.0,0.0,-90.0,-89.997,40.0,-89.987,0.079,0.003,-90.0,-89.9975,39.9625,-89.953,0.11599999999999999,0.003,0.0,0.09061320428664076,6.795990321465864,-6.161697891461954,-6.705377117179398,0.0,0.0,0.0005000000000023874,0.03750000000000142,-0.034000000000006025,-0.037000000000000005,0.0,0.0,0.0137698,0.034424500000000004,-5.1774448,-5.5285747,-0.034424500000000004,-0.002236630036602,-0.030497924297542,0.003311599511558,0.008761294261476,-0.006432997558131001,-0.000396672771681,0.12540334923757077,3.6038529997313162,0.2113320001626562,0.09725900008561439,0.0
pd,00:06:29.169,431,-90.0,-89.998,39.925,-89.919,0.153,0.003,0.0,0.0,0.0,0.0,0.0,0.0,-90.0,-89.997,40.0,-89.987,0.079,0.003,-90.0,-89.9975,39.9625,-89.953,0.11599999999999999,0.003,0.0,0.05570716676433123,4.178037507305051,-3.788087339956316,-4.122330340540827,0.0,0.0,0.0005000000000023874,0.03750000000000142,-0.034000000000006025,-0.037000000000000005,0.0,0.0,0.0137698,0.034424500000000004,-5.1774448,-5.5285747,-0.034424500000000004,-0.002236630036602,-0.030497924297542,0.003311599511558,0.008761294261476,-0.006432997558131001,-0.000396672771681,0.12540334923757077,1.8386309998277284,0.2332379999643308,0.0951470001382404,0.0
pd,00:06:29.171,432,-90.0,-89.998,39.925,-89.919,0.153,0.003,0.0,0.0,0.0,0.0,0.0,0.0,-90.0,-89.997,40.0,-89.987,0.079,0.003,-90.0,-89.9975,39.9625,-89.953,0.11599999999999999,0.003,0.0,0.11031835875907489,8.273876906891424,-7.501648395581035,-8.163558548132562,0.0,0.0,0.0005000000000023874,0.03750000000000142,-0.034000000000006025,-0.037000000000000005,0.0,0.0,0.0137698,0.034424500000000004,-5.1774448,-5.5285747,-0.034424500000000004,-0.002236630036602,-0.030497924297542,0.003311599511558,0.008761294261476,-0.006432997558131001,-0.000396672771681,0.12540334923757077,1.734927000143216,0.16877699999895412,0.07411100023091421,0.0
pd,00:06:29.173,433,-90.0,-89.998,39.925,-89.919,0.153,0.003,0.0,0.0,0.0,0.0,0.0,0.0,-90.0,-89.997,40.0,-89.987,0.079,0.003,-90.0,-89.9975,39.9625,-89.953,0.11599999999999999,0.003,0.0,0.1217292779202469,9.12969584397527,-8.277590898537001,-9.00796656605526,0.0,0.0,0.0005000000000023874,0.03750000000000142,-0.034000000000006025,-0.037000000000000005,0.0,0.0,0.0137698,0.034424500000000004,-5.1774448,-5.5285747,-0.034424500000000004,-0.002236630036602,-0.030497924297542,0.003311599511558,0.008761294261476,-0.006432997558131001,-0.000396672771681,0.12540334923757077,1.6885210002328677,0.2316830000381742,0.11657300001388649,0.0
pd,00:06:29.175,434,-90.0,-89.998,39.925,-89.919,0.153,0.003,0.0,0.0,0.0,0.0,0.0,0.0,-90.0,-89.997,40.0,-89.987,0.079,0.003,-90.0,-89.9975,39.9625,-89.953,0.11599999999999999,0.003,0.0,0.11680695109780626,8.76052133229397,-7.942872674612647,-8.643714381196391,0.0,0.0,0.0005000000000023874,0.03750000000000142,-0.034000000000006025,-0.037000000000000005,0.0,0.0,0.0137698,0.034424500000000004,-5.1774448,-5.5285747,-0.034424500000000004,-0.002236630036602,-0.030497924297542,0.003311599511558,0.008761294261476,-0.006432997558131001,-0.000396672771681,0.12540334923757077,2.1962569999232073,0.33597800029383507,0.14138699998511584,0.0
pd,00:06:29.178,435,-90.0,-89.998,39.925,-89.919,0.153,0.003,0.0,0.0,0.0,0.0,0.0,0.0,-90.0,-89.997,40.0,-89.987,0.079,0.003,-90.0,-89.9975,39.9625,-89.953,0.11599999999999999,0.003,0.0,0.08827140331719899,6.620355248758564,-6.0024554255406795,-6.5320838454415355,0.0,0.0,0.0005000000000023874,0.03750000000000142,-0.034000000000006025,-0.037000000000000005,0.0,0.0,0.0137698,0.034424500000000004,-5.1774448,-5.5285747,-0.034424500000000004,-0.002236630036602,-0.030497924297542,0.003311599511558,0.008761294261476,-0.006432997558131001,-0.000396672771681,0.12540334923757077,2.416403000097489,0.25836800023171236,0.1284980003219971,0.0
pd,00:06:29.181,436,-90.0,-89.998,39.926,-89.932,0.124,0.003,0.0,0.0,0.34295208503843233,-4.458377105480126,-9.945610466067048,0.0,-90.0,-89.997,40.0,-89.987,0.079,0.003,-90.0,-89.9975,39.92870479149616,-89.51366228945199,1.096061046606705,0.003,0.0,0.08573802125960808,0.46380694159821195,71.73489504098066,166.68518135840918,0.0,0.0,0.0005000000000023874,0.0027047914961570996,0.41833771054801616,0.9720610466067049,0.0,0.0,0.0137698,0.034424500000000004,-5.1774448,-5.5285747,-0.034424500000000004,-0.002236630036602,-0.030497924297542,0.003311599511558,0.008761294261476,-0.006432997558131001,-0.000396672771681,0.10260116958397164,1.8958699997710937,0.27736699985325686,0.14025700011188746,0.0
pd,00:06:29.184,437,-90.0,-89.998,39.926,-89.932,0.124,0.003,0.0,0.0,0.0,0.0,0.0,0.0,-90.0,-89.997,40.0,-89.987,0.079,0.003,-90.0,-89.9975,39.963,-89.95949999999999,0.1015,0.003,0.0,0.09205302431788313,6.811923799490648,-5.062916337458717,-4.142386094284961,0.0,0.0,0.0005000000000023874,0.036999999999999034,-0.0274999999999892,-0.022499999999999992,0.0,0.034424500000000004,0.0619641,0.1514678,-1.2943612,-1.5904119,0.0413094,-0.0026007326007,-0.030012454212078,0.010056166056039999,0.00051739926741,0.000500152625163,0.000379426129434,0.10260116958397164,3.791371000261279,0.29395999990811106,0.09381400013808161,0.0
pd,00:06:29.188,438,-90.0,-89.998,39.926,-89.932,0.124,0.003,0.0,0.0,0.0,0.0,0.0,0.0,-90.0,-89.997,40.0,-89.987,0.079,0.003,-90.0,-89.9975,39.963,-89.95949999999999,0.1015,0.003,0.0,0.05855349564468432,4.332958677685837,-3.220442260441828,-2.634907303998213,0.0,0.0,0.0005000000000023874,0.036999999999999034,-0.0274999999999892,-0.022499999999999992,0.0,0.034424500000000004,0.0619641,0.1514678,-1.2943612,-1.5904119,0.0413094,-0.0026007326007,-0.030012454212078,0.010056166056039999,0.00051739926741,0.000500152625163,0.000379426129434,0.10260116958397164,1.8129449999833014,0.18814699978975113,0.1827940000111994,0.0
pd,00:06:29.190,439,-90.0,-89.998,39.926,-89.932,0.124,0.003,0.0,0.0,0.0,0.0,0.0,0.0,-90.0,-89.997,40.0,-89.987,0.079,0.003,-90.0,-89.9975,39.963,-89.95949999999999,0.1015,0.003,0.0,0.11004050792370729,8.142997586315245,-6.052227935774189,-4.951822856543184,0.0,0.0,0.0005000000000023874,0.036999999999999034,-0.0274999999999892,-0.022499999999999992,0.0,0.034424500000000004,0.0619641,0.1514678,-1.2943612,-1.5904119,0.0413094,-0.0026007326007,-0.030012454212078,0.010056166056039999,0.00051739926741,0.000500152625163,0.000379426129434,0.10260116958397164,2.0074620001651056,0.249292999797035,0.09994399988499936,0.0
pd,00:06:29.193,440,-90.0,-89.998,39.926,-89.932,0.124,0.003,0.0,0.0,0.0,0.0,0.0,0.0,-90.0,-89.997,40.0,-89.987,0.079,0.003,-90.0,-89.9975,39.963,-89.95949999999999,0.1015,0.003,0.0,0.1021904297831602,7.562091803917549,-5.620473638046219,-4.598569340220251,0.0,0.0,0.0005000000000023874,0.036999999999999034,-0.0274999999999892,-0.022499999999999992,0.0,0.034424500000000004,0.0619641,0.1514678,-1.2943612,-1.5904119,0.0413094,-0.0026007326007,-0.030012454212078,0.010056166056039999,0.00051739926741,0.000500152625163,0.000379426129434,0.10260116958397164,1.7302239998571167,0.1522950001344725,0.06555499976457213,0.0
pd,00:06:29.195,441,-90.0,-89.998,39.926,-89.932,0.124,0.003,0.0,0.0,0.0,0.0,0.0,0.0,-90.0,-89.997,40.0,-89.987,0.079,0.003,-90.0,-89.9975,39.963,-89.95949999999999,0.1015,0.003,0.0,0.10335889600837918,7.6485583045833385,-5.6847392804329475,-4.651150320354854,0.0,0.0,0.0005000000000023874,0.036999999999999034,-0.0274999999999892,-0.022499999999999992,0.0,0.034424500000000004,0.0619641,0.1514678,-1.2943612,-1.5904119,0.0413094,-0.0026007326007,-0.030012454212078,0.010056166056039999,0.00051739926741,0.000500152625163,0.000379426129434,0.10260116958397164,2.128571999946871,0.2515539999876637,0.11974000017289654,0.0
pd,00:06:29.198,442,-90.0,-89.998,39.926,-89.932,0.124,0.003,0.0,0.0,0.0,0.0,0.0,0.0,-90.0,-89.997,40.0,-89.987,0.079,0.003,-90.0,-89.9975,39.963,-89.95949999999999,0.1015,0.003,0.0,0.09570792259994586,7.082386272361991,-5.263935742971181,-4.306856516976999,0.0,0.0,0.0005000000000023874,0.036999999999999034,-0.0274999999999892,-0.022499999999999992,0.0,0.034424500000000004,0.0619641,0.1514678,-1.2943612,-1.5904119,0.0413094,-0.0026007326007,-0.030012454212078,0.010056166056039999,0.00051739926741,0.000500152625163,0.000379426129434,0.10260116958397164,1.773259999936272,0.19846099985443288,0.10986899997078581,0.0
pd,00:06:29.200,443,-90.0,-89.998,39.926,-89.991,0.052,0.003,0.0,0.0,0.0,-27.089648166391846,-33.058553694581285,0.0,-90.0,-89.997,40.0,-89.987,0.079,0.003,-90.0,-89.9975,39.963,-87.28003518336081,3.371355369458129,0.003,0.0,0.11478664477339975,8.494211713190802,622.3651107985227,762.0353313376961,0.0,0.0,0.0005000000000023874,0.036999999999999034,2.7109648166391906,3.319355369458129,0.0,0.034424500000000004,0.0619641,0.1514678,-1.2943612,-1.5904119,0.0413094,-0.0026007326007,-0.030012454212078,0.010056166056039999,0.00051739926741,0.000500152625163,0.000379426129434,0.07887965517165857,2.0119989999329846,0.2622019997033931,0.34973699985130224,0.0
pd,00:06:29.203,444,-90.0,-89.998,39.926,-89.991,0.052,0.003,0.0,0.0,0.0,0.0,0.0,0.0,-90.0,-89.997,40.0,-89.987,0.079,0.003,-90.0,-89.9975,39.963,-89.989,0.0655,0.003,0.0,0.09069942046579074,6.711757114436292,0.36279768186187406,2.4488843525646575,0.0,0.0,0.0005000000000023874,0.036999999999999034,0.001999999999995339,0.013500000000000005,0.0,-0.034424500000000004,0.034424500000000004,0.4544034,-0.0413094,0.7091447000000001,0.0206547,-0.0026007326007,-0.030255189254809998,0.009379975579857999,0.0029146825397430003,-1.7246642247e-05,0.00020695970696400003,0.07887965517165857,3.473059000043577,0.2279230002386612,0.24031199973251205,0.0
pd,00:06:29.207,445,-90.0,-89.998,39.926,-89.991,0.052,0.003,0.0,0.0,0.0,0.0,0.0,0.0,-90.0,-89.997,40.0,-89.987,0.079,0.003,-90.0,-89.9975,39.963,-89.989,0.0655,0.003,0.0,0.05869443045088199,4.343387853344415,0.23477772180269388,1.584749622166247,0.0,0.0,0.0005000000000023874,0.036999999999999034,0.001999999999995339,0.013500000000000005,0.0,-0.034424500000000004,0.034424500000000004,0.4544034,-0.0413094,0.7091447000000001,0.0206547,-0.0026007326007,-0.030255189254809998,0.009379975579857999,0.0029146825397430003,-1.7246642247e-05,0.00020695970696400003,0.07887965517165857,2.156109000225115,0.17910899987327866,0.08607299969298765,0.0
pd,00:06:29.210,446,-90.0,-89.998,39.926,-89.991,0.052,0.003,0.0,0.0,0.0,0.0,0.0,0.0,-90.0,-89.997,40.0,-89.987,0.079,0.003,-90.0,-89.9975,39.963,-89.989,0.0655,0.003,0.0,0.09989292178765426,7.3920762122509265,0.3995716871491975,2.697108888253787,0.0,0.0,0.0005000000000023874,0.036999999999999034,0.001999999999995339,0.013500000000000005,0.0,-0.034424500000000004,0.034424500000000004,0.4544034,-0.0413094,0.7091447000000001,0.0206547,-0.0026007326007,-0.030255189254809998,0.009379975579857999,0.0029146825397430003,-1.7246642247e-05,0.00020695970696400003,0.07887965517165857,1.7532050001136668,0.18390600007478497,0.08001800006240956,0.0
pd,00:06:29.212,447,-90.0,-89.998,39.926,-89.991,0.052,0.003,0.0,0.0,0.0,0.0,0.0,0.0,-90.0,-89.997,40.0,-89.987,0.079,0.003,-90.0,-89.9975,39.963,-89.989,0.0655,0.003,0.0,0.1194413942368159,8.838663173481942,0.47776557694556626,3.2249176443786314,0.0,0.0,0.0005000000000023874,0.036999999999999034,0.001999999999995339,0.013500000000000005,0.0,-0.034424500000000004,0.034424500000000004,0.4544034,-0.0413094,0.7091447000000001,0.0206547,-0.0026007326007,-0.030255189254809998,0.009379975579857999,0.0029146825397430003,-1.7246642247e-05,0.00020695970696400003,0.07887965517165857,1.800611999897228,0.20534999976007384,0.07368399974438944,0.0
pd,00:06:29.214,448,-90.0,-89.998,39.926,-89.991,0.052,0.003,0.0,0.0,0.0,0.0,0.0,0.0,-90.0,-89.997,40.0,-89.987,0.079,0.003,-90.0,-89.9975,39.963,-89.989,0.0655,0.003,0.0,0.1161470979181443,8.594885245901414,0.4645883916709267,3.1359716437749228,0.0,0.0,0.0005000000000023874,0.036999999999999034,0.001999999999995339,0.013500000000000005,0.0,-0.034424500000000004,0.034424500000000004,0.4544034,-0.0413094,0.7091447000000001,0.0206547,-0.0026007326007,-0.030255189254809998,0.009379975579857999,0.0029146825397430003,-1.7246642247e-05,0.00020695970696400003,0.07887965517165857,1.788629999737168,0.3023119998033508,0.13573900014307583,0.0
pd,00:06:29.217,449,-90.0,-89.998,39.926,-89.991,0.052,0.003,0.0,0.0,0.0,0.0,0.0,0.0,-90.0,-89.997,40.0,-89.987,0.079,0.003,-90.0,-89.9975,39.963,-89.989,0.0655,0.003,0.0,0.09451739679150954,6.9942873625381266,0.37806958716469496,2.5519697133585724,0.0,0.0,0.0005000000000023874,0.036999999999999034,0.001999999999995339,0.013500000000000005,0.0,-0.034424500000000004,0.034424500000000004,0.4544034,-0.0413094,0.7091447000000001,0.0206547,-0.0026007326007,-0.030255189254809998,0.009379975579857999,0.0029146825397430003,-1.7246642247e-05,0.00020695970696400003,0.07887965517165857,1.8375560002823477,0.26420099993629265,0.10048000012830016,0.0
pd,00:06:29.219,450,-90.0,-89.998,39.926,-89.991,0.052,0.003,0.0,0.0,0.0,0.0,0.0,0.0,-90.0,-89.997,40.0,-89.987,0.079,0.003,-90.0,-89.9975,39.963,-89.989,0.0655,0.003,0.0,0.1089316434661341,8.060941616455223,0.43572657386298835,2.9411543735715773,0.0,0.0,0.0005000000000023874,0.036999999999999034,0.001999999999995339,0.013500000000000005,0.0,-0.034424500000000004,0.034424500000000004,0.4544034,-0.0413094,0.7091447000000001,0.0206547,-0.0026007326007,-0.030255189254809998,0.009379975579857999,0.0029146825397430003,-1.7246642247e-05,0.00020695970696400003,0.07887965517165857,1.7347609996249957,0.20911000001433422,0.09409099993717973,0.0
pd,00:06:29.221,451,-90.0,-89.998,39.928,-90.057,-0.018,0.003,0.0,0.0,0.769879588838147,-25.406026431719024,-26.94578560939794,0.0,-90.0,-89.997,40.0,-89.987,0.079,0.003,-90.0,-89.9975,39.887012041116186,-87.4813973568281,2.7250785609397945,0.003,0.0,0.09623494860545216,-7.888948233214659,495.7259759850633,527.9600486629967,0.0,0.0,0.0005000000000023874,-0.040987958883810904,2.575602643171905,2.7430785609397943,0.0,-0.034424500000000004,0.034424500000000004,0.4544034,-0.0413094,0.7091447000000001,0.0206547,-0.0026007326007,-0.030255189254809998,0.009379975579857999,0.0029146825397430003,-1.7246642247e-05,0.00020695970696400003,0.1396209153386463,1.9035010000152397,0.5794569997306098,0.28118199998061755,0.0
pd,00:06:29.225,452,-90.0,-89.998,39.928,-90.057,-0.018,0.003,0.0,0.0,0.0,0.0,0.0,0.0,-90.0,-89.997,40.0,-89.987,0.079,0.003,-90.0,-89.9975,39.964,-90.02199999999999,0.030500000000000003,0.003,0.0,0.08087120160458174,5.822726515502303,5.6609841122942886,7.844506555606972,0.0,0.0,0.0005000000000023874,0.036000000000001364,0.0350000000000108,0.0485,0.0,0.06884900000000001,-0.034424500000000004,0.5025977,-0.6747202,-0.28916580000000003,-0.0137698,-0.002739438339404,-0.030255189254809998,0.008651770451661999,0.0019143772894170002,-0.0008623321123500001,-6.8986568988e-05,0.1396209153386463,3.8640549996671325,0.2988119999827177,0.12388799996188027,0.0
pd,00:06:29.229,453,-90.0,-89.998,39.928,-90.057,-0.018,0.003,0.0,0.0,0.0,0.0,0.0,0.0,-90.0,-89.997,40.0,-89.987,0.079,0.003,-90.0,-89.9975,39.964,-90.02199999999999,0.030500000000000003,0.003,0.0,0.05678106893404488,4.088236963231865,3.9746748253645827,5.507763686576054,0.0,0.0,0.0005000000000023874,0.036000000000001364,0.0350000000000108,0.0485,0.0,0.06884900000000001,-0.034424500000000004,0.5025977,-0.6747202,-0.28916580000000003,-0.0137698,-0.002739438339404,-0.030255189254809998,0.008651770451661999,0.0019143772894170002,-0.0008623321123500001,-6.8986568988e-05,0.1396209153386463,1.7270200000893965,0.17405400012648897,0.07842500008337083,0.0
pd,00:06:29.231,454,-90.0,-89.998,39.928,-90.057,-0.018,0.003,0.0,0.0,0.0,0.0,0.0,0.0,-90.0,-89.997,40.0,-89.987,0.079,0.003,-90.0,-89.9975,39.964,-90.02199999999999,0.030500000000000003,0.003,0.0,0.12163043730483782,8.757391485906838,8.514130611298892,11.798152418512935,0.0,0.0,0.0005000000000023874,0.036000000000001364,0.0350000000000108,0.0485,0.0,0.06884900000000001,-0.034424500000000004,0.5025977,-0.6747202,-0.28916580000000003,-0.0137698,-0.002739438339404,-0.030255189254809998,0.008651770451661999,0.0019143772894170002,-0.0008623321123500001,-6.8986568988e-05,0.1396209153386463,1.6955759997472342,0.14257300017561647,0.08003599987205234,0.0
pd,00:06:29.233,455,-90.0,-89.998,39.928,-90.057,-0.018,0.003,0.0,0.0,0.0,0.0,0.0,0.0,-90.0,-89.997,40.0,-89.987,0.079,0.003,-90.0,-89.9975,39.964,-90.02199999999999,0.030500000000000003,0.003,0.0,0.125547892720906,9.039448275862412,8.788352490422383,12.178145593869733,0.0,0.0,0.0005000000000023874,0.036000000000001364,0.0350000000000108,0.0485,0.0,0.06884900000000001,-0.034424500000000004,0.5025977,-0.6747202,-0.28916580000000003,-0.0137698,-0.002739438339404,-0.030255189254809998,0.008651770451661999,0.0019143772894170002,-0.0008623321123500001,-6.8986568988e-05,0.1396209153386463,1.802519999728247,0.2570349997768062,0.12074000005668495,0.0
pd,00:06:29.235,456,-90.0,-89.998,39.928,-90.057,-0.018,0.003,0.0,0.0,0.0,0.0,0.0,0.0,-90.0,-89.997,40.0,-89.987,0.079,0.003,-90.0,-89.9975,39.964,-90.02199999999999,0.030500000000000003,0.003,0.0,0.10820101124806591,7.790472809823843,7.574070787329249,10.49549809101228,0.0,0.0,0.0005000000000023874,0.036000000000001364,0.0350000000000108,0.0485,0.0,0.06884900000000001,-0.034424500000000004,0.5025977,-0.6747202,-0.28916580000000003,-0.0137698,-0.002739438339404,-0.030255189254809998,0.008651770451661999,0.0019143772894170002,-0.0008623321123500001,-6.8986568988e-05,0.1396209153386463,1.7716130000735575,0.19892399996024324,0.09066600023288629,0.0
pd,00:06:29.237,457,-90.0,-89.998,39.928,-90.057,-0.018,0.003,0.0,0.0,0.0,0.0,0.0,0.0,-90.0,-89.997,40.0,-89.987,0.079,0.003,-90.0,-89.9975,39.964,-90.02199999999999,0.030500000000000003,0.003,0.0,0.11654729354284837,8.391405135045334,8.158310547961293,11.305087473602311,0.0,0.0,0.0005000000000023874,0.036000000000001364,0.0350000000000108,0.0485,0.0,0.06884900000000001,-0.034424500000000004,0.5025977,-0.6747202,-0.28916580000000003,-0.0137698,-0.002739438339404,-0.030255189254809998,0.008651770451661999,0.0019143772894170002,-0.0008623321123500001,-6.8986568988e-05,0.1396209153386463,1.670780000040395,0.13822100027027773,0.059091999901284,0.0
pd,00:06:29.239,458,-90.0,-89.998,39.928,-90.057,-0.018,0.003,0.0,0.0,0.0,0.0,0.0,0.0,-90.0,-89.997,40.0,-89.987,0.079,0.003,-90.0,-89.9975,39.964,-90.02199999999999,0.030500000000000003,0.003,0.0,0.1283918207426236,9.244211093425108,8.987427451941686,12.454006611975021,0.0,0.0,0.0005000000000023874,0.036000000000001364,0.0350000000000108,0.0485,0.0,0.06884900000000001,-0.034424500000000004,0.5025977,-0.6747202,-0.28916580000000003,-0.0137698,-0.002739438339404,-0.030255189254809998,0.008651770451661999,0.0019143772894170002,-0.0008623321123500001,-6.8986568988e-05,0.1396209153386463,1.7246130000785342,0.1706100001683808,0.07775800031595281,0.0
pd,00:06:29.241,459,-90.0,-89.998,39.933,-90.058,-0.017,0.003,0.0,0.0,2.438265317987528,-0.4876530635995846,0.48765306359725485,0.0,-90.0,-89.997,40.0,-89.987,0.079,0.003,-90.0,-89.9975,39.72267346820125,-89.97373469364004,-0.017765306359725487,0.003,0.0,0.12191326589989615,-51.283188793723745,20.546117400699032,-0.18660199545529846,0.0,0.0,0.0005000000000023874,-0.21032653179874927,0.08426530635996698,-0.0007653063597254858,0.0,0.06884900000000001,-0.034424500000000004,0.5025977,-0.6747202,-0.28916580000000003,-0.0137698,-0.002739438339404,-0.030255189254809998,0.008651770451661999,0.0019143772894170002,-0.0008623321123500001,-6.8986568988e-05,0.13691968448693476,2.0048510000378883,0.8389360000364832,0.2579419997346122,0.0
pd,00:06:29.245,460,-90.0,-89.998,39.933,-90.058,-0.017,0.003,0.0,0.0,0.0,0.0,0.0,0.0,-90.0,-89.997,40.0,-89.987,0.079,0.003,-90.0,-89.9975,39.966499999999996,-90.02250000000001,0.031,0.003,0.0,0.07294441739165265,4.887275965217404,5.179053634783496,7.002664069565218,0.0,0.0,0.0005000000000023874,0.03349999999999653,0.03549999999999898,0.048,0.0,0.0,0.0206547,0.6265259,3.0844352,3.2496728,0.0137698,-0.0026007326007,-0.030914041513653998,0.007403418803326,-0.002276556776604,0.0036907814408580005,-0.000155219780223,0.13691968448693476,3.1979139998838946,0.19581300011850544,0.08725799989406369,0.0
pd,00:06:29.249,461,-90.0,-89.998,39.933,-90.058,-0.017,0.003,0.0,0.0,0.0,0.0,0.0,0.0,-90.0,-89.997,40.0,-89.987,0.079,0.003,-90.0,-89.9975,39.966499999999996,-90.02250000000001,0.031,0.003,0.0,0.061811836831231246,4.1413930676727295,4.388640414997215,5.933936335769865,0.0,0.0,0.0005000000000023874,0.03349999999999653,0.03549999999999898,0.048,0.0,0.0,0.0206547,0.6265259,3.0844352,3.2496728,0.0137698,-0.0026007326007,-0.030914041513653998,0.007403418803326,-0.002276556776604,0.0036907814408580005,-0.000155219780223,0.13691968448693476,1.883851999991748,0.22846100000606384,0.09857299983195844,0.0
pd,00:06:29.251,462,-90.0,-89.998,39.933,-90.058,-0.017,0.003,0.0,0.0,0.0,0.0,0.0,0.0,-90.0,-89.997,40.0,-89.987,0.079,0.003,-90.0,-89.9975,39.966499999999996,-90.02250000000001,0.031,0.003,0.0,0.10833515859128079,7.258455625581173,7.6917962599455265,10.400175224713298,0.0,0.0,0.0005000000000023874,0.03349999999999653,0.03549999999999898,0.048,0.0,0.0,0.0206547,0.6265259,3.0844352,3.2496728,0.0137698,-0.0026007326007,-0.030914041513653998,0.007403418803326,-0.002276556776604,0.0036907814408580005,-0.000155219780223,0.13691968448693476,1.7702980003377888,0.2104609998241358,0.11057299980166135,0.0
pd,00:06:29.253,463,-90.0,-89.998,39.933,-90.058,-0.017,0.003,0.0,0.0,0.0,0.0,0.0,0.0,-90.0,-89.997,40.0,-89.987,0.079,0.003,-90.0,-89.9975,39.966499999999996,-90.02250000000001,0.031,0.003,0.0,0.11320047500863724,7.5844318255425005,8.037233725576245,10.867245600777286,0.0,0.0,0.0005000000000023874,0.03349999999999653,0.03549999999999898,0.048,0.0,0.0,0.0206547,0.6265259,3.0844352,3.2496728,0.0137698,-0.0026007326007,-0.030914041513653998,0.007403418803326,-0.002276556776604,0.0036907814408580005,-0.000155219780223,0.13691968448693476,1.9125920002807106,0.2486090002093988,0.12805400001525413,0.0
pd,00:06:29.256,464,-90.0,-89.998,39.933,-90.058,-0.017,0.003,0.0,0.0,0.0,0.0,0.0,0.0,-90.0,-89.997,40.0,-89.987,0.079,0.003,-90.0,-89.9975,39.966499999999996,-90.02250000000001,0.031,0.003,0.0,0.10425293298916354,6.984946510240622,7.401958242196535,10.008281566911911,0.0,0.0,0.0005000000000023874,0.03349999999999653,0.03549999999999898,0.048,0.0,0.0,0.0206547,0.6265259,3.0844352,3.2496728,0.0137698,-0.0026007326007,-0.030914041513653998,0.007403418803326,-0.002276556776604,0.0036907814408580005,-0.000155219780223,0.13691968448693476,2.116571999977168,0.23007199979474535,0.11286999961157562,0.0
pd,00:06:29.258,465,-90.0,-89.998,39.933,-90.058,-0.017,0.003,0.0,0.0,0.0,0.0,0.0,0.0,-90.0,-89.997,40.0,-89.987,0.079,0.003,-90.0,-89.9975,39.966499999999996,-90.02250000000001,0.031,0.003,0.0,0.09782405075147,6.55421140031721,6.945507603322396,9.391108872096277,0.0,0.0,0.0005000000000023874,0.03349999999999653,0.03549999999999898,0.048,0.0,0.0,0.0206547,0.6265259,3.0844352,3.2496728,0.0137698,-0.0026007326007,-0.030914041513653998,0.007403418803326,-0.002276556776604,0.0036907814408580005,-0.000155219780223,0.13691968448693476,1.7351309998048237,0.17351700034851092,0.07907400004114606,0.0
pd,00:06:29.260,466,-90.0,-89.998,39.942,-90.069,-0.022,0.003,0.0,0.0,4.355455867082201,-5.323334948653731,-2.419697703934463,0.0,-90.0,-89.997,40.0,-89.987,0.079,0.003,-90.0,-89.9975,39.53545441329178,-89.49566650513462,0.2704697703934463,0.003,0.0,0.12098488519730088,-98.37174227025699,138.72937411144744,70.76884318912619,0.0,0.0,0.0005000000000023874,-0.4065455867082193,0.5733334948653805,0.2924697703934463,0.0,0.0,0.0206547,0.6265259,3.0844352,3.2496728,0.0137698,-0.0026007326007,-0.030914041513653998,0.007403418803326,-0.002276556776604,0.0036907814408580005,-0.000155219780223,0.14244297104455972,1.798557000256551,0.1588690001881332,0.07447999996657018,0.0
pd,00:06:29.263,467,-90.0,-89.998,39.942,-90.069,-0.022,0.003,0.0,0.0,0.0,0.0,0.0,0.0,-90.0,-89.997,40.0,-89.987,0.079,0.003,-90.0,-89.9975,39.971000000000004,-90.02799999999999,0.028500000000000004,0.003,0.0,0.11641789719162948,6.7522380370822495,9.546267569668949,11.758207616298435,0.0,0.0,0.0005000000000023874,0.029000000000003467,0.04100000000001103,0.0505,0.0,0.0068849,0.0206547,0.5576769,-0.3924393,-0.0963886,-0.0,-0.001837851037828,-0.029891086690712,0.005790964590891999,0.002724969475026,0.001190018315043,0.000275946275952,0.14244297104455972,3.2095250003294495,0.20401599977049045,0.09549900005367817,0.0
pd,00:06:29.266,468,-90.0,-89.998,39.942,-90.069,-0.022,0.003,0.0,0.0,0.0,0.0,0.0,0.0,-90.0,-89.997,40.0,-89.987,0.079,0.003,-90.0,-89.9975,39.971000000000004,-90.02799999999999,0.028500000000000004,0.003,0.0,0.06954805332659061,4.033787092922983,5.702940372753746,7.024353385952113,0.0,0.0,0.0005000000000023874,0.029000000000003467,0.04100000000001103,0.0505,0.0,0.0068849,0.0206547,0.5576769,-0.3924393,-0.0963886,-0.0,-0.001837851037828,-0.029891086690712,0.005790964590891999,0.002724969475026,0.001190018315043,0.000275946275952,0.14244297104455972,2.749732999745902,0.20273800009817933,0.09859100009634858,0.0
pd,00:06:29.269,469,-90.0,-89.998,39.942,-90.069,-0.022,0.003,0.0,0.0,0.0,0.0,0.0,0.0,-90.0,-89.997,40.0,-89.987,0.079,0.003,-90.0,-89.9975,39.971000000000004,-90.02799999999999,0.028500000000000004,0.003,0.0,0.07969719540966837,4.622437333738681,6.535170023562228,8.049416736338072,0.0,0.0,0.0005000000000023874,0.029000000000003467,0.04100000000001103,0.0505,0.0,0.0068849,0.0206547,0.5576769,-0.3924393,-0.0963886,-0.0,-0.001837851037828,-0.029891086690712,0.005790964590891999,0.002724969475026,0.001190018315043,0.000275946275952,0.14244297104455972,1.7477050000707095,0.16377600013584015,0.0762220001888636,0.0
pd,00:06:29.271,470,-90.0,-89.998,39.942,-90.069,-0.022,0.003,0.0,0.0,0.0,0.0,0.0,0.0,-90.0,-89.997,40.0,-89.987,0.079,0.003,-90.0,-89.9975,39.971000000000004,-90.02799999999999,0.028500000000000004,0.003,0.0,0.12137701122873096,7.039866651232761,9.952914920709368,12.259078134043293,0.0,0.0,0.0005000000000023874,0.029000000000003467,0.04100000000001103,0.0505,0.0,0.0068849,0.0206547,0.5576769,-0.3924393,-0.0963886,-0.0,-0.001837851037828,-0.029891086690712,0.005790964590891999,0.002724969475026,0.001190018315043,0.000275946275952,0.14244297104455972,2.0635169998968195,0.2418680001028406,0.12022100008834968,0.0
pd,00:06:29.274,471,-90.0,-89.998,39.942,-90.069,-0.022,0.003,0.0,0.0,0.0,0.0,0.0,0.0,-90.0,-89.997,40.0,-89.987,0.079,0.003,-90.0,-89.9975,39.971000000000004,-90.02799999999999,0.028500000000000004,0.003,0.0,0.08355853056060297,4.846394772491818,6.851799505937383,8.439411586580604,0.0,0.0,0.0005000000000023874,0.029000000000003467,0.04100000000001103,0.0505,0.0,0.0068849,0.0206547,0.5576769,-0.3924393,-0.0963886,-0.0,-0.001837851037828,-0.029891086690712,0.005790964590891999,0.002724969475026,0.001190018315043,0.000275946275952,0.14244297104455972,1.892314999622613,0.21816399976160028,0.15403599991259398,0.0
pd,00:06:29.277,472,-90.0,-89.998,39.942,-90.069,-0.022,0.003,0.0,0.0,0.0,0.0,0.0,0.0,-90.0,-89.997,40.0,-89.987,0.079,0.003,-90.0,-89.9975,39.971000000000004,-90.02799999999999,0.028500000000000004,0.003,0.0,0.10579921299616656,6.1363543537483425,8.675535465645064,10.6857205125618,0.0,0.0,0.0005000000000023874,0.029000000000003467,0.04100000000001103,0.0505,0.0,0.0068849,0.0206547,0.5576769,-0.3924393,-0.0963886,-0.0,-0.001837851037828,-0.029891086690712,0.005790964590891999,0.002724969475026,0.001190018315043,0.000275946275952,0.14244297104455972,1.7347799998788105,0.15738799993414432,0.07238899979711277,0.0
pd,00:06:29.279,473,-90.0,-89.998,39.942,-90.069,-0.022,0.003,0.0,0.0,0.0,0.0,0.0,0.0,-90.0,-89.997,40.0,-89.987,0.079,0.003,-90.0,-89.9975,39.971000000000004,-90.02799999999999,0.028500000000000004,0.003,0.0,0.12259745118730349,7.110652168829629,10.052990997311847,12.38234256985853,0.0,0.0,0.0005000000000023874,0.029000000000003467,0.04100000000001103,0.0505,0.0,0.0068849,0.0206547,0.5576769,-0.3924393,-0.0963886,-0.0,-0.001837851037828,-0.029891086690712,0.005790964590891999,0.002724969475026,0.001190018315043,0.000275946275952,0.14244297104455972,1.8045749998236715,0.2876829998967878,0.13190600020607235,0.0
pd,00:06:29.281,474,-90.0,-89.998,39.954,-90.044,0.009,0.003,0.0,0.0,5.124378741600683,10.675789045003446,13.237978415801262,0.0,-90.0,-89.997,40.0,-89.987,0.079,0.003,-90.0,-89.9975,39.46456212583993,-91.08307890450034,-1.2797978415801265,0.003,0.0,0.10675789045051993,-104.50270990333296,-221.85974371112857,-275.17867756724144,0.0,0.0,0.0005000000000023874,-0.48943787416006757,-1.039078904500343,-1.2887978415801264,0.0,0.0068849,0.0206547,0.5576769,-0.3924393,-0.0963886,-0.0,-0.001837851037828,-0.029891086690712,0.005790964590891999,0.002724969475026,0.001190018315043,0.000275946275952,0.1013212712119237,2.12425700010499,0.2527010001358576,0.3486820000944135,0.0
pd,00:06:29.284,475,-90.0,-89.998,39.954,-90.044,0.009,0.003,0.0,0.0,0.0,0.0,0.0,0.0,-90.0,-89.997,40.0,-89.987,0.079,0.003,-90.0,-89.9975,39.977000000000004,-90.0155,0.044000000000000004,0.003,0.0,0.0850150802663375,3.9106936922327993,4.845859575158284,5.951055618615211,0.0,0.0,0.0005000000000023874,0.02300000000000324,0.028499999999993975,0.035,0.0,0.0206547,-0.0206547,0.5783316000000001,0.3167054,0.413094,0.0275396,-0.0020632478632219998,-0.030272527472147998,0.005218803418738,0.0009658119658320001,0.0008968253968440001,-0.00043116605617500006,0.1013212712119237,3.7390379998214485,0.20677600014096242,0.08916500019040541,0.0
pd,00:06:29.288,476,-90.0,-89.998,39.954,-90.044,0.009,0.003,0.0,0.0,0.0,0.0,0.0,0.0,-90.0,-89.997,40.0,-89.987,0.079,0.003,-90.0,-89.9975,39.977000000000004,-90.0155,0.044000000000000004,0.003,0.0,0.06066392826178807,2.790540700028889,3.4578439109055403,4.246474978304889,0.0,0.0,0.0005000000000023874,0.02300000000000324,0.028499999999993975,0.035,0.0,0.0206547,-0.0206547,0.5783316000000001,0.3167054,0.413094,0.0275396,-0.0020632478632219998,-0.030272527472147998,0.005218803418738,0.0009658119658320001,0.0008968253968440001,-0.00043116605617500006,0.1013212712119237,1.7522230000395211,0.1523689998066402,0.06716600000800099,0.0
pd,00:06:29.290,477,-90.0,-89.998,39.954,-90.044,0.009,0.003,0.0,0.0,0.0,0.0,0.0,0.0,-90.0,-89.997,40.0,-89.987,0.079,0.003,-90.0,-89.9975,39.977000000000004,-90.0155,0.044000000000000004,0.003,0.0,0.12249719626226716,5.634871028037306,6.9823401869161525,8.574803738317758,0.0,0.0,0.0005000000000023874,0.02300000000000324,0.028499999999993975,0.035,0.0,0.0206547,-0.0206547,0.5783316000000001,0.3167054,0.413094,0.0275396,-0.0020632478632219998,-0.030272527472147998,0.005218803418738,0.0009658119658320001,0.0008968253968440001,-0.00043116605617500006,0.1013212712119237,1.945370000157709,0.24762699968050583,0.12094400017303997,0.0
pd,00:06:29.293,478,-90.0,-89.998,39.954,-90.044,0.009,0.003,0.0,0.0,0.0,0.0,0.0,0.0,-90.0,-89.997,40.0,-89.987,0.079,0.003,-90.0,-89.9975,39.977000000000004,-90.0155,0.044000000000000004,0.003,0.0,0.10161604806715833,4.6743382110669005,5.792114739800588,7.1131233646671195,0.0,0.0,0.0005000000000023874,0.02300000000000324,0.028499999999993975,0.035,0.0,0.0206547,-0.0206547,0.5783316000000001,0.3167054,0.413094,0.0275396,-0.0020632478632219998,-0.030272527472147998,0.005218803418738,0.0009658119658320001,0.0008968253968440001,-0.00043116605617500006,0.1013212712119237,2.1129800002199772,0.20777600002475083,0.0796289996287669,0.0
pd,00:06:29.295,479,-90.0,-89.998,39.954,-90.044,0.009,0.003,0.0,0.0,0.0,0.0,0.0,0.0,-90.0,-89.997,40.0,-89.987,0.079,0.003,-90.0,-89.9975,39.977000000000004,-90.0155,0.044000000000000004,0.003,0.0,0.10053461169750784,4.624592138063216,5.730472866730802,7.037422818791947,0.0,0.0,0.0005000000000023874,0.02300000000000324,0.028499999999993975,0.035,0.0,0.0206547,-0.0206547,0.5783316000000001,0.3167054,0.413094,0.0275396,-0.0020632478632219998,-0.030272527472147998,0.005218803418738,0.0009658119658320001,0.0008968253968440001,-0.00043116605617500006,0.1013212712119237,1.777297999979055,0.14988700013418566,0.06499900018752669,0.0
pd,00:06:29.297,480,-90.0,-89.998,39.954,-90.044,0.009,0.003,0.0,0.0,0.0,0.0,0.0,0.0,-90.0,-89.997,40.0,-89.987,0.079,0.003,-90.0,-89.9975,39.977000000000004,-90.0155,0.044000000000000004,0.003,0.0,0.12130680240687261,5.58011291068942,6.914487737158985,8.491476168440538,0.0,0.0,0.0005000000000023874,0.02300000000000324,0.028499999999993975,0.035,0.0,0.0206547,-0.0206547,0.5783316000000001,0.3167054,0.413094,0.0275396,-0.0020632478632219998,-0.030272527472147998,0.005218803418738,0.0009658119658320001,0.0008968253968440001,-0.00043116605617500006,0.1013212712119237,1.7823160001171345,0.1590540000506735,0.07140699972296716,0.0
pd,00:06:29.300,481,-90.0,-89.998,39.954,-90.044,0.009,0.003,0.0,0.0,0.0,0.0,0.0,0.0,-90.0,-89.997,40.0,-89.987,0.079,0.003,-90.0,-89.9975,39.977000000000004,-90.0155,0.044000000000000004,0.003,0.0,0.09924997633743557,4.565498911500175,5.65724865120703,6.947498343587317,0.0,0.0,0.0005000000000023874,0.02300000000000324,0.028499999999993975,0.035,0.0,0.0206547,-0.0206547,0.5783316000000001,0.3167054,0.413094,0.0275396,-0.0020632478632219998,-0.030272527472147998,0.005218803418738,0.0009658119658320001,0.0008968253968440001,-0.00043116605617500006,0.1013212712119237,1.959703000011359,0.22575799994228873,0.09751700008564512,0.0
pd,00:06:29.302,482,-90.0,-89.998,39.965,-90.021,0.037,0.003,0.0,0.0,4.625297644111447,9.671076892228951,11.7734849122807,0.0,-90.0,-89.997,40.0,-89.987,0.079,0.003,-90.0,-89.9975,39.51997023558886,-90.97110768922289,-1.1193484912280702,0.003,0.0,0.1051204010030082,-93.5634145859012,-199.75140257335005,-243.11163419307567,0.0,0.0,0.0005000000000023874,-0.44502976441114583,-0.9501076892228895,-1.1563484912280702,0.0,0.0206547,-0.0206547,-0.5094826,4.7918904,3.6834215,-0.0137698,-0.0020632478632219998,-0.030272527472147998,-0.033046642246228,-0.000258699633705,0.000741605616621,-0.00010347985348200002,0.06438944012802239,2.62365900016448,0.5868639996151614,0.3270889997111226,0.0
pd,00:06:29.306,483,-90.0,-89.998,39.965,-90.021,0.037,0.003,0.0,0.0,0.0,0.0,0.0,0.0,-90.0,-89.997,40.0,-89.987,0.079,0.003,-90.0,-89.9975,39.9825,-90.00399999999999,0.057999999999999996,0.003,0.0,0.06626072669857863,2.3191254344389525,2.2528647077413155,2.7829505213270145,0.0,0.0,0.0005000000000023874,0.017499999999998295,0.017000000000010118,0.020999999999999998,0.0,-0.0068849,-0.034424500000000004,-0.5094826,4.7918904,3.6834215,-0.0137698,-0.002149938949912,-0.029110866910502,-0.033046642246228,-0.000258699633705,0.000741605616621,-0.00010347985348200002,0.06438944012802239,2.966212000046653,0.24005299974305672,0.11492400017232285,0.0
pd,00:06:29.309,484,-90.0,-89.998,39.965,-90.021,0.037,0.003,0.0,0.0,0.0,0.0,0.0,0.0,-90.0,-89.997,40.0,-89.987,0.079,0.003,-90.0,-89.9975,39.9825,-90.00399999999999,0.057999999999999996,0.003,0.0,0.07310206358094024,2.558572225320442,2.485470161740541,3.07028667038483,0.0,0.0,0.0005000000000023874,0.017499999999998295,0.017000000000010118,0.020999999999999998,0.0,-0.0068849,-0.034424500000000004,-0.5094826,4.7918904,3.6834215,-0.0137698,-0.002149938949912,-0.029110866910502,-0.033046642246228,-0.000258699633705,0.000741605616621,-0.00010347985348200002,0.06438944012802239,1.9224450002184312,0.29186799974922906,0.1247029999831284,0.0
pd,00:06:29.312,485,-90.0,-89.998,39.965,-90.021,0.037,0.003,0.0,0.0,0.0,0.0,0.0,0.0,-90.0,-89.997,40.0,-89.987,0.079,0.003,-90.0,-89.9975,39.9825,-90.00399999999999,0.057999999999999996,0.003,0.0,0.1021904297831602,3.5766650423931803,3.4744746126114725,4.291998050872235,0.0,0.0,0.0005000000000023874,0.017499999999998295,0.017000000000010118,0.020999999999999998,0.0,-0.0068849,-0.034424500000000004,-0.5094826,4.7918904,3.6834215,-0.0137698,-0.002149938949912,-0.029110866910502,-0.033046642246228,-0.000258699633705,0.000741605616621,-0.00010347985348200002,0.06438944012802239,1.8518329998187255,0.18905300021287985,0.08172200023182086,0.0
pd,00:06:29.314,486,-90.0,-89.998,39.965,-90.021,0.037,0.003,0.0,0.0,0.0,0.0,0.0,0.0,-90.0,-89.997,40.0,-89.987,0.079,0.003,-90.0,-89.9975,39.9825,-90.00399999999999,0.057999999999999996,0.003,0.0,0.11351910793601892,3.973168777741304,3.859649669806898,4.76780253329003,0.0,0.0,0.0005000000000023874,0.017499999999998295,0.017000000000010118,0.020999999999999998,0.0,-0.0068849,-0.034424500000000004,-0.5094826,4.7918904,3.6834215,-0.0137698,-0.002149938949912,-0.029110866910502,-0.033046642246228,-0.000258699633705,0.000741605616621,-0.00010347985348200002,0.06438944012802239,1.7057790000762907,0.1326839997091156,0.058648000049288385,0.0
pd,00:06:29.316,487,-90.0,-89.998,39.965,-90.021,0.037,0.003,0.0,0.0,0.0,0.0,0.0,0.0,-90.0,-89.997,40.0,-89.987,0.079,0.003,-90.0,-89.9975,39.9825,-90.00399999999999,0.057999999999999996,0.003,0.0,0.12764163116311708,4.467457090687331,4.339815459526028,5.36094850882532,0.0,0.0,0.0005000000000023874,0.017499999999998295,0.017000000000010118,0.020999999999999998,0.0,-0.0068849,-0.034424500000000004,-0.5094826,4.7918904,3.6834215,-0.0137698,-0.002149938949912,-0.029110866910502,-0.033046642246228,-0.000258699633705,0.000741605616621,-0.00010347985348200002,0.06438944012802239,1.7530389995954465,0.1854059996730939,0.3454970001257607,0.0
pd,00:06:29.318,488,-90.0,-89.998,39.965,-90.021,0.037,0.003,0.0,0.0,0.0,0.0,0.0,0.0,-90.0,-89.997,40.0,-89.987,0.079,0.003,-90.0,-89.9975,39.9825,-90.00399999999999,0.057999999999999996,0.003,0.0,0.10532101245530402,3.68623543591768,3.580914423463873,4.423482523101647,0.0,0.0,0.0005000000000023874,0.017499999999998295,0.017000000000010118,0.020999999999999998,0.0,-0.0068849,-0.034424500000000004,-0.5094826,4.7918904,3.6834215,-0.0137698,-0.002149938949912,-0.029110866910502,-0.033046642246228,-0.000258699633705,0.000741605616621,-0.00010347985348200002,0.06438944012802239,1.7544830002407252,0.18423900019115536,0.07812900003045797,0.0
pd,00:06:29.320,489,-90.0,-89.998,39.965,-90.021,0.037,0.003,0.0,0.0,0.0,0.0,0.0,0.0,-90.0,-89.997,40.0,-89.987,0.079,0.003,-90.0,-89.9975,39.9825,-90.00399999999999,0.057999999999999996,0.003,0.0,0.11940059212081608,4.179020724208201,4.059620132089082,5.01482486905033,0.0,0.0,0.0005000000000023874,0.017499999999998295,0.017000000000010118,0.020999999999999998,0.0,-0.0068849,-0.034424500000000004,-0.5094826,4.7918904,3.6834215,-0.0137698,-0.002149938949912,-0.029110866910502,-0.033046642246228,-0.000258699633705,0.000741605616621,-0.00010347985348200002,0.06438944012802239,1.7321499999525258,0.1872759999059781,0.09473999989495496,0.0
pd,00:06:29.322,490,-90.0,-89.998,39.978,-90.016,0.046,0.003,0.0,0.0,6.198948613005017,2.3842110050001053,4.2915798090040935,0.0,-90.0,-89.997,40.0,-89.987,0.079,0.003,-90.0,-89.9975,39.369105138699496,-90.23992110050001,-0.36665798090040935,0.003,0.0,0.1192105502506829,-145.17338292019912,-53.387515206433264,-98.38636993647741,0.0,0.0,0.0005000000000023874,-0.6088948613005059,-0.22392110050000724,-0.41265798090040934,0.0,-0.0137698,-0.0137698,0.0757339,0.3786695,0.1721225,-0.0206547,-0.0026007326007,-0.029700366299994,-0.012812942612782,0.004984279609383,0.0018798840049230002,-0.000155219780223,0.04914264950122811,3.249116999995749,0.2121649999935471,0.2784980001706572,0.0
pd,00:06:29.327,491,-90.0,-89.998,39.978,-90.016,0.046,0.003,0.0,0.0,0.0,0.0,0.0,0.0,-90.0,-89.997,40.0,-89.987,0.079,0.003,-90.0,-89.9975,39.989000000000004,-90.0015,0.0625,0.003,0.0,0.0526076660648709,1.1573686534215528,1.5256223158745277,1.7360529801324505,0.0,0.0,0.0005000000000023874,0.011000000000002785,0.014500000000012392,0.0165,0.0,-0.0137698,-0.0137698,0.0757339,0.3786695,0.1721225,-0.0206547,-0.0026007326007,-0.029700366299994,-0.012812942612782,0.004984279609383,0.0018798840049230002,-0.000155219780223,0.04914264950122811,2.2574409999833733,0.363478000053874,0.13748100036536925,0.0
pd,00:06:29.330,492,-90.0,-89.998,39.978,-90.016,0.046,0.003,0.0,0.0,0.0,0.0,0.0,0.0,-90.0,-89.997,40.0,-89.987,0.079,0.003,-90.0,-89.9975,39.989000000000004,-90.0015,0.0625,0.003,0.0,0.0866663360612453,1.9066593933381595,2.513323745765029,2.859989090007439,0.0,0.0,0.0005000000000023874,0.011000000000002785,0.014500000000012392,0.0165,0.0,-0.0137698,-0.0137698,0.0757339,0.3786695,0.1721225,-0.0206547,-0.0026007326007,-0.029700366299994,-0.012812942612782,0.004984279609383,0.0018798840049230002,-0.000155219780223,0.04914264950122811,1.7855569999483123,0.20899799983453704,0.09662799993748195,0.0
pd,00:06:29.332,493,-90.0,-89.998,39.978,-90.016,0.046,0.003,0.0,0.0,0.0,0.0,0.0,0.0,-90.0,-89.997,40.0,-89.987,0.079,0.003,-90.0,-89.9975,39.989000000000004,-90.0015,0.0625,0.003,0.0,0.11477408056096834,2.525029772329071,3.3284483362534028,3.7875446584938706,0.0,0.0,0.0005000000000023874,0.011000000000002785,0.014500000000012392,0.0165,0.0,-0.0137698,-0.0137698,0.0757339,0.3786695,0.1721225,-0.0206547,-0.0026007326007,-0.029700366299994,-0.012812942612782,0.004984279609383,0.0018798840049230002,-0.000155219780223,0.04914264950122811,1.8288530000063474,0.24464600028295536,0.11768400008804747,0.0
pd,00:06:29.335,494,-90.0,-89.998,39.978,-90.016,0.046,0.003,0.0,0.0,0.0,0.0,0.0,0.0,-90.0,-89.997,40.0,-89.987,0.079,0.003,-90.0,-89.9975,39.989000000000004,-90.0015,0.0625,0.003,0.0,0.10875088156036163,2.392519394316365,3.153775565236578,3.588779091474798,0.0,0.0,0.0005000000000023874,0.011000000000002785,0.014500000000012392,0.0165,0.0,-0.0137698,-0.0137698,0.0757339,0.3786695,0.1721225,-0.0206547,-0.0026007326007,-0.029700366299994,-0.012812942612782,0.004984279609383,0.0018798840049230002,-0.000155219780223,0.04914264950122811,2.1394979999058705,0.2348119996895548,0.11277700014034053,0.0
pd,00:06:29.337,495,-90.0,-89.998,39.978,-90.016,0.046,0.003,0.0,0.0,0.0,0.0,0.0,0.0,-90.0,-89.997,40.0,-89.987,0.079,0.003,-90.0,-89.9975,39.989000000000004,-90.0015,0.0625,0.003,0.0,0.0967767420401483,2.129088324872948,2.806525519151923,3.1936324873096447,0.0,0.0,0.0005000000000023874,0.011000000000002785,0.014500000000012392,0.0165,0.0,-0.0137698,-0.0137698,0.0757339,0.3786695,0.1721225,-0.0206547,-0.0026007326007,-0.029700366299994,-0.012812942612782,0.004984279609383,0.0018798840049230002,-0.000155219780223,0.04914264950122811,1.7362799999318668,0.1603690002411895,0.07440600029440247,0.0
pd,00:06:29.339,496,-90.0,-89.998,39.978,-90.016,0.046,0.003,0.0,0.0,0.0,0.0,0.0,0.0,-90.0,-89.997,40.0,-89.987,0.079,0.003,-90.0,-89.9975,39.989000000000004,-90.0015,0.0625,0.003,0.0,0.12245428004262604,2.6939941609247215,3.5511741212204937,4.040991241387364,0.0,0.0,0.0005000000000023874,0.011000000000002785,0.014500000000012392,0.0165,0.0,-0.0137698,-0.0137698,0.0757339,0.3786695,0.1721225,-0.0206547,-0.0026007326007,-0.029700366299994,-0.012812942612782,0.004984279609383,0.0018798840049230002,-0.000155219780223,0.04914264950122811,1.710168000045087,0.19244200029788772,0.09479499976805528,0.0
pd,00:06:29.341,497,-90.0,-89.998,39.976,-89.965,0.097,0.003,0.0,0.0,-0.9589172382270521,24.452389574760872,24.45238957475995,0.0,-90.0,-89.997,40.0,-89.987,0.079,0.003,-90.0,-89.9975,40.0838917238227,-92.42123895747609,-2.357238957475995,0.003,0.0,0.11986465477880737,25.864808458874585,-588.8324693814452,-588.3530107623112,0.0,0.0,0.0005000000000023874,0.10789172382270351,-2.4562389574760886,-2.454238957475995,0.0,-0.0137698,-0.0137698,0.0757339,0.3786695,0.1721225,-0.0206547,-0.0026007326007,-0.029700366299994,-0.012812942612782,0.004984279609383,0.0018798840049230002,-0.000155219780223,0.0372155881318524,1.7569460001141124,0.4563099996630626,0.47629200025767204,0.0
pd,00:06:29.344,498,-90.0,-89.998,39.976,-89.965,0.097,0.003,0.0,0.0,0.0,0.0,0.0,0.0,-90.0,-89.997,40.0,-89.987,0.079,0.003,-90.0,-89.9975,39.988,-89.976,0.088,0.003,0.0,0.08242873987933393,1.978289757094643,-1.8134322773359752,-1.4837173178209262,0.0,0.0,0.0005000000000023874,0.012000000000000455,-0.01099999999999568,-0.009000000000000008,0.0,-0.06884900000000001,0.034424500000000004,0.0413094,0.26162620000000003,0.0275396,-0.0,-0.001629792429772,-0.02938827838791,-0.014754822954638,0.00137973137976,0.0016901709402060002,0.000137973137976,0.0372155881318524,3.4745960001600906,0.23568200003865059,0.11186999972778722,0.0
pd,00:06:29.348,499,-90.0,-89.998,39.976,-89.965,0.097,0.003,0.0,0.0,0.0,0.0,0.0,0.0,-90.0,-89.997,40.0,-89.987,0.079,0.003,-90.0,-89.9975,39.988,-89.976,0.088,0.003,0.0,0.0637781156866983,1.5306747764735085,-1.403118545100112,-1.148006082355088,0.0,0.0,0.0005000000000023874,0.012000000000000455,-0.01099999999999568,-0.009000000000000008,0.0,-0.06884900000000001,0.034424500000000004,0.0413094,0.26162620000000003,0.0275396,-0.0,-0.001629792429772,-0.02938827838791,-0.014754822954638,0.00137973137976,0.0016901709402060002,0.000137973137976,0.0372155881318524,2.086573000269709,0.28931199994985946,0.12736899998344597,0.0
pd,00:06:29.351,500,-90.0,-89.998,39.976,-89.965,0.097,0.003,0.0,0.0,0.0,0.0,0.0,0.0,-90.0,-89.997,40.0,-89.987,0.079,0.003,-90.0,-89.9975,39.988,-89.976,0.088,0.003,0.0,0.09559449357325252,2.2942678457471923,-2.1030788586006874,-1.7207008843103293,0.0,0.0,0.0005000000000023874,0.012000000000000455,-0.01099999999999568,-0.009000000000000008,0.0,-0.06884900000000001,0.034424500000000004,0.0413094,0.26162620000000003,0.0275396,-0.0,-0.001629792429772,-0.02938827838791,-0.014754822954638,0.00137973137976,0.0016901709402060002,0.000137973137976,0.0372155881318524,1.8701490002968058,0.22260900004766881,0.10201700024481397,0.0
pd,00:06:29.354,501,-90.0,-89.998,39.976,-89.965,0.097,0.003,0.0,0.0,0.0,0.0,0.0,0.0,-90.0,-89.997,40.0,-89.987,0.079,0.003,-90.0,-89.9975,39.988,-89.976,0.088,0.003,0.0,0.09095905621139892,2.1830173490632334,-2.0010992366404357,-1.6372630117973632,0.0,0.0,0.0005000000000023874,0.012000000000000455,-0.01099999999999568,-0.009000000000000008,0.0,-0.06884900000000001,0.034424500000000004,0.0413094,0.26162620000000003,0.0275396,-0.0,-0.001629792429772,-0.02938827838791,-0.014754822954638,0.00137973137976,0.0016901709402060002,0.000137973137976,0.0372155881318524,1.9028700003218546,0.2187380000577832,0.08386899980905582,0.0
pd,00:06:29.356,502,-90.0,-89.998,39.976,-89.965,0.097,0.003,0.0,0.0,0.0,0.0,0.0,0.0,-90.0,-89.997,40.0,-89.987,0.079,0.003,-90.0,-89.9975,39.988,-89.976,0.088,0.003,0.0,0.10875088156036163,2.6100211574363152,-2.3925193943155922,-1.9575158680771627,0.0,0.0,0.0005000000000023874,0.012000000000000455,-0.01099999999999568,-0.009000000000000008,0.0,-0.06884900000000001,0.034424500000000004,0.0413094,0.26162620000000003,0.0275396,-0.0,-0.001629792429772,-0.02938827838791,-0.014754822954638,0.00137973137976,0.0016901709402060002,0.000137973137976,0.0372155881318524,1.7543170001772523,0.15568300023005577,0.08403600031670067,0.0
pd,00:06:29.358,503,-90.0,-89.998,39.976,-89.965,0.097,0.003,0.0,0.0,0.0,0.0,0.0,0.0,-90.0,-89.997,40.0,-89.987,0.079,0.003,-90.0,-89.9975,39.988,-89.976,0.088,0.003,0.0,0.12042908005110908,2.8902979212129267,-2.649439761110709,-2.1677234409096133,0.0,0.0,0.0005000000000023874,0.012000000000000455,-0.01099999999999568,-0.009000000000000008,0.0,-0.06884900000000001,0.034424500000000004,0.0413094,0.26162620000000003,0.0275396,-0.0,-0.001629792429772,-0.02938827838791,-0.014754822954638,0.00137973137976,0.0016901709402060002,0.000137973137976,0.0372155881318524,1.7650749996391824,0.24866400008249911,0.13001800016354537,0.0
pd,00:06:29.360,504,-90.0,-89.998,39.976,-89.965,0.097,0.003,0.0,0.0,0.0,0.0,0.0,0.0,-90.0,-89.997,40.0,-89.987,0.079,0.003,-90.0,-89.9975,39.988,-89.976,0.088,0.003,0.0,0.0994287881666041,2.3862909159871943,-2.1874333396539862,-1.7897181869903283,0.0,0.0,0.0005000000000023874,0.012000000000000455,-0.01099999999999568,-0.009000000000000008,0.0,-0.06884900000000001,0.034424500000000004,0.0413094,0.26162620000000003,0.0275396,-0.0,-0.001629792429772,-0.02938827838791,-0.014754822954638,0.00137973137976,0.0016901709402060002,0.000137973137976,0.0372155881318524,1.9589990001804836,0.22259000024860143,0.09222099970429554,0.0
pd,00:06:29.363,505,-90.0,-89.998,39.975,-89.913,0.129,0.003,0.0,0.0,-0.4221745344730976,21.95307579265507,13.50958510317061,0.0,-90.0,-89.997,40.0,-89.987,0.079,0.003,-90.0,-89.9975,40.02971745344731,-92.1453075792655,-1.2469585103170608,0.003,0.0,0.10554363361902434,11.550157718362463,-471.2117065396895,-290.44732177437794,0.0,0.0,0.0005000000000023874,0.05471745344731005,-2.232307579265509,-1.3759585103170608,0.0,0.0275396,0.0206547,-0.0068849,0.1514678,0.0275396,-0.0206547,-0.002375335775306,-0.029457631257261998,-0.01170329670315,0.002138583638628,0.0027767094017670003,0.00020695970696400003,0.09274696760541366,3.423725999709859,0.21436799988805433,0.25133099961749394,0.0
pd,00:06:29.367,506,-90.0,-89.998,39.975,-89.913,0.129,0.003,0.0,0.0,0.0,0.0,0.0,0.0,-90.0,-89.997,40.0,-89.987,0.079,0.003,-90.0,-89.9975,39.9875,-89.94999999999999,0.10400000000000001,0.003,0.0,0.05913800688088697,1.4784501720150307,-4.376212509164626,-2.9569003440302297,0.0,0.0,0.0005000000000023874,0.012499999999995737,-0.03699999999999193,-0.024999999999999994,0.0,0.0275396,0.0206547,-0.0068849,0.1514678,0.0275396,-0.0206547,-0.002375335775306,-0.029457631257261998,-0.01170329670315,0.002138583638628,0.0027767094017670003,0.00020695970696400003,0.09274696760541366,2.7406220001466863,0.23673800023971125,0.15597999981764588,0.0
pd,00:06:29.370,507,-90.0,-89.998,39.975,-89.913,0.129,0.003,0.0,0.0,0.0,0.0,0.0,0.0,-90.0,-89.997,40.0,-89.987,0.079,0.003,-90.0,-89.9975,39.9875,-89.94999999999999,0.10400000000000001,0.003,0.0,0.07739139419920339,1.9347848549707365,-5.726963170713557,-3.8695697099416932,0.0,0.0,0.0005000000000023874,0.012499999999995737,-0.03699999999999193,-0.024999999999999994,0.0,0.0275396,0.0206547,-0.0068849,0.1514678,0.0275396,-0.0206547,-0.002375335775306,-0.029457631257261998,-0.01170329670315,0.002138583638628,0.0027767094017670003,0.00020695970696400003,0.09274696760541366,1.7385199998898315,0.17268400006287266,0.07733200027359999,0.0
pd,00:06:29.372,508,-90.0,-89.998,39.975,-89.913,0.129,0.003,0.0,0.0,0.0,0.0,0.0,0.0,-90.0,-89.997,40.0,-89.987,0.079,0.003,-90.0,-89.9975,39.9875,-89.94999999999999,0.10400000000000001,0.003,0.0,0.1210407480093509,3.0260187002191516,-8.957015352648964,-6.052037400438647,0.0,0.0,0.0005000000000023874,0.012499999999995737,-0.03699999999999193,-0.024999999999999994,0.0,0.0275396,0.0206547,-0.0068849,0.1514678,0.0275396,-0.0206547,-0.002375335775306,-0.029457631257261998,-0.01170329670315,0.002138583638628,0.0027767094017670003,0.00020695970696400003,0.09274696760541366,1.901852000173676,0.1952750003511028,0.09036999972522608,0.0
pd,00:06:29.375,509,-90.0,-89.998,39.975,-89.913,0.129,0.003,0.0,0.0,0.0,0.0,0.0,0.0,-90.0,-89.997,40.0,-89.987,0.079,0.003,-90.0,-89.9975,39.9875,-89.94999999999999,0.10400000000000001,0.003,0.0,0.1099597315441492,2.7489932885904476,-8.137020134227976,-5.497986577181209,0.0,0.0,0.0005000000000023874,0.012499999999995737,-0.03699999999999193,-0.024999999999999994,0.0,0.0275396,0.0206547,-0.0068849,0.1514678,0.0275396,-0.0206547,-0.002375335775306,-0.029457631257261998,-0.01170329670315,0.002138583638628,0.0027767094017670003,0.00020695970696400003,0.09274696760541366,1.7276130001846468,0.17086900015783613,0.08273999992525205,0.0
pd,00:06:29.377,510,-90.0,-89.998,39.975,-89.913,0.129,0.003,0.0,0.0,0.0,0.0,0.0,0.0,-90.0,-89.997,40.0,-89.987,0.079,0.003,-90.0,-89.9975,39.9875,-89.94999999999999,0.10400000000000001,0.003,0.0,0.11832272624746183,2.9580681561722533,-8.75588174227014,-5.916136312344843,0.0,0.0,0.0005000000000023874,0.012499999999995737,-0.03699999999999193,-0.024999999999999994,0.0,0.0275396,0.0206547,-0.0068849,0.1514678,0.0275396,-0.0206547,-0.002375335775306,-0.029457631257261998,-0.01170329670315,0.002138583638628,0.0027767094017670003,0.00020695970696400003,0.09274696760541366,1.7186690001835814,0.15225800007101498,0.06516599978567683,0.0
pd,00:06:29.379,511,-90.0,-89.998,39.975,-89.913,0.129,0.003,0.0,0.0,0.0,0.0,0.0,0.0,-90.0,-89.997,40.0,-89.987,0.079,0.003,-90.0,-89.9975,39.9875,-89.94999999999999,0.10400000000000001,0.003,0.0,0.10170475266779891,2.5426188166826877,-7.526151697380986,-5.085237633365665,0.0,0.0,0.0005000000000023874,0.012499999999995737,-0.03699999999999193,-0.024999999999999994,0.0,0.0275396,0.0206547,-0.0068849,0.1514678,0.0275396,-0.0206547,-0.002375335775306,-0.029457631257261998,-0.01170329670315,0.002138583638628,0.0027767094017670003,0.00020695970696400003,0.09274696760541366,1.9303520002722507,0.2318500000910717,0.09857300028670579,0.0
pd,00:06:29.382,512,-90.0,-89.998,39.975,-89.909,0.13,0.003,0.0,0.0,0.0,1.692104488145325,0.4230261220373176,0.0,-90.0,-89.997,40.0,-89.987,0.079,0.003,-90.0,-89.9975,39.9875,-90.11721044881453,0.06219738779626824,0.003,0.0,0.10575653050983427,2.6439132627330824,-44.03922936482932,-14.341138052272363,0.0,0.0,0.0005000000000023874,0.012499999999995737,-0.20821044881452622,-0.06780261220373177,0.0,0.0275396,0.0206547,-0.0068849,0.1514678,0.0275396,-0.0206547,-0.002375335775306,-0.029457631257261998,-0.01170329670315,0.002138583638628,0.0027767094017670003,0.00020695970696400003,0.09649352309869395,1.7652050000833697,0.23559000010209274,0.3772929999286134,0.0
pd,00:06:29.384,513,-90.0,-89.998,39.975,-89.909,0.13,0.003,0.0,0.0,0.0,0.0,0.0,0.0,-90.0,-89.997,40.0,-89.987,0.079,0.003,-90.0,-89.9975,39.9875,-89.94800000000001,0.10450000000000001,0.003,0.0,0.08644484748598572,2.161121187139201,-6.7426981038737175,-4.408687221764222,0.0,0.0,0.0005000000000023874,0.012499999999995737,-0.03900000000000148,-0.025499999999999995,0.0,0.034424500000000004,-0.0068849,-0.0137698,0.1858923,0.0550792,-0.0,-0.0025140415140099998,-0.02964835164798,-0.010871062270926,0.002449023199074,0.001638431013465,0.000379426129434,0.09649352309869395,4.0720530000726285,0.2807199998642318,0.12377699977150769,0.0
pd,00:06:29.389,514,-90.0,-89.998,39.975,-89.909,0.13,0.003,0.0,0.0,0.0,0.0,0.0,0.0,-90.0,-89.997,40.0,-89.987,0.079,0.003,-90.0,-89.9975,39.9875,-89.94800000000001,0.10450000000000001,0.003,0.0,0.054579221320268934,1.3644805330001306,-4.257179262960035,-2.783540287320425,0.0,0.0,0.0005000000000023874,0.012499999999995737,-0.03900000000000148,-0.025499999999999995,0.0,0.034424500000000004,-0.0068849,-0.0137698,0.1858923,0.0550792,-0.0,-0.0025140415140099998,-0.02964835164798,-0.010871062270926,0.002449023199074,0.001638431013465,0.000379426129434,0.09649352309869395,1.851018999786902,0.17899900012707803,0.09607299989511375,0.0
pd,00:06:29.391,515,-90.0,-89.998,39.975,-89.909,0.13,0.003,0.0,0.0,0.0,0.0,0.0,0.0,-90.0,-89.997,40.0,-89.987,0.079,0.003,-90.0,-89.9975,39.9875,-89.94800000000001,0.10450000000000001,0.003,0.0,0.11275010752742008,2.818752688171883,-8.794508387095505,-5.750255483870968,0.0,0.0,0.0005000000000023874,0.012499999999995737,-0.03900000000000148,-0.025499999999999995,0.0,0.034424500000000004,-0.0068849,-0.0137698,0.1858923,0.0550792,-0.0,-0.0025140415140099998,-0.02964835164798,-0.010871062270926,0.002449023199074,0.001638431013465,0.000379426129434,0.09649352309869395,1.8240189997413836,0.19786900020335452,0.08788800005277153,0.0
pd,00:06:29.393,516,-90.0,-89.998,39.975,-89.909,0.13,0.003,0.0,0.0,0.0,0.0,0.0,0.0,-90.0,-89.997,40.0,-89.987,0.079,0.003,-90.0,-89.9975,39.9875,-89.94800000000001,0.10450000000000001,0.003,0.0,0.11390136867314868,2.847534216814959,-8.884306756461894,-5.808969802302847,0.0,0.0,0.0005000000000023874,0.012499999999995737,-0.03900000000000148,-0.025499999999999995,0.0,0.034424500000000004,-0.0068849,-0.0137698,0.1858923,0.0550792,-0.0,-0.0025140415140099998,-0.02964835164798,-0.010871062270926,0.002449023199074,0.001638431013465,0.000379426129434,0.09649352309869395,2.0099429998481355,0.18946099999084254,0.0904990001799888,0.0
pd,00:06:29.396,517,-90.0,-89.998,39.975,-89.909,0.13,0.003,0.0,0.0,0.0,0.0,0.0,0.0,-90.0,-89.997,40.0,-89.987,0.079,0.003,-90.0,-89.9975,39.9875,-89.94800000000001,0.10450000000000001,0.003,0.0,0.1053739322686169,2.634348306702694,-8.219166716911687,-5.374070545673802,0.0,0.0,0.0005000000000023874,0.012499999999995737,-0.03900000000000148,-0.025499999999999995,0.0,0.034424500000000004,-0.0068849,-0.0137698,0.1858923,0.0550792,-0.0,-0.0025140415140099998,-0.02964835164798,-0.010871062270926,0.002449023199074,0.001638431013465,0.000379426129434,0.09649352309869395,1.7920190002769232,0.1691100001153245,0.07623999999850639,0.0
pd,00:06:29.398,518,-90.0,-89.998,39.975,-89.909,0.13,0.003,0.0,0.0,0.0,0.0,0.0,0.0,-90.0,-89.997,40.0,-89.987,0.079,0.003,-90.0,-89.9975,39.9875,-89.94800000000001,0.10450000000000001,0.003,0.0,0.11820268289989931,2.955067072483205,-9.219809266146793,-6.028336827866081,0.0,0.0,0.0005000000000023874,0.012499999999995737,-0.03900000000000148,-0.025499999999999995,0.0,0.034424500000000004,-0.0068849,-0.0137698,0.1858923,0.0550792,-0.0,-0.0025140415140099998,-0.02964835164798,-0.010871062270926,0.002449023199074,0.001638431013465,0.000379426129434,0.09649352309869395,1.811168000131147,0.16512799993506633,0.07627700006196392,0.0
pd,00:06:29.400,519,-90.0,-89.998,39.975,-89.909,0.13,0.003,0.0,0.0,0.0,0.0,0.0,0.0,-90.0,-89.997,40.0,-89.987,0.079,0.003,-90.0,-89.9975,39.9875,-89.94800000000001,0.10450000000000001,0.003,0.0,0.11760610139131975,2.9401525347687874,-9.173275908477814,-5.997911170928668,0.0,0.0,0.0005000000000023874,0.012499999999995737,-0.03900000000000148,-0.025499999999999995,0.0,0.034424500000000004,-0.0068849,-0.0137698,0.1858923,0.0550792,-0.0,-0.0025140415140099998,-0.02964835164798,-0.010871062270926,0.002449023199074,0.001638431013465,0.000379426129434,0.09649352309869395,1.7906309999489167,0.1903689999380731,0.09451799996895716,0.0
pd,00:06:29.402,520,-90.0,-89.998,39.975,-89.907,0.131,0.003,0.0,0.0,0.0,0.926406184432916,0.46320309221424666,0.0,-90.0,-89.997,40.0,-89.987,0.079,0.003,-90.0,-89.9975,39.9875,-90.03964061844329,0.058679690778575336,0.003,0.0,0.1158007730541145,2.8950193263388746,-30.719772308071132,-16.74949543062719,0.0,0.0,0.0005000000000023874,0.012499999999995737,-0.13264061844328978,-0.07232030922142467,0.0,-0.0206547,-0.0413094,0.0068849,0.0206547,-0.0206547,-0.0137698,-0.002375335775306,-0.029145543345178,-0.00918925518914,0.0030871489622130003,-0.000603632478645,6.8986568988e-05,0.09864076236525986,3.0689889999848674,0.5298839996612514,0.1307210000049963,0.0
pd,00:06:29.408,521,-90.0,-89.998,39.975,-89.907,0.131,0.003,0.0,0.0,0.0,0.0,0.0,0.0,-90.0,-89.997,40.0,-89.987,0.079,0.003,-90.0,-89.9975,39.9875,-89.947,0.10500000000000001,0.003,0.0,0.04813735481820717,1.2034338704493646,-3.8509883854381037,-2.503142450534821,0.0,0.0,0.0005000000000023874,0.012499999999995737,-0.04000000000000625,-0.025999999999999995,0.0,-0.0206547,-0.0413094,0.0068849,0.0206547,-0.0206547,-0.0137698,-0.002375335775306,-0.029145543345178,-0.00918925518914,0.0030871489622130003,-0.000603632478645,6.8986568988e-05,0.09864076236525986,2.1593500000562926,0.2283680000800814,0.0791659999777039,0.0
pd,00:06:29.410,522,-90.0,-89.998,39.975,-89.907,0.131,0.003,0.0,0.0,0.0,0.0,0.0,0.0,-90.0,-89.997,40.0,-89.987,0.079,0.003,-90.0,-89.9975,39.9875,-89.947,0.10500000000000001,0.003,0.0,0.0968840432417081,2.4221010810309997,-7.750723459299475,-5.037970248544767,0.0,0.0,0.0005000000000023874,0.012499999999995737,-0.04000000000000625,-0.025999999999999995,0.0,-0.0206547,-0.0413094,0.0068849,0.0206547,-0.0206547,-0.0137698,-0.002375335775306,-0.029145543345178,-0.00918925518914,0.0030871489622130003,-0.000603632478645,6.8986568988e-05,0.09864076236525986,1.7250759997295972,0.20781300008820836,0.11262900034125778,0.0
pd,00:06:29.412,523,-90.0,-89.998,39.975,-89.907,0.131,0.003,0.0,0.0,0.0,0.0,0.0,0.0,-90.0,-89.997,40.0,-89.987,0.079,0.003,-90.0,-89.9975,39.9875,-89.947,0.10500000000000001,0.003,0.0,0.11641789719162948,2.9104474297766747,-9.31343177528569,-6.053730653935828,0.0,0.0,0.0005000000000023874,0.012499999999995737,-0.04000000000000625,-0.025999999999999995,0.0,-0.0206547,-0.0413094,0.0068849,0.0206547,-0.0206547,-0.0137698,-0.002375335775306,-0.029145543345178,-0.00918925518914,0.0030871489622130003,-0.000603632478645,6.8986568988e-05,0.09864076236525986,1.895851999961451,0.5282360002638598,0.1314979999733623,0.0
pd,00:06:29.415,524,-90.0,-89.998,39.975,-89.907,0.131,0.003,0.0,0.0,0.0,0.0,0.0,0.0,-90.0,-89.997,40.0,-89.987,0.079,0.003,-90.0,-89.9975,39.9875,-89.947,0.10500000000000001,0.003,0.0,0.09361449870591972,2.340362467636685,-7.489159896437658,-4.867953932684582,0.0,0.0,0.0005000000000023874,0.012499999999995737,-0.04000000000000625,-0.025999999999999995,0.0,-0.0206547,-0.0413094,0.0068849,0.0206547,-0.0206547,-0.0137698,-0.002375335775306,-0.029145543345178,-0.00918925518914,0.0030871489622130003,-0.000603632478645,6.8986568988e-05,0.09864076236525986,1.8303900001228612,0.1702949998616532,0.06794399996579159,0.0
pd,00:06:29.417,525,-90.0,-89.998,39.975,-89.907,0.131,0.003,0.0,0.0,0.0,0.0,0.0,0.0,-90.0,-89.997,40.0,-89.987,0.079,0.003,-90.0,-89.9975,39.9875,-89.947,0.10500000000000001,0.003,0.0,0.11672893242847676,2.9182233106978193,-9.338314594233353,-6.06990448625181,0.0,0.0,0.0005000000000023874,0.012499999999995737,-0.04000000000000625,-0.025999999999999995,0.0,-0.0206547,-0.0413094,0.0068849,0.0206547,-0.0206547,-0.0137698,-0.002375335775306,-0.029145543345178,-0.00918925518914,0.0030871489622130003,-0.000603632478645,6.8986568988e-05,0.09864076236525986,1.7289280003751628,0.17877599975690828,0.08761000026424881,0.0
pd,00:06:29.419,526,-90.0,-89.998,39.975,-89.907,0.131,0.003,0.0,0.0,0.0,0.0,0.0,0.0,-90.0,-89.997,40.0,-89.987,0.079,0.003,-90.0,-89.9975,39.9875,-89.947,0.10500000000000001,0.003,0.0,0.12041525034508575,3.0103812586125986,-9.633220027560657,-6.261593017914562,0.0,0.0,0.0005000000000023874,0.012499999999995737,-0.04000000000000625,-0.025999999999999995,0.0,-0.0206547,-0.0413094,0.0068849,0.0206547,-0.0206547,-0.0137698,-0.002375335775306,-0.029145543345178,-0.00918925518914,0.0030871489622130003,-0.000603632478645,6.8986568988e-05,0.09864076236525986,2.0963319998372754,0.19251699995948002,0.09651800019128132,0.0
pd,00:06:29.422,527,-90.0,-89.998,39.975,-89.907,0.131,0.003,0.0,0.0,0.0,0.0,0.0,0.0,-90.0,-89.997,40.0,-89.987,0.079,0.003,-90.0,-89.9975,39.9875,-89.947,0.10500000000000001,0.003,0.0,0.10116507477134654,2.5291268692714435,-8.093205981668905,-5.260583888084901,0.0,0.0,0.0005000000000023874,0.012499999999995737,-0.04000000000000625,-0.025999999999999995,0.0,-0.0206547,-0.0413094,0.0068849,0.0206547,-0.0206547,-0.0137698,-0.002375335775306,-0.029145543345178,-0.00918925518914,0.0030871489622130003,-0.000603632478645,6.8986568988e-05,0.09864076236525986,1.7431500000384403,0.18466500023350818,0.3801449997808959,0.0
pd,00:06:29.424,528,-90.0,-89.998,39.975,-89.903,0.131,0.003,0.0,0.0,0.0,1.5161048255883698,0.0,0.0,-90.0,-89.997,40.0,-89.987,0.079,0.003,-90.0,-89.9975,39.9875,-90.09661048255883,0.10500000000000001,0.003,0.0,0.09475655159994639,2.368913789987214,-36.69172336157767,-4.927340683173686,0.0,0.0,0.0005000000000023874,0.012499999999995737,-0.19361048255882451,-0.025999999999999995,0.0,-0.0550792,0.0275396,0.0068849,-0.0619641,-0.0275396,0.0206547,-0.002288644688616,-0.030515262514879998,-0.008651770451661999,0.00310439560446,0.00048290598291600006,-0.000327686202693,0.10191172650876879,2.3169959999904677,0.24410900005022995,0.11912900026800344,0.0
pd,00:06:29.427,529,-90.0,-89.998,39.975,-89.903,0.131,0.003,0.0,0.0,0.0,0.0,0.0,0.0,-90.0,-89.997,40.0,-89.987,0.079,0.003,-90.0,-89.9975,39.9875,-89.945,0.10500000000000001,0.003,0.0,0.08987537498971516,2.246884374732023,-7.549531499099035,-4.6735194994428735,0.0,0.0,0.0005000000000023874,0.012499999999995737,-0.04199999999998738,-0.025999999999999995,0.0,-0.0550792,0.0275396,0.0068849,-0.0619641,-0.0275396,0.0206547,-0.002288644688616,-0.030515262514879998,-0.008651770451661999,0.00310439560446,0.00048290598291600006,-0.000327686202693,0.10191172650876879,1.7780759999368456,0.21634999984598835,0.07596199975523632,0.0
pd,00:06:29.429,530,-90.0,-89.998,39.975,-89.903,0.131,0.003,0.0,0.0,0.0,0.0,0.0,0.0,-90.0,-89.997,40.0,-89.987,0.079,0.003,-90.0,-89.9975,39.9875,-89.945,0.10500000000000001,0.003,0.0,0.11631458680033353,2.9078646699942885,-9.770425291180082,-6.0483585135884645,0.0,0.0,0.0005000000000023874,0.012499999999995737,-0.04199999999998738,-0.025999999999999995,0.0,-0.0550792,0.0275396,0.0068849,-0.0619641,-0.0275396,0.0206547,-0.002288644688616,-0.030515262514879998,-0.008651770451661999,0.00310439560446,0.00048290598291600006,-0.000327686202693,0.10191172650876879,1.7010579999805486,0.13194299981478252,0.06042500035619014,0.0
pd,00:06:29.432,531,-90.0,-89.998,39.975,-89.903,0.131,0.003,0.0,0.0,0.0,0.0,0.0,0.0,-90.0,-89.997,40.0,-89.987,0.079,0.003,-90.0,-89.9975,39.9875,-89.945,0.10500000000000001,0.003,0.0,0.10355283428846601,2.588820857199142,-8.698438080188469,-5.384747382974521,0.0,0.0,0.0005000000000023874,0.012499999999995737,-0.04199999999998738,-0.025999999999999995,0.0,-0.0550792,0.0275396,0.0068849,-0.0619641,-0.0275396,0.0206547,-0.002288644688616,-0.030515262514879998,-0.008651770451661999,0.00310439560446,0.00048290598291600006,-0.000327686202693,0.10191172650876879,1.9205179996788502,0.2330349998374004,0.14170200029184343,0.0
pd,00:06:29.434,532,-90.0,-89.998,39.975,-89.903,0.131,0.003,0.0,0.0,0.0,0.0,0.0,0.0,-90.0,-89.997,40.0,-89.987,0.079,0.003,-90.0,-89.9975,39.9875,-89.945,0.10500000000000001,0.003,0.0,0.10434630311523602,2.6086575778682963,-8.765089461636823,-5.426007761966365,0.0,0.0,0.0005000000000023874,0.012499999999995737,-0.04199999999998738,-0.025999999999999995,0.0,-0.0550792,0.0275396,0.0068849,-0.0619641,-0.0275396,0.0206547,-0.002288644688616,-0.030515262514879998,-0.008651770451661999,0.00310439560446,0.00048290598291600006,-0.000327686202693,0.10191172650876879,1.726446000247961,0.14092499986873008,0.061684999764111126,0.0
pd,00:06:29.436,533,-90.0,-89.998,39.975,-89.903,0.131,0.003,0.0,0.0,0.0,0.0,0.0,0.0,-90.0,-89.997,40.0,-89.987,0.079,0.003,-90.0,-89.9975,39.9875,-89.945,0.10500000000000001,0.003,0.0,0.12536776661944127,3.1341941654708885,-10.5308923959814,-6.519123864179819,0.0,0.0,0.0005000000000023874,0.012499999999995737,-0.04199999999998738,-0.025999999999999995,0.0,-0.0550792,0.0275396,0.0068849,-0.0619641,-0.0275396,0.0206547,-0.002288644688616,-0.030515262514879998,-0.008651770451661999,0.00310439560446,0.00048290598291600006,-0.000327686202693,0.10191172650876879,1.7911489999278274,0.23035000003801542,0.1177959998130973,0.0
pd,00:06:29.438,534,-90.0,-89.998,39.975,-89.903,0.131,0.003,0.0,0.0,0.0,0.0,0.0,0.0,-90.0,-89.997,40.0,-89.987,0.079,0.003,-90.0,-89.9975,39.9875,-89.945,0.10500000000000001,0.003,0.0,0.1115031901323912,2.787579753296311,-9.366267971074908,-5.7981658868566575,0.0,0.0,0.0005000000000023874,0.012499999999995737,-0.04199999999998738,-0.025999999999999995,0.0,-0.0550792,0.0275396,0.0068849,-0.0619641,-0.0275396,0.0206547,-0.002288644688616,-0.030515262514879998,-0.008651770451661999,0.00310439560446,0.00048290598291600006,-0.000327686202693,0.10191172650876879,2.1472379999067925,0.23090499962563626,0.14394299978448544,0.0
pd,00:06:29.441,535,-90.0,-89.998,39.975,-89.903,0.131,0.003,0.0,0.0,0.0,0.0,0.0,0.0,-90.0,-89.997,40.0,-89.987,0.079,0.003,-90.0,-89.9975,39.9875,-89.945,0.10500000000000001,0.003,0.0,0.0955596464052681,2.3889911601201597,-8.027010298003137,-4.969101613050214,0.0,0.0,0.0005000000000023874,0.012499999999995737,-0.04199999999998738,-0.025999999999999995,0.0,-0.0550792,0.0275396,0.0068849,-0.0619641,-0.0275396,0.0206547,-0.002288644688616,-0.030515262514879998,-0.008651770451661999,0.00310439560446,0.00048290598291600006,-0.000327686202693,0.10191172650876879,1.7537610001454595,0.17738699989422457,0.08959200022218283,0.0
pd,00:06:29.443,536,-90.0,-89.998,39.976,-89.902,0.129,0.003,0.0,0.0,0.4748985507235309,0.47489855072690523,-0.9497971014492762,0.0,-90.0,-89.997,40.0,-89.987,0.079,0.003,-90.0,-89.9975,39.94051014492764,-89.99198985507269,0.19897971014492763,0.003,0.0,0.11872463768172631,-8.42704036964385,-21.368025876969714,16.616631463978177,0.0,0.0,0.0005000000000023874,-0.035489855072356136,-0.08998985507268742,0.06997971014492763,0.0,-0.06884900000000001,0.0068849,-0.0206547,-0.1721225,-0.0413094,0.0206547,-0.0020632478632219998,-0.029700366299994,-0.006432478632398,0.004363400488491,-0.001052045177067,-0.000655372405386,0.10149876846543011,3.535446999649139,0.2355719998377026,0.26170099999944796,0.0
pd,00:06:29.447,537,-90.0,-89.998,39.976,-89.902,0.129,0.003,0.0,0.0,0.0,0.0,0.0,0.0,-90.0,-89.997,40.0,-89.987,0.079,0.003,-90.0,-89.9975,39.988,-89.9445,0.10400000000000001,0.003,0.0,0.058465347086981145,1.4031683300809006,-4.969554502369303,-2.923267354335099,0.0,0.0,0.0005000000000023874,0.012000000000000455,-0.04250000000000398,-0.024999999999999994,0.0,-0.06884900000000001,0.0068849,-0.0206547,-0.1721225,-0.0413094,0.0206547,-0.0020632478632219998,-0.029700366299994,-0.006432478632398,0.004363400488491,-0.001052045177067,-0.000655372405386,0.10149876846543011,2.3688660003244877,0.1721650000945374,0.0783880000199133,0.0
pd,00:06:29.450,538,-90.0,-89.998,39.976,-89.902,0.129,0.003,0.0,0.0,0.0,0.0,0.0,0.0,-90.0,-89.997,40.0,-89.987,0.079,0.003,-90.0,-89.9975,39.988,-89.9445,0.10400000000000001,0.003,0.0,0.09268770441129734,2.2245049058605986,-7.878454874922076,-4.634385220542739,0.0,0.0,0.0005000000000023874,0.012000000000000455,-0.04250000000000398,-0.024999999999999994,0.0,-0.06884900000000001,0.0068849,-0.0206547,-0.1721225,-0.0413094,0.0206547,-0.0020632478632219998,-0.029700366299994,-0.006432478632398,0.004363400488491,-0.001052045177067,-0.000655372405386,0.10149876846543011,1.7898529999911261,0.15897999992375844,0.07216599988169037,0.0
pd,00:06:29.452,539,-90.0,-89.998,39.976,-89.902,0.129,0.003,0.0,0.0,0.0,0.0,0.0,0.0,-90.0,-89.997,40.0,-89.987,0.079,0.003,-90.0,-89.9975,39.988,-89.9445,0.10400000000000001,0.003,0.0,0.11941418972839161,2.865940553467823,-10.150206126864076,-5.970709486391072,0.0,0.0,0.0005000000000023874,0.012000000000000455,-0.04250000000000398,-0.024999999999999994,0.0,-0.06884900000000001,0.0068849,-0.0206547,-0.1721225,-0.0413094,0.0206547,-0.0020632478632219998,-0.029700366299994,-0.006432478632398,0.004363400488491,-0.001052045177067,-0.000655372405386,0.10149876846543011,1.795260000108101,0.19453499999144697,0.09081400003196904,0.0
pd,00:06:29.454,540,-90.0,-89.998,39.976,-89.902,0.129,0.003,0.0,0.0,0.0,0.0,0.0,0.0,-90.0,-89.997,40.0,-89.987,0.079,0.003,-90.0,-89.9975,39.988,-89.9445,0.10400000000000001,0.003,0.0,0.11558377425099281,2.7740105820106873,-9.824620811286755,-5.779188712522046,0.0,0.0,0.0005000000000023874,0.012000000000000455,-0.04250000000000398,-0.024999999999999994,0.0,-0.06884900000000001,0.0068849,-0.0206547,-0.1721225,-0.0413094,0.0206547,-0.0020632478632219998,-0.029700366299994,-0.006432478632398,0.004363400488491,-0.001052045177067,-0.000655372405386,0.10149876846543011,1.7257609997614054,0.1387390002491884,0.06146299983811332,0.0
pd,00:06:29.457,541,-90.0,-89.998,39.976,-89.902,0.129,0.003,0.0,0.0,0.0,0.0,0.0,0.0,-90.0,-89.997,40.0,-89.987,0.079,0.003,-90.0,-89.9975,39.988,-89.9445,0.10400000000000001,0.003,0.0,0.1012725516713354,2.430541240100536,-8.608166892021774,-5.063627583542592,0.0,0.0,0.0005000000000023874,0.012000000000000455,-0.04250000000000398,-0.024999999999999994,0.0,-0.06884900000000001,0.0068849,-0.0206547,-0.1721225,-0.0413094,0.0206547,-0.0020632478632219998,-0.029700366299994,-0.006432478632398,0.004363400488491,-0.001052045177067,-0.000655372405386,0.10149876846543011,1.922869999816612,0.22670099997412763,0.09427700024389196,0.0
pd,00:06:29.459,542,-90.0,-89.998,39.976,-89.902,0.129,0.003,0.0,0.0,0.0,0.0,0.0,0.0,-90.0,-89.997,40.0,-89.987,0.079,0.003,-90.0,-89.9975,39.988,-89.9445,0.10400000000000001,0.003,0.0,0.10662761846705378,2.5590628431971685,-9.063347569655628,-5.331380923327233,0.0,0.0,0.0005000000000023874,0.012000000000000455,-0.04250000000000398,-0.024999999999999994,0.0,-0.06884900000000001,0.0068849,-0.0206547,-0.1721225,-0.0413094,0.0206547,-0.0020632478632219998,-0.029700366299994,-0.006432478632398,0.004363400488491,-0.001052045177067,-0.000655372405386,0.10149876846543011,1.756353000018862,0.1552579997223802,0.0697030000083032,0.0
pd,00:06:29.461,543,-90.0,-89.998,39.976,-89.902,0.129,0.003,0.0,0.0,0.0,0.0,0.0,0.0,-90.0,-89.997,40.0,-89.987,0.079,0.003,-90.0,-89.9975,39.988,-89.9445,0.10400000000000001,0.003,0.0,0.12174341112330278,2.921841866945426,-10.348189945430564,-6.087170556136074,0.0,0.0,0.0005000000000023874,0.012000000000000455,-0.04250000000000398,-0.024999999999999994,0.0,-0.06884900000000001,0.0068849,-0.0206547,-0.1721225,-0.0413094,0.0206547,-0.0020632478632219998,-0.029700366299994,-0.006432478632398,0.004363400488491,-0.001052045177067,-0.000655372405386,0.10149876846543011,2.4070690001281037,0.5711980002160999,0.43558800007303944,0.0
pd,00:06:29.465,544,-90.0,-89.998,39.976,-89.905,0.128,0.003,0.0,0.0,0.0,-0.7745713758079703,-0.2581904586026472,0.0,-90.0,-89.997,40.0,-89.987,0.079,0.003,-90.0,-89.9975,39.988,-89.8685428624192,0.12931904586026471,0.003,0.0,0.06454761465096995,1.5491427516159406,4.706442535663301,0.17028252778983577,0.0,0.0,0.0005000000000023874,0.012000000000000455,0.03645713758079694,0.0013190458602647115,0.0,-0.0206547,-0.0137698,0.0137698,-0.1652376,-0.1032735,-0.0481943,-0.0018898656898419998,-0.029717704517331998,-0.005322832722766,0.004535866910961001,-0.000362179487187,-3.4493284494e-05,0.098498730956287,3.320745000110037,0.21727600005760905,0.09946199998012162,0.0
pd,00:06:29.469,545,-90.0,-89.998,39.976,-89.905,0.128,0.003,0.0,0.0,0.0,0.0,0.0,0.0,-90.0,-89.997,40.0,-89.987,0.079,0.003,-90.0,-89.9975,39.988,-89.946,0.10350000000000001,0.003,0.0,0.06705307584122054,1.6092738201816699,-5.4983522189534035,-3.2856007162041183,0.0,0.0,0.0005000000000023874,0.012000000000000455,-0.04099999999999682,-0.024499999999999994,0.0,-0.0206547,-0.0137698,0.0137698,-0.1652376,-0.1032735,-0.0481943,-0.0018898656898419998,-0.029717704517331998,-0.005322832722766,0.004535866910961001,-0.000362179487187,-3.4493284494e-05,0.098498730956287,2.040997999756655,0.191850000192062,0.09388799981024931,0.0
pd,00:06:29.471,546,-90.0,-89.998,39.976,-89.905,0.128,0.003,0.0,0.0,0.0,0.0,0.0,0.0,-90.0,-89.997,40.0,-89.987,0.079,0.003,-90.0,-89.9975,39.988,-89.946,0.10350000000000001,0.003,0.0,0.10363471041757331,2.4872330500099777,-8.498046254199775,-5.078100810436846,0.0,0.0,0.0005000000000023874,0.012000000000000455,-0.04099999999999682,-0.024499999999999994,0.0,-0.0206547,-0.0137698,0.0137698,-0.1652376,-0.1032735,-0.0481943,-0.0018898656898419998,-0.029717704517331998,-0.005322832722766,0.004535866910961001,-0.000362179487187,-3.4493284494e-05,0.098498730956287,1.7965199999707693,0.2320899998267123,0.09044399985214113,0.0
pd,00:06:29.473,547,-90.0,-89.998,39.976,-89.905,0.128,0.003,0.0,0.0,0.0,0.0,0.0,0.0,-90.0,-89.997,40.0,-89.987,0.079,0.003,-90.0,-89.9975,39.988,-89.946,0.10350000000000001,0.003,0.0,0.11332281422295545,2.7197475413380476,-9.292470766237255,-5.552817896898303,0.0,0.0,0.0005000000000023874,0.012000000000000455,-0.04099999999999682,-0.024499999999999994,0.0,-0.0206547,-0.0137698,0.0137698,-0.1652376,-0.1032735,-0.0481943,-0.0018898656898419998,-0.029717704517331998,-0.005322832722766,0.004535866910961001,-0.000362179487187,-3.4493284494e-05,0.098498730956287,1.752132000092388,0.16699800016795052,0.076683999850502,0.0
pd,00:06:29.475,548,-90.0,-89.998,39.976,-89.905,0.128,0.003,0.0,0.0,0.0,0.0,0.0,0.0,-90.0,-89.997,40.0,-89.987,0.079,0.003,-90.0,-89.9975,39.988,-89.946,0.10350000000000001,0.003,0.0,0.12060915574016641,2.8946197377502823,-9.889950770645655,-5.909848631239936,0.0,0.0,0.0005000000000023874,0.012000000000000455,-0.04099999999999682,-0.024499999999999994,0.0,-0.0206547,-0.0137698,0.0137698,-0.1652376,-0.1032735,-0.0481943,-0.0018898656898419998,-0.029717704517331998,-0.005322832722766,0.004535866910961001,-0.000362179487187,-3.4493284494e-05,0.098498730956287,1.8363150002187467,0.15692499982833397,0.0763139996706741,0.0
pd,00:06:29.477,549,-90.0,-89.998,39.976,-89.905,0.128,0.003,0.0,0.0,0.0,0.0,0.0,0.0,-90.0,-89.997,40.0,-89.987,0.079,0.003,-90.0,-89.9975,39.988,-89.946,0.10350000000000001,0.003,0.0,0.11670294936060176,2.8008707846411744,-9.569641847522908,-5.7184445186421815,0.0,0.0,0.0005000000000023874,0.012000000000000455,-0.04099999999999682,-0.024499999999999994,0.0,-0.0206547,-0.0137698,0.0137698,-0.1652376,-0.1032735,-0.0481943,-0.0018898656898419998,-0.029717704517331998,-0.005322832722766,0.004535866910961001,-0.000362179487187,-3.4493284494e-05,0.098498730956287,1.6665020002619713,0.1525359998595377,0.06562899989148718,0.0
pd,00:06:29.479,550,-90.0,-89.998,39.976,-89.905,0.128,0.003,0.0,0.0,0.0,0.0,0.0,0.0,-90.0,-89.997,40.0,-89.987,0.079,0.003,-90.0,-89.9975,39.988,-89.946,0.10350000000000001,0.003,0.0,0.12796875762814336,3.0712501830608927,-10.493438125456837,-6.270469123749085,0.0,0.0,0.0005000000000023874,0.012000000000000455,-0.04099999999999682,-0.024499999999999994,0.0,-0.0206547,-0.0137698,0.0137698,-0.1652376,-0.1032735,-0.0481943,-0.0018898656898419998,-0.029717704517331998,-0.005322832722766,0.004535866910961001,-0.000362179487187,-3.4493284494e-05,0.098498730956287,1.735391000238451,0.19647999988592346,0.10275800013914704,0.0
pd,00:06:29.482,551,-90.0,-89.998,39.976,-89.905,0.128,0.003,0.0,0.0,0.0,0.0,0.0,0.0,-90.0,-89.997,40.0,-89.987,0.079,0.003,-90.0,-89.9975,39.988,-89.946,0.10350000000000001,0.003,0.0,0.08795302801585361,2.110872672370488,-7.212148297264999,-4.309698372756249,0.0,0.0,0.0005000000000023874,0.012000000000000455,-0.04099999999999682,-0.024499999999999994,0.0,0.034424500000000004,0.0413094,0.0137698,-0.13081310000000002,-0.0068849,0.0275396,-0.001525763125744,-0.02964835164798,-0.004213186813134,0.0051739926741,-5.173992674100001e-05,-3.4493284494e-05,0.098498730956287,3.4056149997923058,0.3150530001221341,0.2771640001810738,0.0
pd,00:06:29.486,552,-90.0,-89.998,39.976,-89.908,0.127,0.003,0.0,0.0,0.0,-0.7283463764760637,-0.24278212549201225,0.0,-90.0,-89.997,40.0,-89.987,0.079,0.003,-90.0,-89.9975,39.988,-89.87466536235239,0.12727821254920124,0.003,0.0,0.060695531373292824,1.4566927529521274,4.046527090296354,0.03377251701681232,0.0,0.0,0.0005000000000023874,0.012000000000000455,0.03333463764761291,0.00027821254920123994,0.0,0.034424500000000004,0.0413094,0.0137698,-0.13081310000000002,-0.0068849,0.0275396,-0.001525763125744,-0.02964835164798,-0.004213186813134,0.0051739926741,-5.173992674100001e-05,-3.4493284494e-05,0.09550916186418469,2.5960489997487457,0.23740500000712927,0.11184999993929523,0.0
pd,00:06:29.489,553,-90.0,-89.998,39.976,-89.908,0.127,0.003,0.0,0.0,0.0,0.0,0.0,0.0,-90.0,-89.997,40.0,-89.987,0.079,0.003,-90.0,-89.9975,39.988,-89.94749999999999,0.10300000000000001,0.003,0.0,0.08211245105755731,1.9706988253720403,-6.4868836335155216,-3.941397650743931,0.0,0.0,0.0005000000000023874,0.012000000000000455,-0.039499999999989654,-0.023999999999999994,0.0,0.034424500000000004,0.0413094,0.0137698,-0.13081310000000002,-0.0068849,0.0275396,-0.001525763125744,-0.02964835164798,-0.004213186813134,0.0051739926741,-5.173992674100001e-05,-3.4493284494e-05,0.09550916186418469,2.142183000160003,0.2345160000913893,0.11307300019325339,0.0
pd,00:06:29.492,554,-90.0,-89.998,39.976,-89.908,0.127,0.003,0.0,0.0,0.0,0.0,0.0,0.0,-90.0,-89.997,40.0,-89.987,0.079,0.003,-90.0,-89.9975,39.988,-89.94749999999999,0.10300000000000001,0.003,0.0,0.09662513822383033,2.3190033173609432,-7.633385919645522,-4.638006634721711,0.0,0.0,0.0005000000000023874,0.012000000000000455,-0.039499999999989654,-0.023999999999999994,0.0,0.034424500000000004,0.0413094,0.0137698,-0.13081310000000002,-0.0068849,0.0275396,-0.001525763125744,-0.02964835164798,-0.004213186813134,0.0051739926741,-5.173992674100001e-05,-3.4493284494e-05,0.09550916186418469,1.7926489999808837,0.18309100005353685,0.0852950001899444,0.0
pd,00:06:29.494,555,-90.0,-89.998,39.976,-89.911,0.125,0.003,0.0,0.0,0.0,-1.4018395721925665,-0.9345597147950098,0.0,-90.0,-89.997,40.0,-89.987,0.079,0.003,-90.0,-89.9975,39.988,-89.80881604278075,0.19545597147950097,0.003,0.0,0.11681996434993391,2.803679144385133,23.874252478864246,16.46132815287193,0.0,0.0,0.0005000000000023874,0.012000000000000455,0.10218395721925333,0.07045597147950097,0.0,0.034424500000000004,0.0413094,0.0137698,-0.13081310000000002,-0.0068849,0.0275396,-0.001525763125744,-0.02964835164798,-0.004213186813134,0.0051739926741,-5.173992674100001e-05,-3.4493284494e-05,0.09202716990106265,2.117090000410826,0.2541279995966761,0.2082940000036615,0.0
pd,00:06:29.497,556,-90.0,-89.998,39.976,-89.911,0.125,0.003,0.0,0.0,0.0,0.0,0.0,0.0,-90.0,-89.997,40.0,-89.987,0.079,0.003,-90.0,-89.9975,39.988,-89.949,0.10200000000000001,0.003,0.0,0.09236113802563259,2.216667312604682,-7.019446489913951,-4.248612349158813,0.0,0.0,0.0005000000000023874,0.012000000000000455,-0.0379999999999967,-0.022999999999999993,0.0,0.034424500000000004,0.0413094,0.0137698,-0.13081310000000002,-0.0068849,0.0275396,-0.001525763125744,-0.02964835164798,-0.004213186813134,0.0051739926741,-5.173992674100001e-05,-3.4493284494e-05,0.09202716990106265,2.3602359997312305,0.23820100022931,0.12070200000380282,0.0
pd,00:06:29.500,557,-90.0,-89.998,39.976,-89.911,0.125,0.003,0.0,0.0,0.0,0.0,0.0,0.0,-90.0,-89.997,40.0,-89.987,0.079,0.003,-90.0,-89.9975,39.988,-89.949,0.10200000000000001,0.003,0.0,0.0886895035105309,2.1285480842426585,-6.740402266767579,-4.0797171614649415,0.0,0.0,0.0005000000000023874,0.012000000000000455,-0.0379999999999967,-0.022999999999999993,0.0,0.034424500000000004,0.0413094,0.0137698,-0.13081310000000002,-0.0068849,0.0275396,-0.001525763125744,-0.02964835164798,-0.004213186813134,0.0051739926741,-5.173992674100001e-05,-3.4493284494e-05,0.09202716990106265,2.3673480000070413,0.25146000007225666,0.12799899968740647,0.0
pd,00:06:29.503,558,-90.0,-89.998,39.976,-89.911,0.125,0.003,0.0,0.0,0.0,0.0,0.0,0.0,-90.0,-89.997,40.0,-89.987,0.079,0.003,-90.0,-89.9975,39.988,-89.949,0.10200000000000001,0.003,0.0,0.08607584961459586,2.065820390740515,-6.541764570677482,-3.9594890822525035,0.0,0.0,0.0005000000000023874,0.012000000000000455,-0.0379999999999967,-0.022999999999999993,0.0,0.0206547,0.0137698,-0.0,-0.2134319,-0.0826188,-0.0,-0.001629792429772,-0.030064468864092,-0.00364102564098,0.0047428266179250006,-0.000758852258868,-0.00010347985348200002,0.09202716990106265,3.2870420000108425,0.22731299986844533,0.1081659997907991,0.0
pd,00:06:29.506,559,-90.0,-89.998,39.976,-89.911,0.125,0.003,0.0,0.0,0.0,0.0,0.0,0.0,-90.0,-89.997,40.0,-89.987,0.079,0.003,-90.0,-89.9975,39.988,-89.949,0.10200000000000001,0.003,0.0,0.06722502885017353,1.6134006923965223,-5.10910219258835,-3.092351327093217,0.0,0.0,0.0005000000000023874,0.012000000000000455,-0.0379999999999967,-0.022999999999999993,0.0,0.0206547,0.0137698,-0.0,-0.2134319,-0.0826188,-0.0,-0.001629792429772,-0.030064468864092,-0.00364102564098,0.0047428266179250006,-0.000758852258868,-0.00010347985348200002,0.09202716990106265,2.7108809999845107,0.17714699970383663,0.08255399961853982,0.0
pd,00:06:29.509,560,-90.0,-89.998,39.976,-89.911,0.125,0.003,0.0,0.0,0.0,0.0,0.0,0.0,-90.0,-89.997,40.0,-89.987,0.079,0.003,-90.0,-89.9975,39.988,-89.949,0.10200000000000001,0.003,0.0,0.08197764052888803,1.967463372683993,-6.230300680165201,-3.7709714643108434,0.0,0.0,0.0005000000000023874,0.012000000000000455,-0.0379999999999967,-0.022999999999999993,0.0,0.0206547,0.0137698,-0.0,-0.2134319,-0.0826188,-0.0,-0.001629792429772,-0.030064468864092,-0.00364102564098,0.0047428266179250006,-0.000758852258868,-0.00010347985348200002,0.09202716990106265,1.712205999865546,0.13525799977287534,0.057295999795314856,0.0
pd,00:06:29.512,561,-90.0,-89.998,39.976,-89.911,0.125,0.003,0.0,0.0,0.0,0.0,0.0,0.0,-90.0,-89.997,40.0,-89.987,0.079,0.003,-90.0,-89.9975,39.988,-89.949,0.10200000000000001,0.003,0.0,0.10210087633933854,2.4504210321325175,-7.759666601752005,-4.696640311587147,0.0,0.0,0.0005000000000023874,0.012000000000000455,-0.0379999999999967,-0.022999999999999993,0.0,0.0206547,0.0137698,-0.0,-0.2134319,-0.0826188,-0.0,-0.001629792429772,-0.030064468864092,-0.00364102564098,0.0047428266179250006,-0.000758852258868,-0.00010347985348200002,0.09202716990106265,2.0015180002701527,0.2557749999141379,0.13048099981460837,0.0
pd,00:06:29.514,562,-90.0,-89.998,39.976,-89.914,0.125,0.003,0.0,0.0,0.0,-1.1951854103343917,0.0,0.0,-90.0,-89.997,40.0,-89.987,0.079,0.003,-90.0,-89.9975,39.988,-89.83098145896656,0.10200000000000001,0.003,0.0,0.09959878419500444,2.3903708206687835,16.537091505068965,-4.581544072948328,0.0,0.0,0.0005000000000023874,0.012000000000000455,0.08301854103343942,-0.022999999999999993,0.0,0.0206547,0.0137698,-0.0,-0.2134319,-0.0826188,-0.0,-0.001629792429772,-0.030064468864092,-0.00364102564098,0.0047428266179250006,-0.000758852258868,-0.00010347985348200002,0.08956561840348713,1.8402420000711572,0.2143309998245968,0.09827599978962098,0.0
pd,00:06:29.516,563,-90.0,-89.998,39.976,-89.914,0.125,0.003,0.0,0.0,0.0,0.0,0.0,0.0,-90.0,-89.997,40.0,-89.987,0.079,0.003,-90.0,-89.9975,39.988,-89.9505,0.10200000000000001,0.003,0.0,0.11143209351806661,2.6743702444209303,-8.134542826779274,-5.1258763018065885,0.0,0.0,0.0005000000000023874,0.012000000000000455,-0.03650000000000375,-0.022999999999999993,0.0,0.0206547,0.0137698,-0.0,-0.2134319,-0.0826188,-0.0,-0.001629792429772,-0.030064468864092,-0.00364102564098,0.0047428266179250006,-0.000758852258868,-0.00010347985348200002,0.08956561840348713,1.850482000008924,0.24064600029305439,0.11636900035227882,0.0
pd,00:06:29.519,564,-90.0,-89.998,39.976,-89.914,0.125,0.003,0.0,0.0,0.0,0.0,0.0,0.0,-90.0,-89.997,40.0,-89.987,0.079,0.003,-90.0,-89.9975,39.988,-89.9505,0.10200000000000001,0.003,0.0,0.10834635255269753,2.6003124612524235,-7.909283736308428,-4.983932217400289,0.0,0.0,0.0005000000000023874,0.012000000000000455,-0.03650000000000375,-0.022999999999999993,0.0,0.0206547,0.0137698,-0.0,-0.2134319,-0.0826188,-0.0,-0.001629792429772,-0.030064468864092,-0.00364102564098,0.0047428266179250006,-0.000758852258868,-0.00010347985348200002,0.08956561840348713,2.6655110000319837,0.24101600001813495,0.16705400003047544,0.0
pd,00:06:29.522,565,-90.0,-89.998,39.976,-89.914,0.125,0.003,0.0,0.0,0.0,0.0,0.0,0.0,-90.0,-89.997,40.0,-89.987,0.079,0.003,-90.0,-89.9975,39.988,-89.9505,0.10200000000000001,0.003,0.0,0.07862747450547442,1.8870593881224471,-5.739805638871698,-3.6168638272345532,0.0,0.0,0.0005000000000023874,0.012000000000000455,-0.03650000000000375,-0.022999999999999993,0.0,0.0206547,0.0137698,-0.0,-0.2134319,-0.0550792,-0.0137698,-0.001629792429772,-0.030064468864092,-0.00364102564098,0.005260225885335,-0.0009830586080790001,-0.000569139194151,0.08956561840348713,2.508049999960349,0.6524199998239055,0.32886700000744895,0.0
pd,00:06:29.526,566,-90.0,-89.998,39.976,-89.914,0.125,0.003,0.0,0.0,0.0,0.0,0.0,0.0,-90.0,-89.997,40.0,-89.987,0.079,0.003,-90.0,-89.9975,39.988,-89.9505,0.10200000000000001,0.003,0.0,0.06943292279201475,1.6663901470004605,-5.068603363792409,-3.193914448417428,0.0,0.0,0.0005000000000023874,0.012000000000000455,-0.03650000000000375,-0.022999999999999993,0.0,0.0,0.0068849,0.0481943,-0.2272017,-0.0550792,-0.0137698,-0.0025140415140099998,-0.02912820512784,-0.002271306471278,0.005260225885335,-0.0009830586080790001,-0.000569139194151,0.08956561840348713,2.9149910001251556,0.23953499976414605,0.09064799996849615,0.0
pd,00:06:29.529,567,-90.0,-89.998,39.976,-89.914,0.125,0.003,0.0,0.0,0.0,0.0,0.0,0.0,-90.0,-89.997,40.0,-89.987,0.079,0.003,-90.0,-89.9975,39.988,-89.9505,0.10200000000000001,0.003,0.0,0.07509675571188189,1.8023221370766278,-5.482063166940698,-3.4544507627300725,0.0,0.0,0.0005000000000023874,0.012000000000000455,-0.03650000000000375,-0.022999999999999993,0.0,0.0,0.0068849,0.0481943,-0.2272017,-0.0550792,-0.0137698,-0.0025140415140099998,-0.02912820512784,-0.002271306471278,0.005260225885335,-0.0009830586080790001,-0.000569139194151,0.08956561840348713,1.7267610000999412,0.14044299996385234,0.06133299984867335,0.0
pd,00:06:29.531,568,-90.0,-89.998,39.976,-89.914,0.125,0.003,0.0,0.0,0.0,0.0,0.0,0.0,-90.0,-89.997,40.0,-89.987,0.079,0.003,-90.0,-89.9975,39.988,-89.9505,0.10200000000000001,0.003,0.0,0.12548779320308842,3.0117070368598555,-9.160608903780872,-5.7724384873145045,0.0,0.0,0.0005000000000023874,0.012000000000000455,-0.03650000000000375,-0.022999999999999993,0.0,0.0,0.0068849,0.0481943,-0.2272017,-0.0550792,-0.0137698,-0.0025140415140099998,-0.02912820512784,-0.002271306471278,0.005260225885335,-0.0009830586080790001,-0.000569139194151,0.08956561840348713,1.7188910001095792,0.14697999995405553,0.07812900003045797,0.0
pd,00:06:29.533,569,-90.0,-89.998,39.976,-89.914,0.125,0.003,0.0,0.0,0.0,0.0,0.0,0.0,-90.0,-89.997,40.0,-89.987,0.079,0.003,-90.0,-89.9975,39.988,-89.9505,0.10200000000000001,0.003,0.0,0.12385731159992994,2.9725754783842375,-9.041583746750883,-5.697436333569573,0.0,0.0,0.0005000000000023874,0.012000000000000455,-0.03650000000000375,-0.022999999999999993,0.0,0.0,0.0068849,0.0481943,-0.2272017,-0.0550792,-0.0137698,-0.0025140415140099998,-0.02912820512784,-0.002271306471278,0.005260225885335,-0.0009830586080790001,-0.000569139194151,0.08956561840348713,1.7049090001819422,0.16303599977618433,0.07503699998778757,0.0
pd,00:06:29.535,570,-90.0,-89.998,39.976,-89.918,0.124,0.003,0.0,0.0,0.0,-1.9866448786288342,-0.496661219656602,0.0,-90.0,-89.997,40.0,-89.987,0.079,0.003,-90.0,-89.9975,39.988,-89.75383551213712,0.1511661219656602,0.003,0.0,0.12416530491474326,2.9799673179397224,40.76706738314196,6.746179634402394,0.0,0.0,0.0005000000000023874,0.012000000000000455,0.16416448786289095,0.027166121965660206,0.0,0.0,0.0068849,0.0481943,-0.2272017,-0.0550792,-0.0137698,-0.0025140415140099998,-0.02912820512784,-0.002271306471278,0.005260225885335,-0.0009830586080790001,-0.000569139194151,0.08580792504191237,1.7073899998649722,0.13964700019641896,0.06316600001810002,0.0
pd,00:06:29.537,571,-90.0,-89.998,39.976,-89.918,0.124,0.003,0.0,0.0,0.0,0.0,0.0,0.0,-90.0,-89.997,40.0,-89.987,0.079,0.003,-90.0,-89.9975,39.988,-89.9525,0.1015,0.003,0.0,0.10139986461705897,2.4335967507978875,-6.996590658542486,-4.562993907745866,0.0,0.0,0.0005000000000023874,0.012000000000000455,-0.0344999999999942,-0.022499999999999992,0.0,0.0,0.0068849,0.0481943,-0.2272017,-0.0550792,-0.0137698,-0.0025140415140099998,-0.02912820512784,-0.002271306471278,0.005260225885335,-0.0009830586080790001,-0.000569139194151,0.08580792504191237,2.021683999828383,0.2581819999250001,0.12412800015226821,0.0
pd,00:06:29.540,572,-90.0,-89.998,39.976,-89.918,0.124,0.003,0.0,0.0,0.0,0.0,0.0,0.0,-90.0,-89.997,40.0,-89.987,0.079,0.003,-90.0,-89.9975,39.988,-89.9525,0.1015,0.003,0.0,0.09913737354684757,2.3792969651130713,-6.840478774698671,-4.461181809586839,0.0,0.0,0.0005000000000023874,0.012000000000000455,-0.0344999999999942,-0.022499999999999992,0.0,0.0,0.0068849,0.0481943,-0.2272017,-0.0550792,-0.0137698,-0.0025140415140099998,-0.02912820512784,-0.002271306471278,0.005260225885335,-0.0009830586080790001,-0.000569139194151,0.08580792504191237,1.8480930002624518,0.22907199991095695,0.11888800008819089,0.0
pd,00:06:29.542,573,-90.0,-89.998,39.976,-89.918,0.124,0.003,0.0,0.0,0.0,0.0,0.0,0.0,-90.0,-89.997,40.0,-89.987,0.079,0.003,-90.0,-89.9975,39.988,-89.9525,0.1015,0.003,0.0,0.10863820969799076,2.6073170327394273,-7.49603646912431,-4.888719436386241,0.0,0.0,0.0005000000000023874,0.012000000000000455,-0.0344999999999942,-0.022499999999999992,0.0,-0.0550792,-0.0275396,-0.0,-0.0413094,-0.0481943,0.0068849,-0.0024620268619959997,-0.029440293039923997,-0.000884249084238,0.005794871794992,-0.0008968253968440001,0.000275946275952,0.08580792504191237,4.049479000059364,0.5946239998593228,0.43640300009428756,0.0
pd,00:06:29.548,574,-90.0,-89.998,39.976,-89.918,0.124,0.003,0.0,0.0,0.0,0.0,0.0,0.0,-90.0,-89.997,40.0,-89.987,0.079,0.003,-90.0,-89.9975,39.988,-89.9525,0.1015,0.003,0.0,0.046636541540873815,1.1192769969756695,-3.2179213663043873,-2.0986443693293007,0.0,0.0,0.0005000000000023874,0.012000000000000455,-0.0344999999999942,-0.022499999999999992,0.0,-0.0550792,-0.0275396,-0.0,-0.0413094,-0.0481943,0.0068849,-0.0024620268619959997,-0.029440293039923997,-0.000884249084238,0.005794871794992,-0.0008968253968440001,0.000275946275952,0.08580792504191237,1.9317960000080348,0.2063500000986096,0.08922100005293032,0.0
pd,00:06:29.550,575,-90.0,-89.998,39.976,-89.918,0.124,0.003,0.0,0.0,0.0,0.0,0.0,0.0,-90.0,-89.997,40.0,-89.987,0.079,0.003,-90.0,-89.9975,39.988,-89.9525,0.1015,0.003,0.0,0.10784490383677947,2.588277692070447,-7.441298364701002,-4.853020672631904,0.0,0.0,0.0005000000000023874,0.012000000000000455,-0.0344999999999942,-0.022499999999999992,0.0,-0.0550792,-0.0275396,-0.0,-0.0413094,-0.0481943,0.0068849,-0.0024620268619959997,-0.029440293039923997,-0.000884249084238,0.005794871794992,-0.0008968253968440001,0.000275946275952,0.08580792504191237,1.8992409995917114,0.19970199991803383,0.09229499983121059,0.0
pd,00:06:29.552,576,-90.0,-89.998,39.976,-89.918,0.124,0.003,0.0,0.0,0.0,0.0,0.0,0.0,-90.0,-89.997,40.0,-89.987,0.079,0.003,-90.0,-89.9975,39.988,-89.9525,0.1015,0.003,0.0,0.10971811237888529,2.633234697080774,-7.570549754105665,-4.937315057026264,0.0,0.0,0.0005000000000023874,0.012000000000000455,-0.0344999999999942,-0.022499999999999992,0.0,-0.0550792,-0.0275396,-0.0,-0.0413094,-0.0481943,0.0068849,-0.0024620268619959997,-0.029440293039923997,-0.000884249084238,0.005794871794992,-0.0008968253968440001,0.000275946275952,0.08580792504191237,1.835853000102361,0.18331299997953465,0.08664699998917058,0.0
pd,00:06:29.554,577,-90.0,-89.998,39.977,-89.923,0.122,0.003,0.0,0.0,0.45704522174896206,-2.285226108748058,-0.9140904435000553,0.0,-90.0,-89.997,40.0,-89.987,0.079,0.003,-90.0,-89.9975,39.9427954778251,-89.7264773891252,0.19190904435000553,0.003,0.0,0.1142613054380524,-7.81650671113921,44.90986013308577,15.975797338640383,0.0,0.0,0.0005000000000023874,-0.03420452217489611,0.19652261087480838,0.06990904435000553,0.0,-0.0550792,-0.0275396,-0.0,-0.0413094,-0.0481943,0.0068849,-0.0024620268619959997,-0.029440293039923997,-0.000884249084238,0.005794871794992,-0.0008968253968440001,0.000275946275952,0.08046738469715078,1.7184280000037688,0.16444299990325817,0.05964800038782414,0.0
pd,00:06:29.556,578,-90.0,-89.998,39.977,-89.923,0.122,0.003,0.0,0.0,0.0,0.0,0.0,0.0,-90.0,-89.997,40.0,-89.987,0.079,0.003,-90.0,-89.9975,39.9885,-89.955,0.1005,0.003,0.0,0.12355084246553633,2.8416693766941674,-7.907253917755698,-5.312686225992694,0.0,0.0,0.0005000000000023874,0.011500000000005173,-0.031999999999996476,-0.02149999999999999,0.0,-0.0550792,-0.0275396,-0.0,-0.0413094,-0.0481943,0.0068849,-0.0024620268619959997,-0.029440293039923997,-0.000884249084238,0.005794871794992,-0.0008968253968440001,0.000275946275952,0.08046738469715078,1.9074440001531912,0.2515719997973065,0.12277699988771928,0.0
pd,00:06:29.559,579,-90.0,-89.998,39.977,-89.923,0.122,0.003,0.0,0.0,0.0,0.0,0.0,0.0,-90.0,-89.997,40.0,-89.987,0.079,0.003,-90.0,-89.9975,39.9885,-89.955,0.1005,0.003,0.0,0.10441904003236474,2.40163792073326,-6.682818562038698,-4.4900187213702445,0.0,0.0,0.0005000000000023874,0.011500000000005173,-0.031999999999996476,-0.02149999999999999,0.0,-0.0550792,-0.0275396,-0.0,-0.0413094,-0.0481943,0.0068849,-0.0024620268619959997,-0.029440293039923997,-0.000884249084238,0.005794871794992,-0.0008968253968440001,0.000275946275952,0.08046738469715078,1.7866299999695912,0.3099780001321051,0.12962800019522547,0.0
pd,00:06:29.561,580,-90.0,-89.998,39.977,-89.923,0.122,0.003,0.0,0.0,0.0,0.0,0.0,0.0,-90.0,-89.997,40.0,-89.987,0.079,0.003,-90.0,-89.9975,39.9885,-89.955,0.1005,0.003,0.0,0.10804492529675495,2.4850332818138483,-6.914875218958538,-4.645931787738279,0.0,0.0,0.0005000000000023874,0.011500000000005173,-0.031999999999996476,-0.02149999999999999,0.0,-0.0550792,-0.0275396,-0.0,-0.0413094,-0.0481943,0.0068849,-0.0024620268619959997,-0.029440293039923997,-0.000884249084238,0.005794871794992,-0.0008968253968440001,0.000275946275952,0.08046738469715078,1.7310200000792975,0.16388699987146538,0.0725740001144004,0.0
pd,00:06:29.564,581,-90.0,-89.998,39.977,-89.923,0.122,0.003,0.0,0.0,0.0,0.0,0.0,0.0,-90.0,-89.997,40.0,-89.987,0.079,0.003,-90.0,-89.9975,39.9885,-89.955,0.1005,0.003,0.0,0.0959882826807952,2.2077305016480593,-6.143250091540883,-4.1274961552544855,0.0,0.0,0.0005000000000023874,0.011500000000005173,-0.031999999999996476,-0.02149999999999999,0.0,0.0068849,0.0,0.0137698,-0.1101584,-0.1101584,0.0206547,-0.0025140415140099998,-0.029717704517331998,-0.000884249084238,0.0055016788767930005,-0.0009830586080790001,0.00020695970696400003,0.08046738469715078,4.019554000024073,0.23560900035590748,0.10142500013898825,0.0
pd,00:06:29.568,582,-90.0,-89.998,39.977,-89.923,0.122,0.003,0.0,0.0,0.0,0.0,0.0,0.0,-90.0,-89.997,40.0,-89.987,0.079,0.003,-90.0,-89.9975,39.9885,-89.955,0.1005,0.003,0.0,0.05338981670086593,1.227965784114226,-3.4169482688387274,-2.2957621181262726,0.0,0.0,0.0005000000000023874,0.011500000000005173,-0.031999999999996476,-0.02149999999999999,0.0,0.0068849,0.0,0.0137698,-0.1101584,-0.1101584,0.0206547,-0.0025140415140099998,-0.029717704517331998,-0.000884249084238,0.0055016788767930005,-0.0009830586080790001,0.00020695970696400003,0.08046738469715078,1.8331299997953465,0.23886799999672803,0.11799899994002772,0.0
pd,00:06:29.571,583,-90.0,-89.998,39.977,-89.923,0.122,0.003,0.0,0.0,0.0,0.0,0.0,0.0,-90.0,-89.997,40.0,-89.987,0.079,0.003,-90.0,-89.9975,39.9885,-89.955,0.1005,0.003,0.0,0.1089769278741433,2.506469341093681,-6.974523383911101,-4.686007898565786,0.0,0.0,0.0005000000000023874,0.011500000000005173,-0.031999999999996476,-0.02149999999999999,0.0,0.0068849,0.0,0.0137698,-0.1101584,-0.1101584,0.0206547,-0.0025140415140099998,-0.029717704517331998,-0.000884249084238,0.0055016788767930005,-0.0009830586080790001,0.00020695970696400003,0.08046738469715078,2.3986809997040837,0.24471999995512306,0.11947999973926926,0.0
pd,00:06:29.574,584,-90.0,-89.998,39.977,-89.923,0.122,0.003,0.0,0.0,0.0,0.0,0.0,0.0,-90.0,-89.997,40.0,-89.987,0.079,0.003,-90.0,-89.9975,39.9885,-89.955,0.1005,0.003,0.0,0.08718516670865609,2.0052588342897977,-5.579850669326732,-3.7489621684543106,0.0,0.0,0.0005000000000023874,0.011500000000005173,-0.031999999999996476,-0.02149999999999999,0.0,0.0068849,0.0,0.0137698,-0.1101584,-0.1101584,0.0206547,-0.0025140415140099998,-0.029717704517331998,-0.000884249084238,0.0055016788767930005,-0.0009830586080790001,0.00020695970696400003,0.08046738469715078,1.757649999944988,0.16296100011459203,0.07049899977573659,0.0
pd,00:06:29.576,585,-90.0,-89.998,39.977,-89.924,0.121,0.003,0.0,0.0,0.0,-0.4845545286529606,-0.48455452865064735,0.0,-90.0,-89.997,40.0,-89.987,0.079,0.003,-90.0,-89.9975,39.9885,-89.9070445471347,0.14845545286506473,0.003,0.0,0.12113863216324015,2.7861885397416124,4.107920735602331,6.651832010960749,0.0,0.0,0.0005000000000023874,0.011500000000005173,0.016955452865303755,0.027455452865064733,0.0,0.0068849,0.0,0.0137698,-0.1101584,-0.1101584,0.0206547,-0.0025140415140099998,-0.029717704517331998,-0.000884249084238,0.0055016788767930005,-0.0009830586080790001,0.00020695970696400003,0.07913911801377792,2.071202000024641,0.24147899966919795,0.11860999984492082,0.0
pd,00:06:29.578,586,-90.0,-89.998,39.977,-89.924,0.121,0.003,0.0,0.0,0.0,0.0,0.0,0.0,-90.0,-89.997,40.0,-89.987,0.079,0.003,-90.0,-89.9975,39.9885,-89.9555,0.1,0.003,0.0,0.0988569812392766,2.273710568492825,-6.227989818043518,-4.151993212029791,0.0,0.0,0.0005000000000023874,0.011500000000005173,-0.03149999999999409,-0.02099999999999999,0.0,0.0068849,0.0,0.0137698,-0.1101584,-0.1101584,0.0206547,-0.0025140415140099998,-0.029717704517331998,-0.000884249084238,0.0055016788767930005,-0.0009830586080790001,0.00020695970696400003,0.07913911801377792,1.7379830001118535,0.1442210000277555,0.05933299962634919,0.0
pd,00:06:29.580,587,-90.0,-89.998,39.977,-89.924,0.121,0.003,0.0,0.0,0.0,0.0,0.0,0.0,-90.0,-89.997,40.0,-89.987,0.079,0.003,-90.0,-89.9975,39.9885,-89.9555,0.1,0.003,0.0,0.12468204518489974,2.867687039239405,-7.854968846609703,-5.236645897740784,0.0,0.0,0.0005000000000023874,0.011500000000005173,-0.03149999999999409,-0.02099999999999999,0.0,0.0068849,0.0,0.0137698,-0.1101584,-0.1101584,0.0206547,-0.0025140415140099998,-0.029717704517331998,-0.000884249084238,0.0055016788767930005,-0.0009830586080790001,0.00020695970696400003,0.07913911801377792,1.7266130003008584,0.15738800038889167,0.07231400013552047,0.0
pd,00:06:29.582,588,-90.0,-89.998,39.977,-89.924,0.121,0.003,0.0,0.0,0.0,0.0,0.0,0.0,-90.0,-89.997,40.0,-89.987,0.079,0.003,-90.0,-89.9975,39.9885,-89.9555,0.1,0.003,0.0,0.12350718492402907,2.840665253239505,-7.780952650175218,-5.187301766784452,0.0,0.0,0.0005000000000023874,0.011500000000005173,-0.03149999999999409,-0.02099999999999999,0.0,0.0068849,0.0,0.034424500000000004,-0.0826188,-0.1721225,-0.0275396,-0.0025140415140099998,-0.029717704517331998,0.0005028083028019999,0.0069331501832940005,-0.002345543345592,-0.000258699633705,0.07913911801377792,2.7023259999623406,0.452440000117349,0.28620100010812166,0.0
pd,00:06:29.586,589,-90.0,-89.998,39.977,-89.924,0.121,0.003,0.0,0.0,0.0,0.0,0.0,0.0,-90.0,-89.997,40.0,-89.987,0.079,0.003,-90.0,-89.9975,39.9885,-89.9555,0.1,0.003,0.0,0.06772434282794076,1.5576598850354193,-4.266633598139094,-2.8444223987599297,0.0,0.0,0.0005000000000023874,0.011500000000005173,-0.03149999999999409,-0.02099999999999999,0.0,0.0275396,-0.0068849,0.034424500000000004,-0.0826188,-0.1721225,-0.0275396,-0.0016644688644479998,-0.028330647130292,0.0005028083028019999,0.0069331501832940005,-0.002345543345592,-0.000258699633705,0.07913911801377792,2.6550480001787946,0.21266399971864303,0.07594299995616893,0.0
pd,00:06:29.589,590,-90.0,-89.998,39.977,-89.924,0.121,0.003,0.0,0.0,0.0,0.0,0.0,0.0,-90.0,-89.997,40.0,-89.987,0.079,0.003,-90.0,-89.9975,39.9885,-89.9555,0.1,0.003,0.0,0.08270831361452964,1.9022912131253666,-5.210623757689509,-3.473749171793658,0.0,0.0,0.0005000000000023874,0.011500000000005173,-0.03149999999999409,-0.02099999999999999,0.0,0.0275396,-0.0068849,0.034424500000000004,-0.0826188,-0.1721225,-0.0275396,-0.0016644688644479998,-0.028330647130292,0.0005028083028019999,0.0069331501832940005,-0.002345543345592,-0.000258699633705,0.07913911801377792,1.7280389997722523,0.13727599980484229,0.15372100006061373,0.0
pd,00:06:29.592,591,-90.0,-89.998,39.977,-89.924,0.121,0.003,0.0,0.0,0.0,0.0,0.0,0.0,-90.0,-89.997,40.0,-89.987,0.079,0.003,-90.0,-89.9975,39.9885,-89.9555,0.1,0.003,0.0,0.08827140331719899,2.0302422762861685,-5.56109840895594,-3.707398939304655,0.0,0.0,0.0005000000000023874,0.011500000000005173,-0.03149999999999409,-0.02099999999999999,0.0,0.0275396,-0.0068849,0.034424500000000004,-0.0826188,-0.1721225,-0.0275396,-0.0016644688644479998,-0.028330647130292,0.0005028083028019999,0.0069331501832940005,-0.002345543345592,-0.000258699633705,0.07913911801377792,1.9259069999861822,0.2538490002734761,0.11416500001359964,0.0
pd,00:06:29.594,592,-90.0,-89.998,39.977,-89.926,0.119,0.003,0.0,0.0,0.0,-0.8336090629017638,-0.8336090629037074,0.0,-90.0,-89.997,40.0,-89.987,0.079,0.003,-90.0,-89.9975,39.9885,-89.87313909370982,0.18236090629037074,0.003,0.0,0.10420113286346087,2.396626055848494,11.016332639199396,13.204556429361384,0.0,0.0,0.0005000000000023874,0.011500000000005173,0.05286090629017792,0.06336090629037075,0.0,0.0275396,-0.0068849,0.034424500000000004,-0.0826188,-0.1721225,-0.0275396,-0.0016644688644479998,-0.028330647130292,0.0005028083028019999,0.0069331501832940005,-0.002345543345592,-0.000258699633705,0.07649182962904785,1.940795999871625,0.25705300004119636,0.12285100001463434,0.0
pd,00:06:29.597,593,-90.0,-89.998,39.977,-89.926,0.119,0.003,0.0,0.0,0.0,0.0,0.0,0.0,-90.0,-89.997,40.0,-89.987,0.079,0.003,-90.0,-89.9975,39.9885,-89.9565,0.099,0.003,0.0,0.10282172975142251,2.364899784271759,-6.272125514806088,-4.112869190037261,0.0,0.0,0.0005000000000023874,0.011500000000005173,-0.030500000000003524,-0.01999999999999999,0.0,0.0275396,-0.0068849,0.034424500000000004,-0.0826188,-0.1721225,-0.0275396,-0.0016644688644479998,-0.028330647130292,0.0005028083028019999,0.0069331501832940005,-0.002345543345592,-0.000258699633705,0.07649182962904785,1.9861840000885422,0.24205299996538088,0.11768400008804747,0.0
pd,00:06:29.599,594,-90.0,-89.998,39.977,-89.926,0.119,0.003,0.0,0.0,0.0,0.0,0.0,0.0,-90.0,-89.997,40.0,-89.987,0.079,0.003,-90.0,-89.9975,39.9885,-89.9565,0.099,0.003,0.0,0.10151766870026206,2.3349063800952075,-6.192577790685689,-4.060706747991093,0.0,0.0,0.0005000000000023874,0.011500000000005173,-0.030500000000003524,-0.01999999999999999,0.0,0.0275396,-0.0068849,0.034424500000000004,-0.0826188,-0.1721225,-0.0275396,-0.0016644688644479998,-0.028330647130292,0.0005028083028019999,0.0069331501832940005,-0.002345543345592,-0.000258699633705,0.07649182962904785,2.174497999931191,0.23366499999610824,0.11498100002427236,0.0
pd,00:06:29.602,595,-90.0,-89.998,39.977,-89.926,0.119,0.003,0.0,0.0,0.0,0.0,0.0,0.0,-90.0,-89.997,40.0,-89.987,0.079,0.003,-90.0,-89.9975,39.9885,-89.9565,0.099,0.003,0.0,0.09530776222550508,2.192078531176459,-5.813773495727367,-3.812310489001999,0.0,0.0,0.0005000000000023874,0.011500000000005173,-0.030500000000003524,-0.01999999999999999,0.0,0.0275396,-0.0068849,0.034424500000000004,-0.0826188,-0.1721225,-0.0275396,-0.0016644688644479998,-0.028330647130292,0.0005028083028019999,0.0069331501832940005,-0.002345543345592,-0.000258699633705,0.07649182962904785,1.7449639999540523,0.21914600029049325,0.598346000060701,0.0
pd,00:06:29.605,596,-90.0,-89.998,39.977,-89.926,0.119,0.003,0.0,0.0,0.0,0.0,0.0,0.0,-90.0,-89.997,40.0,-89.987,0.079,0.003,-90.0,-89.9975,39.9885,-89.9565,0.099,0.003,0.0,0.08601230415921637,1.9782829956528092,-5.24675055368653,-3.4404921663522265,0.0,0.0,0.0005000000000023874,0.011500000000005173,-0.030500000000003524,-0.01999999999999999,0.0,0.0481943,-0.0068849,-0.0068849,-0.1170433,-0.1514678,-0.0068849,-0.002201953601926,-0.028902808302445997,0.001335042735026,0.007450549450704001,-0.001103785103808,3.4493284494e-05,0.07649182962904785,3.403725999760354,0.20429400001376052,0.08944399996835273,0.0
pd,00:06:29.608,597,-90.0,-89.998,39.977,-89.926,0.119,0.003,0.0,0.0,0.0,0.0,0.0,0.0,-90.0,-89.997,40.0,-89.987,0.079,0.003,-90.0,-89.9975,39.9885,-89.9565,0.099,0.003,0.0,0.0661228402071514,1.5208253247574346,-4.033493252616502,-2.644913608273426,0.0,0.0,0.0005000000000023874,0.011500000000005173,-0.030500000000003524,-0.01999999999999999,0.0,0.0481943,-0.0068849,-0.0068849,-0.1170433,-0.1514678,-0.0068849,-0.002201953601926,-0.028902808302445997,0.001335042735026,0.007450549450704001,-0.001103785103808,3.4493284494e-05,0.07649182962904785,1.7626119997657952,0.1439990001017577,0.06283299990172964,0.0
pd,00:06:29.610,598,-90.0,-89.998,39.977,-89.926,0.119,0.003,0.0,0.0,0.0,0.0,0.0,0.0,-90.0,-89.997,40.0,-89.987,0.079,0.003,-90.0,-89.9975,39.9885,-89.9565,0.099,0.003,0.0,0.12272659176088563,2.822711610487289,-7.486322097377398,-4.909063670411984,0.0,0.0,0.0005000000000023874,0.011500000000005173,-0.030500000000003524,-0.01999999999999999,0.0,0.0481943,-0.0068849,-0.0068849,-0.1170433,-0.1514678,-0.0068849,-0.002201953601926,-0.028902808302445997,0.001335042735026,0.007450549450704001,-0.001103785103808,3.4493284494e-05,0.07649182962904785,1.6991510001389543,0.13905400010116864,0.06231399993339437,0.0
pd,00:06:29.612,599,-90.0,-89.998,39.977,-89.926,0.119,0.003,0.0,0.0,0.0,0.0,0.0,0.0,-90.0,-89.997,40.0,-89.987,0.079,0.003,-90.0,-89.9975,39.9885,-89.9565,0.099,0.003,0.0,0.12708471700460633,2.9229484910924004,-7.75216773724306,-5.08338868015998,0.0,0.0,0.0005000000000023874,0.011500000000005173,-0.030500000000003524,-0.01999999999999999,0.0,0.0481943,-0.0068849,-0.0068849,-0.1170433,-0.1514678,-0.0068849,-0.002201953601926,-0.028902808302445997,0.001335042735026,0.007450549450704001,-0.001103785103808,3.4493284494e-05,0.07649182962904785,1.7308530000264,0.21185000014156685,0.11529499988682801,0.0
pd,00:06:29.615,600,-90.0,-89.998,39.977,-89.928,0.117,0.003,0.0,0.0,0.0,-0.9155869897380975,-0.9155869897402259,0.0,-90.0,-89.997,40.0,-89.987,0.079,0.003,-90.0,-89.9975,39.9885,-89.86594130102618,0.1895586989740226,0.003,0.0,0.1144483737180754,2.632312595503536,14.2050343451567,16.60845019327324,0.0,0.0,0.0005000000000023874,0.011500000000005173,0.06205869897381433,0.0725586989740226,0.0,0.0481943,-0.0068849,-0.0068849,-0.1170433,-0.1514678,-0.0068849,-0.002201953601926,-0.028902808302445997,0.001335042735026,0.007450549450704001,-0.001103785103808,3.4493284494e-05,0.07385797181076573,1.931165999849327,0.557104999643343,0.12031400001433212,0.0
pd,00:06:29.618,601,-90.0,-89.998,39.977,-89.928,0.117,0.003,0.0,0.0,0.0,0.0,0.0,0.0,-90.0,-89.997,40.0,-89.987,0.079,0.003,-90.0,-89.9975,39.9885,-89.9575,0.098,0.003,0.0,0.0769032636600665,1.768775064173333,-4.5372925559220665,-2.922324019068574,0.0,0.0,0.0005000000000023874,0.011500000000005173,-0.02949999999999875,-0.019000000000000003,0.0,0.0481943,-0.0068849,-0.0068849,-0.1170433,-0.1514678,-0.0068849,-0.002201953601926,-0.028902808302445997,0.001335042735026,0.007450549450704001,-0.001103785103808,3.4493284494e-05,0.07385797181076573,1.8624809999892022,0.2675350001482002,0.08514800038028625,0.0
pd,00:06:29.620,602,-90.0,-89.998,39.977,-89.928,0.117,0.003,0.0,0.0,0.0,0.0,0.0,0.0,-90.0,-89.997,40.0,-89.987,0.079,0.003,-90.0,-89.9975,39.9885,-89.9575,0.098,0.003,0.0,0.10817868564995428,2.4881097699374184,-6.382542453316556,-4.110790054678635,0.0,0.0,0.0005000000000023874,0.011500000000005173,-0.02949999999999875,-0.019000000000000003,0.0,0.0481943,-0.0068849,-0.0068849,-0.1170433,-0.1514678,-0.0068849,-0.002201953601926,-0.028902808302445997,0.001335042735026,0.007450549450704001,-0.001103785103808,3.4493284494e-05,0.07385797181076573,1.7364459999953397,0.1646460000301886,0.07698100034758681,0.0
pd,00:06:29.622,603,-90.0,-89.998,39.977,-89.928,0.117,0.003,0.0,0.0,0.0,0.0,0.0,0.0,-90.0,-89.997,40.0,-89.987,0.079,0.003,-90.0,-89.9975,39.9885,-89.9575,0.098,0.003,0.0,0.12181412639463368,2.801724907063592,-7.1870334572487655,-4.628936802973978,0.0,0.0,0.0005000000000023874,0.011500000000005173,-0.02949999999999875,-0.019000000000000003,0.0,0.0481943,-0.0068849,0.0481943,-0.1996621,-0.1721225,0.0068849,-0.002201953601926,-0.029717704517331998,0.0024446886446579997,0.0055706654457810005,-0.001190018315043,-0.000155219780223,0.07385797181076573,2.9166570002416847,0.8887880003385362,0.13411000009000418,0.0
pd,00:06:29.626,604,-90.0,-89.998,39.977,-89.928,0.117,0.003,0.0,0.0,0.0,0.0,0.0,0.0,-90.0,-89.997,40.0,-89.987,0.079,0.003,-90.0,-89.9975,39.9885,-89.9575,0.098,0.003,0.0,0.05964256868238478,1.3717790796884932,-3.5189115522437504,-2.2664176099198,0.0,0.0,0.0005000000000023874,0.011500000000005173,-0.02949999999999875,-0.019000000000000003,0.0,-0.0619641,-0.0275396,0.0481943,-0.1996621,-0.1721225,0.0068849,-0.002149938949912,-0.029717704517331998,0.0024446886446579997,0.0055706654457810005,-0.001190018315043,-0.000155219780223,0.07385797181076573,2.739880999797606,0.2119979999406496,0.08814699958747951,0.0
pd,00:06:29.629,605,-90.0,-89.998,39.977,-89.928,0.117,0.003,0.0,0.0,0.0,0.0,0.0,0.0,-90.0,-89.997,40.0,-89.987,0.079,0.003,-90.0,-89.9975,39.9885,-89.9575,0.098,0.003,0.0,0.08000732488974567,1.840168472455623,-4.720432168472255,-3.0402783457958193,0.0,0.0,0.0005000000000023874,0.011500000000005173,-0.02949999999999875,-0.019000000000000003,0.0,-0.0619641,-0.0275396,0.0481943,-0.1996621,-0.1721225,0.0068849,-0.002149938949912,-0.029717704517331998,0.0024446886446579997,0.0055706654457810005,-0.001190018315043,-0.000155219780223,0.07385797181076573,1.754686999902333,0.13799900034427992,0.05872200017620344,0.0
pd,00:06:29.631,606,-90.0,-89.998,39.977,-89.928,0.117,0.003,0.0,0.0,0.0,0.0,0.0,0.0,-90.0,-89.997,40.0,-89.987,0.079,0.003,-90.0,-89.9975,39.9885,-89.9575,0.098,0.003,0.0,0.12404779368330851,2.8530992547028746,-7.318819827279945,-4.7138161599432165,0.0,0.0,0.0005000000000023874,0.011500000000005173,-0.02949999999999875,-0.019000000000000003,0.0,-0.0619641,-0.0275396,0.0481943,-0.1996621,-0.1721225,0.0068849,-0.002149938949912,-0.029717704517331998,0.0024446886446579997,0.0055706654457810005,-0.001190018315043,-0.000155219780223,0.07385797181076573,1.7828340000960452,0.22268300017458387,0.18253600001116865,0.0
pd,00:06:29.634,607,-90.0,-89.998,39.977,-89.928,0.117,0.003,0.0,0.0,0.0,0.0,0.0,0.0,-90.0,-89.997,40.0,-89.987,0.079,0.003,-90.0,-89.9975,39.9885,-89.9575,0.098,0.003,0.0,0.10724925846425354,2.4667329446664006,-6.327706249360476,-4.075471821622175,0.0,0.0,0.0005000000000023874,0.011500000000005173,-0.02949999999999875,-0.019000000000000003,0.0,-0.0619641,-0.0275396,0.0481943,-0.1996621,-0.1721225,0.0068849,-0.002149938949912,-0.029717704517331998,0.0024446886446579997,0.0055706654457810005,-0.001190018315043,-0.000155219780223,0.07385797181076573,1.9192220001968963,0.23012700012259302,0.10231399983240408,0.0
pd,00:06:29.636,608,-90.0,-89.998,39.977,-89.93,0.114,0.003,0.0,0.0,0.0,-0.8513760276098705,-1.277064041408709,0.0,-90.0,-89.997,40.0,-89.987,0.079,0.003,-90.0,-89.9975,39.9885,-89.87336239723902,0.22420640414087092,0.003,0.0,0.10642200345123382,2.4477060793670353,12.054974312942472,23.456772643543665,0.0,0.0,0.0005000000000023874,0.011500000000005173,0.05663760276098628,0.11020640414087092,0.0,-0.0619641,-0.0275396,0.0481943,-0.1996621,-0.1721225,0.0068849,-0.002149938949912,-0.029717704517331998,0.0024446886446579997,0.0055706654457810005,-0.001190018315043,-0.000155219780223,0.07073895673530099,1.7884829999275098,0.1505350001025363,0.06636999978582026,0.0
pd,00:06:29.638,609,-90.0,-89.998,39.977,-89.93,0.114,0.003,0.0,0.0,0.0,0.0,0.0,0.0,-90.0,-89.997,40.0,-89.987,0.079,0.003,-90.0,-89.9975,39.9885,-89.9585,0.0965,0.003,0.0,0.12037378027838443,2.768596946390012,-6.8613054758337,-4.2130823097233385,0.0,0.0,0.0005000000000023874,0.011500000000005173,-0.028499999999993975,-0.0175,0.0,-0.0619641,-0.0275396,0.0481943,-0.1996621,-0.1721225,0.0068849,-0.002149938949912,-0.029717704517331998,0.0024446886446579997,0.0055706654457810005,-0.001190018315043,-0.000155219780223,0.07073895673530099,1.69933500001207,0.1517400000921043,0.06774000030418392,0.0
pd,00:06:29.640,610,-90.0,-89.998,39.977,-89.93,0.114,0.003,0.0,0.0,0.0,0.0,0.0,0.0,-90.0,-89.997,40.0,-89.987,0.079,0.003,-90.0,-89.9975,39.9885,-89.9585,0.0965,0.003,0.0,0.12575869513132726,2.8924499880071237,-7.168245622449912,-4.401554329575438,0.0,0.0,0.0005000000000023874,0.011500000000005173,-0.028499999999993975,-0.0175,0.0,-0.0619641,-0.0275396,0.0481943,-0.1996621,-0.1721225,0.0068849,-0.002149938949912,-0.029717704517331998,0.0024446886446579997,0.0055706654457810005,-0.001190018315043,-0.000155219780223,0.07073895673530099,1.9816099998024583,0.19040600000153063,0.10038800019174232,0.0
pd,00:06:29.643,611,-90.0,-89.998,39.977,-89.93,0.114,0.003,0.0,0.0,0.0,0.0,0.0,0.0,-90.0,-89.997,40.0,-89.987,0.079,0.003,-90.0,-89.9975,39.9885,-89.9585,0.0965,0.003,0.0,0.08583628028855655,1.974234446627652,-4.892667976423327,-3.0042698100851344,0.0,0.0,0.0005000000000023874,0.011500000000005173,-0.028499999999993975,-0.0175,0.0,-0.0068849,0.0275396,-0.0,-0.26162620000000003,-0.0481943,0.0206547,-0.00268742368739,-0.02912820512784,0.004386568986514,0.0067261904763300006,-0.00482905982916,0.000275946275952,0.07073895673530099,3.713222999977006,0.8175110001502617,0.10766499963210663,0.0
pd,00:06:29.648,612,-90.0,-89.998,39.977,-89.93,0.114,0.003,0.0,0.0,0.0,0.0,0.0,0.0,-90.0,-89.997,40.0,-89.987,0.079,0.003,-90.0,-89.9975,39.9885,-89.9585,0.0965,0.003,0.0,0.05266050622765201,1.2111916432303835,-3.0016488549611973,-1.84311771795902,0.0,0.0,0.0005000000000023874,0.011500000000005173,-0.028499999999993975,-0.0175,0.0,-0.0068849,0.0275396,-0.0,-0.26162620000000003,-0.0481943,0.0206547,-0.00268742368739,-0.02912820512784,0.004386568986514,0.0067261904763300006,-0.00482905982916,0.000275946275952,0.07073895673530099,1.8741299995781446,0.2484420001565013,0.11859100004585343,0.0
pd,00:06:29.650,613,-90.0,-89.998,39.977,-89.93,0.114,0.003,0.0,0.0,0.0,0.0,0.0,0.0,-90.0,-89.997,40.0,-89.987,0.079,0.003,-90.0,-89.9975,39.9885,-89.9585,0.0965,0.003,0.0,0.10653012293050967,2.4501928273903686,-6.072217007008774,-3.728554302550036,0.0,0.0,0.0005000000000023874,0.011500000000005173,-0.028499999999993975,-0.0175,0.0,-0.0068849,0.0275396,-0.0,-0.26162620000000003,-0.0481943,0.0206547,-0.00268742368739,-0.02912820512784,0.004386568986514,0.0067261904763300006,-0.00482905982916,0.000275946275952,0.07073895673530099,2.109238000230107,0.3932929998882173,0.2018690001932555,0.0
pd,00:06:29.653,614,-90.0,-89.998,39.977,-89.93,0.114,0.003,0.0,0.0,0.0,0.0,0.0,0.0,-90.0,-89.997,40.0,-89.987,0.079,0.003,-90.0,-89.9975,39.9885,-89.9585,0.0965,0.003,0.0,0.08815266918915568,2.0275113913411853,-5.024702143756819,-3.085343421605717,0.0,0.0,0.0005000000000023874,0.011500000000005173,-0.028499999999993975,-0.0175,0.0,-0.0068849,0.0275396,-0.0,-0.26162620000000003,-0.0481943,0.0206547,-0.00268742368739,-0.02912820512784,0.004386568986514,0.0067261904763300006,-0.00482905982916,0.000275946275952,0.07073895673530099,1.8716859999585722,0.23058999977365602,0.10509100002309424,0.0
pd,00:06:29.655,615,-90.0,-89.998,39.978,-89.934,0.111,0.003,0.0,0.0,0.4344178146059065,-1.737671258411279,-1.3032534438114978,0.0,-90.0,-89.997,40.0,-89.987,0.079,0.003,-90.0,-89.9975,39.94555821853941,-89.78673287415887,0.2253253443811498,0.003,0.0,0.10860445365147663,-7.046643901982622,31.98773148544546,24.832483129944798,0.0,0.0,0.0005000000000023874,-0.032441781460590846,0.14726712584112533,0.11432534438114979,0.0,-0.0068849,0.0275396,-0.0,-0.26162620000000003,-0.0481943,0.0206547,-0.00268742368739,-0.02912820512784,0.004386568986514,0.0067261904763300006,-0.00482905982916,0.000275946275952,0.06571149062378401,1.8310380000912119,0.17307300004176795,0.07501699974454823,0.0
pd,00:06:29.657,616,-90.0,-89.998,39.978,-89.934,0.111,0.003,0.0,0.0,0.0,0.0,0.0,0.0,-90.0,-89.997,40.0,-89.987,0.079,0.003,-90.0,-89.9975,39.989000000000004,-89.9605,0.095,0.003,0.0,0.11596726388022637,2.5512798053526202,-6.1462649856223335,-3.7109524441495245,0.0,0.0,0.0005000000000023874,0.011000000000002785,-0.026499999999998636,-0.016,0.0,-0.0068849,0.0275396,-0.0,-0.26162620000000003,-0.0481943,0.0206547,-0.00268742368739,-0.02912820512784,0.004386568986514,0.0067261904763300006,-0.00482905982916,0.000275946275952,0.06571149062378401,1.7112049999923329,0.13203499975134037,0.05872200017620344,0.0
pd,00:06:29.659,617,-90.0,-89.998,39.978,-89.934,0.111,0.003,0.0,0.0,0.0,0.0,0.0,0.0,-90.0,-89.997,40.0,-89.987,0.079,0.003,-90.0,-89.9975,39.989000000000004,-89.9605,0.095,0.003,0.0,0.1271001212127281,2.7962026666664714,-6.736306424242078,-4.067203878787879,0.0,0.0,0.0005000000000023874,0.011000000000002785,-0.026499999999998636,-0.016,0.0,-0.0068849,0.0275396,-0.0,-0.26162620000000003,-0.0481943,0.0206547,-0.00268742368739,-0.02912820512784,0.004386568986514,0.0067261904763300006,-0.00482905982916,0.000275946275952,0.06571149062378401,1.727983999899152,0.1518500002930523,0.06631399992329534,0.0
pd,00:06:29.661,618,-90.0,-89.998,39.978,-89.934,0.111,0.003,0.0,0.0,0.0,0.0,0.0,0.0,-90.0,-89.997,40.0,-89.987,0.079,0.003,-90.0,-89.9975,39.989000000000004,-89.9605,0.095,0.003,0.0,0.12415060383672825,2.731313284394789,-6.57998200331484,-3.9728193227563344,0.0,0.0,0.0005000000000023874,0.011000000000002785,-0.026499999999998636,-0.016,0.0,-0.0068849,0.0275396,-0.0,-0.26162620000000003,-0.0481943,0.0206547,-0.00268742368739,-0.02912820512784,0.004386568986514,0.0067261904763300006,-0.00482905982916,0.000275946275952,0.06571149062378401,1.7052789999070228,0.15277600004992564,0.07927700016807648,0.0
pd,00:06:29.663,619,-90.0,-89.998,39.978,-89.934,0.111,0.003,0.0,0.0,0.0,0.0,0.0,0.0,-90.0,-89.997,40.0,-89.987,0.079,0.003,-90.0,-89.9975,39.989000000000004,-89.9605,0.095,0.003,0.0,0.12412121212180478,2.730666666666476,-6.578424242423904,-3.971878787878788,0.0,0.0,0.0005000000000023874,0.011000000000002785,-0.026499999999998636,-0.016,0.0,0.0481943,-0.034424500000000004,0.0137698,-0.3511299,-0.1101584,0.0206547,-0.002288644688616,-0.02886813186777,0.004386568986514,0.0052947191698290005,-0.000655372405386,-0.00043116605617500006,0.06571149062378401,3.5842610000145214,0.8557319997635204,0.10855500022444176,0.0
pd,00:06:29.668,620,-90.0,-89.998,39.978,-89.934,0.111,0.003,0.0,0.0,0.0,0.0,0.0,0.0,-90.0,-89.997,40.0,-89.987,0.079,0.003,-90.0,-89.9975,39.989000000000004,-89.9605,0.095,0.003,0.0,0.05385321760592711,1.1847707873246567,-2.8542205331003614,-1.7233029633814392,0.0,0.0,0.0005000000000023874,0.011000000000002785,-0.026499999999998636,-0.016,0.0,0.0481943,-0.034424500000000004,0.0137698,-0.3511299,-0.1101584,0.0206547,-0.002288644688616,-0.02886813186777,0.004386568986514,0.0052947191698290005,-0.000655372405386,-0.00043116605617500006,0.06571149062378401,1.8236669998259458,0.16894300006242702,0.07231400013552047,0.0
pd,00:06:29.671,621,-90.0,-89.998,39.978,-89.934,0.111,0.003,0.0,0.0,0.0,0.0,0.0,0.0,-90.0,-89.997,40.0,-89.987,0.079,0.003,-90.0,-89.9975,39.989000000000004,-89.9605,0.095,0.003,0.0,0.09339770196891482,2.054749443306172,-4.950078204328595,-2.988726462991004,0.0,0.0,0.0005000000000023874,0.011000000000002785,-0.026499999999998636,-0.016,0.0,0.0481943,-0.034424500000000004,0.0137698,-0.3511299,-0.1101584,0.0206547,-0.002288644688616,-0.02886813186777,0.004386568986514,0.0052947191698290005,-0.000655372405386,-0.00043116605617500006,0.06571149062378401,2.0227210002303764,0.2584230001048127,0.1239250000253378,0.0
pd,00:06:29.673,622,-90.0,-89.998,39.978,-89.934,0.111,0.003,0.0,0.0,0.0,0.0,0.0,0.0,-90.0,-89.997,40.0,-89.987,0.079,0.003,-90.0,-89.9975,39.989000000000004,-89.9605,0.095,0.003,0.0,0.0990624468592354,2.179373830892621,-5.2503096835141365,-3.169998299480397,0.0,0.0,0.0005000000000023874,0.011000000000002785,-0.026499999999998636,-0.016,0.0,0.0481943,-0.034424500000000004,0.0137698,-0.3511299,-0.1101584,0.0206547,-0.002288644688616,-0.02886813186777,0.004386568986514,0.0052947191698290005,-0.000655372405386,-0.00043116605617500006,0.06571149062378401,1.82044599978326,0.19360999976925086,0.09664700019129668,0.0
pd,00:06:29.676,623,-90.0,-89.998,39.978,-89.939,0.109,0.003,0.0,0.0,0.0,-2.272842744118449,-0.9091370976482072,0.0,-90.0,-89.997,40.0,-89.987,0.079,0.003,-90.0,-89.9975,39.989000000000004,-89.73571572558815,0.18491370976482072,0.003,0.0,0.11364213720656842,2.500127018532393,46.20331880907634,17.25399244182435,0.0,0.0,0.0005000000000023874,0.011000000000002785,0.2032842744118426,0.07591370976482072,0.0,0.0481943,-0.034424500000000004,0.0137698,-0.3511299,-0.1101584,0.0206547,-0.002288644688616,-0.02886813186777,0.004386568986514,0.0052947191698290005,-0.000655372405386,-0.00043116605617500006,0.06073713855624182,1.862111999798799,0.22888700004841667,0.11394300008760183,0.0
pd,00:06:29.678,624,-90.0,-89.998,39.978,-89.939,0.109,0.003,0.0,0.0,0.0,0.0,0.0,0.0,-90.0,-89.997,40.0,-89.987,0.079,0.003,-90.0,-89.9975,39.989000000000004,-89.963,0.094,0.003,0.0,0.1084359875910038,2.3855917269905262,-5.204927404343527,-3.2530796277145813,0.0,0.0,0.0005000000000023874,0.011000000000002785,-0.02400000000000091,-0.015,0.0,0.0481943,-0.034424500000000004,0.0137698,-0.3511299,-0.1101584,0.0206547,-0.002288644688616,-0.02886813186777,0.004386568986514,0.0052947191698290005,-0.000655372405386,-0.00043116605617500006,0.06073713855624182,2.059960999758914,0.23275700004887767,0.11568400032047066,0.0
pd,00:06:29.680,625,-90.0,-89.998,39.978,-89.939,0.109,0.003,0.0,0.0,0.0,0.0,0.0,0.0,-90.0,-89.997,40.0,-89.987,0.079,0.003,-90.0,-89.9975,39.989000000000004,-89.963,0.094,0.003,0.0,0.09975987061221642,2.1947171534581287,-4.788473789363706,-2.9927961183522025,0.0,0.0,0.0005000000000023874,0.011000000000002785,-0.02400000000000091,-0.015,0.0,0.0481943,-0.034424500000000004,0.0137698,-0.3511299,-0.1101584,0.0206547,-0.002288644688616,-0.02886813186777,0.004386568986514,0.0052947191698290005,-0.000655372405386,-0.00043116605617500006,0.06073713855624182,1.7803159998948104,0.1670169999670179,0.0832769997032301,0.0
pd,00:06:29.682,626,-90.0,-89.998,39.978,-89.939,0.109,0.003,0.0,0.0,0.0,0.0,0.0,0.0,-90.0,-89.997,40.0,-89.987,0.079,0.003,-90.0,-89.9975,39.989000000000004,-89.963,0.094,0.003,0.0,0.11865746294047831,2.610464184677876,-5.695558221115979,-3.559723888197352,0.0,0.0,0.0005000000000023874,0.011000000000002785,-0.02400000000000091,-0.015,0.0,0.0481943,-0.034424500000000004,0.0137698,-0.5439071,-0.13769800000000001,0.0275396,-0.002149938949912,-0.028573382173024,0.0054962148961459996,0.004760073260172,-0.002138583638628,-0.00020695970696400003,0.06073713855624182,3.2241900003100454,0.22803399997428642,0.2679600002011284,0.0
pd,00:06:29.686,627,-90.0,-89.998,39.978,-89.939,0.109,0.003,0.0,0.0,0.0,0.0,0.0,0.0,-90.0,-89.997,40.0,-89.987,0.079,0.003,-90.0,-89.9975,39.989000000000004,-89.963,0.094,0.003,0.0,0.06539703130878176,1.4387346887862287,-3.139057502806655,-1.961910939254085,0.0,0.0,0.0005000000000023874,0.011000000000002785,-0.02400000000000091,-0.015,0.0,0.0481943,-0.034424500000000004,0.0137698,-0.5439071,-0.13769800000000001,0.0275396,-0.002149938949912,-0.028573382173024,0.0054962148961459996,0.004760073260172,-0.002138583638628,-0.00020695970696400003,0.06073713855624182,2.516901000035432,0.17964600010600407,0.08018400012588245,0.0
pd,00:06:29.689,628,-90.0,-89.998,39.978,-89.939,0.109,0.003,0.0,0.0,0.0,0.0,0.0,0.0,-90.0,-89.997,40.0,-89.987,0.079,0.003,-90.0,-89.9975,39.989000000000004,-89.963,0.094,0.003,0.0,0.0876003341691735,1.9272073517124804,-4.20481604010041,-2.6280100250626566,0.0,0.0,0.0005000000000023874,0.011000000000002785,-0.02400000000000091,-0.015,0.0,0.0481943,-0.034424500000000004,0.0137698,-0.5439071,-0.13769800000000001,0.0275396,-0.002149938949912,-0.028573382173024,0.0054962148961459996,0.004760073260172,-0.002138583638628,-0.00020695970696400003,0.06073713855624182,1.9067970001742651,0.25107200008278596,0.12474000004658592,0.0
pd,00:06:29.692,629,-90.0,-89.998,39.978,-89.939,0.109,0.003,0.0,0.0,0.0,0.0,0.0,0.0,-90.0,-89.997,40.0,-89.987,0.079,0.003,-90.0,-89.9975,39.989000000000004,-89.963,0.094,0.003,0.0,0.10426329919508867,2.2937925822808385,-5.004638361340549,-3.127898975837725,0.0,0.0,0.0005000000000023874,0.011000000000002785,-0.02400000000000091,-0.015,0.0,0.0481943,-0.034424500000000004,0.0137698,-0.5439071,-0.13769800000000001,0.0275396,-0.002149938949912,-0.028573382173024,0.0054962148961459996,0.004760073260172,-0.002138583638628,-0.00020695970696400003,0.06073713855624182,2.141997999842715,0.21544199989875779,0.10423999992781319,0.0
pd,00:06:29.694,630,-90.0,-89.998,39.978,-89.939,0.109,0.003,0.0,0.0,0.0,0.0,0.0,0.0,-90.0,-89.997,40.0,-89.987,0.079,0.003,-90.0,-89.9975,39.989000000000004,-89.963,0.094,0.003,0.0,0.09795198505418093,2.1549436711815404,-4.701695282578413,-2.9385595516113963,0.0,0.0,0.0005000000000023874,0.011000000000002785,-0.02400000000000091,-0.015,0.0,0.0481943,-0.034424500000000004,0.0137698,-0.5439071,-0.13769800000000001,0.0275396,-0.002149938949912,-0.028573382173024,0.0054962148961459996,0.004760073260172,-0.002138583638628,-0.00020695970696400003,0.06073713855624182,1.7330939999737893,0.15883199966992834,0.07253600006151828,0.0
pd,00:06:29.697,631,-90.0,-89.998,39.979,-89.945,0.108,0.003,0.0,0.0,0.3788550266453098,-2.2731301598772427,-0.3788550266461931,0.0,-90.0,-89.997,40.0,-89.987,0.079,0.003,-90.0,-89.9975,39.95161449733547,-89.73868698401228,0.13138550266461932,0.003,0.0,0.09471375666200044,-5.187567670845058,39.08136158474269,4.429857617569481,0.0,0.0,0.0005000000000023874,-0.027385502664529326,0.20631301598771756,0.02338550266461932,0.0,0.0481943,-0.034424500000000004,0.0137698,-0.5439071,-0.13769800000000001,0.0275396,-0.002149938949912,-0.028573382173024,0.0054962148961459996,0.004760073260172,-0.002138583638628,-0.00020695970696400003,0.05519963767997192,1.9187779998901533,0.24184899984902586,0.11140599963255227,0.0
pd,00:06:29.699,632,-90.0,-89.998,39.979,-89.945,0.108,0.003,0.0,0.0,0.0,0.0,0.0,0.0,-90.0,-89.997,40.0,-89.987,0.079,0.003,-90.0,-89.9975,39.9895,-89.966,0.0935,0.003,0.0,0.10503616147500819,2.2057593909647233,-4.411518781929447,-3.046048682760693,0.0,0.0,0.0005000000000023874,0.010500000000000398,-0.021000000000000796,-0.014499999999999999,0.0,0.0481943,-0.034424500000000004,0.0137698,-0.5439071,-0.13769800000000001,0.0275396,-0.002149938949912,-0.028573382173024,0.0054962148961459996,0.004760073260172,-0.002138583638628,-0.00020695970696400003,0.05519963767997192,3.1947100001161743,0.27481200004331185,0.1356099996883131,0.0
pd,00:06:29.703,633,-90.0,-89.998,39.979,-89.945,0.108,0.003,0.0,0.0,0.0,0.0,0.0,0.0,-90.0,-89.997,40.0,-89.987,0.079,0.003,-90.0,-89.9975,39.9895,-89.966,0.0935,0.003,0.0,0.06716044322071395,1.410369307628312,-2.820738615256624,-1.9476528533914044,0.0,0.0,0.0005000000000023874,0.010500000000000398,-0.021000000000000796,-0.014499999999999999,0.0,-0.0206547,0.034424500000000004,-0.0137698,-0.3580148,-0.26162620000000003,0.0275396,-0.0020632478632219998,-0.029076190475826,0.007160683760593999,0.0057086385837570005,-0.000707112332127,0.00010347985348200002,0.05519963767997192,3.7246299998514587,0.7638070001121378,0.4214030000184721,0.0
pd,00:06:29.708,634,-90.0,-89.998,39.979,-89.945,0.108,0.003,0.0,0.0,0.0,0.0,0.0,0.0,-90.0,-89.997,40.0,-89.987,0.079,0.003,-90.0,-89.9975,39.9895,-89.966,0.0935,0.003,0.0,0.04916198602864676,1.0324017065966915,-2.064803413193383,-1.4256975948239485,0.0,0.0,0.0005000000000023874,0.010500000000000398,-0.021000000000000796,-0.014499999999999999,0.0,-0.0206547,0.034424500000000004,-0.0137698,-0.3580148,-0.26162620000000003,0.0275396,-0.0020632478632219998,-0.029076190475826,0.007160683760593999,0.0057086385837570005,-0.000707112332127,0.00010347985348200002,0.05519963767997192,1.9569619998947019,0.27670100007526344,0.12618399978236994,0.0
pd,00:06:29.710,635,-90.0,-89.998,39.979,-89.945,0.108,0.003,0.0,0.0,0.0,0.0,0.0,0.0,-90.0,-89.997,40.0,-89.987,0.079,0.003,-90.0,-89.9975,39.9895,-89.966,0.0935,0.003,0.0,0.10066007487808455,2.1138615724297622,-4.2277231448595245,-2.9191421714505132,0.0,0.0,0.0005000000000023874,0.010500000000000398,-0.021000000000000796,-0.014499999999999999,0.0,-0.0206547,0.034424500000000004,-0.0137698,-0.3580148,-0.26162620000000003,0.0275396,-0.0020632478632219998,-0.029076190475826,0.007160683760593999,0.0057086385837570005,-0.000707112332127,0.00010347985348200002,0.05519963767997192,1.8005010001616029,0.18192400011685095,0.07557400022051297,0.0
pd,00:06:29.713,636,-90.0,-89.998,39.979,-89.945,0.108,0.003,0.0,0.0,0.0,0.0,0.0,0.0,-90.0,-89.997,40.0,-89.987,0.079,0.003,-90.0,-89.9975,39.9895,-89.966,0.0935,0.003,0.0,0.1171331546028828,2.459796246648887,-4.919592493297774,-3.396861483467381,0.0,0.0,0.0005000000000023874,0.010500000000000398,-0.021000000000000796,-0.014499999999999999,0.0,-0.0206547,0.034424500000000004,-0.0137698,-0.3580148,-0.26162620000000003,0.0275396,-0.0020632478632219998,-0.029076190475826,0.007160683760593999,0.0057086385837570005,-0.000707112332127,0.00010347985348200002,0.05519963767997192,1.801927000087744,0.16916499998842482,0.07503599999836297,0.0
pd,00:06:29.715,637,-90.0,-89.998,39.979,-89.945,0.108,0.003,0.0,0.0,0.0,0.0,0.0,0.0,-90.0,-89.997,40.0,-89.987,0.079,0.003,-90.0,-89.9975,39.9895,-89.966,0.0935,0.003,0.0,0.11798987284854358,2.477787329807678,-4.955574659615356,-3.4217063125914255,0.0,0.0,0.0005000000000023874,0.010500000000000398,-0.021000000000000796,-0.014499999999999999,0.0,-0.0206547,0.034424500000000004,-0.0137698,-0.3580148,-0.26162620000000003,0.0275396,-0.0020632478632219998,-0.029076190475826,0.007160683760593999,0.0057086385837570005,-0.000707112332127,0.00010347985348200002,0.05519963767997192,1.7142609999609704,0.15035099977467326,0.1019619999169663,0.0
pd,00:06:29.717,638,-90.0,-89.998,39.979,-89.955,0.105,0.003,0.0,0.0,0.0,-4.902751607249732,-1.4708254821741684,0.0,-90.0,-89.997,40.0,-89.987,0.079,0.003,-90.0,-89.9975,39.9895,-89.48072483927503,0.2390825482174168,0.003,0.0,0.12256879018176585,2.57394459380489,116.26266532609031,32.86867143883719,0.0,0.0,0.0005000000000023874,0.010500000000000398,0.47427516072497156,0.13408254821741683,0.0,-0.0206547,0.034424500000000004,-0.0137698,-0.3580148,-0.26162620000000003,0.0275396,-0.0020632478632219998,-0.029076190475826,0.007160683760593999,0.0057086385837570005,-0.000707112332127,0.00010347985348200002,0.046281745861622564,1.9859429999087297,0.19077600018135854,0.09199900023304508,0.0
pd,00:06:29.719,639,-90.0,-89.998,39.979,-89.955,0.105,0.003,0.0,0.0,0.0,0.0,0.0,0.0,-90.0,-89.997,40.0,-89.987,0.079,0.003,-90.0,-89.9975,39.9895,-89.971,0.092,0.003,0.0,0.10621717990326243,2.2305607779579453,-3.398949756887794,-2.7616466774716364,0.0,0.0,0.0005000000000023874,0.010500000000000398,-0.016000000000005343,-0.012999999999999998,0.0,-0.0206547,0.034424500000000004,-0.0137698,-0.3580148,-0.26162620000000003,0.0275396,-0.0020632478632219998,-0.029076190475826,0.007160683760593999,0.0057086385837570005,-0.000707112332127,0.00010347985348200002,0.046281745861622564,1.7632789999879606,0.16529499998796382,0.07399900005111704,0.0
pd,00:06:29.721,640,-90.0,-89.998,39.979,-89.955,0.105,0.003,0.0,0.0,0.0,0.0,0.0,0.0,-90.0,-89.997,40.0,-89.987,0.079,0.003,-90.0,-89.9975,39.9895,-89.971,0.092,0.003,0.0,0.12038760045981708,2.528139609644183,-3.8524032146953275,-3.130077611940298,0.0,0.0,0.0005000000000023874,0.010500000000000398,-0.016000000000005343,-0.012999999999999998,0.0,-0.0206547,0.034424500000000004,-0.0137698,-0.3580148,-0.26162620000000003,0.0275396,-0.0020632478632219998,-0.029076190475826,0.007160683760593999,0.0057086385837570005,-0.000707112332127,0.00010347985348200002,0.046281745861622564,1.7354460001115513,0.17536799987283302,0.15790600036780233,0.0
pd,00:06:29.724,641,-90.0,-89.998,39.979,-89.955,0.105,0.003,0.0,0.0,0.0,0.0,0.0,0.0,-90.0,-89.997,40.0,-89.987,0.079,0.003,-90.0,-89.9975,39.9895,-89.971,0.092,0.003,0.0,0.07447801690496532,1.564038354996863,-2.383296540947248,-1.9364284395198519,0.0,0.0,0.0005000000000023874,0.010500000000000398,-0.016000000000005343,-0.012999999999999998,0.0,0.0,0.0619641,-0.0068849,-0.2409715,-0.2134319,0.0206547,-0.0020632478632219998,-0.029197557997191998,0.00771550671541,0.005656898657016,-0.001138278388302,0.00020695970696400003,0.046281745861622564,3.6372980002852273,0.3017750000253727,0.2244049996988906,0.0
pd,00:06:29.729,642,-90.0,-89.998,39.979,-89.955,0.105,0.003,0.0,0.0,0.0,0.0,0.0,0.0,-90.0,-89.997,40.0,-89.987,0.079,0.003,-90.0,-89.9975,39.9895,-89.971,0.092,0.003,0.0,0.05756030081819217,1.2087663171763097,-1.8419296261731517,-1.4965678212658504,0.0,0.0,0.0005000000000023874,0.010500000000000398,-0.016000000000005343,-0.012999999999999998,0.0,0.0,0.0619641,-0.0068849,-0.2409715,-0.2134319,0.0206547,-0.0020632478632219998,-0.029197557997191998,0.00771550671541,0.005656898657016,-0.001138278388302,0.00020695970696400003,0.046281745861622564,1.9509990002006816,0.2757199999905424,0.35858899991580984,0.0
pd,00:06:29.732,643,-90.0,-89.998,39.979,-89.955,0.105,0.003,0.0,0.0,0.0,0.0,0.0,0.0,-90.0,-89.997,40.0,-89.987,0.079,0.003,-90.0,-89.9975,39.9895,-89.971,0.092,0.003,0.0,0.0920045626046334,1.932095814688149,-2.9441460033338864,-2.3921186277090456,0.0,0.0,0.0005000000000023874,0.010500000000000398,-0.016000000000005343,-0.012999999999999998,0.0,0.0,0.0619641,-0.0068849,-0.2409715,-0.2134319,0.0206547,-0.0020632478632219998,-0.029197557997191998,0.00771550671541,0.005656898657016,-0.001138278388302,0.00020695970696400003,0.046281745861622564,1.849777999723301,0.2106829997501336,0.07825799957572599,0.0
pd,00:06:29.734,644,-90.0,-89.998,39.979,-89.955,0.105,0.003,0.0,0.0,0.0,0.0,0.0,0.0,-90.0,-89.997,40.0,-89.987,0.079,0.003,-90.0,-89.9975,39.9895,-89.971,0.092,0.003,0.0,0.11270163370647107,2.3667343078246814,-3.606452278589457,-2.930242476354256,0.0,0.0,0.0005000000000023874,0.010500000000000398,-0.016000000000005343,-0.012999999999999998,0.0,0.0,0.0619641,-0.0068849,-0.2409715,-0.2134319,0.0206547,-0.0020632478632219998,-0.029197557997191998,0.00771550671541,0.005656898657016,-0.001138278388302,0.00020695970696400003,0.046281745861622564,1.7431680003028305,0.19198000018150196,0.089943000148196,0.0
pd,00:06:29.736,645,-90.0,-89.998,39.979,-89.964,0.1,0.003,0.0,0.0,0.0,-4.262022806819626,-2.3677904482330314,0.0,-90.0,-89.997,40.0,-89.987,0.079,0.003,-90.0,-89.9975,39.9895,-89.54929771931803,0.32627904482330317,0.003,0.0,0.11838952241221709,2.4861799706447822,98.19280990592112,53.57813609679122,0.0,0.0,0.0005000000000023874,0.010500000000000398,0.4147022806819649,0.22627904482330316,0.0,0.0,0.0619641,-0.0068849,-0.2409715,-0.2134319,0.0206547,-0.0020632478632219998,-0.029197557997191998,0.00771550671541,0.005656898657016,-0.001138278388302,0.00020695970696400003,0.03757658845611008,1.7766500000107044,0.15166499997576466,0.06709199988108594,0.0
pd,00:06:29.738,646,-90.0,-89.998,39.979,-89.964,0.1,0.003,0.0,0.0,0.0,0.0,0.0,0.0,-90.0,-89.997,40.0,-89.987,0.079,0.003,-90.0,-89.9975,39.9895,-89.9755,0.0895,0.003,0.0,0.12102677747056866,2.5415623268699026,-2.78361588180932,-2.5415623268698067,0.0,0.0,0.0005000000000023874,0.010500000000000398,-0.011499999999998067,-0.01050000000000001,0.0,0.0,0.0619641,-0.0068849,-0.2409715,-0.2134319,0.0206547,-0.0020632478632219998,-0.029197557997191998,0.00771550671541,0.005656898657016,-0.001138278388302,0.00020695970696400003,0.03757658845611008,1.716926999961288,0.13751699998465483,0.059962999785057036,0.0
pd,00:06:29.740,647,-90.0,-89.998,39.979,-89.964,0.1,0.003,0.0,0.0,0.0,0.0,0.0,0.0,-90.0,-89.997,40.0,-89.987,0.079,0.003,-90.0,-89.9975,39.9895,-89.9755,0.0895,0.003,0.0,0.1263953712638629,2.654302796528548,-2.9070935390544776,-2.654302796528448,0.0,0.0,0.0005000000000023874,0.010500000000000398,-0.011499999999998067,-0.01050000000000001,0.0,0.0,0.0619641,-0.0068849,-0.2409715,-0.2134319,0.0206547,-0.0020632478632219998,-0.029197557997191998,0.00771550671541,0.005656898657016,-0.001138278388302,0.00020695970696400003,0.03757658845611008,1.718778999929782,0.14946200008125743,0.06751799992343877,0.0
pd,00:06:29.742,648,-90.0,-89.998,39.979,-89.964,0.1,0.003,0.0,0.0,0.0,0.0,0.0,0.0,-90.0,-89.997,40.0,-89.987,0.079,0.003,-90.0,-89.9975,39.9895,-89.9755,0.0895,0.003,0.0,0.12475621653837082,2.619880547293377,-2.869392980368346,-2.6198805472932785,0.0,0.0,0.0005000000000023874,0.010500000000000398,-0.011499999999998067,-0.01050000000000001,0.0,0.0,-0.0481943,0.034424500000000004,-0.1652376,-0.2134319,-0.0068849,-0.0020632478632219998,-0.028902808302445997,0.009379975579857999,0.006191544566673,-0.001190018315043,0.00020695970696400003,0.03757658845611008,3.105969999978697,0.5610690000139584,0.11825899991890765,0.0
pd,00:06:29.746,649,-90.0,-89.998,39.979,-89.964,0.1,0.003,0.0,0.0,0.0,0.0,0.0,0.0,-90.0,-89.997,40.0,-89.987,0.079,0.003,-90.0,-89.9975,39.9895,-89.9755,0.0895,0.003,0.0,0.06316722891596427,1.326511807228966,-1.4528462650599967,-1.326511807228916,0.0,0.0,0.0005000000000023874,0.010500000000000398,-0.011499999999998067,-0.01050000000000001,0.0,0.0,-0.0481943,0.034424500000000004,-0.1652376,-0.2134319,-0.0068849,-0.002236630036602,-0.028902808302445997,0.009379975579857999,0.006191544566673,-0.001190018315043,0.00020695970696400003,0.03757658845611008,2.9964519999339245,0.24647899999763467,0.12440599994079093,0.0
pd,00:06:29.749,650,-90.0,-89.998,39.979,-89.964,0.1,0.003,0.0,0.0,0.0,0.0,0.0,0.0,-90.0,-89.997,40.0,-89.987,0.079,0.003,-90.0,-89.9975,39.9895,-89.9755,0.0895,0.003,0.0,0.07199285959526308,1.5118500514933633,-1.6558357706828661,-1.5118500514933062,0.0,0.0,0.0005000000000023874,0.010500000000000398,-0.011499999999998067,-0.01050000000000001,0.0,0.0,-0.0481943,0.034424500000000004,-0.1652376,-0.2134319,-0.0068849,-0.002236630036602,-0.028902808302445997,0.009379975579857999,0.006191544566673,-0.001190018315043,0.00020695970696400003,0.03757658845611008,1.7641310000726662,0.18490599995857337,0.08588799983044737,0.0
pd,00:06:29.752,651,-90.0,-89.998,39.979,-89.964,0.1,0.003,0.0,0.0,0.0,0.0,0.0,0.0,-90.0,-89.997,40.0,-89.987,0.079,0.003,-90.0,-89.9975,39.9895,-89.9755,0.0895,0.003,0.0,0.09258131732341575,1.9442076637825212,-2.129370298428037,-1.944207663782448,0.0,0.0,0.0005000000000023874,0.010500000000000398,-0.011499999999998067,-0.01050000000000001,0.0,0.0,-0.0481943,0.034424500000000004,-0.1652376,-0.2134319,-0.0068849,-0.002236630036602,-0.028902808302445997,0.009379975579857999,0.006191544566673,-0.001190018315043,0.00020695970696400003,0.03757658845611008,1.9493330000841524,0.22877500032336684,0.0893320002433029,0.0
pd,00:06:29.754,652,-90.0,-89.998,39.979,-89.964,0.1,0.003,0.0,0.0,0.0,0.0,0.0,0.0,-90.0,-89.997,40.0,-89.987,0.079,0.003,-90.0,-89.9975,39.9895,-89.9755,0.0895,0.003,0.0,0.10561804996021422,2.217979049153992,-2.42921514907292,-2.2179790491539086,0.0,0.0,0.0005000000000023874,0.010500000000000398,-0.011499999999998067,-0.01050000000000001,0.0,0.0,-0.0481943,0.034424500000000004,-0.1652376,-0.2134319,-0.0068849,-0.002236630036602,-0.028902808302445997,0.009379975579857999,0.006191544566673,-0.001190018315043,0.00020695970696400003,0.03757658845611008,1.6853540000738576,0.16207299995585345,0.07174099982876214,0.0
pd,00:06:29.756,653,-90.0,-89.998,39.98,-89.969,0.095,0.003,0.0,0.0,0.5021314497773525,-2.51065724889033,-2.5106572488926155,0.0,-90.0,-89.997,40.0,-89.987,0.079,0.003,-90.0,-89.9975,39.93978685502226,-89.72693427511096,0.33806572488926157,0.003,0.0,0.12553286244523007,-10.096142393911666,60.774406690109494,61.02547241505622,0.0,0.0,0.0005000000000023874,-0.040213144977734316,0.24206572488903078,0.24306572488926156,0.0,0.0,-0.0481943,0.034424500000000004,-0.1652376,-0.2134319,-0.0068849,-0.002236630036602,-0.028902808302445997,0.009379975579857999,0.006191544566673,-0.001190018315043,0.00020695970696400003,0.031320919526734194,1.9010559999514953,0.23972000008143368,0.11831400024675531,0.0
pd,00:06:29.759,654,-90.0,-89.998,39.98,-89.969,0.095,0.003,0.0,0.0,0.0,0.0,0.0,0.0,-90.0,-89.997,40.0,-89.987,0.079,0.003,-90.0,-89.9975,39.989999999999995,-89.978,0.087,0.003,0.0,0.10593816932764263,2.1187633865430673,-1.9068870478885345,-1.6950107092341888,0.0,0.0,0.0005000000000023874,0.00999999999999801,-0.009000000000000341,-0.008000000000000007,0.0,0.0,-0.0481943,0.034424500000000004,-0.1652376,-0.2134319,-0.0068849,-0.002236630036602,-0.028902808302445997,0.009379975579857999,0.006191544566673,-0.001190018315043,0.00020695970696400003,0.031320919526734194,2.209089000189124,0.23671999997532112,0.11653599995042896,0.0
pd,00:06:29.761,655,-90.0,-89.998,39.98,-89.969,0.095,0.003,0.0,0.0,0.0,0.0,0.0,0.0,-90.0,-89.997,40.0,-89.987,0.079,0.003,-90.0,-89.9975,39.989999999999995,-89.978,0.087,0.003,0.0,0.09385750089554304,1.877150017902191,-1.689435016111772,-1.5017200143215181,0.0,0.0,0.0005000000000023874,0.00999999999999801,-0.009000000000000341,-0.008000000000000007,0.0,0.0,-0.0481943,0.034424500000000004,-0.1652376,-0.2134319,-0.0068849,-0.002236630036602,-0.028902808302445997,0.009379975579857999,0.006191544566673,-0.001190018315043,0.00020695970696400003,0.031320919526734194,1.7883900000015274,0.17038699979821104,0.08807300037005916,0.0
pd,00:06:29.764,656,-90.0,-89.998,39.98,-89.969,0.095,0.003,0.0,0.0,0.0,0.0,0.0,0.0,-90.0,-89.997,40.0,-89.987,0.079,0.003,-90.0,-89.9975,39.989999999999995,-89.978,0.087,0.003,0.0,0.11726414672388803,2.345282934466929,-2.110754641019986,-1.87622634757325,0.0,0.0,0.0005000000000023874,0.00999999999999801,-0.009000000000000341,-0.008000000000000007,0.0,0.034424500000000004,0.034424500000000004,-0.0,-0.1170433,-0.14458290000000001,-0.0,-0.0026007326007,-0.028833455433094,0.009640048839928,0.006260531135661,-0.0027767094017670003,-6.8986568988e-05,0.031320919526734194,4.378920999897673,0.532216999999946,0.16744300000937073,0.0
pd,00:06:29.769,657,-90.0,-89.998,39.98,-89.969,0.095,0.003,0.0,0.0,0.0,0.0,0.0,0.0,-90.0,-89.997,40.0,-89.987,0.079,0.003,-90.0,-89.9975,39.989999999999995,-89.978,0.087,0.003,0.0,0.04787143900680272,0.9574287801316325,-0.8616859021183672,-0.7659430241051863,0.0,0.0,0.0005000000000023874,0.00999999999999801,-0.009000000000000341,-0.008000000000000007,0.0,0.034424500000000004,0.034424500000000004,-0.0,-0.1170433,-0.14458290000000001,-0.0,-0.0026007326007,-0.028833455433094,0.009640048839928,0.006260531135661,-0.0027767094017670003,-6.8986568988e-05,0.031320919526734194,1.7538160000185599,0.19044200007556356,0.06798100002924912,0.0
pd,00:06:29.771,658,-90.0,-89.998,39.98,-89.969,0.095,0.003,0.0,0.0,0.0,0.0,0.0,0.0,-90.0,-89.997,40.0,-89.987,0.079,0.003,-90.0,-89.9975,39.989999999999995,-89.978,0.087,0.003,0.0,0.11980987202982253,2.3961974405853836,-2.15657769652659,-1.9169579524680074,0.0,0.0,0.0005000000000023874,0.00999999999999801,-0.009000000000000341,-0.008000000000000007,0.0,0.034424500000000004,0.034424500000000004,-0.0,-0.1170433,-0.14458290000000001,-0.0,-0.0026007326007,-0.028833455433094,0.009640048839928,0.006260531135661,-0.0027767094017670003,-6.8986568988e-05,0.031320919526734194,1.6724649999559915,0.1710729998194438,0.06659200016656541,0.0
pd,00:06:29.773,659,-90.0,-89.998,39.98,-89.969,0.095,0.003,0.0,0.0,0.0,0.0,0.0,0.0,-90.0,-89.997,40.0,-89.987,0.079,0.003,-90.0,-89.9975,39.989999999999995,-89.978,0.087,0.003,0.0,0.12618243080686004,2.523648616125545,-2.2712837545127216,-2.0189188929001203,0.0,0.0,0.0005000000000023874,0.00999999999999801,-0.009000000000000341,-0.008000000000000007,0.0,0.034424500000000004,0.034424500000000004,-0.0,-0.1170433,-0.14458290000000001,-0.0,-0.0026007326007,-0.028833455433094,0.009640048839928,0.006260531135661,-0.0027767094017670003,-6.8986568988e-05,0.031320919526734194,1.7767979998097871,0.16762800032665837,0.07514700018873555,0.0
pd,00:06:29.775,660,-90.0,-89.998,39.98,-89.969,0.095,0.003,0.0,0.0,0.0,0.0,0.0,0.0,-90.0,-89.997,40.0,-89.987,0.079,0.003,-90.0,-89.9975,39.989999999999995,-89.978,0.087,0.003,0.0,0.11941418972839161,2.388283794556802,-2.149455415100867,-1.910627035645143,0.0,0.0,0.0005000000000023874,0.00999999999999801,-0.009000000000000341,-0.008000000000000007,0.0,0.034424500000000004,0.034424500000000004,-0.0,-0.1170433,-0.14458290000000001,-0.0,-0.0026007326007,-0.028833455433094,0.009640048839928,0.006260531135661,-0.0027767094017670003,-6.8986568988e-05,0.031320919526734194,1.740704999974696,0.1682019997133466,0.07640699959665653,0.0
pd,00:06:29.778,661,-90.0,-89.998,39.98,-89.972,0.09,0.003,0.0,0.0,0.0,-1.148599908717524,-1.9143331811958026,0.0,-90.0,-89.997,40.0,-89.987,0.079,0.003,-90.0,-89.9975,39.989999999999995,-89.86464000912824,0.2759333181195803,0.003,0.0,0.09571665906024708,1.9143331811961002,20.552279285867343,35.5938320366147,0.0,0.0,0.0005000000000023874,0.00999999999999801,0.10735999087175685,0.18593331811958028,0.0,0.034424500000000004,0.034424500000000004,-0.0,-0.1170433,-0.14458290000000001,-0.0,-0.0026007326007,-0.028833455433094,0.009640048839928,0.006260531135661,-0.0027767094017670003,-6.8986568988e-05,0.02733130073743567,1.8667220001589158,0.22331299987854436,0.0894069999048952,0.0
pd,00:06:29.780,662,-90.0,-89.998,39.98,-89.972,0.09,0.003,0.0,0.0,0.0,0.0,0.0,0.0,-90.0,-89.997,40.0,-89.987,0.079,0.003,-90.0,-89.9975,39.989999999999995,-89.9795,0.08449999999999999,0.003,0.0,0.10955762198359699,2.19115243966182,-1.6433643297461704,-1.205133841813812,0.0,0.0,0.0005000000000023874,0.00999999999999801,-0.00750000000000739,-0.005500000000000005,0.0,0.034424500000000004,0.034424500000000004,-0.0,-0.1170433,-0.14458290000000001,-0.0,-0.0026007326007,-0.028833455433094,0.009640048839928,0.006260531135661,-0.0027767094017670003,-6.8986568988e-05,0.02733130073743567,1.8696860001909954,0.17360900028506876,0.09573999977874337,0.0
pd,00:06:29.782,663,-90.0,-89.998,39.98,-89.972,0.09,0.003,0.0,0.0,0.0,0.0,0.0,0.0,-90.0,-89.997,40.0,-89.987,0.079,0.003,-90.0,-89.9975,39.989999999999995,-89.9795,0.08449999999999999,0.003,0.0,0.11233940432879867,2.2467880865655965,-1.6850910649239979,-1.2357334476108846,0.0,0.0,0.0005000000000023874,0.00999999999999801,-0.00750000000000739,-0.005500000000000005,0.0,0.034424500000000004,0.034424500000000004,0.0413094,-0.1858923,0.0068849,0.0206547,-0.0026007326007,-0.028833455433094,0.009397313797196,0.00586385836398,-0.0017246642247000002,-0.000500152625163,0.02733130073743567,3.5582249997787585,0.5048279999755323,0.13227600038590026,0.0
pd,00:06:29.787,664,-90.0,-89.998,39.98,-89.972,0.09,0.003,0.0,0.0,0.0,0.0,0.0,0.0,-90.0,-89.997,40.0,-89.987,0.079,0.003,-90.0,-89.9975,39.989999999999995,-89.9795,0.08449999999999999,0.003,0.0,0.05577828607931309,1.1155657215811094,-0.8366742911857331,-0.6135611468695141,0.0,0.0,0.0005000000000023874,0.00999999999999801,-0.00750000000000739,-0.005500000000000005,0.0,0.0206547,-0.034424500000000004,0.0413094,-0.1858923,0.0068849,0.0206547,-0.0020285714285459997,-0.028902808302445997,0.009397313797196,0.00586385836398,-0.0017246642247000002,-0.000500152625163,0.02733130073743567,2.7934360000472225,0.20857200024693157,0.09587000022293068,0.0
pd,00:06:29.790,665,-90.0,-89.998,39.98,-89.972,0.09,0.003,0.0,0.0,0.0,0.0,0.0,0.0,-90.0,-89.997,40.0,-89.987,0.079,0.003,-90.0,-89.9975,39.989999999999995,-89.9795,0.08449999999999999,0.003,0.0,0.07853913564564503,1.570782712905646,-1.1780870346790948,-0.8639304920979699,0.0,0.0,0.0005000000000023874,0.00999999999999801,-0.00750000000000739,-0.005500000000000005,0.0,0.0206547,-0.034424500000000004,0.0413094,-0.1858923,0.0068849,0.0206547,-0.0020285714285459997,-0.028902808302445997,0.009397313797196,0.00586385836398,-0.0017246642247000002,-0.000500152625163,0.02733130073743567,1.8642969998836634,0.1638690000618226,0.07235099974423065,0.0
pd,00:06:29.792,666,-90.0,-89.998,39.98,-89.972,0.09,0.003,0.0,0.0,0.0,0.0,0.0,0.0,-90.0,-89.997,40.0,-89.987,0.079,0.003,-90.0,-89.9975,39.989999999999995,-89.9795,0.08449999999999999,0.003,0.0,0.11508901328119929,2.3017802656133552,-1.726335199209812,-1.265979146087147,0.0,0.0,0.0005000000000023874,0.00999999999999801,-0.00750000000000739,-0.005500000000000005,0.0,0.0206547,-0.034424500000000004,0.0413094,-0.1858923,0.0068849,0.0206547,-0.0020285714285459997,-0.028902808302445997,0.009397313797196,0.00586385836398,-0.0017246642247000002,-0.000500152625163,0.02733130073743567,2.016646999891236,0.20609000011972967,0.09720300022308948,0.0
pd,00:06:29.794,667,-90.0,-89.998,39.98,-89.972,0.09,0.003,0.0,0.0,0.0,0.0,0.0,0.0,-90.0,-89.997,40.0,-89.987,0.079,0.003,-90.0,-89.9975,39.989999999999995,-89.9795,0.08449999999999999,0.003,0.0,0.10378857765069849,2.0757715530043828,-1.5568286647531027,-1.1416743541522316,0.0,0.0,0.0005000000000023874,0.00999999999999801,-0.00750000000000739,-0.005500000000000005,0.0,0.0206547,-0.034424500000000004,0.0413094,-0.1858923,0.0068849,0.0206547,-0.0020285714285459997,-0.028902808302445997,0.009397313797196,0.00586385836398,-0.0017246642247000002,-0.000500152625163,0.02733130073743567,1.7162619997179718,0.16312800016748952,0.07520300005126046,0.0
pd,00:06:29.796,668,-90.0,-89.998,39.981,-89.975,0.087,0.003,0.0,0.0,0.4929835449012726,-1.478950634696812,-1.4789506346967574,0.0,-90.0,-89.997,40.0,-89.987,0.079,0.003,-90.0,-89.9975,39.94120164550987,-89.83310493653032,0.23089506346967573,0.003,0.0,0.12324588622531815,-9.80996693884357,34.97596569647019,35.46894924136782,0.0,0.0,0.0005000000000023874,-0.039798354490130805,0.14189506346967562,0.14389506346967573,0.0,0.0206547,-0.034424500000000004,0.0413094,-0.1858923,0.0068849,0.0206547,-0.0020285714285459997,-0.028902808302445997,0.009397313797196,0.00586385836398,-0.0017246642247000002,-0.000500152625163,0.02387467277262576,1.7564079998919624,0.1455719998375571,0.06585100027223234,0.0
pd,00:06:29.798,669,-90.0,-89.998,39.981,-89.975,0.087,0.003,0.0,0.0,0.0,0.0,0.0,0.0,-90.0,-89.997,40.0,-89.987,0.079,0.003,-90.0,-89.9975,39.9905,-89.981,0.08299999999999999,0.003,0.0,0.12278407494203826,2.3328974238873856,-1.4734088992974796,-0.982272599531615,0.0,0.0,0.0005000000000023874,0.009499999999995623,-0.006000000000000227,-0.0040000000000000036,0.0,0.0206547,-0.034424500000000004,0.0413094,-0.1858923,0.0068849,0.0206547,-0.0020285714285459997,-0.028902808302445997,0.009397313797196,0.00586385836398,-0.0017246642247000002,-0.000500152625163,0.02387467277262576,1.7423909998797171,0.1620539997020387,0.07848099994589575,0.0
pd,00:06:29.800,670,-90.0,-89.998,39.981,-89.975,0.087,0.003,0.0,0.0,0.0,0.0,0.0,0.0,-90.0,-89.997,40.0,-89.987,0.079,0.003,-90.0,-89.9975,39.9905,-89.981,0.08299999999999999,0.003,0.0,0.1214754402230082,2.308033364225935,-1.4577052826691934,-0.9718035217794245,0.0,0.0,0.0005000000000023874,0.009499999999995623,-0.006000000000000227,-0.0040000000000000036,0.0,0.0206547,-0.034424500000000004,0.0413094,-0.1858923,0.0068849,0.0206547,-0.0020285714285459997,-0.028902808302445997,0.009397313797196,0.00586385836398,-0.0017246642247000002,-0.000500152625163,0.02387467277262576,1.7488169996795477,0.13923899996370892,0.07046300015645102,0.0
pd,00:06:29.803,671,-90.0,-89.998,39.981,-89.975,0.087,0.003,0.0,0.0,0.0,0.0,0.0,0.0,-90.0,-89.997,40.0,-89.987,0.079,0.003,-90.0,-89.9975,39.9905,-89.981,0.08299999999999999,0.003,0.0,0.0961819849573479,1.8274577141807258,-1.1541838194827074,-0.7694558796551085,0.0,0.0,0.0005000000000023874,0.009499999999995623,-0.006000000000000227,-0.0040000000000000036,0.0,-0.034424500000000004,-0.0068849,0.034424500000000004,-0.1583527,-0.0137698,0.0068849,-0.002375335775306,-0.029457631257261998,0.009657387057266,0.0054326923078050005,-0.0025697496948030004,-0.000655372405386,0.02387467277262576,3.9435909998246643,0.8164360001501336,0.12270299976080423,0.0
pd,00:06:29.808,672,-90.0,-89.998,39.981,-89.975,0.087,0.003,0.0,0.0,0.0,0.0,0.0,0.0,-90.0,-89.997,40.0,-89.987,0.079,0.003,-90.0,-89.9975,39.9905,-89.981,0.08299999999999999,0.003,0.0,0.0500322549864017,0.9506128447370108,-0.6003870598339763,-0.4002580398893021,0.0,0.0,0.0005000000000023874,0.009499999999995623,-0.006000000000000227,-0.0040000000000000036,0.0,-0.034424500000000004,-0.0068849,0.034424500000000004,-0.1583527,-0.0137698,0.0068849,-0.002375335775306,-0.029457631257261998,0.009657387057266,0.0054326923078050005,-0.0025697496948030004,-0.000655372405386,0.02387467277262576,1.852944999882311,0.23560900035590748,0.1265359996978077,0.0
pd,00:06:29.810,673,-90.0,-89.998,39.981,-89.975,0.087,0.003,0.0,0.0,0.0,0.0,0.0,0.0,-90.0,-89.997,40.0,-89.987,0.079,0.003,-90.0,-89.9975,39.9905,-89.981,0.08299999999999999,0.003,0.0,0.10791149531800008,2.0503184110320336,-1.294937943809867,-0.8632919625398778,0.0,0.0,0.0005000000000023874,0.009499999999995623,-0.006000000000000227,-0.0040000000000000036,0.0,-0.034424500000000004,-0.0068849,0.034424500000000004,-0.1583527,-0.0137698,0.0068849,-0.002375335775306,-0.029457631257261998,0.009657387057266,0.0054326923078050005,-0.0025697496948030004,-0.000655372405386,0.02387467277262576,2.1247390000098676,0.2631269999255892,0.12133300015193527,0.0
pd,00:06:29.813,674,-90.0,-89.998,39.981,-89.975,0.087,0.003,0.0,0.0,0.0,0.0,0.0,0.0,-90.0,-89.997,40.0,-89.987,0.079,0.003,-90.0,-89.9975,39.9905,-89.981,0.08299999999999999,0.003,0.0,0.09547263953428087,1.8139801511425178,-1.1456716744059434,-0.7637811162705994,0.0,0.0,0.0005000000000023874,0.009499999999995623,-0.006000000000000227,-0.0040000000000000036,0.0,-0.034424500000000004,-0.0068849,0.034424500000000004,-0.1583527,-0.0137698,0.0068849,-0.002375335775306,-0.029457631257261998,0.009657387057266,0.0054326923078050005,-0.0025697496948030004,-0.000655372405386,0.02387467277262576,1.7530199997963791,0.16509100032635615,0.06935200008229003,0.0
pd,00:06:29.815,675,-90.0,-89.998,39.981,-89.975,0.087,0.003,0.0,0.0,0.0,0.0,0.0,0.0,-90.0,-89.997,40.0,-89.987,0.079,0.003,-90.0,-89.9975,39.9905,-89.981,0.08299999999999999,0.003,0.0,0.12134891794989085,2.305629441036717,-1.4561870153917922,-0.9707913435944906,0.0,0.0,0.0005000000000023874,0.009499999999995623,-0.006000000000000227,-0.0040000000000000036,0.0,-0.034424500000000004,-0.0068849,0.034424500000000004,-0.1583527,-0.0137698,0.0068849,-0.002375335775306,-0.029457631257261998,0.009657387057266,0.0054326923078050005,-0.0025697496948030004,-0.000655372405386,0.02387467277262576,1.7539270002089324,0.16612800027360208,0.07881399960751878,0.0
pd,00:06:29.817,676,-90.0,-89.998,39.982,-89.978,0.086,0.003,0.0,0.0,0.4824366229572377,-1.4473098688751411,-0.48243662295836254,0.0,-90.0,-89.997,40.0,-89.987,0.079,0.003,-90.0,-89.9975,39.942756337704274,-89.83776901311248,0.13074366229583625,0.003,0.0,0.12060915574016641,-9.466289955233608,33.826281874065295,10.792990668396321,0.0,0.0,0.0005000000000023874,-0.039243662295724846,0.14023098688751645,0.04474366229583626,0.0,-0.034424500000000004,-0.0068849,0.034424500000000004,-0.1583527,-0.0137698,0.0068849,-0.002375335775306,-0.029457631257261998,0.009657387057266,0.0054326923078050005,-0.0025697496948030004,-0.000655372405386,0.021330729007702484,1.9880730001204938,0.19664699993882095,0.09196200016958755,0.0
pd,00:06:29.819,677,-90.0,-89.998,39.982,-89.978,0.086,0.003,0.0,0.0,0.0,0.0,0.0,0.0,-90.0,-89.997,40.0,-89.987,0.079,0.003,-90.0,-89.9975,39.991,-89.98249999999999,0.08249999999999999,0.003,0.0,0.10582056716167189,1.9047702089010712,-0.9523851044505356,-0.7407439701281655,0.0,0.0,0.0005000000000023874,0.009000000000000341,-0.004499999999993065,-0.003500000000000003,0.0,-0.034424500000000004,-0.0068849,0.034424500000000004,-0.1583527,-0.0137698,0.0068849,-0.002375335775306,-0.029457631257261998,0.009657387057266,0.0054326923078050005,-0.0025697496948030004,-0.000655372405386,0.021330729007702484,1.800982000077056,0.1650350000090839,0.07527699972342816,0.0
pd,00:06:29.822,678,-90.0,-89.998,39.982,-89.978,0.086,0.003,0.0,0.0,0.0,0.0,0.0,0.0,-90.0,-89.997,40.0,-89.987,0.079,0.003,-90.0,-89.9975,39.991,-89.98249999999999,0.08249999999999999,0.003,0.0,0.11832272624746183,2.1298090724442242,-1.0649045362221121,-0.8282590837282772,0.0,0.0,0.0005000000000023874,0.009000000000000341,-0.004499999999993065,-0.003500000000000003,0.0,-0.034424500000000004,-0.0068849,0.034424500000000004,-0.1583527,-0.0137698,0.0068849,-0.002375335775306,-0.029457631257261998,0.009657387057266,0.0054326923078050005,-0.0025697496948030004,-0.000655372405386,0.021330729007702484,1.7229459999725805,0.3477189998193353,0.9149170000455342,0.0
pd,00:06:29.825,679,-90.0,-89.998,39.982,-89.978,0.086,0.003,0.0,0.0,0.0,0.0,0.0,0.0,-90.0,-89.997,40.0,-89.987,0.079,0.003,-90.0,-89.9975,39.991,-89.98249999999999,0.08249999999999999,0.003,0.0,0.07591225657026039,1.3664206182582144,-0.6832103091291072,-0.5313857959892849,0.0,0.0,0.0005000000000023874,0.009000000000000341,-0.004499999999993065,-0.003500000000000003,0.0,0.0137698,0.0413094,0.06884900000000001,-0.2340866,-0.0206547,0.0481943,-0.001803174603152,-0.028573382173024,0.010506959706828,0.005139499389606001,-0.001310744810772,6.8986568988e-05,0.021330729007702484,3.3497079998596746,0.23101699980543344,0.09555399992677849,0.0
pd,00:06:29.829,680,-90.0,-89.998,39.982,-89.978,0.086,0.003,0.0,0.0,0.0,0.0,0.0,0.0,-90.0,-89.997,40.0,-89.987,0.079,0.003,-90.0,-89.9975,39.991,-89.98249999999999,0.08249999999999999,0.003,0.0,0.06578268506932289,1.184088331242203,-0.5920441656211015,-0.460478795483061,0.0,0.0,0.0005000000000023874,0.009000000000000341,-0.004499999999993065,-0.003500000000000003,0.0,0.0137698,0.0413094,0.06884900000000001,-0.2340866,-0.0206547,0.0481943,-0.001803174603152,-0.028573382173024,0.010506959706828,0.005139499389606001,-0.001310744810772,6.8986568988e-05,0.021330729007702484,1.7598710001038853,0.1480360001551162,0.06077799980630516,0.0
pd,00:06:29.831,681,-90.0,-89.998,39.982,-89.978,0.086,0.003,0.0,0.0,0.0,0.0,0.0,0.0,-90.0,-89.997,40.0,-89.987,0.079,0.003,-90.0,-89.9975,39.991,-89.98249999999999,0.08249999999999999,0.003,0.0,0.09669642198496928,1.740535595721202,-0.870267797860601,-0.6768749538915522,0.0,0.0,0.0005000000000023874,0.009000000000000341,-0.004499999999993065,-0.003500000000000003,0.0,0.0137698,0.0413094,0.06884900000000001,-0.2340866,-0.0206547,0.0481943,-0.001803174603152,-0.028573382173024,0.010506959706828,0.005139499389606001,-0.001310744810772,6.8986568988e-05,0.021330729007702484,1.9442409998191579,0.23172000010163174,0.09688800037110923,0.0
pd,00:06:29.834,682,-90.0,-89.998,39.982,-89.978,0.086,0.003,0.0,0.0,0.0,0.0,0.0,0.0,-90.0,-89.997,40.0,-89.987,0.079,0.003,-90.0,-89.9975,39.991,-89.98249999999999,0.08249999999999999,0.003,0.0,0.10516257145772809,1.892926286230139,-0.9464631431150695,-0.7361380002005808,0.0,0.0,0.0005000000000023874,0.009000000000000341,-0.004499999999993065,-0.003500000000000003,0.0,0.0137698,0.0413094,0.06884900000000001,-0.2340866,-0.0206547,0.0481943,-0.001803174603152,-0.028573382173024,0.010506959706828,0.005139499389606001,-0.001310744810772,6.8986568988e-05,0.021330729007702484,1.7335010002170748,0.14879499985909206,0.06127699998614844,0.0
pd,00:06:29.836,683,-90.0,-89.998,39.982,-89.978,0.086,0.003,0.0,0.0,0.0,0.0,0.0,0.0,-90.0,-89.997,40.0,-89.987,0.079,0.003,-90.0,-89.9975,39.991,-89.98249999999999,0.08249999999999999,0.003,0.0,0.12413590623949411,2.2344463123003098,-1.1172231561501549,-0.8689513436723088,0.0,0.0,0.0005000000000023874,0.009000000000000341,-0.004499999999993065,-0.003500000000000003,0.0,0.0137698,0.0413094,0.06884900000000001,-0.2340866,-0.0206547,0.0481943,-0.001803174603152,-0.028573382173024,0.010506959706828,0.005139499389606001,-0.001310744810772,6.8986568988e-05,0.021330729007702484,1.8267969999214984,0.23809100002836203,0.11409199987610918,0.0
pd,00:06:29.838,684,-90.0,-89.998,39.983,-89.981,0.086,0.003,0.0,0.0,0.4380016708427553,-1.314005012531378,0.0,0.0,-90.0,-89.997,40.0,-89.987,0.079,0.003,-90.0,-89.9975,39.947699832915724,-89.85259949874686,0.08249999999999999,0.003,0.0,0.10950041771146687,-7.7307660819882456,28.11981704302634,-0.7665029239766074,0.0,0.0,0.0005000000000023874,-0.03530016708427297,0.1284005012531395,-0.003500000000000003,0.0,0.0137698,0.0413094,0.06884900000000001,-0.2340866,-0.0206547,0.0481943,-0.001803174603152,-0.028573382173024,0.010506959706828,0.005139499389606001,-0.001310744810772,6.8986568988e-05,0.019364916731040044,2.08120199977202,0.23471999975299696,0.11412899993956671,0.0
pd,00:06:29.840,685,-90.0,-89.998,39.983,-89.981,0.086,0.003,0.0,0.0,0.0,0.0,0.0,0.0,-90.0,-89.997,40.0,-89.987,0.079,0.003,-90.0,-89.9975,39.9915,-89.984,0.08249999999999999,0.003,0.0,0.09881040331747143,1.6797768563892912,-0.5928624199020202,-0.6916728232189966,0.0,0.0,0.0005000000000023874,0.008500000000005059,-0.0030000000000001137,-0.003500000000000003,0.0,0.0137698,0.0413094,0.06884900000000001,-0.2340866,-0.0206547,0.0481943,-0.001803174603152,-0.028573382173024,0.010506959706828,0.005139499389606001,-0.001310744810772,6.8986568988e-05,0.019364916731040044,1.8049089999294665,0.31016399998406996,0.18551700031821383,0.0
pd,00:06:29.843,686,-90.0,-89.998,39.983,-89.981,0.086,0.003,0.0,0.0,0.0,0.0,0.0,0.0,-90.0,-89.997,40.0,-89.987,0.079,0.003,-90.0,-89.9975,39.9915,-89.984,0.08249999999999999,0.003,0.0,0.10143910225452324,1.7244647383189666,-0.6086346135242564,-0.7100737157782715,0.0,0.0,0.0005000000000023874,0.008500000000005059,-0.0030000000000001137,-0.003500000000000003,0.0,-0.0068849,0.0068849,0.2272017,-0.4544034,-0.0,-0.0068849,-0.002375335775306,-0.02912820512784,0.009986813186687999,0.004622100122196,-0.001621184371218,0.000379426129434,0.019364916731040044,3.8059630001043843,0.2804230002766417,0.12227599972902681,0.0
pd,00:06:29.847,687,-90.0,-89.998,39.983,-89.981,0.086,0.003,0.0,0.0,0.0,0.0,0.0,0.0,-90.0,-89.997,40.0,-89.987,0.079,0.003,-90.0,-89.9975,39.9915,-89.984,0.08249999999999999,0.003,0.0,0.057977219949408756,0.9856127391354174,-0.3478633196948047,-0.405840539643923,0.0,0.0,0.0005000000000023874,0.008500000000005059,-0.0030000000000001137,-0.003500000000000003,0.0,-0.0068849,0.0068849,0.2272017,-0.4544034,-0.0,-0.0068849,-0.002375335775306,-0.02912820512784,0.009986813186687999,0.004622100122196,-0.001621184371218,0.000379426129434,0.019364916731040044,2.1018499996898754,0.1867199998741853,0.12868400017396198,0.0
pd,00:06:29.850,688,-90.0,-89.998,39.983,-89.981,0.086,0.003,0.0,0.0,0.0,0.0,0.0,0.0,-90.0,-89.997,40.0,-89.987,0.079,0.003,-90.0,-89.9975,39.9915,-89.984,0.08249999999999999,0.003,0.0,0.09743319085718331,1.656364244564501,-0.5845991451403306,-0.6820323359970258,0.0,0.0,0.0005000000000023874,0.008500000000005059,-0.0030000000000001137,-0.003500000000000003,0.0,-0.0068849,0.0068849,0.2272017,-0.4544034,-0.0,-0.0068849,-0.002375335775306,-0.02912820512784,0.009986813186687999,0.004622100122196,-0.001621184371218,0.000379426129434,0.019364916731040044,1.7354460001115513,0.17140599993581418,0.07494400006180513,0.0
pd,00:06:29.852,689,-90.0,-89.998,39.983,-89.981,0.086,0.003,0.0,0.0,0.0,0.0,0.0,0.0,-90.0,-89.997,40.0,-89.987,0.079,0.003,-90.0,-89.9975,39.9915,-89.984,0.08249999999999999,0.003,0.0,0.1217292779202469,2.069397724634683,-0.7303756675180216,-0.8521049454376587,0.0,0.0,0.0005000000000023874,0.008500000000005059,-0.0030000000000001137,-0.003500000000000003,0.0,-0.0068849,0.0068849,0.2272017,-0.4544034,-0.0,-0.0068849,-0.002375335775306,-0.02912820512784,0.009986813186687999,0.004622100122196,-0.001621184371218,0.000379426129434,0.019364916731040044,1.7860750003819703,0.1609979999557254,0.07318500001929351,0.0
pd,00:06:29.854,690,-90.0,-89.998,39.983,-89.981,0.086,0.003,0.0,0.0,0.0,0.0,0.0,0.0,-90.0,-89.997,40.0,-89.987,0.079,0.003,-90.0,-89.9975,39.9915,-89.984,0.08249999999999999,0.003,0.0,0.11938699760958747,2.029578959353656,-0.7163219856541316,-0.835708983263121,0.0,0.0,0.0005000000000023874,0.008500000000005059,-0.0030000000000001137,-0.003500000000000003,0.0,-0.0068849,0.0068849,0.2272017,-0.4544034,-0.0,-0.0068849,-0.002375335775306,-0.02912820512784,0.009986813186687999,0.004622100122196,-0.001621184371218,0.000379426129434,0.019364916731040044,1.7056870001397328,0.1431279997632373,0.059981000049447175,0.0
pd,00:06:29.857,691,-90.0,-89.998,39.984,-89.986,0.086,0.003,0.0,0.0,0.3934250070368659,-1.9671250351787386,0.0,0.0,-90.0,-89.997,40.0,-89.987,0.079,0.003,-90.0,-89.9975,39.952657499296315,-89.78978749648212,0.08249999999999999,0.003,0.0,0.09835625175921647,-6.16546177992117,38.59745278843693,-0.688493762311227,0.0,0.0,0.0005000000000023874,-0.03134250070368694,0.19621250351788433,-0.003500000000000003,0.0,-0.0068849,0.0068849,0.2272017,-0.4544034,-0.0,-0.0068849,-0.002375335775306,-0.02912820512784,0.009986813186687999,0.004622100122196,-0.001621184371218,0.000379426129434,0.017521415467933354,1.9727220001186652,0.22947899969949503,0.08711100008440553,0.0
pd,00:06:29.859,692,-90.0,-89.998,39.984,-89.986,0.086,0.003,0.0,0.0,0.0,0.0,0.0,0.0,-90.0,-89.997,40.0,-89.987,0.079,0.003,-90.0,-89.9975,39.992000000000004,-89.9865,0.08249999999999999,0.003,0.0,0.10449187842600964,1.6718700548079872,-0.10449187842452473,-0.7314431489785742,0.0,0.0,0.0005000000000023874,0.008000000000002672,-0.0005000000000023874,-0.003500000000000003,0.0,-0.0068849,0.0068849,0.2272017,-0.4544034,-0.0,-0.0068849,-0.002375335775306,-0.02912820512784,0.009986813186687999,0.004622100122196,-0.001621184371218,0.000379426129434,0.017521415467933354,1.756206000209204,0.1660349998928723,0.08681400004206807,0.0
pd,00:06:29.861,693,-90.0,-89.998,39.984,-89.986,0.086,0.003,0.0,0.0,0.0,0.0,0.0,0.0,-90.0,-89.997,40.0,-89.987,0.079,0.003,-90.0,-89.9975,39.992000000000004,-89.9865,0.08249999999999999,0.003,0.0,0.11918345078483823,1.9069352125480965,-0.11918345078314453,-0.8342841554898831,0.0,0.0,0.0005000000000023874,0.008000000000002672,-0.0005000000000023874,-0.003500000000000003,0.0,-0.0068849,0.0068849,0.2272017,-0.4544034,-0.0,-0.0068849,-0.002375335775306,-0.02912820512784,0.009986813186687999,0.004622100122196,-0.001621184371218,0.000379426129434,0.017521415467933354,2.290848000029655,0.26308999986213166,0.6531969997922715,0.0
pd,00:06:29.864,694,-90.0,-89.998,39.984,-89.986,0.086,0.003,0.0,0.0,0.0,0.0,0.0,0.0,-90.0,-89.997,40.0,-89.987,0.079,0.003,-90.0,-89.9975,39.992000000000004,-89.9865,0.08249999999999999,0.003,0.0,0.07446215026310231,1.1913944042038171,-0.07446215026204414,-0.5212350518392268,0.0,0.0,0.0005000000000023874,0.008000000000002672,-0.0005000000000023874,-0.003500000000000003,0.0,-0.0068849,0.0481943,0.2272017,-0.2960507,-0.0550792,0.0137698,-0.002375335775306,-0.028295970695616,0.00910256410245,0.004622100122196,-0.001414224664254,-3.4493284494e-05,0.017521415467933354,3.495261999887589,0.21727600005760905,0.1052949996847019,0.0
pd,00:06:29.868,695,-90.0,-89.998,39.984,-89.986,0.086,0.003,0.0,0.0,0.0,0.0,0.0,0.0,-90.0,-89.997,40.0,-89.987,0.079,0.003,-90.0,-89.9975,39.992000000000004,-89.9865,0.08249999999999999,0.003,0.0,0.061677313099523956,0.9868370095875626,-0.06167731309864747,-0.43174119169460573,0.0,0.0,0.0005000000000023874,0.008000000000002672,-0.0005000000000023874,-0.003500000000000003,0.0,-0.0068849,0.0481943,0.2272017,-0.2960507,-0.0550792,0.0137698,-0.002375335775306,-0.028295970695616,0.00910256410245,0.004622100122196,-0.001414224664254,-3.4493284494e-05,0.017521415467933354,2.048610000201734,0.19257299982200493,0.0911849997464742,0.0
pd,00:06:29.871,696,-90.0,-89.998,39.984,-89.986,0.086,0.003,0.0,0.0,0.0,0.0,0.0,0.0,-90.0,-89.997,40.0,-89.987,0.079,0.003,-90.0,-89.9975,39.992000000000004,-89.9865,0.08249999999999999,0.003,0.0,0.10347108742895271,1.655537398855156,-0.1034710874274823,-0.7242976119992098,0.0,0.0,0.0005000000000023874,0.008000000000002672,-0.0005000000000023874,-0.003500000000000003,0.0,-0.0068849,0.0481943,0.2272017,-0.2960507,-0.0550792,0.0137698,-0.002375335775306,-0.028295970695616,0.00910256410245,0.004622100122196,-0.001414224664254,-3.4493284494e-05,0.017521415467933354,1.712982999833912,0.20947900020473753,0.06914699997651041,0.0
pd,00:06:29.873,697,-90.0,-89.998,39.984,-89.986,0.086,0.003,0.0,0.0,0.0,0.0,0.0,0.0,-90.0,-89.997,40.0,-89.987,0.079,0.003,-90.0,-89.9975,39.992000000000004,-89.9865,0.08249999999999999,0.003,0.0,0.1208872492512113,1.9341959880099322,-0.12088724924949339,-0.8462107447544376,0.0,0.0,0.0005000000000023874,0.008000000000002672,-0.0005000000000023874,-0.003500000000000003,0.0,-0.0068849,0.0481943,0.2272017,-0.2960507,-0.0550792,0.0137698,-0.002375335775306,-0.028295970695616,0.00910256410245,0.004622100122196,-0.001414224664254,-3.4493284494e-05,0.017521415467933354,1.7721310000524682,0.17646200012677582,0.14157299983708072,0.0
pd,00:06:29.875,698,-90.0,-89.998,39.984,-89.986,0.086,0.003,0.0,0.0,0.0,0.0,0.0,0.0,-90.0,-89.997,40.0,-89.987,0.079,0.003,-90.0,-89.9975,39.992000000000004,-89.9865,0.08249999999999999,0.003,0.0,0.11529147883507496,1.8446636613521883,-0.11529147883343657,-0.8070403518416703,0.0,0.0,0.0005000000000023874,0.008000000000002672,-0.0005000000000023874,-0.003500000000000003,0.0,-0.0068849,0.0481943,0.2272017,-0.2960507,-0.0550792,0.0137698,-0.002375335775306,-0.028295970695616,0.00910256410245,0.004622100122196,-0.001414224664254,-3.4493284494e-05,0.017521415467933354,1.811372000247502,0.1785730000847252,0.07787000004100264,0.0
pd,00:06:29.877,699,-90.0,-89.998,39.987,-89.992,0.086,0.003,0.0,0.0,1.3957750415973906,-2.7915500831947813,0.0,0.0,-90.0,-89.997,40.0,-89.987,0.079,0.003,-90.0,-89.9975,39.85392249584026,-89.71034499168051,0.08249999999999999,0.003,0.0,0.11631458680033353,-30.957709817371835,65.52117182553748,-0.8142021075984461,0.0,0.0,0.0005000000000023874,-0.1330775041597434,0.28165500831948975,-0.003500000000000003,0.0,-0.0068849,0.0481943,0.2272017,-0.2960507,-0.0550792,0.0137698,-0.002375335775306,-0.028295970695616,0.00910256410245,0.004622100122196,-0.001414224664254,-3.4493284494e-05,0.015620499351815142,1.7234829997505585,0.13590599974122597,0.05859199973201612,0.0
pd,00:06:29.879,700,-90.0,-89.998,39.987,-89.992,0.086,0.003,0.0,0.0,0.0,0.0,0.0,0.0,-90.0,-89.997,40.0,-89.987,0.079,0.003,-90.0,-89.9975,39.9935,-89.98949999999999,0.08249999999999999,0.003,0.0,0.12355084246553633,1.6061609520440714,0.6177542123259259,-0.8648558972546238,0.0,0.0,0.0005000000000023874,0.006499999999995509,0.002500000000011937,-0.003500000000000003,0.0,-0.0068849,0.0481943,0.2272017,-0.2960507,-0.0550792,0.0137698,-0.002375335775306,-0.028295970695616,0.00910256410245,0.004622100122196,-0.001414224664254,-3.4493284494e-05,0.015620499351815142,1.999146999878576,0.24962699990283,0.12770200009981636,0.0
pd,00:06:29.882,701,-90.0,-89.998,39.987,-89.992,0.086,0.003,0.0,0.0,0.0,0.0,0.0,0.0,-90.0,-89.997,40.0,-89.987,0.079,0.003,-90.0,-89.9975,39.9935,-89.98949999999999,0.08249999999999999,0.003,0.0,0.08069072720315558,1.0489794536358625,0.40345363601463125,-0.5648350904193915,0.0,0.0,0.0005000000000023874,0.006499999999995509,0.002500000000011937,-0.003500000000000003,0.0,0.0068849,-0.0206547,0.1239282,-0.2203168,-0.0068849,-0.0206547,-0.002739438339404,-0.028382661782305998,0.009466666666548,0.004518620268714001,-0.003069902319966,0.000137973137976,0.015620499351815142,3.3261339999626216,0.3100899998571549,0.10992499983331072,0.0
pd,00:06:29.886,702,-90.0,-89.998,39.987,-89.992,0.086,0.003,0.0,0.0,0.0,0.0,0.0,0.0,-90.0,-89.997,40.0,-89.987,0.079,0.003,-90.0,-89.9975,39.9935,-89.98949999999999,0.08249999999999999,0.003,0.0,0.0648229475769663,0.8426983184964165,0.32411473788391026,-0.4537606330365969,0.0,0.0,0.0005000000000023874,0.006499999999995509,0.002500000000011937,-0.003500000000000003,0.0,0.0068849,-0.0206547,0.1239282,-0.2203168,-0.0068849,-0.0206547,-0.002739438339404,-0.028382661782305998,0.009466666666548,0.004518620268714001,-0.003069902319966,0.000137973137976,0.015620499351815142,2.891101999921375,0.27940500012846314,0.14216499994290643,0.0
pd,00:06:29.890,703,-90.0,-89.998,39.987,-89.992,0.086,0.003,0.0,0.0,0.0,0.0,0.0,0.0,-90.0,-89.997,40.0,-89.987,0.079,0.003,-90.0,-89.9975,39.9935,-89.98949999999999,0.08249999999999999,0.003,0.0,0.07277229509369192,0.9460398362133412,0.3638614754674254,-0.5094060656534105,0.0,0.0,0.0005000000000023874,0.006499999999995509,0.002500000000011937,-0.003500000000000003,0.0,0.0068849,-0.0206547,0.1239282,-0.2203168,-0.0068849,-0.0206547,-0.002739438339404,-0.028382661782305998,0.009466666666548,0.004518620268714001,-0.003069902319966,0.000137973137976,0.015620499351815142,2.148756999758916,0.2741640000749612,0.13597999986814102,0.0
pd,00:06:29.892,704,-90.0,-89.998,39.987,-89.992,0.086,0.003,0.0,0.0,0.0,0.0,0.0,0.0,-90.0,-89.997,40.0,-89.987,0.079,0.003,-90.0,-89.9975,39.9935,-89.98949999999999,0.08249999999999999,0.003,0.0,0.09328138066052903,1.2126579485809121,0.4664069033013195,-0.6529696646205846,0.0,0.0,0.0005000000000023874,0.006499999999995509,0.002500000000011937,-0.003500000000000003,0.0,0.0068849,-0.0206547,0.1239282,-0.2203168,-0.0068849,-0.0206547,-0.002739438339404,-0.028382661782305998,0.009466666666548,0.004518620268714001,-0.003069902319966,0.000137973137976,0.015620499351815142,2.0243130002199905,0.25768299974515685,0.12962800019522547,0.0
pd,00:06:29.895,705,-90.0,-89.998,39.987,-89.992,0.086,0.003,0.0,0.0,0.0,0.0,0.0,0.0,-90.0,-89.997,40.0,-89.987,0.079,0.003,-90.0,-89.9975,39.9935,-89.98949999999999,0.08249999999999999,0.003,0.0,0.08954534585866838,1.1640894961569628,0.4477267292920694,-0.626817421007685,0.0,0.0,0.0005000000000023874,0.006499999999995509,0.002500000000011937,-0.003500000000000003,0.0,0.0068849,-0.0206547,0.1239282,-0.2203168,-0.0068849,-0.0206547,-0.002739438339404,-0.028382661782305998,0.009466666666548,0.004518620268714001,-0.003069902319966,0.000137973137976,0.015620499351815142,1.9828879999295168,0.2743310001278587,0.12794299982488155,0.0
pd,00:06:29.898,706,-90.0,-89.998,39.991,-89.992,0.085,0.003,0.0,0.0,1.5907097752906705,0.0,-0.39767744382288284,0.0,-90.0,-89.997,40.0,-89.987,0.079,0.003,-90.0,-89.9975,39.83642902247093,-89.98949999999999,0.1217677443822883,0.003,0.0,0.09941936095619672,-30.734695616482195,0.49709680477957074,7.310851300540878,0.0,0.0,0.0005000000000023874,-0.1545709775290689,0.002500000000011937,0.03676774438228829,0.0,0.0068849,-0.0206547,0.1239282,-0.2203168,-0.0068849,-0.0206547,-0.002739438339404,-0.028382661782305998,0.009466666666548,0.004518620268714001,-0.003069902319966,0.000137973137976,0.011958260743106098,1.9085740000264195,0.4112549995625159,0.15836800002944074,0.0
pd,00:06:29.900,707,-90.0,-89.998,39.991,-89.992,0.085,0.003,0.0,0.0,0.0,0.0,0.0,0.0,-90.0,-89.997,40.0,-89.987,0.079,0.003,-90.0,-89.9975,39.9955,-89.98949999999999,0.082,0.003,0.0,0.09141900610331358,0.8227710549259248,0.4570950305152688,-0.548514036617263,0.0,0.0,0.0005000000000023874,0.0045000000000001705,0.002500000000011937,-0.0030000000000000027,0.0,0.0068849,-0.0206547,0.1239282,-0.2203168,-0.0068849,-0.0206547,-0.002739438339404,-0.028382661782305998,0.009466666666548,0.004518620268714001,-0.003069902319966,0.000137973137976,0.011958260743106098,2.000109999698907,0.27647900014926563,0.1285729999835894,0.0
pd,00:06:29.903,708,-90.0,-89.998,39.991,-89.992,0.085,0.003,0.0,0.0,0.0,0.0,0.0,0.0,-90.0,-89.997,40.0,-89.987,0.079,0.003,-90.0,-89.9975,39.9955,-89.98949999999999,0.082,0.003,0.0,0.09879178443612274,0.8891260599208929,0.4939589221792098,-0.5927507066139067,0.0,0.0,0.0005000000000023874,0.0045000000000001705,0.002500000000011937,-0.0030000000000000027,0.0,0.0068849,-0.0275396,0.0481943,-0.1032735,0.0137698,-0.0137698,-0.002149938949912,-0.028642735042375998,0.009518681318561999,0.0047428266179250006,-0.002552503052556,0.00017246642247,0.011958260743106098,3.5792980002042896,0.8864729998094845,0.2217940000264207,0.0
pd,00:06:29.908,709,-90.0,-89.998,39.991,-89.992,0.085,0.003,0.0,0.0,0.0,0.0,0.0,0.0,-90.0,-89.997,40.0,-89.987,0.079,0.003,-90.0,-89.9975,39.9955,-89.98949999999999,0.082,0.003,0.0,0.049620291501278,0.4465826235093866,0.24810145750568488,-0.2977217490062467,0.0,0.0,0.0005000000000023874,0.0045000000000001705,0.002500000000011937,-0.0030000000000000027,0.0,0.0068849,-0.0275396,0.0481943,-0.1032735,0.0137698,-0.0137698,-0.002149938949912,-0.028642735042375998,0.009518681318561999,0.0047428266179250006,-0.002552503052556,0.00017246642247,0.011958260743106098,1.9795539997176093,0.2744970001913316,0.13207300025896984,0.0
pd,00:06:29.910,710,-90.0,-89.998,39.991,-89.992,0.085,0.003,0.0,0.0,0.0,0.0,0.0,0.0,-90.0,-89.997,40.0,-89.987,0.079,0.003,-90.0,-89.9975,39.9955,-89.98949999999999,0.082,0.003,0.0,0.09980734818246781,0.8982661336379553,0.4990367409109207,-0.598844089091948,0.0,0.0,0.0005000000000023874,0.0045000000000001705,0.002500000000011937,-0.0030000000000000027,0.0,0.0068849,-0.0275396,0.0481943,-0.1032735,0.0137698,-0.0137698,-0.002149938949912,-0.028642735042375998,0.009518681318561999,0.0047428266179250006,-0.002552503052556,0.00017246642247,0.011958260743106098,1.876888999959192,0.26216399965051096,0.19244300028731232,0.0
pd,00:06:29.914,711,-90.0,-89.998,39.991,-89.992,0.085,0.003,0.0,0.0,0.0,0.0,0.0,0.0,-90.0,-89.997,40.0,-89.987,0.079,0.003,-90.0,-89.9975,39.9955,-89.98949999999999,0.082,0.003,0.0,0.08016023239851745,0.7214420915832397,0.4008011619914481,-0.48096139438880864,0.0,0.0,0.0005000000000023874,0.0045000000000001705,0.002500000000011937,-0.0030000000000000027,0.0,0.0068849,-0.0275396,0.0481943,-0.1032735,0.0137698,-0.0137698,-0.002149938949912,-0.028642735042375998,0.009518681318561999,0.0047428266179250006,-0.002552503052556,0.00017246642247,0.011958260743106098,1.977925000119285,0.27262700041319476,0.1323690003118827,0.0
pd,00:06:29.916,712,-90.0,-89.998,39.991,-89.992,0.085,0.003,0.0,0.0,0.0,0.0,0.0,0.0,-90.0,-89.997,40.0,-89.987,0.079,0.003,-90.0,-89.9975,39.9955,-89.98949999999999,0.082,0.003,0.0,0.09963664006128913,0.8967297605473544,0.4981832003050297,-0.5978198403648808,0.0,0.0,0.0005000000000023874,0.0045000000000001705,0.002500000000011937,-0.0030000000000000027,0.0,0.0068849,-0.0275396,0.0481943,-0.1032735,0.0137698,-0.0137698,-0.002149938949912,-0.028642735042375998,0.009518681318561999,0.0047428266179250006,-0.002552503052556,0.00017246642247,0.011958260743106098,1.936054999987391,0.3198300000804011,0.15068399989104364,0.0
pd,00:06:29.919,713,-90.0,-89.998,39.994,-90.004,0.085,0.003,0.0,0.0,1.1822711641454926,-4.72908465658197,0.0,0.0,-90.0,-89.997,40.0,-89.987,0.079,0.003,-90.0,-89.9975,39.87877288358545,-89.5225915343418,0.082,0.003,0.0,0.09852259701259107,-22.704949510758674,94.85922452053273,-0.5911355820727244,0.0,0.0,0.0005000000000023874,-0.11522711641455174,0.4814084656582054,-0.0030000000000000027,0.0,0.0068849,-0.0275396,0.0481943,-0.1032735,0.0137698,-0.0137698,-0.002149938949912,-0.028642735042375998,0.009518681318561999,0.0047428266179250006,-0.002552503052556,0.00017246642247,0.01902629759044981,2.5029200000972196,0.27134999982081354,0.15475800000785966,0.0
pd,00:06:29.922,714,-90.0,-89.998,39.994,-90.004,0.085,0.003,0.0,0.0,0.0,0.0,0.0,0.0,-90.0,-89.997,40.0,-89.987,0.079,0.003,-90.0,-89.9975,39.997,-89.99549999999999,0.082,0.003,0.0,0.07663908785301907,0.45983452711593614,1.3028644934958784,-0.45983452711591916,0.0,0.0,0.0005000000000023874,0.0030000000000001137,0.008500000000012164,-0.0030000000000000027,0.0,0.0068849,-0.0275396,0.0481943,-0.1032735,-0.0,0.0481943,-0.002149938949912,-0.028642735042375998,0.009518681318561999,0.0047428266179250006,-0.001190018315043,0.000586385836398,0.01902629759044981,2.6866960001825646,0.9861010003078263,0.5230130000200006,0.0
pd,00:06:29.926,715,-90.0,-89.998,39.994,-90.004,0.085,0.003,0.0,0.0,0.0,0.0,0.0,0.0,-90.0,-89.997,40.0,-89.987,0.079,0.003,-90.0,-89.9975,39.997,-89.99549999999999,0.082,0.003,0.0,0.05771554381357369,0.3462932628798018,0.9811642448266518,-0.34629326287978895,0.0,0.0,0.0005000000000023874,0.0030000000000001137,0.008500000000012164,-0.0030000000000000027,0.0,-0.0206547,-0.0068849,0.1101584,-0.0413094,-0.0,0.0481943,-0.002375335775306,-0.028625396825038,0.008963858363746,0.004760073260172,-0.001190018315043,0.000586385836398,0.01902629759044981,2.939100999810762,0.24610899981780676,0.11801700020441785,0.0
pd,00:06:29.930,716,-90.0,-89.998,39.994,-90.004,0.085,0.003,0.0,0.0,0.0,0.0,0.0,0.0,-90.0,-89.997,40.0,-89.987,0.079,0.003,-90.0,-89.9975,39.997,-89.99549999999999,0.082,0.003,0.0,0.07338857782789801,0.44033146696530223,1.2476058230690517,-0.44033146696528597,0.0,0.0,0.0005000000000023874,0.0030000000000001137,0.008500000000012164,-0.0030000000000000027,0.0,-0.0206547,-0.0068849,0.1101584,-0.0413094,-0.0,0.0481943,-0.002375335775306,-0.028625396825038,0.008963858363746,0.004760073260172,-0.001190018315043,0.000586385836398,0.01902629759044981,1.7542049999974552,0.14466500033449847,0.06079599961594795,0.0
pd,00:06:29.932,717,-90.0,-89.998,39.994,-90.004,0.085,0.003,0.0,0.0,0.0,0.0,0.0,0.0,-90.0,-89.997,40.0,-89.987,0.079,0.003,-90.0,-89.9975,39.997,-89.99549999999999,0.082,0.003,0.0,0.12326037381039225,0.7395622428588502,2.09542635476791,-0.7395622428588228,0.0,0.0,0.0005000000000023874,0.0030000000000001137,0.008500000000012164,-0.0030000000000000027,0.0,-0.0206547,-0.0068849,0.1101584,-0.0413094,-0.0,0.0481943,-0.002375335775306,-0.028625396825038,0.008963858363746,0.004760073260172,-0.001190018315043,0.000586385836398,0.01902629759044981,1.8033160004051751,0.1714609998089145,0.07986999980857945,0.0
pd,00:06:29.934,718,-90.0,-89.998,39.994,-90.004,0.085,0.003,0.0,0.0,0.0,0.0,0.0,0.0,-90.0,-89.997,40.0,-89.987,0.079,0.003,-90.0,-89.9975,39.997,-89.99549999999999,0.082,0.003,0.0,0.11731662564388082,0.7038997538599506,1.9943826359376382,-0.7038997538599245,0.0,0.0,0.0005000000000023874,0.0030000000000001137,0.008500000000012164,-0.0030000000000000027,0.0,-0.0206547,-0.0068849,0.1101584,-0.0413094,-0.0,0.0481943,-0.002375335775306,-0.028625396825038,0.008963858363746,0.004760073260172,-0.001190018315043,0.000586385836398,0.01902629759044981,1.6973159999906784,0.13235100004749256,0.05762899991168524,0.0
pd,00:06:29.936,719,-90.0,-89.998,39.994,-90.004,0.085,0.003,0.0,0.0,0.0,0.0,0.0,0.0,-90.0,-89.997,40.0,-89.987,0.079,0.003,-90.0,-89.9975,39.997,-89.99549999999999,0.082,0.003,0.0,0.12800000000061118,0.7680000000000291,2.176000000001295,-0.7680000000000007,0.0,0.0,0.0005000000000023874,0.0030000000000001137,0.008500000000012164,-0.0030000000000000027,0.0,-0.0206547,-0.0068849,0.1101584,-0.0413094,-0.0,0.0481943,-0.002375335775306,-0.028625396825038,0.008963858363746,0.004760073260172,-0.001190018315043,0.000586385836398,0.01902629759044981,1.8440930002725509,0.32149700018635485,0.18762799982141587,0.0
pd,00:06:29.938,720,-90.0,-89.998,39.995,-90.006,0.085,0.003,0.0,0.0,0.3990394824460303,-0.7980789648920606,0.0,0.0,-90.0,-89.997,40.0,-89.987,0.079,0.003,-90.0,-89.9975,39.957596051755395,-89.9166921035108,0.082,0.003,0.0,0.09975987061221642,-7.462826074499387,17.818688396740292,-0.598559223670441,0.0,0.0,0.0005000000000023874,-0.03740394824460225,0.08930789648920268,-0.0030000000000000027,0.0,-0.0206547,-0.0068849,0.1101584,-0.0413094,-0.0,0.0481943,-0.002375335775306,-0.028625396825038,0.008963858363746,0.004760073260172,-0.001190018315043,0.000586385836398,0.020566963801209027,1.8504079998820089,0.2274419998684607,0.10364700028731022,0.0
pd,00:06:29.942,721,-90.0,-89.998,39.995,-90.006,0.085,0.003,0.0,0.0,0.0,0.0,0.0,0.0,-90.0,-89.997,40.0,-89.987,0.079,0.003,-90.0,-89.9975,39.9975,-89.9965,0.082,0.003,0.0,0.07023281982618934,0.35116409912944957,1.334423576691609,-0.42139691895512427,0.0,0.0,0.0005000000000023874,0.0025000000000048317,0.009500000000002728,-0.0030000000000000027,0.0,-0.0206547,-0.0068849,0.1101584,-0.0413094,-0.0,0.0068849,-0.002375335775306,-0.028625396825038,0.008963858363746,0.004760073260172,-0.001638431013465,3.4493284494e-05,0.020566963801209027,2.5008460002027277,0.6715669996992801,0.2274240000588179,0.0
pd,00:06:29.946,722,-90.0,-89.998,39.995,-90.006,0.085,0.003,0.0,0.0,0.0,0.0,0.0,0.0,-90.0,-89.997,40.0,-89.987,0.079,0.003,-90.0,-89.9975,39.9975,-89.9965,0.082,0.003,0.0,0.06563034361926562,0.3281517180949291,1.2469765287604508,-0.3937820617137138,0.0,0.0,0.0005000000000023874,0.0025000000000048317,0.009500000000002728,-0.0030000000000000027,0.0,0.0550792,-0.0137698,0.0137698,-0.0206547,-0.0275396,0.0068849,-0.002236630036602,-0.027689133088786,0.007819536019438,0.004001221001304,-0.001638431013465,3.4493284494e-05,0.020566963801209027,2.956620000077237,0.32544199984840816,0.1280169999517966,0.0
pd,00:06:29.949,723,-90.0,-89.998,39.995,-90.006,0.085,0.003,0.0,0.0,0.0,0.0,0.0,0.0,-90.0,-89.997,40.0,-89.987,0.079,0.003,-90.0,-89.9975,39.9975,-89.9965,0.082,0.003,0.0,0.07095520368148646,0.35477601840591977,1.3481488699421926,-0.4257312220868863,0.0,0.0,0.0005000000000023874,0.0025000000000048317,0.009500000000002728,-0.0030000000000000027,0.0,0.0550792,-0.0137698,0.0137698,-0.0206547,-0.0275396,0.0068849,-0.002236630036602,-0.027689133088786,0.007819536019438,0.004001221001304,-0.001638431013465,3.4493284494e-05,0.020566963801209027,1.86888899997939,0.2479980003045057,0.12151800001447555,0.0
pd,00:06:29.951,724,-90.0,-89.998,39.995,-90.006,0.085,0.003,0.0,0.0,0.0,0.0,0.0,0.0,-90.0,-89.997,40.0,-89.987,0.079,0.003,-90.0,-89.9975,39.9975,-89.9965,0.082,0.003,0.0,0.10666015664784934,0.533300783236973,2.026542976300043,-0.6399609398840409,0.0,0.0,0.0005000000000023874,0.0025000000000048317,0.009500000000002728,-0.0030000000000000027,0.0,0.0550792,-0.0137698,0.0137698,-0.0206547,-0.0275396,0.0068849,-0.002236630036602,-0.027689133088786,0.007819536019438,0.004001221001304,-0.001638431013465,3.4493284494e-05,0.020566963801209027,2.1767190000900882,0.23633099999642582,0.11238800016144523,0.0
pd,00:06:29.954,725,-90.0,-89.998,39.995,-90.006,0.085,0.003,0.0,0.0,0.0,0.0,0.0,0.0,-90.0,-89.997,40.0,-89.987,0.079,0.003,-90.0,-89.9975,39.9975,-89.9965,0.082,0.003,0.0,0.09527312375113636,0.4763656187536509,1.8101893512634675,-0.5716387425040892,0.0,0.0,0.0005000000000023874,0.0025000000000048317,0.009500000000002728,-0.0030000000000000027,0.0,0.0550792,-0.0137698,0.0137698,-0.0206547,-0.0275396,0.0068849,-0.002236630036602,-0.027689133088786,0.007819536019438,0.004001221001304,-0.001638431013465,3.4493284494e-05,0.020566963801209027,1.7372970000906207,0.1439990001017577,0.06175899989102618,0.0
pd,00:06:29.956,726,-90.0,-89.998,39.995,-90.006,0.085,0.003,0.0,0.0,0.0,0.0,0.0,0.0,-90.0,-89.997,40.0,-89.987,0.079,0.003,-90.0,-89.9975,39.9975,-89.9965,0.082,0.003,0.0,0.12437148618254143,0.621857430910056,2.3630582374576825,-0.7462289170916862,0.0,0.0,0.0005000000000023874,0.0025000000000048317,0.009500000000002728,-0.0030000000000000027,0.0,0.0550792,-0.0137698,0.0137698,-0.0206547,-0.0275396,0.0068849,-0.002236630036602,-0.027689133088786,0.007819536019438,0.004001221001304,-0.001638431013465,3.4493284494e-05,0.020566963801209027,1.9285729999864998,0.24942400023064693,0.12016600021524937,0.0
pd,00:06:29.958,727,-90.0,-89.998,39.997,-90.008,0.085,0.003,0.0,0.0,0.8320380876820326,-0.8320380876790765,0.0,0.0,-90.0,-89.997,40.0,-89.987,0.079,0.003,-90.0,-89.9975,39.915296191231796,-89.91429619123208,0.082,0.003,0.0,0.10400476096062357,-16.9951702009378,19.491284463919452,-0.6240285657607623,0.0,0.0,0.0005000000000023874,-0.0817038087682036,0.09370380876791273,-0.0030000000000000027,0.0,0.0550792,-0.0137698,0.0137698,-0.0206547,-0.0275396,0.0068849,-0.002236630036602,-0.027689133088786,0.007819536019438,0.004001221001304,-0.001638431013465,3.4493284494e-05,0.0220680764907149,1.7693169997983205,0.1650350000090839,0.07268500030477298,0.0
pd,00:06:29.961,728,-90.0,-89.998,39.997,-90.008,0.085,0.003,0.0,0.0,0.0,0.0,0.0,0.0,-90.0,-89.997,40.0,-89.987,0.079,0.003,-90.0,-89.9975,39.9985,-89.9975,0.082,0.003,0.0,0.12002930402987715,0.36008791208792573,2.52061538461548,-0.7201758241758248,0.0,0.0,0.0005000000000023874,0.0015000000000000568,0.010499999999993292,-0.0030000000000000027,0.0,0.0550792,-0.0137698,0.0137698,-0.0206547,-0.0275396,0.0068849,-0.002236630036602,-0.027689133088786,0.007819536019438,0.004001221001304,-0.001638431013465,3.4493284494e-05,0.0220680764907149,1.8474819999028114,0.16620299993519438,0.075906999882136,0.0
pd,00:06:29.963,729,-90.0,-89.998,39.997,-90.008,0.085,0.003,0.0,0.0,0.0,0.0,0.0,0.0,-90.0,-89.997,40.0,-89.987,0.079,0.003,-90.0,-89.9975,39.9985,-89.9975,0.082,0.003,0.0,0.11558377425099281,0.3467513227513359,2.427259259259351,-0.6935026455026461,0.0,0.0,0.0005000000000023874,0.0015000000000000568,0.010499999999993292,-0.0030000000000000027,0.0,-0.0137698,-0.0275396,-0.0275396,3.8004648000000003,-0.0413094,-0.0481943,-0.002288644688616,-0.029162881562516,-0.00797557997548,-5.173992674100001e-05,-0.001431471306501,0.00051739926741,0.0220680764907149,3.491484000278433,0.5999760001031973,0.5582360004154907,0.0
pd,00:06:29.968,730,-90.0,-89.998,39.997,-90.008,0.085,0.003,0.0,0.0,0.0,0.0,0.0,0.0,-90.0,-89.997,40.0,-89.987,0.079,0.003,-90.0,-89.9975,39.9985,-89.9975,0.082,0.003,0.0,0.05175852707463383,0.15527558122316595,1.0869290685621618,-0.3105511624463204,0.0,0.0,0.0005000000000023874,0.0015000000000000568,0.010499999999993292,-0.0030000000000000027,0.0,-0.0137698,-0.0275396,-0.0275396,3.8004648000000003,-0.0413094,-0.0481943,-0.002288644688616,-0.029162881562516,-0.00797557997548,-5.173992674100001e-05,-0.001431471306501,0.00051739926741,0.0220680764907149,1.8449449999025092,0.19066499999098596,0.08205400035876664,0.0
pd,00:06:29.970,731,-90.0,-89.998,39.997,-90.008,0.085,0.003,0.0,0.0,0.0,0.0,0.0,0.0,-90.0,-89.997,40.0,-89.987,0.079,0.003,-90.0,-89.9975,39.9985,-89.9975,0.082,0.003,0.0,0.08759301645685463,0.2627790493693191,1.8394533455852338,-0.5255580987386188,0.0,0.0,0.0005000000000023874,0.0015000000000000568,0.010499999999993292,-0.0030000000000000027,0.0,-0.0137698,-0.0275396,-0.0275396,3.8004648000000003,-0.0413094,-0.0481943,-0.002288644688616,-0.029162881562516,-0.00797557997548,-5.173992674100001e-05,-0.001431471306501,0.00051739926741,0.0220680764907149,1.948665999861987,0.22805300022810115,0.09268500025427784,0.0
pd,00:06:29.973,732,-90.0,-89.998,39.997,-90.008,0.085,0.003,0.0,0.0,0.0,0.0,0.0,0.0,-90.0,-89.997,40.0,-89.987,0.079,0.003,-90.0,-89.9975,39.9985,-89.9975,0.082,0.003,0.0,0.10255022004938942,0.30765066014671094,2.1535546210269763,-0.6153013202933991,0.0,0.0,0.0005000000000023874,0.0015000000000000568,0.010499999999993292,-0.0030000000000000027,0.0,-0.0137698,-0.0275396,-0.0275396,3.8004648000000003,-0.0413094,-0.0481943,-0.002288644688616,-0.029162881562516,-0.00797557997548,-5.173992674100001e-05,-0.001431471306501,0.00051739926741,0.0220680764907149,1.7430200000490004,0.16857200034792186,0.08903599973564269,0.0
pd,00:06:29.975,733,-90.0,-89.998,39.997,-90.008,0.085,0.003,0.0,0.0,0.0,0.0,0.0,0.0,-90.0,-89.997,40.0,-89.987,0.079,0.003,-90.0,-89.9975,39.9985,-89.9975,0.082,0.003,0.0,0.11989206494454685,0.3596761948319368,2.5177333638235577,-0.719352389663847,0.0,0.0,0.0005000000000023874,0.0015000000000000568,0.010499999999993292,-0.0030000000000000027,0.0,-0.0137698,-0.0275396,-0.0275396,3.8004648000000003,-0.0413094,-0.0481943,-0.002288644688616,-0.029162881562516,-0.00797557997548,-5.173992674100001e-05,-0.001431471306501,0.00051739926741,0.0220680764907149,1.8967599999086815,0.32073800002763164,0.14985000007072813,0.0
pd,00:06:29.977,734,-90.0,-89.998,39.999,-90.009,0.085,0.003,0.0,0.0,0.79769950551638,-0.398849752759607,0.0,0.0,-90.0,-89.997,40.0,-89.987,0.079,0.003,-90.0,-89.9975,39.91973004944836,-89.95811502472404,0.082,0.003,0.0,0.09971243818990175,-15.808400089318296,10.147729903949921,-0.5982746291365544,0.0,0.0,0.0005000000000023874,-0.07926995055164099,0.05088497527596303,-0.0030000000000000027,0.0,-0.0137698,-0.0275396,-0.0275396,3.8004648000000003,-0.0413094,-0.0481943,-0.002288644688616,-0.029162881562516,-0.00797557997548,-5.173992674100001e-05,-0.001431471306501,0.00051739926741,0.022847319317597196,2.1017019998907926,0.22203499975148588,0.09753599988471251,0.0
pd,00:06:29.980,735,-90.0,-89.998,39.999,-90.009,0.085,0.003,0.0,0.0,0.0,0.0,0.0,0.0,-90.0,-89.997,40.0,-89.987,0.079,0.003,-90.0,-89.9975,39.9995,-89.99799999999999,0.082,0.003,0.0,0.09947595104876263,0.0994759510480558,2.1884709230628823,-0.5968557062897264,0.0,0.0,0.0005000000000023874,0.000499999999995282,0.01100000000000989,-0.0030000000000000027,0.0,-0.0137698,-0.0275396,-0.0275396,3.8004648000000003,-0.0413094,-0.0481943,-0.002288644688616,-0.029162881562516,-0.00797557997548,-5.173992674100001e-05,-0.001431471306501,0.00051739926741,0.022847319317597196,1.7710199999783072,0.21059099981357576,0.08146199979819357,0.0
pd,00:06:29.982,736,-90.0,-89.998,39.999,-90.009,0.085,0.003,0.0,0.0,0.0,0.0,0.0,0.0,-90.0,-89.997,40.0,-89.987,0.079,0.003,-90.0,-89.9975,39.9995,-89.99799999999999,0.082,0.003,0.0,0.11680695109780626,0.1168069510969763,2.569752924140118,-0.7008417065834918,0.0,0.0,0.0005000000000023874,0.000499999999995282,0.01100000000000989,-0.0030000000000000027,0.0,-0.0137698,-0.0275396,-0.0275396,0.7022598,0.034424500000000004,-0.0068849,-0.002288644688616,-0.029162881562516,-0.0043345543345,0.00224206349211,-0.0022593101343570004,3.4493284494e-05,0.022847319317597196,2.691325999876426,0.5546239999603131,0.2785719998428249,0.0
pd,00:06:29.986,737,-90.0,-89.998,39.999,-90.009,0.085,0.003,0.0,0.0,0.0,0.0,0.0,0.0,-90.0,-89.997,40.0,-89.987,0.079,0.003,-90.0,-89.9975,39.9995,-89.99799999999999,0.082,0.003,0.0,0.06895350825310757,0.06895350825261762,1.5169771815615072,-0.4137210495166703,0.0,0.0,0.0005000000000023874,0.000499999999995282,0.01100000000000989,-0.0030000000000000027,0.0,-0.0137698,-0.0206547,0.0068849,0.7022598,0.034424500000000004,-0.0068849,-0.003051526251488,-0.027723809523461998,-0.0043345543345,0.00224206349211,-0.0022593101343570004,3.4493284494e-05,0.022847319317597196,2.6568079997559835,0.19309100025566295,0.12285100001463434,0.0
pd,00:06:29.989,738,-90.0,-89.998,39.999,-90.009,0.085,0.003,0.0,0.0,0.0,0.0,0.0,0.0,-90.0,-89.997,40.0,-89.987,0.079,0.003,-90.0,-89.9975,39.9995,-89.99799999999999,0.082,0.003,0.0,0.08184327193295401,0.08184327193237248,1.8005519825168468,-0.49105963159537974,0.0,0.0,0.0005000000000023874,0.000499999999995282,0.01100000000000989,-0.0030000000000000027,0.0,-0.0137698,-0.0206547,0.0068849,0.7022598,0.034424500000000004,-0.0068849,-0.003051526251488,-0.027723809523461998,-0.0043345543345,0.00224206349211,-0.0022593101343570004,3.4493284494e-05,0.022847319317597196,1.728019999973185,0.1432939998267102,0.05907399963689386,0.0
pd,00:06:29.991,739,-90.0,-89.998,39.999,-90.009,0.085,0.003,0.0,0.0,0.0,0.0,0.0,0.0,-90.0,-89.997,40.0,-89.987,0.079,0.003,-90.0,-89.9975,39.9995,-89.99799999999999,0.082,0.003,0.0,0.12518815663861113,0.12518815663772162,2.7541394460369917,-0.7511289398280809,0.0,0.0,0.0005000000000023874,0.000499999999995282,0.01100000000000989,-0.0030000000000000027,0.0,-0.0137698,-0.0206547,0.0068849,0.7022598,0.034424500000000004,-0.0068849,-0.003051526251488,-0.027723809523461998,-0.0043345543345,0.00224206349211,-0.0022593101343570004,3.4493284494e-05,0.022847319317597196,2.080128000216064,0.21368299985624617,0.10136999981114059,0.0
pd,00:06:29.993,740,-90.0,-89.998,39.999,-90.009,0.085,0.003,0.0,0.0,0.0,0.0,0.0,0.0,-90.0,-89.997,40.0,-89.987,0.079,0.003,-90.0,-89.9975,39.9995,-89.99799999999999,0.082,0.003,0.0,0.10059247889533833,0.10059247889462358,2.213034535687437,-0.6035548733691487,0.0,0.0,0.0005000000000023874,0.000499999999995282,0.01100000000000989,-0.0030000000000000027,0.0,-0.0137698,-0.0206547,0.0068849,0.7022598,0.034424500000000004,-0.0068849,-0.003051526251488,-0.027723809523461998,-0.0043345543345,0.00224206349211,-0.0022593101343570004,3.4493284494e-05,0.022847319317597196,1.7724090002957382,0.2927379996435775,0.12760999970851117,0.0
pd,00:06:29.996,741,-90.0,-89.998,39.999,-90.009,0.085,0.003,0.0,0.0,0.0,0.0,0.0,0.0,-90.0,-89.997,40.0,-89.987,0.079,0.003,-90.0,-89.9975,39.9995,-89.99799999999999,0.082,0.003,0.0,0.08296352559577552,0.08296352559518602,1.8251975630988087,-0.4977811535722767,0.0,0.0,0.0005000000000023874,0.000499999999995282,0.01100000000000989,-0.0030000000000000027,0.0,-0.0137698,-0.0206547,0.0068849,0.7022598,0.034424500000000004,-0.0068849,-0.003051526251488,-0.027723809523461998,-0.0043345543345,0.00224206349211,-0.0022593101343570004,3.4493284494e-05,0.022847319317597196,2.0047590001013305,0.2329600001758081,0.09903599993776879,0.0
pd,00:06:29.999,742,-90.0,-89.998,39.998,-89.975,0.084,0.003,0.0,0.0,-0.40988019153914074,13.935926512266713,-0.40988019153718397,0.0,-90.0,-89.997,40.0,-89.987,0.079,0.003,-90.0,-89.9975,40.03998801915391,-91.37459265122666,0.1224880191537184,0.003,0.0,0.10247004788478518,8.60502866653687,-286.8326519794114,7.887738331306444,0.0,0.0,0.0005000000000023874,0.04198801915391215,-1.3995926512266692,0.0384880191537184,0.0,-0.0137698,-0.0206547,0.0068849,0.7022598,0.034424500000000004,-0.0068849,-0.003051526251488,-0.027723809523461998,-0.0043345543345,0.00224206349211,-0.0022593101343570004,3.4493284494e-05,0.013190905958274067,1.7366500001116947,0.16218399969147868,0.08147999960783636,0.0
pd,00:06:30.001,743,-90.0,-89.998,39.998,-89.975,0.084,0.003,0.0,0.0,0.0,0.0,0.0,0.0,-90.0,-89.997,40.0,-89.987,0.079,0.003,-90.0,-89.9975,39.998999999999995,-89.981,0.0815,0.003,0.0,0.11946861114332993,0.238937222285811,-1.433623333713168,-0.597343055713798,0.0,0.0,0.0005000000000023874,0.0009999999999976694,-0.006000000000000227,-0.0025000000000000022,0.0,-0.0137698,-0.0206547,0.0068849,0.7022598,0.034424500000000004,-0.0068849,-0.003051526251488,-0.027723809523461998,-0.0043345543345,0.00224206349211,-0.0022593101343570004,3.4493284494e-05,0.013190905958274067,1.8117039999197004,0.27060899992648046,0.1358690001325158,0.0
pd,00:06:30.003,744,-90.0,-89.998,39.998,-89.975,0.084,0.003,0.0,0.0,0.0,0.0,0.0,0.0,-90.0,-89.997,40.0,-89.987,0.079,0.003,-90.0,-89.9975,39.998999999999995,-89.981,0.0815,0.003,0.0,0.10692117875038307,0.21384235750000644,-1.283054144998519,-0.5346058937493632,0.0,0.0,0.0005000000000023874,0.0009999999999976694,-0.006000000000000227,-0.0025000000000000022,0.0,0.0,-0.0068849,0.0481943,0.06884900000000001,0.0137698,0.0137698,-0.001525763125744,-0.027983882783531998,-0.003086202686164,0.0031216422467070003,-0.002449023199074,-0.000638125763139,0.013190905958274067,4.0711460001148225,0.5397170002652274,0.11166500007675495,0.0
pd,00:06:30.008,745,-90.0,-89.998,39.998,-89.975,0.084,0.003,0.0,0.0,0.0,0.0,0.0,0.0,-90.0,-89.997,40.0,-89.987,0.079,0.003,-90.0,-89.9975,39.998999999999995,-89.981,0.0815,0.003,0.0,0.051070329242402436,0.102140658484442,-0.6128439509059262,-0.25535164621079315,0.0,0.0,0.0005000000000023874,0.0009999999999976694,-0.006000000000000227,-0.0025000000000000022,0.0,0.0,-0.0068849,0.0481943,0.06884900000000001,0.0137698,0.0137698,-0.001525763125744,-0.027983882783531998,-0.003086202686164,0.0031216422467070003,-0.002449023199074,-0.000638125763139,0.013190905958274067,1.7917790000865352,0.15996100000847946,0.06679599982817308,0.0
pd,00:06:30.010,746,-90.0,-89.998,39.998,-89.975,0.084,0.003,0.0,0.0,0.0,0.0,0.0,0.0,-90.0,-89.997,40.0,-89.987,0.079,0.003,-90.0,-89.9975,39.998999999999995,-89.981,0.0815,0.003,0.0,0.11964582382530885,0.23929164764976757,-1.435749885896905,-0.5982291191236884,0.0,0.0,0.0005000000000023874,0.0009999999999976694,-0.006000000000000227,-0.0025000000000000022,0.0,0.0,-0.0068849,0.0481943,0.06884900000000001,0.0137698,0.0137698,-0.001525763125744,-0.027983882783531998,-0.003086202686164,0.0031216422467070003,-0.002449023199074,-0.000638125763139,0.013190905958274067,1.6559840000809345,0.14123900018603308,0.0631289999546425,0.0
pd,00:06:30.012,747,-90.0,-89.998,39.998,-89.975,0.084,0.003,0.0,0.0,0.0,0.0,0.0,0.0,-90.0,-89.997,40.0,-89.987,0.079,0.003,-90.0,-89.9975,39.998999999999995,-89.981,0.0815,0.003,0.0,0.12977425742636223,0.25954851485180236,-1.55729108910897,-0.6488712871287134,0.0,0.0,0.0005000000000023874,0.0009999999999976694,-0.006000000000000227,-0.0025000000000000022,0.0,0.0,-0.0068849,0.0481943,0.06884900000000001,0.0137698,0.0137698,-0.001525763125744,-0.027983882783531998,-0.003086202686164,0.0031216422467070003,-0.002449023199074,-0.000638125763139,0.013190905958274067,1.8849999996746192,0.31358900014311075,0.13516500030164025,0.0
pd,00:06:30.014,748,-90.0,-89.998,39.998,-89.975,0.084,0.003,0.0,0.0,0.0,0.0,0.0,0.0,-90.0,-89.997,40.0,-89.987,0.079,0.003,-90.0,-89.9975,39.998999999999995,-89.981,0.0815,0.003,0.0,0.10211081897020224,0.20422163793967893,-1.2253298276366225,-0.5105540948485738,0.0,0.0,0.0005000000000023874,0.0009999999999976694,-0.006000000000000227,-0.0025000000000000022,0.0,0.0,-0.0068849,0.0481943,0.06884900000000001,0.0137698,0.0137698,-0.001525763125744,-0.027983882783531998,-0.003086202686164,0.0031216422467070003,-0.002449023199074,-0.000638125763139,0.013190905958274067,2.1812940003655967,0.22112699980425532,0.10812800019266433,0.0
pd,00:06:30.017,749,-90.0,-89.998,39.998,-89.975,0.084,0.003,0.0,0.0,0.0,0.0,0.0,0.0,-90.0,-89.997,40.0,-89.987,0.079,0.003,-90.0,-89.9975,39.998999999999995,-89.981,0.0815,0.003,0.0,0.09611145737901071,0.1922229147573385,-1.153337488542665,-0.48055728689275934,0.0,0.0,0.0005000000000023874,0.0009999999999976694,-0.006000000000000227,-0.0025000000000000022,0.0,0.0,-0.0068849,0.0481943,0.06884900000000001,0.0137698,0.0137698,-0.001525763125744,-0.027983882783531998,-0.003086202686164,0.0031216422467070003,-0.002449023199074,-0.000638125763139,0.013190905958274067,1.7450020000069344,0.170054000136588,0.07535099985034321,0.0
pd,00:06:30.019,750,-90.0,-89.998,39.998,-89.94,0.084,0.003,0.0,0.0,0.0,16.95353274049956,0.0,0.0,-90.0,-89.997,40.0,-89.987,0.079,0.003,-90.0,-89.9975,39.998999999999995,-91.65885327404995,0.0815,0.003,0.0,0.12109666243272973,0.24219332486459902,-416.29478939605156,-0.6054833121607581,0.0,0.0,0.0005000000000023874,0.0009999999999976694,-1.7188532740499483,-0.0025000000000000022,0.0,0.0,-0.0068849,0.0481943,0.06884900000000001,0.0137698,0.0137698,-0.001525763125744,-0.027983882783531998,-0.003086202686164,0.0031216422467070003,-0.002449023199074,-0.000638125763139,0.047318072657281184,1.806371000384388,0.22962799994274974,0.08775800006333156,0.0
pd,00:06:30.022,751,-90.0,-89.998,39.998,-89.94,0.084,0.003,0.0,0.0,0.0,0.0,0.0,0.0,-90.0,-89.997,40.0,-89.987,0.079,0.003,-90.0,-89.9975,39.998999999999995,-89.9635,0.0815,0.003,0.0,0.08797516570224069,0.17595033140385627,-4.134832787985309,-0.4398758285091035,0.0,0.0,0.0005000000000023874,0.0009999999999976694,-0.023499999999998522,-0.0025000000000000022,0.0,0.0,-0.0068849,-0.0550792,0.0275396,0.0206547,-0.034424500000000004,-0.001525763125744,-0.028556043955686,-0.0014910866910679999,0.004501373626467,-0.002138583638628,-3.4493284494e-05,0.047318072657281184,2.9118980000930605,0.5733460002375068,0.27505299976837705,0.0
pd,00:06:30.026,752,-90.0,-89.998,39.998,-89.94,0.084,0.003,0.0,0.0,0.0,0.0,0.0,0.0,-90.0,-89.997,40.0,-89.987,0.079,0.003,-90.0,-89.9975,39.998999999999995,-89.9635,0.0815,0.003,0.0,0.06381693141044409,0.12763386282043473,-2.9993957762763617,-0.31908465705069716,0.0,0.0,0.0005000000000023874,0.0009999999999976694,-0.023499999999998522,-0.0025000000000000022,0.0,0.0068849,0.0481943,-0.0550792,0.0275396,0.0206547,-0.034424500000000004,-0.002201953601926,-0.028556043955686,-0.0014910866910679999,0.004501373626467,-0.002138583638628,-3.4493284494e-05,0.047318072657281184,2.813936000165995,0.24305399983859388,0.11847999985548086,0.0
pd,00:06:30.029,753,-90.0,-89.998,39.998,-89.94,0.084,0.003,0.0,0.0,0.0,0.0,0.0,0.0,-90.0,-89.997,40.0,-89.987,0.079,0.003,-90.0,-89.9975,39.998999999999995,-89.9635,0.0815,0.003,0.0,0.07623235187241052,0.1524647037442794,-3.5829205379859617,-0.381161759360233,0.0,0.0,0.0005000000000023874,0.0009999999999976694,-0.023499999999998522,-0.0025000000000000022,0.0,0.0068849,0.0481943,-0.0550792,0.0275396,0.0206547,-0.034424500000000004,-0.002201953601926,-0.028556043955686,-0.0014910866910679999,0.004501373626467,-0.002138583638628,-3.4493284494e-05,0.047318072657281184,2.1440160003294295,0.5993650001983042,0.1150729999608302,0.0
pd,00:06:30.032,754,-90.0,-89.998,39.998,-89.94,0.084,0.003,0.0,0.0,0.0,0.0,0.0,0.0,-90.0,-89.997,40.0,-89.987,0.079,0.003,-90.0,-89.9975,39.998999999999995,-89.9635,0.0815,0.003,0.0,0.08450805931697347,0.16901611863334648,-3.971878787878538,-0.42254029658285014,0.0,0.0,0.0005000000000023874,0.0009999999999976694,-0.023499999999998522,-0.0025000000000000022,0.0,0.0068849,0.0481943,-0.0550792,0.0275396,0.0206547,-0.034424500000000004,-0.002201953601926,-0.028556043955686,-0.0014910866910679999,0.004501373626467,-0.002138583638628,-3.4493284494e-05,0.047318072657281184,1.9105559999843535,0.2521460000934894,0.12016599976050202,0.0
pd,00:06:30.035,755,-90.0,-89.998,39.998,-89.94,0.084,0.003,0.0,0.0,0.0,0.0,0.0,0.0,-90.0,-89.997,40.0,-89.987,0.079,0.003,-90.0,-89.9975,39.998999999999995,-89.9635,0.0815,0.003,0.0,0.10467964460467273,0.20935928920860167,-4.919943296395817,-0.523398223020865,0.0,0.0,0.0005000000000023874,0.0009999999999976694,-0.023499999999998522,-0.0025000000000000022,0.0,0.0068849,0.0481943,-0.0550792,0.0275396,0.0206547,-0.034424500000000004,-0.002201953601926,-0.028556043955686,-0.0014910866910679999,0.004501373626467,-0.002138583638628,-3.4493284494e-05,0.047318072657281184,1.730612999836012,0.17133199980889913,0.08311000010507996,0.0
pd,00:06:30.037,756,-90.0,-89.998,39.998,-89.94,0.084,0.003,0.0,0.0,0.0,0.0,0.0,0.0,-90.0,-89.997,40.0,-89.987,0.079,0.003,-90.0,-89.9975,39.998999999999995,-89.9635,0.0815,0.003,0.0,0.12115262853899558,0.24230525707713033,-5.694173541305245,-0.6057631426920861,0.0,0.0,0.0005000000000023874,0.0009999999999976694,-0.023499999999998522,-0.0025000000000000022,0.0,0.0068849,0.0481943,-0.0550792,0.0275396,0.0206547,-0.034424500000000004,-0.002201953601926,-0.028556043955686,-0.0014910866910679999,0.004501373626467,-0.002138583638628,-3.4493284494e-05,0.047318072657281184,1.885167000182264,0.19786899974860717,0.08601799981988734,0.0
pd,00:06:30.039,757,-90.0,-89.998,39.998,-89.939,0.084,0.003,0.0,0.0,0.0,0.44388866546936473,0.0,0.0,-90.0,-89.997,40.0,-89.987,0.079,0.003,-90.0,-89.9975,39.998999999999995,-90.00738886654693,0.0815,0.003,0.0,0.11097216636734118,0.22194433273389386,-15.178521352168781,-0.554860831834057,0.0,0.0,0.0005000000000023874,0.0009999999999976694,-0.06838886654693965,-0.0025000000000000022,0.0,0.0068849,0.0481943,-0.0550792,0.0275396,0.0206547,-0.034424500000000004,-0.002201953601926,-0.028556043955686,-0.0014910866910679999,0.004501373626467,-0.002138583638628,-3.4493284494e-05,0.04831148931672666,1.7393169996466895,0.19094299977950868,0.0763880002523365,0.0
pd,00:06:30.041,758,-90.0,-89.998,39.998,-89.939,0.084,0.003,0.0,0.0,0.0,0.0,0.0,0.0,-90.0,-89.997,40.0,-89.987,0.079,0.003,-90.0,-89.9975,39.998999999999995,-89.963,0.0815,0.003,0.0,0.12000183108320059,0.24000366216554853,-5.760087891966343,-0.6000091554131386,0.0,0.0,0.0005000000000023874,0.0009999999999976694,-0.02400000000000091,-0.0025000000000000022,0.0,-0.0275396,-0.0068849,0.0206547,-3.6145725,0.0275396,-0.0137698,-0.002201953601926,-0.027706471306123998,0.0024967032966719998,0.009847832723037001,-0.002035103785146,-3.4493284494e-05,0.04831148931672666,5.428077000033227,0.6351609999910579,0.33423700006096624,0.0
pd,00:06:30.048,759,-90.0,-89.998,39.998,-89.939,0.084,0.003,0.0,0.0,0.0,0.0,0.0,0.0,-90.0,-89.997,40.0,-89.987,0.079,0.003,-90.0,-89.9975,39.998999999999995,-89.963,0.0815,0.003,0.0,0.03681927033972424,0.07363854067918688,-1.767324976298392,-0.18409635169774236,0.0,0.0,0.0005000000000023874,0.0009999999999976694,-0.02400000000000091,-0.0025000000000000022,0.0,-0.0275396,-0.0068849,0.0206547,-3.6145725,0.0275396,-0.0137698,-0.002201953601926,-0.027706471306123998,0.0024967032966719998,0.009847832723037001,-0.002035103785146,-3.4493284494e-05,0.04831148931672666,1.8014639999819337,0.1893680000648601,0.08735100027479348,0.0
pd,00:06:30.050,760,-90.0,-89.998,39.998,-89.939,0.084,0.003,0.0,0.0,0.0,0.0,0.0,0.0,-90.0,-89.997,40.0,-89.987,0.079,0.003,-90.0,-89.9975,39.998999999999995,-89.963,0.0815,0.003,0.0,0.11187197268804085,0.22374394537528677,-5.369854689000523,-0.5593598634375339,0.0,0.0,0.0005000000000023874,0.0009999999999976694,-0.02400000000000091,-0.0025000000000000022,0.0,-0.0275396,-0.0068849,0.0206547,-3.6145725,0.0275396,-0.0137698,-0.002201953601926,-0.027706471306123998,0.0024967032966719998,0.009847832723037001,-0.002035103785146,-3.4493284494e-05,0.04831148931672666,1.8327409998164512,0.31807100003788946,0.13814699968861532,0.0
pd,00:06:30.053,761,-90.0,-89.998,39.998,-89.939,0.084,0.003,0.0,0.0,0.0,0.0,0.0,0.0,-90.0,-89.997,40.0,-89.987,0.079,0.003,-90.0,-89.9975,39.998999999999995,-89.963,0.0815,0.003,0.0,0.07805389310741453,0.15610778621427446,-3.74658686913815,-0.3902694655352095,0.0,0.0,0.0005000000000023874,0.0009999999999976694,-0.02400000000000091,-0.0025000000000000022,0.0,-0.0275396,-0.0068849,0.0206547,-3.6145725,0.0275396,-0.0137698,-0.002201953601926,-0.027706471306123998,0.0024967032966719998,0.009847832723037001,-0.002035103785146,-3.4493284494e-05,0.04831148931672666,1.9324630002302001,0.27134899983138894,0.08277699998870958,0.0
pd,00:06:30.056,762,-90.0,-89.998,39.998,-89.939,0.084,0.003,0.0,0.0,0.0,0.0,0.0,0.0,-90.0,-89.997,40.0,-89.987,0.079,0.003,-90.0,-89.9975,39.998999999999995,-89.963,0.0815,0.003,0.0,0.10393259986173127,0.20786519972272405,-4.988764793339469,-0.5196629993061755,0.0,0.0,0.0005000000000023874,0.0009999999999976694,-0.02400000000000091,-0.0025000000000000022,0.0,-0.0275396,-0.0068849,0.0206547,-3.6145725,0.0275396,-0.0137698,-0.002201953601926,-0.027706471306123998,0.0024967032966719998,0.009847832723037001,-0.002035103785146,-3.4493284494e-05,0.04831148931672666,1.7659089999142452,0.1588690001881332,0.07060999996610917,0.0
pd,00:06:30.058,763,-90.0,-89.998,39.998,-89.939,0.084,0.003,0.0,0.0,0.0,0.0,0.0,0.0,-90.0,-89.997,40.0,-89.987,0.079,0.003,-90.0,-89.9975,39.998999999999995,-89.963,0.0815,0.003,0.0,0.12091512915186886,0.24183025830287858,-5.803926199262213,-0.6045756457564581,0.0,0.0,0.0005000000000023874,0.0009999999999976694,-0.02400000000000091,-0.0025000000000000022,0.0,-0.0275396,-0.0068849,0.0206547,-3.6145725,0.0275396,-0.0137698,-0.002201953601926,-0.027706471306123998,0.0024967032966719998,0.009847832723037001,-0.002035103785146,-3.4493284494e-05,0.04831148931672666,1.7954449999706412,0.23392299999613897,0.11427699973864947,0.0
pd,00:06:30.060,764,-90.0,-89.998,39.998,-89.938,0.084,0.003,0.0,0.0,0.0,0.4445944456180223,0.0,0.0,-90.0,-89.997,40.0,-89.987,0.079,0.003,-90.0,-89.9975,39.998999999999995,-90.0069594445618,0.0815,0.003,0.0,0.11114861140608509,0.22229722281138042,-15.329493012684406,-0.5557430570277724,0.0,0.0,0.0005000000000023874,0.0009999999999976694,-0.06895944456179848,-0.0025000000000000022,0.0,-0.0275396,-0.0068849,0.0206547,-3.6145725,0.0275396,-0.0137698,-0.002201953601926,-0.027706471306123998,0.0024967032966719998,0.009847832723037001,-0.002035103785146,-3.4493284494e-05,0.04930517214247682,2.114924000125029,0.23123799974200665,0.1156280000031984,0.0
pd,00:06:30.062,765,-90.0,-89.998,39.998,-89.938,0.084,0.003,0.0,0.0,0.0,0.0,0.0,0.0,-90.0,-89.997,40.0,-89.987,0.079,0.003,-90.0,-89.9975,39.998999999999995,-89.9625,0.0815,0.003,0.0,0.09758734295067537,0.19517468590065734,-4.781779804559517,-0.48793671475104744,0.0,0.0,0.0005000000000023874,0.0009999999999976694,-0.024500000000003297,-0.0025000000000000022,0.0,0.0137698,0.0275396,-0.0,-8.8333267,-0.0275396,-0.0068849,-0.002201953601926,-0.028070573870222,0.00024273504273199999,0.006105311355438001,-0.001414224664254,-0.000327686202693,0.04930517214247682,3.096265999829484,0.2828120000231138,0.10422099967399845,0.0
pd,00:06:30.066,766,-90.0,-89.998,39.998,-89.938,0.084,0.003,0.0,0.0,0.0,0.0,0.0,0.0,-90.0,-89.997,40.0,-89.987,0.079,0.003,-90.0,-89.9975,39.998999999999995,-89.9625,0.0815,0.003,0.0,0.06797899513808796,0.1359579902756929,-3.3309707617498874,-0.33989497568881716,0.0,0.0,0.0005000000000023874,0.0009999999999976694,-0.024500000000003297,-0.0025000000000000022,0.0,0.0137698,0.0275396,-0.0,-8.8333267,-0.0275396,-0.0068849,-0.002201953601926,-0.028070573870222,0.00024273504273199999,0.006105311355438001,-0.001414224664254,-0.000327686202693,0.04930517214247682,2.9523230000449985,0.2109980000568612,0.10412800020276336,0.0
pd,00:06:30.069,767,-90.0,-89.998,39.998,-89.938,0.084,0.003,0.0,0.0,0.0,0.0,0.0,0.0,-90.0,-89.997,40.0,-89.987,0.079,0.003,-90.0,-89.9975,39.998999999999995,-89.9625,0.0815,0.003,0.0,0.07440403037004234,0.14880806073955602,-3.6457974881141,-0.37202015184843573,0.0,0.0,0.0005000000000023874,0.0009999999999976694,-0.024500000000003297,-0.0025000000000000022,0.0,0.0137698,0.0275396,-0.0,-8.8333267,-0.0275396,-0.0068849,-0.002201953601926,-0.028070573870222,0.00024273504273199999,0.006105311355438001,-0.001414224664254,-0.000327686202693,0.04930517214247682,1.939776999734022,0.26010900000983384,0.12931399987792247,0.0
pd,00:06:30.072,768,-90.0,-89.998,39.998,-89.938,0.084,0.003,0.0,0.0,0.0,0.0,0.0,0.0,-90.0,-89.997,40.0,-89.987,0.079,0.003,-90.0,-89.9975,39.998999999999995,-89.9625,0.0815,0.003,0.0,0.10216056118521111,0.20432112236969632,-5.005867498050664,-0.5108028059236169,0.0,0.0,0.0005000000000023874,0.0009999999999976694,-0.024500000000003297,-0.0025000000000000022,0.0,0.0137698,0.0275396,-0.0,-8.8333267,-0.0275396,-0.0068849,-0.002201953601926,-0.028070573870222,0.00024273504273199999,0.006105311355438001,-0.001414224664254,-0.000327686202693,0.04930517214247682,1.9112220002170943,0.1984240002457227,0.08923999985199771,0.0
pd,00:06:30.074,769,-90.0,-89.998,39.998,-89.938,0.084,0.003,0.0,0.0,0.0,0.0,0.0,0.0,-90.0,-89.997,40.0,-89.987,0.079,0.003,-90.0,-89.9975,39.998999999999995,-89.9625,0.0815,0.003,0.0,0.10945469728653516,0.21890939457229258,-5.36328016701378,-0.5472734864300631,0.0,0.0,0.0005000000000023874,0.0009999999999976694,-0.024500000000003297,-0.0025000000000000022,0.0,0.0137698,0.0275396,-0.0,-8.8333267,-0.0275396,-0.0068849,-0.002201953601926,-0.028070573870222,0.00024273504273199999,0.006105311355438001,-0.001414224664254,-0.000327686202693,0.04930517214247682,1.7134280001300795,0.1373129998682998,0.05944400027146912,0.0
pd,00:06:30.076,770,-90.0,-89.998,39.998,-89.938,0.084,0.003,0.0,0.0,0.0,0.0,0.0,0.0,-90.0,-89.997,40.0,-89.987,0.079,0.003,-90.0,-89.9975,39.998999999999995,-89.9625,0.0815,0.003,0.0,0.1266549100138914,0.25330982002688285,-6.2060905906500805,-0.6332745500664337,0.0,0.0,0.0005000000000023874,0.0009999999999976694,-0.024500000000003297,-0.0025000000000000022,0.0,0.0137698,0.0275396,-0.0,-8.8333267,-0.0275396,-0.0068849,-0.002201953601926,-0.028070573870222,0.00024273504273199999,0.006105311355438001,-0.001414224664254,-0.000327686202693,0.04930517214247682,1.7183729996759212,0.15427700009240652,0.08512900012647151,0.0
pd,00:06:30.079,771,-90.0,-89.998,39.999,-89.974,0.087,0.003,0.0,0.0,0.37684672057682184,-13.566481940701323,1.1305401617250632,0.0,-90.0,-89.997,40.0,-89.987,0.079,0.003,-90.0,-89.9975,39.96181532794232,-88.62385180592986,-0.03005401617250633,0.003,0.0,0.09421168014420546,-7.006460860297822,254.39945961281,-22.055711062372325,0.0,0.0,0.0005000000000023874,-0.037184672057684054,1.3501481940701439,-0.11705401617250633,0.0,0.0137698,0.0275396,-0.0,-8.8333267,-0.0275396,-0.0068849,-0.002201953601926,-0.028070573870222,0.00024273504273199999,0.006105311355438001,-0.001414224664254,-0.000327686202693,0.01532970971674843,1.942683999914152,0.23157199984780164,0.09338799964098143,0.0
pd,00:06:30.081,772,-90.0,-89.998,39.999,-89.974,0.087,0.003,0.0,0.0,0.0,0.0,0.0,0.0,-90.0,-89.997,40.0,-89.987,0.079,0.003,-90.0,-89.9975,39.9995,-89.9805,0.08299999999999999,0.003,0.0,0.10528928607340163,0.1052892860726535,-1.36876071894674,-0.8423142885831904,0.0,0.0,0.0005000000000023874,0.000499999999995282,-0.006500000000002615,-0.0040000000000000036,0.0,0.0137698,0.0275396,-0.0,-8.8333267,-0.0275396,-0.0068849,-0.002201953601926,-0.028070573870222,0.00024273504273199999,0.006105311355438001,-0.001414224664254,-0.000327686202693,0.01532970971674843,1.7487420000179554,0.16127700018842006,0.06907299984959536,0.0
pd,00:06:30.083,773,-90.0,-89.998,39.999,-89.974,0.087,0.003,0.0,0.0,0.0,0.0,0.0,0.0,-90.0,-89.997,40.0,-89.987,0.079,0.003,-90.0,-89.9975,39.9995,-89.9805,0.08299999999999999,0.003,0.0,0.1220267659728857,0.12202676597201864,-1.5863479576388435,-0.9762141277784234,0.0,0.0,0.0005000000000023874,0.000499999999995282,-0.006500000000002615,-0.0040000000000000036,0.0,0.0068849,0.0413094,0.0137698,-3.8624289000000003,-0.034424500000000004,-0.0206547,-0.00234065934063,-0.028382661782305998,0.001057631257618,0.002897435897496,-0.0034838217338940005,-3.4493284494e-05,0.01532970971674843,4.623472999810474,0.260331000390579,0.12466499993024627,0.0
pd,00:06:30.088,774,-90.0,-89.998,39.999,-89.974,0.087,0.003,0.0,0.0,0.0,0.0,0.0,0.0,-90.0,-89.997,40.0,-89.987,0.079,0.003,-90.0,-89.9975,39.9995,-89.9805,0.08299999999999999,0.003,0.0,0.04876870843239881,0.048768708432052284,-0.6339932096177193,-0.3901496674573272,0.0,0.0,0.0005000000000023874,0.000499999999995282,-0.006500000000002615,-0.0040000000000000036,0.0,0.0068849,0.0413094,0.0137698,-3.8624289000000003,-0.034424500000000004,-0.0206547,-0.00234065934063,-0.028382661782305998,0.001057631257618,0.002897435897496,-0.0034838217338940005,-3.4493284494e-05,0.01532970971674843,1.994740000100137,0.25481199963905965,0.12672100001509534,0.0
pd,00:06:30.091,775,-90.0,-89.998,39.999,-89.974,0.087,0.003,0.0,0.0,0.0,0.0,0.0,0.0,-90.0,-89.997,40.0,-89.987,0.079,0.003,-90.0,-89.9975,39.9995,-89.9805,0.08299999999999999,0.003,0.0,0.10045755891981288,0.10045755891909908,-1.3059482659504293,-0.803660471354665,0.0,0.0,0.0005000000000023874,0.000499999999995282,-0.006500000000002615,-0.0040000000000000036,0.0,0.0068849,0.0413094,0.0137698,-3.8624289000000003,-0.034424500000000004,-0.0206547,-0.00234065934063,-0.028382661782305998,0.001057631257618,0.002897435897496,-0.0034838217338940005,-3.4493284494e-05,0.01532970971674843,1.8289449999429053,0.4637179999917862,0.1087950004148297,0.0
pd,00:06:30.093,776,-90.0,-89.998,39.999,-89.974,0.087,0.003,0.0,0.0,0.0,0.0,0.0,0.0,-90.0,-89.997,40.0,-89.987,0.079,0.003,-90.0,-89.9975,39.9995,-89.9805,0.08299999999999999,0.003,0.0,0.100284621270563,0.10028462126985044,-1.3037000765101934,-0.8022769701606726,0.0,0.0,0.0005000000000023874,0.000499999999995282,-0.006500000000002615,-0.0040000000000000036,0.0,0.0068849,0.0413094,0.0137698,-3.8624289000000003,-0.034424500000000004,-0.0206547,-0.00234065934063,-0.028382661782305998,0.001057631257618,0.002897435897496,-0.0034838217338940005,-3.4493284494e-05,0.01532970971674843,1.7589829999451467,0.17023899999912828,0.06318399982774281,0.0
pd,00:06:30.095,777,-90.0,-89.998,39.999,-89.974,0.087,0.003,0.0,0.0,0.0,0.0,0.0,0.0,-90.0,-89.997,40.0,-89.987,0.079,0.003,-90.0,-89.9975,39.9995,-89.9805,0.08299999999999999,0.003,0.0,0.12123667476066675,0.12123667475980532,-1.5760767718800535,-0.9698933980807022,0.0,0.0,0.0005000000000023874,0.000499999999995282,-0.006500000000002615,-0.0040000000000000036,0.0,0.0068849,0.0413094,0.0137698,-3.8624289000000003,-0.034424500000000004,-0.0206547,-0.00234065934063,-0.028382661782305998,0.001057631257618,0.002897435897496,-0.0034838217338940005,-3.4493284494e-05,0.01532970971674843,1.77116799977739,0.1438320000488602,0.06440700008170097,0.0
pd,00:06:30.097,778,-90.0,-89.998,39.999,-89.974,0.087,0.003,0.0,0.0,0.0,0.0,0.0,0.0,-90.0,-89.997,40.0,-89.987,0.079,0.003,-90.0,-89.9975,39.9995,-89.9805,0.08299999999999999,0.003,0.0,0.12226865671700173,0.12226865671613295,-1.5894925373123348,-0.9781492537313424,0.0,0.0,0.0005000000000023874,0.000499999999995282,-0.006500000000002615,-0.0040000000000000036,0.0,0.0068849,0.0413094,0.0137698,-3.8624289000000003,-0.034424500000000004,-0.0206547,-0.00234065934063,-0.028382661782305998,0.001057631257618,0.002897435897496,-0.0034838217338940005,-3.4493284494e-05,0.01532970971674843,1.8284640000274521,0.16749799988247105,0.07724000033704215,0.0
pd,00:06:30.100,779,-90.0,-89.998,39.999,-90.099,0.085,0.003,0.0,0.0,0.0,-58.17665335108744,-0.9308264536173934,0.0,-90.0,-89.997,40.0,-89.987,0.079,0.003,-90.0,-89.9975,39.9995,-84.22533466489125,0.17508264536173934,0.003,0.0,0.11635330670273045,0.1163533067019037,1366.840768403682,20.962827328635417,0.0,0.0,0.0005000000000023874,0.000499999999995282,5.873665335108754,0.09008264536173934,0.0,0.0068849,0.0413094,0.0137698,-3.8624289000000003,-0.034424500000000004,-0.0206547,-0.00234065934063,-0.028382661782305998,0.001057631257618,0.002897435897496,-0.0034838217338940005,-3.4493284494e-05,0.11216951457504849,1.7838719995779684,0.16318300004058983,0.07248100018841797,0.0
pd,00:06:30.102,780,-90.0,-89.998,39.999,-90.099,0.085,0.003,0.0,0.0,0.0,0.0,0.0,0.0,-90.0,-89.997,40.0,-89.987,0.079,0.003,-90.0,-89.9975,39.9995,-90.043,0.082,0.003,0.0,0.1194413942368159,0.11944139423596722,13.377436154460579,-0.7166483654174741,0.0,0.0,0.0005000000000023874,0.000499999999995282,0.055999999999997385,-0.0030000000000000027,0.0,0.0068849,0.0413094,0.0137698,-3.8624289000000003,-0.034424500000000004,-0.0206547,-0.00234065934063,-0.028382661782305998,0.001057631257618,0.002897435897496,-0.0034838217338940005,-3.4493284494e-05,0.11216951457504849,1.6661320000821433,0.16688699997757794,0.4429769996932009,0.0
pd,00:06:30.106,781,-90.0,-89.998,39.999,-90.099,0.085,0.003,0.0,0.0,0.0,0.0,0.0,0.0,-90.0,-89.997,40.0,-89.987,0.079,0.003,-90.0,-89.9975,39.9995,-90.043,0.082,0.003,0.0,0.060464536962576795,0.06046453696214717,6.7720281397768085,-0.36278722177372885,0.0,0.0,0.0005000000000023874,0.000499999999995282,0.055999999999997385,-0.0030000000000000027,0.0,-0.0137698,0.0206547,-0.0137698,-0.6747202,0.0068849,0.0137698,-0.0029128205127839997,-0.028053235652884,0.00024273504273199999,0.004691086691184,-0.002862942613002,-0.00020695970696400003,0.11216951457504849,2.905564999764465,0.42766300020957715,0.14110999973127036,0.0
pd,00:06:30.109,782,-90.0,-89.998,39.999,-90.099,0.085,0.003,0.0,0.0,0.0,0.0,0.0,0.0,-90.0,-89.997,40.0,-89.987,0.079,0.003,-90.0,-89.9975,39.9995,-90.043,0.082,0.003,0.0,0.06948353323205929,0.06948353323156559,7.782155721954107,-0.41690119939036546,0.0,0.0,0.0005000000000023874,0.000499999999995282,0.055999999999997385,-0.0030000000000000027,0.0,-0.0137698,0.0206547,-0.0137698,-0.6747202,0.0068849,0.0137698,-0.0029128205127839997,-0.028053235652884,0.00024273504273199999,0.004691086691184,-0.002862942613002,-0.00020695970696400003,0.11216951457504849,1.8765750000966364,0.24470100015605567,0.117406999834202,0.0
pd,00:06:30.112,783,-90.0,-89.998,39.999,-90.099,0.085,0.003,0.0,0.0,0.0,0.0,0.0,0.0,-90.0,-89.997,40.0,-89.987,0.079,0.003,-90.0,-89.9975,39.9995,-90.043,0.082,0.003,0.0,0.10679050819890078,0.106790508198142,11.960536918220738,-0.6407430491903459,0.0,0.0,0.0005000000000023874,0.000499999999995282,0.055999999999997385,-0.0030000000000000027,0.0,-0.0137698,0.0206547,-0.0137698,-0.6747202,0.0068849,0.0137698,-0.0029128205127839997,-0.028053235652884,0.00024273504273199999,0.004691086691184,-0.002862942613002,-0.00020695970696400003,0.11216951457504849,2.088553000248794,0.2810529999806022,0.11622100009844871,0.0
pd,00:06:30.114,784,-90.0,-89.998,39.999,-90.099,0.085,0.003,0.0,0.0,0.0,0.0,0.0,0.0,-90.0,-89.997,40.0,-89.987,0.079,0.003,-90.0,-89.9975,39.9995,-90.043,0.082,0.003,0.0,0.09680354505216089,0.09680354505147307,10.841997045791121,-0.5808212703101926,0.0,0.0,0.0005000000000023874,0.000499999999995282,0.055999999999997385,-0.0030000000000000027,0.0,-0.0137698,0.0206547,-0.0137698,-0.6747202,0.0068849,0.0137698,-0.0029128205127839997,-0.028053235652884,0.00024273504273199999,0.004691086691184,-0.002862942613002,-0.00020695970696400003,0.11216951457504849,1.7381309999109362,0.1439980001123331,0.06377799991241773,0.0
pd,00:06:30.116,785,-90.0,-89.998,39.999,-90.099,0.085,0.003,0.0,0.0,0.0,0.0,0.0,0.0,-90.0,-89.997,40.0,-89.987,0.079,0.003,-90.0,-89.9975,39.9995,-90.043,0.082,0.003,0.0,0.12420942904584302,0.12420942904496046,13.91145605306911,-0.7452565742715003,0.0,0.0,0.0005000000000023874,0.000499999999995282,0.055999999999997385,-0.0030000000000000027,0.0,-0.0137698,0.0206547,-0.0137698,-0.6747202,0.0068849,0.0137698,-0.0029128205127839997,-0.028053235652884,0.00024273504273199999,0.004691086691184,-0.002862942613002,-0.00020695970696400003,0.11216951457504849,2.0017769998048607,0.2009240001825674,0.1126840002143581,0.0
pd,00:06:30.119,786,-90.0,-89.998,39.999,-90.226,0.085,0.003,0.0,0.0,0.0,-52.69851681835976,0.0,0.0,-90.0,-89.997,40.0,-89.987,0.079,0.003,-90.0,-89.9975,39.9995,-84.83664831816402,0.082,0.003,0.0,0.10373723783191599,0.10373723783117889,1118.1529143515716,-0.6224234269885245,0.0,0.0,0.0005000000000023874,0.000499999999995282,5.389351681835976,-0.0030000000000000027,0.0,-0.0137698,0.0206547,-0.0137698,-0.6747202,0.0068849,0.0137698,-0.0029128205127839997,-0.028053235652884,0.00024273504273199999,0.004691086691184,-0.002862942613002,-0.00020695970696400003,0.2390794846907657,1.7850389999694016,0.23351599975285353,0.06679600028292043,0.0
pd,00:06:30.121,787,-90.0,-89.998,39.999,-90.226,0.085,0.003,0.0,0.0,0.0,0.0,0.0,0.0,-90.0,-89.997,40.0,-89.987,0.079,0.003,-90.0,-89.9975,39.9995,-90.1065,0.082,0.003,0.0,0.11574964124130774,0.11574964124048528,27.664164256540957,-0.6944978474445309,0.0,0.0,0.0005000000000023874,0.000499999999995282,0.11950000000000216,-0.0030000000000000027,0.0,-0.0137698,0.0206547,-0.0137698,-0.6747202,0.0068849,0.0137698,-0.0029128205127839997,-0.028053235652884,0.00024273504273199999,0.004691086691184,-0.002862942613002,-0.00020695970696400003,0.2390794846907657,1.7113349999817729,0.1596460001564992,0.07686999970246688,0.0
pd,00:06:30.123,788,-90.0,-89.998,39.999,-90.226,0.085,0.003,0.0,0.0,0.0,0.0,0.0,0.0,-90.0,-89.997,40.0,-89.987,0.079,0.003,-90.0,-89.9975,39.9995,-90.1065,0.082,0.003,0.0,0.1234054372137233,0.12340543721284644,29.49389949393957,-0.740432623278805,0.0,0.0,0.0005000000000023874,0.000499999999995282,0.11950000000000216,-0.0030000000000000027,0.0,0.0,0.0137698,-0.0,2.8503486000000002,-0.8674974,0.0068849,-0.002375335775306,-0.02834798534763,-0.003970451770402,-0.001327991453019,-0.002173076923122,-0.00020695970696400003,0.2390794846907657,3.4373739999864483,0.707714999862219,0.24018300018724403,0.0
pd,00:06:30.128,789,-90.0,-89.998,39.999,-90.226,0.085,0.003,0.0,0.0,0.0,0.0,0.0,0.0,-90.0,-89.997,40.0,-89.987,0.079,0.003,-90.0,-89.9975,39.9995,-90.1065,0.082,0.003,0.0,0.05444602523521506,0.054446025234828194,13.0126000311545,-0.32667615140973083,0.0,0.0,0.0005000000000023874,0.000499999999995282,0.11950000000000216,-0.0030000000000000027,0.0,0.0,0.0137698,-0.0,2.8503486000000002,-0.8674974,0.0068849,-0.002375335775306,-0.02834798534763,-0.003970451770402,-0.001327991453019,-0.002173076923122,-0.00020695970696400003,0.2390794846907657,2.054314000361046,0.24199800009228056,0.11829499999294057,0.0
pd,00:06:30.130,790,-90.0,-89.998,39.999,-90.226,0.085,0.003,0.0,0.0,0.0,0.0,0.0,0.0,-90.0,-89.997,40.0,-89.987,0.079,0.003,-90.0,-89.9975,39.9995,-90.1065,0.082,0.003,0.0,0.09932518708013705,0.0993251870794313,23.738719712039835,-0.5959511224779772,0.0,0.0,0.0005000000000023874,0.000499999999995282,0.11950000000000216,-0.0030000000000000027,0.0,0.0,0.0137698,-0.0,2.8503486000000002,-0.8674974,0.0068849,-0.002375335775306,-0.02834798534763,-0.003970451770402,-0.001327991453019,-0.002173076923122,-0.00020695970696400003,0.2390794846907657,1.746148999700381,0.14718400007041055,0.064277000092261,0.0
pd,00:06:30.133,791,-90.0,-89.998,39.999,-90.226,0.085,0.003,0.0,0.0,0.0,0.0,0.0,0.0,-90.0,-89.997,40.0,-89.987,0.079,0.003,-90.0,-89.9975,39.9995,-90.1065,0.082,0.003,0.0,0.09305786297524021,0.093057862974579,22.240829250976617,-0.5583471778487757,0.0,0.0,0.0005000000000023874,0.000499999999995282,0.11950000000000216,-0.0030000000000000027,0.0,0.0,0.0137698,-0.0,2.8503486000000002,-0.8674974,0.0068849,-0.002375335775306,-0.02834798534763,-0.003970451770402,-0.001327991453019,-0.002173076923122,-0.00020695970696400003,0.2390794846907657,1.9292040001346322,0.22660900003756979,0.0872400000844209,0.0
pd,00:06:30.135,792,-90.0,-89.998,39.999,-90.226,0.085,0.003,0.0,0.0,0.0,0.0,0.0,0.0,-90.0,-89.997,40.0,-89.987,0.079,0.003,-90.0,-89.9975,39.9995,-90.1065,0.082,0.003,0.0,0.10666015664784934,0.10666015664709147,25.49177743871473,-0.6399609398840409,0.0,0.0,0.0005000000000023874,0.000499999999995282,0.11950000000000216,-0.0030000000000000027,0.0,0.0,0.0137698,-0.0,2.8503486000000002,-0.8674974,0.0068849,-0.002375335775306,-0.02834798534763,-0.003970451770402,-0.001327991453019,-0.002173076923122,-0.00020695970696400003,0.2390794846907657,1.7497050002930337,0.15070200015543378,0.06716600000800099,0.0
pd,00:06:30.137,793,-90.0,-89.998,39.999,-90.226,0.085,0.003,0.0,0.0,0.0,0.0,0.0,0.0,-90.0,-89.997,40.0,-89.987,0.079,0.003,-90.0,-89.9975,39.9995,-90.1065,0.082,0.003,0.0,0.12233998366643412,0.12233998366556484,29.239256096138668,-0.7340399019951004,0.0,0.0,0.0005000000000023874,0.000499999999995282,0.11950000000000216,-0.0030000000000000027,0.0,0.0,0.0137698,-0.0,2.8503486000000002,-0.8674974,0.0068849,-0.002375335775306,-0.02834798534763,-0.003970451770402,-0.001327991453019,-0.002173076923122,-0.00020695970696400003,0.2390794846907657,1.838129999669036,0.2569979997133487,0.1322210000580526,0.0
pd,00:06:30.140,794,-90.0,-89.998,39.999,-90.262,0.085,0.003,0.0,0.0,0.0,-13.836245212132843,0.0,0.0,-90.0,-89.997,40.0,-89.987,0.079,0.003,-90.0,-89.9975,39.9995,-88.74087547878672,0.082,0.003,0.0,0.09608503619582212,0.09608503619513939,292.3146093568668,-0.5765102171721804,0.0,0.0,0.0005000000000023874,0.000499999999995282,1.521124521213281,-0.0030000000000000027,0.0,0.0,0.0137698,-0.0,2.8503486000000002,-0.8674974,0.0068849,-0.002375335775306,-0.02834798534763,-0.003970451770402,-0.001327991453019,-0.002173076923122,-0.00020695970696400003,0.27506908223208787,1.8870929998229258,0.21747899972979212,0.08198100022127619,0.0
pd,00:06:30.142,795,-90.0,-89.998,39.999,-90.262,0.085,0.003,0.0,0.0,0.0,0.0,0.0,0.0,-90.0,-89.997,40.0,-89.987,0.079,0.003,-90.0,-89.9975,39.9995,-90.1245,0.082,0.003,0.0,0.11000587494807038,0.11000587494728874,30.25161561057553,-0.6600352496852713,0.0,0.0,0.0005000000000023874,0.000499999999995282,0.13750000000000284,-0.0030000000000000027,0.0,0.0,0.0206547,0.0137698,6.6370436,0.8537276,-0.0275396,-0.003224908424868,-0.027168986568645997,-0.002288644688616,-0.004415140415232,-0.000275946275952,0.000137973137976,0.27506908223208787,3.251060999900801,0.5112550002195348,0.10877700015043956,0.0
pd,00:06:30.146,796,-90.0,-89.998,39.999,-90.262,0.085,0.003,0.0,0.0,0.0,0.0,0.0,0.0,-90.0,-89.997,40.0,-89.987,0.079,0.003,-90.0,-89.9975,39.9995,-90.1245,0.082,0.003,0.0,0.06296997357704821,0.06296997357660078,17.31674273360593,-0.3778198414604856,0.0,0.0,0.0005000000000023874,0.000499999999995282,0.13750000000000284,-0.0030000000000000027,0.0,-0.0206547,0.0206547,0.0137698,6.6370436,0.8537276,-0.0275396,-0.003224908424868,-0.027168986568645997,-0.002288644688616,-0.004415140415232,-0.000275946275952,0.000137973137976,0.27506908223208787,2.8426760000002105,0.25644200013630325,0.12272100002519437,0.0
pd,00:06:30.149,797,-90.0,-89.998,39.999,-90.262,0.085,0.003,0.0,0.0,0.0,0.0,0.0,0.0,-90.0,-89.997,40.0,-89.987,0.079,0.003,-90.0,-89.9975,39.9995,-90.1245,0.082,0.003,0.0,0.0751451913433429,0.07514519134280896,20.664927619321052,-0.45087114805790496,0.0,0.0,0.0005000000000023874,0.000499999999995282,0.13750000000000284,-0.0030000000000000027,0.0,-0.0206547,0.0206547,0.0137698,6.6370436,0.8537276,-0.0275396,-0.003224908424868,-0.027168986568645997,-0.002288644688616,-0.004415140415232,-0.000275946275952,0.000137973137976,0.27506908223208787,1.761724000061804,0.1901460000226507,0.09396199993716436,0.0
pd,00:06:30.151,798,-90.0,-89.998,39.999,-90.262,0.085,0.003,0.0,0.0,0.0,0.0,0.0,0.0,-90.0,-89.997,40.0,-89.987,0.079,0.003,-90.0,-89.9975,39.9995,-90.1245,0.082,0.003,0.0,0.11730350151079615,0.11730350150996266,32.258462915315576,-0.7038210090614169,0.0,0.0,0.0005000000000023874,0.000499999999995282,0.13750000000000284,-0.0030000000000000027,0.0,-0.0206547,0.0206547,0.0137698,6.6370436,0.8537276,-0.0275396,-0.003224908424868,-0.027168986568645997,-0.002288644688616,-0.004415140415232,-0.000275946275952,0.000137973137976,0.27506908223208787,1.8218339996565192,0.17347899984088144,0.07835100041120313,0.0
pd,00:06:30.154,799,-90.0,-89.998,39.999,-90.262,0.085,0.003,0.0,0.0,0.0,0.0,0.0,0.0,-90.0,-89.997,40.0,-89.987,0.079,0.003,-90.0,-89.9975,39.9995,-90.1245,0.082,0.003,0.0,0.11628878784573658,0.1162887878449103,31.979416657425524,-0.6977327270710886,0.0,0.0,0.0005000000000023874,0.000499999999995282,0.13750000000000284,-0.0030000000000000027,0.0,-0.0206547,0.0206547,0.0137698,6.6370436,0.8537276,-0.0275396,-0.003224908424868,-0.027168986568645997,-0.002288644688616,-0.004415140415232,-0.000275946275952,0.000137973137976,0.27506908223208787,1.6511320000063279,0.1308880000578938,0.057110999932774575,0.0
pd,00:06:30.155,800,-90.0,-89.998,39.999,-90.262,0.085,0.003,0.0,0.0,0.0,0.0,0.0,0.0,-90.0,-89.997,40.0,-89.987,0.079,0.003,-90.0,-89.9975,39.9995,-90.1245,0.082,0.003,0.0,0.13133466933930446,0.13133466933837126,36.117034068137016,-0.7880080160320648,0.0,0.0,0.0005000000000023874,0.000499999999995282,0.13750000000000284,-0.0030000000000000027,0.0,-0.0206547,0.0206547,0.0137698,6.6370436,0.8537276,-0.0275396,-0.003224908424868,-0.027168986568645997,-0.002288644688616,-0.004415140415232,-0.000275946275952,0.000137973137976,0.27506908223208787,1.7297239996878488,0.1384799998049857,0.060869999742863,0.0
pd,00:06:30.158,801,-90.0,-89.998,39.999,-90.262,0.085,0.003,0.0,0.0,0.0,0.0,0.0,0.0,-90.0,-89.997,40.0,-89.987,0.079,0.003,-90.0,-89.9975,39.9995,-90.1245,0.082,0.003,0.0,0.09403425701775686,0.09403425701708872,25.8594206797602,-0.5642055421038477,0.0,0.0,0.0005000000000023874,0.000499999999995282,0.13750000000000284,-0.0030000000000000027,0.0,-0.0206547,0.0206547,0.0137698,6.6370436,0.8537276,-0.0275396,-0.003224908424868,-0.027168986568645997,-0.002288644688616,-0.004415140415232,-0.000275946275952,0.000137973137976,0.27506908223208787,1.9015930001842207,0.22838700033389614,0.09088799970413675,0.0
pd,00:06:30.160,802,-90.0,-89.998,39.998,-90.239,0.068,0.003,0.0,0.0,-0.43080361544987955,9.908483155298253,-7.323661462612983,0.0,-90.0,-89.997,40.0,-89.987,0.079,0.003,-90.0,-89.9975,40.04208036154499,-91.10384831552983,0.8058661462612984,0.003,0.0,0.10770090386246989,9.49498956191425,-186.28989057210293,158.93770176295956,0.0,0.0,0.0005000000000023874,0.044080361544992286,-0.8648483155298266,0.7378661462612983,0.0,-0.0206547,0.0206547,0.0137698,6.6370436,0.8537276,-0.0275396,-0.003224908424868,-0.027168986568645997,-0.002288644688616,-0.004415140415232,-0.000275946275952,0.000137973137976,0.2522498761149444,1.8673330000638089,0.18040599979940453,0.08112900013657054,0.0
pd,00:06:30.163,803,-90.0,-89.998,39.998,-90.239,0.068,0.003,0.0,0.0,0.0,0.0,0.0,0.0,-90.0,-89.997,40.0,-89.987,0.079,0.003,-90.0,-89.9975,39.998999999999995,-90.113,0.07350000000000001,0.003,0.0,0.11327384681916461,0.22654769363752436,28.545009398294265,1.2460123150048608,0.0,0.0,0.0005000000000023874,0.0009999999999976694,0.12600000000000477,0.005500000000000005,0.0,0.0137698,0.0550792,0.0137698,11.6905602,0.0137698,0.0068849,-0.002323321123292,-0.02834798534763,-0.00234065934063,-0.003069902319966,-0.001276251526278,0.000137973137976,0.2522498761149444,3.6560200001076737,1.3660980002896395,0.13479500012181234,0.0
pd,00:06:30.168,804,-90.0,-89.998,39.998,-90.239,0.068,0.003,0.0,0.0,0.0,0.0,0.0,0.0,-90.0,-89.997,40.0,-89.987,0.079,0.003,-90.0,-89.9975,39.998999999999995,-90.113,0.07350000000000001,0.003,0.0,0.04691405306272681,0.09382810612512027,11.822341371751152,0.5160545836875305,0.0,0.0,0.0005000000000023874,0.0009999999999976694,0.12600000000000477,0.005500000000000005,0.0,0.0137698,0.0550792,0.0137698,11.6905602,0.0137698,0.0068849,-0.002323321123292,-0.02834798534763,-0.00234065934063,-0.003069902319966,-0.001276251526278,0.000137973137976,0.2522498761149444,2.1026829999755137,0.2122199998666474,0.10044400005426724,0.0
pd,00:06:30.171,805,-90.0,-89.998,39.998,-90.239,0.068,0.003,0.0,0.0,0.0,0.0,0.0,0.0,-90.0,-89.997,40.0,-89.987,0.079,0.003,-90.0,-89.9975,39.998999999999995,-90.113,0.07350000000000001,0.003,0.0,0.09976936251236981,0.19953872502403072,25.1418793529981,1.0974629876308273,0.0,0.0,0.0005000000000023874,0.0009999999999976694,0.12600000000000477,0.005500000000000005,0.0,0.0137698,0.0550792,0.0137698,11.6905602,0.0137698,0.0068849,-0.002323321123292,-0.02834798534763,-0.00234065934063,-0.003069902319966,-0.001276251526278,0.000137973137976,0.2522498761149444,1.7177610002363508,0.13992499998494168,0.06181399976412649,0.0
pd,00:06:30.173,806,-90.0,-89.998,39.998,-90.239,0.068,0.003,0.0,0.0,0.0,0.0,0.0,0.0,-90.0,-89.997,40.0,-89.987,0.079,0.003,-90.0,-89.9975,39.998999999999995,-90.113,0.07350000000000001,0.003,0.0,0.12597020663202868,0.2519404132631623,31.744492071120856,1.3856722729456987,0.0,0.0,0.0005000000000023874,0.0009999999999976694,0.12600000000000477,0.005500000000000005,0.0,0.0137698,0.0550792,0.0137698,11.6905602,0.0137698,0.0068849,-0.002323321123292,-0.02834798534763,-0.00234065934063,-0.003069902319966,-0.001276251526278,0.000137973137976,0.2522498761149444,1.8787589997373288,0.17279500025324523,0.0846099997033889,0.0
pd,00:06:30.175,807,-90.0,-89.998,39.998,-90.239,0.068,0.003,0.0,0.0,0.0,0.0,0.0,0.0,-90.0,-89.997,40.0,-89.987,0.079,0.003,-90.0,-89.9975,39.998999999999995,-90.113,0.07350000000000001,0.003,0.0,0.11278649026621564,0.22557298053162989,28.422195546951706,1.2406513929224476,0.0,0.0,0.0005000000000023874,0.0009999999999976694,0.12600000000000477,0.005500000000000005,0.0,0.0137698,0.0550792,0.0137698,11.6905602,0.0137698,0.0068849,-0.002323321123292,-0.02834798534763,-0.00234065934063,-0.003069902319966,-0.001276251526278,0.000137973137976,0.2522498761149444,1.7290939999838884,0.22214599994185846,0.0809619996289257,0.0
pd,00:06:30.177,808,-90.0,-89.998,39.998,-90.239,0.068,0.003,0.0,0.0,0.0,0.0,0.0,0.0,-90.0,-89.997,40.0,-89.987,0.079,0.003,-90.0,-89.9975,39.998999999999995,-90.113,0.07350000000000001,0.003,0.0,0.11860377785375034,0.23720755570665797,29.888152019003506,1.3046415563850238,0.0,0.0,0.0005000000000023874,0.0009999999999976694,0.12600000000000477,0.005500000000000005,0.0,0.0137698,0.0550792,0.0137698,11.6905602,0.0137698,0.0068849,-0.002323321123292,-0.02834798534763,-0.00234065934063,-0.003069902319966,-0.001276251526278,0.000137973137976,0.2522498761149444,1.6993720000755275,0.14160899991111364,0.06449900001825881,0.0
pd,00:06:30.179,809,-90.0,-89.998,39.998,-90.239,0.068,0.003,0.0,0.0,0.0,0.0,0.0,0.0,-90.0,-89.997,40.0,-89.987,0.079,0.003,-90.0,-89.9975,39.998999999999995,-90.113,0.07350000000000001,0.003,0.0,0.12688480154949258,0.2537696030980836,31.97496999032067,1.3957328170377536,0.0,0.0,0.0005000000000023874,0.0009999999999976694,0.12600000000000477,0.005500000000000005,0.0,0.0137698,0.0550792,0.0137698,11.6905602,0.0137698,0.0068849,-0.002323321123292,-0.02834798534763,-0.00234065934063,-0.003069902319966,-0.001276251526278,0.000137973137976,0.2522498761149444,1.6903729997466144,0.17855400028565782,0.07122099987100228,0.0
pd,00:06:30.181,810,-90.0,-89.998,39.998,-90.141,0.08,0.003,0.0,0.0,0.0,48.71895128600163,5.965585871755362,0.0,-90.0,-89.997,40.0,-89.987,0.079,0.003,-90.0,-89.9975,39.998999999999995,-94.93589512860017,-0.5170585871755363,0.003,0.0,0.12428303899549684,0.24856607799011057,-1191.8482764885714,-148.4085113443582,0.0,0.0,0.0005000000000023874,0.0009999999999976694,-4.79489512860016,-0.5970585871755363,0.0,0.0137698,0.0550792,0.0137698,11.6905602,0.0137698,0.0068849,-0.002323321123292,-0.02834798534763,-0.00234065934063,-0.003069902319966,-0.001276251526278,0.000137973137976,0.1540194792875345,1.7134100003204367,0.15503500026170514,0.06940599996596575,0.0
pd,00:06:30.183,811,-90.0,-89.998,39.998,-90.141,0.08,0.003,0.0,0.0,0.0,0.0,0.0,0.0,-90.0,-89.997,40.0,-89.987,0.079,0.003,-90.0,-89.9975,39.998999999999995,-90.064,0.0795,0.003,0.0,0.09438977405752154,0.1887795481143724,14.536025204789908,-0.09438977405707093,0.0,0.0,0.0005000000000023874,0.0009999999999976694,0.07700000000001239,-0.0005000000000000004,0.0,-0.0275396,-0.034424500000000004,-0.0137698,16.1244358,0.0206547,-0.0,-0.002201953601926,-0.02834798534763,-5.2014652013999995e-05,-0.002518009768062,-0.001431471306501,-0.000603632478645,0.1540194792875345,4.5059189997118665,0.28045999988535186,0.13823900007992052,0.0
pd,00:06:30.189,812,-90.0,-89.998,39.998,-90.141,0.08,0.003,0.0,0.0,0.0,0.0,0.0,0.0,-90.0,-89.997,40.0,-89.987,0.079,0.003,-90.0,-89.9975,39.998999999999995,-90.064,0.0795,0.003,0.0,0.049435481589977216,0.09887096317960317,7.613064164820663,-0.04943548158974122,0.0,0.0,0.0005000000000023874,0.0009999999999976694,0.07700000000001239,-0.0005000000000000004,0.0,-0.0275396,-0.034424500000000004,-0.0137698,16.1244358,0.0206547,-0.0,-0.002201953601926,-0.02834798534763,-5.2014652013999995e-05,-0.002518009768062,-0.001431471306501,-0.000603632478645,0.1540194792875345,2.1645530000569124,0.2508309999029734,0.11994299984507961,0.0
pd,00:06:30.191,813,-90.0,-89.998,39.998,-90.141,0.08,0.003,0.0,0.0,0.0,0.0,0.0,0.0,-90.0,-89.997,40.0,-89.987,0.079,0.003,-90.0,-89.9975,39.998999999999995,-90.064,0.0795,0.003,0.0,0.09440677050553765,0.1888135410104045,14.538642657784377,-0.09440677050508696,0.0,0.0,0.0005000000000023874,0.0009999999999976694,0.07700000000001239,-0.0005000000000000004,0.0,-0.0275396,-0.034424500000000004,-0.0137698,16.1244358,0.0206547,-0.0,-0.002201953601926,-0.02834798534763,-5.2014652013999995e-05,-0.002518009768062,-0.001431471306501,-0.000603632478645,0.1540194792875345,1.9138889997520891,0.186202000350022,0.08253600026364438,0.0
pd,00:06:30.193,814,-90.0,-89.998,39.998,-90.141,0.08,0.003,0.0,0.0,0.0,0.0,0.0,0.0,-90.0,-89.997,40.0,-89.987,0.079,0.003,-90.0,-89.9975,39.998999999999995,-90.064,0.0795,0.003,0.0,0.11048108734643418,0.22096217469208335,17.014087451270793,-0.11048108734590675,0.0,0.0,0.0005000000000023874,0.0009999999999976694,0.07700000000001239,-0.0005000000000000004,0.0,-0.0275396,-0.034424500000000004,-0.0137698,16.1244358,0.0206547,-0.0,-0.002201953601926,-0.02834798534763,-5.2014652013999995e-05,-0.002518009768062,-0.001431471306501,-0.000603632478645,0.1540194792875345,2.091146000111621,0.19662800013975357,0.0940549998631468,0.0
pd,00:06:30.196,815,-90.0,-89.998,39.998,-90.141,0.08,0.003,0.0,0.0,0.0,0.0,0.0,0.0,-90.0,-89.997,40.0,-89.987,0.079,0.003,-90.0,-89.9975,39.998999999999995,-90.064,0.0795,0.003,0.0,0.10135086023632388,0.2027017204719276,15.608032476320423,-0.10135086023584003,0.0,0.0,0.0005000000000023874,0.0009999999999976694,0.07700000000001239,-0.0005000000000000004,0.0,-0.0275396,-0.034424500000000004,-0.0137698,16.1244358,0.0206547,-0.0,-0.002201953601926,-0.02834798534763,-5.2014652013999995e-05,-0.002518009768062,-0.001431471306501,-0.000603632478645,0.1540194792875345,1.778353000190691,0.14862900025036652,0.06623999979638029,0.0
pd,00:06:30.198,816,-90.0,-89.998,39.998,-90.141,0.08,0.003,0.0,0.0,0.0,0.0,0.0,0.0,-90.0,-89.997,40.0,-89.987,0.079,0.003,-90.0,-89.9975,39.998999999999995,-90.064,0.0795,0.003,0.0,0.12123667476066675,0.2424733495204721,18.670447913054815,-0.12123667476008798,0.0,0.0,0.0005000000000023874,0.0009999999999976694,0.07700000000001239,-0.0005000000000000004,0.0,-0.0275396,-0.034424500000000004,-0.0137698,16.1244358,0.0206547,-0.0,-0.002201953601926,-0.02834798534763,-5.2014652013999995e-05,-0.002518009768062,-0.001431471306501,-0.000603632478645,0.1540194792875345,1.8067780001729261,0.18512800033931853,0.08985100021163817,0.0
pd,00:06:30.200,817,-90.0,-89.998,39.998,-89.961,0.079,0.003,0.0,0.0,0.0,83.20197487326743,-0.4622331937403575,0.0,-90.0,-89.997,40.0,-89.987,0.079,0.003,-90.0,-89.9975,39.998999999999995,-97.961,0.12522331937403575,0.003,0.0,0.11555829843564104,0.231116596870461,-1848.9327749614283,10.682976269770535,0.0,0.0,0.0005000000000023874,0.0009999999999976694,-8.0,0.046223319374035746,0.0,-0.0275396,-0.034424500000000004,-0.0137698,16.1244358,0.0206547,-0.0,-0.002201953601926,-0.02834798534763,-5.2014652013999995e-05,-0.002518009768062,-0.001431471306501,-0.000603632478645,0.02609597670139641,1.798834000055649,0.2071090002573328,0.07340599995586672,0.0
pd,00:06:30.202,818,-90.0,-89.998,39.998,-89.961,0.079,0.003,0.0,0.0,0.0,0.0,0.0,0.0,-90.0,-89.997,40.0,-89.987,0.079,0.003,-90.0,-89.9975,39.998999999999995,-89.97399999999999,0.079,0.003,0.0,0.11621145960379106,0.2324229192067564,-3.0214979496837047,0.0,0.0,0.0,0.0005000000000023874,0.0009999999999976694,-0.012999999999991019,0.0,0.0,-0.0137698,0.0068849,0.0275396,11.9728411,3.7660403000000002,-0.0,-0.0025140415140099998,-0.027758485958138,0.0041264957264439996,0.001517704517736,0.0038115079365870002,0.00020695970696400003,0.02609597670139641,3.444688999934442,0.31962699995347066,0.12149900021540816,0.0
pd,00:06:30.206,819,-90.0,-89.998,39.998,-89.961,0.079,0.003,0.0,0.0,0.0,0.0,0.0,0.0,-90.0,-89.997,40.0,-89.987,0.079,0.003,-90.0,-89.9975,39.998999999999995,-89.97399999999999,0.079,0.003,0.0,0.06241895350943549,0.12483790701842747,-1.6228927912373394,0.0,0.0,0.0,0.0005000000000023874,0.0009999999999976694,-0.012999999999991019,0.0,0.0,-0.0137698,0.0068849,0.0275396,11.9728411,3.7660403000000002,-0.0,-0.0025140415140099998,-0.027758485958138,0.0041264957264439996,0.001517704517736,0.0038115079365870002,0.00020695970696400003,0.02609597670139641,2.702714999941236,0.18009099994742428,0.08198000023185159,0.0
pd,00:06:30.209,820,-90.0,-89.998,39.998,-89.961,0.079,0.003,0.0,0.0,0.0,0.0,0.0,0.0,-90.0,-89.997,40.0,-89.987,0.079,0.003,-90.0,-89.9975,39.998999999999995,-89.97399999999999,0.079,0.003,0.0,0.08213817953979373,0.16427635907900384,-2.135592668024132,0.0,0.0,0.0,0.0005000000000023874,0.0009999999999976694,-0.012999999999991019,0.0,0.0,-0.0137698,0.0068849,0.0275396,11.9728411,3.7660403000000002,-0.0,-0.0025140415140099998,-0.027758485958138,0.0041264957264439996,0.001517704517736,0.0038115079365870002,0.00020695970696400003,0.02609597670139641,1.730372999645624,0.16046100017774734,0.07264799978656811,0.0
pd,00:06:30.212,821,-90.0,-89.998,39.998,-89.961,0.079,0.003,0.0,0.0,0.0,0.0,0.0,0.0,-90.0,-89.997,40.0,-89.987,0.079,0.003,-90.0,-89.9975,39.998999999999995,-89.97399999999999,0.079,0.003,0.0,0.09181926444877468,0.18363852889689694,-2.3873008756563983,0.0,0.0,0.0,0.0005000000000023874,0.0009999999999976694,-0.012999999999991019,0.0,0.0,-0.0137698,0.0068849,0.0275396,11.9728411,3.7660403000000002,-0.0,-0.0025140415140099998,-0.027758485958138,0.0041264957264439996,0.001517704517736,0.0038115079365870002,0.00020695970696400003,0.02609597670139641,1.9535739997991186,0.23288700003831764,0.09798100018088007,0.0
pd,00:06:30.214,822,-90.0,-89.998,39.998,-89.961,0.079,0.003,0.0,0.0,0.0,0.0,0.0,0.0,-90.0,-89.997,40.0,-89.987,0.079,0.003,-90.0,-89.9975,39.998999999999995,-89.97399999999999,0.079,0.003,0.0,0.10470054917673557,0.20940109835272722,-2.722214278581734,0.0,0.0,0.0,0.0005000000000023874,0.0009999999999976694,-0.012999999999991019,0.0,0.0,-0.0137698,0.0068849,0.0275396,11.9728411,3.7660403000000002,-0.0,-0.0025140415140099998,-0.027758485958138,0.0041264957264439996,0.001517704517736,0.0038115079365870002,0.00020695970696400003,0.02609597670139641,1.725094999983412,0.14949900014471496,0.06286899997576256,0.0
pd,00:06:30.216,823,-90.0,-89.998,39.998,-89.961,0.079,0.003,0.0,0.0,0.0,0.0,0.0,0.0,-90.0,-89.997,40.0,-89.987,0.079,0.003,-90.0,-89.9975,39.998999999999995,-89.97399999999999,0.079,0.003,0.0,0.12477106139992941,0.24954212279897228,-3.244047596382207,0.0,0.0,0.0,0.0005000000000023874,0.0009999999999976694,-0.012999999999991019,0.0,0.0,-0.0137698,0.0068849,0.0275396,11.9728411,3.7660403000000002,-0.0,-0.0025140415140099998,-0.027758485958138,0.0041264957264439996,0.001517704517736,0.0038115079365870002,0.00020695970696400003,0.02609597670139641,1.8060010002045601,0.23083099995346856,0.11194399985470227,0.0
pd,00:06:30.219,824,-90.0,-89.998,39.998,-89.961,0.079,0.003,0.0,0.0,0.0,0.0,0.0,0.0,-90.0,-89.997,40.0,-89.987,0.079,0.003,-90.0,-89.9975,39.998999999999995,-89.97399999999999,0.079,0.003,0.0,0.11113683094912631,0.22227366189746295,-2.88955760466307,0.0,0.0,0.0,0.0005000000000023874,0.0009999999999976694,-0.012999999999991019,0.0,0.0,-0.0137698,0.0068849,0.0275396,11.9728411,3.7660403000000002,-0.0,-0.0025140415140099998,-0.027758485958138,0.0041264957264439996,0.001517704517736,0.0038115079365870002,0.00020695970696400003,0.02609597670139641,2.3637730000700685,0.23868300013418775,0.11781300008806284,0.0
pd,00:06:30.222,825,-90.0,-89.998,39.998,-89.679,0.079,0.003,0.0,0.0,0.0,99.9234373574373,0.0,0.0,-90.0,-89.997,40.0,-89.987,0.079,0.003,-90.0,-89.9975,39.998999999999995,-97.679,0.079,0.003,0.0,0.08858460758680466,0.1771692151729799,-1417.3537213821069,0.0,0.0,0.0,0.0005000000000023874,0.0009999999999976694,-8.0,0.0,0.0,-0.0137698,0.0068849,0.0275396,11.9728411,3.7660403000000002,-0.0,-0.0025140415140099998,-0.027758485958138,0.0041264957264439996,0.001517704517736,0.0038115079365870002,0.00020695970696400003,0.30800811677615825,1.9570919998841418,0.832158999855892,0.42766200022015255,0.0
pd,00:06:30.225,826,-90.0,-89.998,39.998,-89.679,0.079,0.003,0.0,0.0,0.0,0.0,0.0,0.0,-90.0,-89.997,40.0,-89.987,0.079,0.003,-90.0,-89.9975,39.998999999999995,-89.833,0.079,0.003,0.0,0.07020930699732218,0.14041861399414549,-21.624466555071468,0.0,0.0,0.0,0.0005000000000023874,0.0009999999999976694,-0.15399999999999636,0.0,0.0,-0.0137698,0.0275396,0.0068849,7.8419011,-0.4268638,-0.0206547,-0.0025140415140099998,-0.0277411477408,0.001595115995096,0.0028456959707550003,0.000776098901115,0.000776098901115,0.30800811677615825,3.1153959998846403,0.21197899968683487,0.09014700026455102,0.0
pd,00:06:30.229,827,-90.0,-89.998,39.998,-89.679,0.079,0.003,0.0,0.0,0.0,0.0,0.0,0.0,-90.0,-89.997,40.0,-89.987,0.079,0.003,-90.0,-89.9975,39.998999999999995,-89.833,0.079,0.003,0.0,0.07135597141919066,0.1427119428378743,-21.977639197005264,0.0,0.0,0.0,0.0005000000000023874,0.0009999999999976694,-0.15399999999999636,0.0,0.0,-0.0137698,0.0275396,0.0068849,7.8419011,-0.4268638,-0.0206547,-0.0025140415140099998,-0.0277411477408,0.001595115995096,0.0028456959707550003,0.000776098901115,0.000776098901115,0.30800811677615825,1.7967420003515144,0.17629399962970638,0.07640600006197928,0.0
pd,00:06:30.231,828,-90.0,-89.998,39.998,-89.679,0.079,0.003,0.0,0.0,0.0,0.0,0.0,0.0,-90.0,-89.997,40.0,-89.987,0.079,0.003,-90.0,-89.9975,39.998999999999995,-89.833,0.079,0.003,0.0,0.11747434461180896,0.23494868922278322,-36.18209814026354,0.0,0.0,0.0,0.0005000000000023874,0.0009999999999976694,-0.15399999999999636,0.0,0.0,-0.0137698,0.0275396,0.0068849,7.8419011,-0.4268638,-0.0206547,-0.0025140415140099998,-0.0277411477408,0.001595115995096,0.0028456959707550003,0.000776098901115,0.000776098901115,0.30800811677615825,1.7202429999088054,0.13699900000574416,0.06403600036719581,0.0
pd,00:06:30.233,829,-90.0,-89.998,39.998,-89.679,0.079,0.003,0.0,0.0,0.0,0.0,0.0,0.0,-90.0,-89.997,40.0,-89.987,0.079,0.003,-90.0,-89.9975,39.998999999999995,-89.833,0.079,0.003,0.0,0.12390121706309899,0.2478024341253176,-38.161574855251374,0.0,0.0,0.0,0.0005000000000023874,0.0009999999999976694,-0.15399999999999636,0.0,0.0,-0.0137698,0.0275396,0.0068849,7.8419011,-0.4268638,-0.0206547,-0.0025140415140099998,-0.0277411477408,0.001595115995096,0.0028456959707550003,0.000776098901115,0.000776098901115,0.30800811677615825,1.6482060000271304,0.1453320001019165,0.06309199989118497,0.0
pd,00:06:30.235,830,-90.0,-89.998,39.998,-89.679,0.079,0.003,0.0,0.0,0.0,0.0,0.0,0.0,-90.0,-89.997,40.0,-89.987,0.079,0.003,-90.0,-89.9975,39.998999999999995,-89.833,0.079,0.003,0.0,0.1298224588343453,0.2596449176677681,-39.98531732078648,0.0,0.0,0.0,0.0005000000000023874,0.0009999999999976694,-0.15399999999999636,0.0,0.0,-0.0137698,0.0275396,0.0068849,7.8419011,-0.4268638,-0.0206547,-0.0025140415140099998,-0.0277411477408,0.001595115995096,0.0028456959707550003,0.000776098901115,0.000776098901115,0.30800811677615825,1.6524279999430291,0.1287210002374195,0.055962999795156065,0.0
pd,00:06:30.237,831,-90.0,-89.998,39.998,-89.679,0.079,0.003,0.0,0.0,0.0,0.0,0.0,0.0,-90.0,-89.997,40.0,-89.987,0.079,0.003,-90.0,-89.9975,39.998999999999995,-89.833,0.079,0.003,0.0,0.09741508732859595,0.1948301746564997,-30.00384689706358,0.0,0.0,0.0,0.0005000000000023874,0.0009999999999976694,-0.15399999999999636,0.0,0.0,-0.0137698,0.0275396,0.0068849,7.8419011,-0.4268638,-0.0206547,-0.0025140415140099998,-0.0277411477408,0.001595115995096,0.0028456959707550003,0.000776098901115,0.000776098901115,0.30800811677615825,1.8960180000249238,0.2287380002599093,0.08342499995706021,0.0
pd,00:06:30.240,832,-90.0,-89.998,39.998,-89.679,0.079,0.003,0.0,0.0,0.0,0.0,0.0,0.0,-90.0,-89.997,40.0,-89.987,0.079,0.003,-90.0,-89.9975,39.998999999999995,-89.833,0.079,0.003,0.0,0.10821217750309668,0.21642435500542445,-33.32935067079384,0.0,0.0,0.0,0.0005000000000023874,0.0009999999999976694,-0.15399999999999636,0.0,0.0,-0.0137698,0.0275396,0.0068849,7.8419011,-0.4268638,-0.0206547,-0.0025140415140099998,-0.0277411477408,0.001595115995096,0.0028456959707550003,0.000776098901115,0.000776098901115,0.30800811677615825,1.7642430002524634,0.21651599990946124,0.15883199966992834,0.0
pd,00:06:30.242,833,-90.0,-89.998,39.999,-89.408,0.116,0.003,0.0,0.0,0.4454443500446078,120.71541886151267,16.481440951571795,0.0,-90.0,-89.997,40.0,-89.987,0.079,0.003,-90.0,-89.9975,39.954955564995544,-97.408,-1.5506440951571794,0.003,0.0,0.11136108751115195,-9.809672361775425,-1781.7774001699236,-371.19859785971425,0.0,0.0,0.0005000000000023874,-0.04404443500445865,-8.0,-1.6666440951571795,0.0,-0.0137698,0.0275396,0.0068849,7.8419011,0.13769800000000001,0.0137698,-0.0025140415140099998,-0.0277411477408,0.001595115995096,0.001534951159983,0.001052045177067,0.000396672771681,0.5801827298360341,2.7241770003456622,1.4845789996797976,0.13347999993129633,0.0
pd,00:06:30.246,834,-90.0,-89.998,39.999,-89.408,0.116,0.003,0.0,0.0,0.0,0.0,0.0,0.0,-90.0,-89.997,40.0,-89.987,0.079,0.003,-90.0,-89.9975,39.9995,-89.69749999999999,0.0975,0.003,0.0,0.05534550828697386,0.05534550828658061,-32.0450492980045,-2.047783806608255,0.0,0.0,0.0005000000000023874,0.000499999999995282,-0.28949999999998965,-0.018500000000000003,0.0,0.0275396,-0.0068849,0.0206547,2.8710033,0.13769800000000001,0.0137698,-0.002375335775306,-0.027463736263391998,0.001352380952364,0.001534951159983,0.001052045177067,0.000396672771681,0.5801827298360341,2.722141000049305,0.21047999962320318,0.09136900007433724,0.0
pd,00:06:30.249,835,-90.0,-89.998,39.999,-89.408,0.116,0.003,0.0,0.0,0.0,0.0,0.0,0.0,-90.0,-89.997,40.0,-89.987,0.079,0.003,-90.0,-89.9975,39.9995,-89.69749999999999,0.0975,0.003,0.0,0.08044311469160007,0.08044311469102848,-46.576563406213516,-2.976395243574991,0.0,0.0,0.0005000000000023874,0.000499999999995282,-0.28949999999998965,-0.018500000000000003,0.0,0.0275396,-0.0068849,0.0206547,2.8710033,0.13769800000000001,0.0137698,-0.002375335775306,-0.027463736263391998,0.001352380952364,0.001534951159983,0.001052045177067,0.000396672771681,0.5801827298360341,1.849500999924203,0.1935530003720487,0.09094400002140901,0.0
pd,00:06:30.252,836,-90.0,-89.998,39.999,-89.408,0.116,0.003,0.0,0.0,0.0,0.0,0.0,0.0,-90.0,-89.997,40.0,-89.987,0.079,0.003,-90.0,-89.9975,39.9995,-89.69749999999999,0.0975,0.003,0.0,0.1127986230642219,0.11279862306342042,-65.3104027538719,-4.1735490533562825,0.0,0.0,0.0005000000000023874,0.000499999999995282,-0.28949999999998965,-0.018500000000000003,0.0,0.0275396,-0.0068849,0.0206547,2.8710033,0.13769800000000001,0.0137698,-0.002375335775306,-0.027463736263391998,0.001352380952364,0.001534951159983,0.001052045177067,0.000396672771681,0.5801827298360341,1.7536489999656624,0.1647209996917809,0.07214799961730023,0.0
pd,00:06:30.254,837,-90.0,-89.998,39.999,-89.408,0.116,0.003,0.0,0.0,0.0,0.0,0.0,0.0,-90.0,-89.997,40.0,-89.987,0.079,0.003,-90.0,-89.9975,39.9995,-89.69749999999999,0.0975,0.003,0.0,0.12099884606565968,0.12099884606479994,-70.05833187168166,-4.476957304408032,0.0,0.0,0.0005000000000023874,0.000499999999995282,-0.28949999999998965,-0.018500000000000003,0.0,0.0275396,-0.0068849,0.0206547,2.8710033,0.13769800000000001,0.0137698,-0.002375335775306,-0.027463736263391998,0.001352380952364,0.001534951159983,0.001052045177067,0.000396672771681,0.5801827298360341,1.6454470001008303,0.12959100013176794,0.05727699999624747,0.0
pd,00:06:30.256,838,-90.0,-89.998,39.999,-89.408,0.116,0.003,0.0,0.0,0.0,0.0,0.0,0.0,-90.0,-89.997,40.0,-89.987,0.079,0.003,-90.0,-89.9975,39.9995,-89.69749999999999,0.0975,0.003,0.0,0.13197935808747727,0.1319793580865395,-76.4160483322836,-4.8832362492133425,0.0,0.0,0.0005000000000023874,0.000499999999995282,-0.28949999999998965,-0.018500000000000003,0.0,0.0275396,-0.0068849,0.0206547,2.8710033,0.13769800000000001,0.0137698,-0.002375335775306,-0.027463736263391998,0.001352380952364,0.001534951159983,0.001052045177067,0.000396672771681,0.5801827298360341,1.682724000147573,0.15807299996595248,0.07957300022098934,0.0
pd,00:06:30.258,839,-90.0,-89.998,39.999,-89.408,0.116,0.003,0.0,0.0,0.0,0.0,0.0,0.0,-90.0,-89.997,40.0,-89.987,0.079,0.003,-90.0,-89.9975,39.9995,-89.69749999999999,0.0975,0.003,0.0,0.12527789725268898,0.12527789725179883,-72.53590250895977,-4.63528219832736,0.0,0.0,0.0005000000000023874,0.000499999999995282,-0.28949999999998965,-0.018500000000000003,0.0,0.0275396,-0.0068849,0.0206547,2.8710033,0.13769800000000001,0.0137698,-0.002375335775306,-0.027463736263391998,0.001352380952364,0.001534951159983,0.001052045177067,0.000396672771681,0.5801827298360341,1.6464099999211612,0.1456099998904392,0.06316600001810002,0.0
pd,00:06:30.259,840,-90.0,-89.998,39.999,-89.408,0.116,0.003,0.0,0.0,0.0,0.0,0.0,0.0,-90.0,-89.997,40.0,-89.987,0.079,0.003,-90.0,-89.9975,39.9995,-89.69749999999999,0.0975,0.003,0.0,0.13009627791625394,0.13009627791532954,-75.32574491315052,-4.813562282878412,0.0,0.0,0.0005000000000023874,0.000499999999995282,-0.28949999999998965,-0.018500000000000003,0.0,0.0275396,-0.0068849,0.0206547,2.8710033,0.13769800000000001,0.0137698,-0.002375335775306,-0.027463736263391998,0.001352380952364,0.001534951159983,0.001052045177067,0.000396672771681,0.5801827298360341,1.9124439995721332,0.24951600016720477,0.12316599986661458,0.0
pd,00:06:30.263,841,-90.0,-89.998,39.999,-89.214,0.144,0.003,0.0,0.0,0.0,62.591921230770076,9.033885538461533,0.0,-90.0,-89.997,40.0,-89.987,0.079,0.003,-90.0,-89.9975,39.9995,-95.85969212307701,-0.7918885538461533,0.003,0.0,0.08065969230807744,0.08065969230750432,-1072.0789636380914,-150.9769655750437,0.0,0.0,0.0005000000000023874,0.000499999999995282,-6.645692123077012,-0.9358885538461533,0.0,0.0,-0.0413094,0.0275396,-0.46128830000000004,-0.0826188,0.0137698,-0.002323321123292,-0.027463736263391998,0.001283028083012,-0.001431471306501,0.0018798840049230002,-0.00043116605617500006,0.7757293342397167,3.415837000375177,0.3176629998051794,0.10753600008683861,0.0
pd,00:06:30.267,842,-90.0,-89.998,39.999,-89.214,0.144,0.003,0.0,0.0,0.0,0.0,0.0,0.0,-90.0,-89.997,40.0,-89.987,0.079,0.003,-90.0,-89.9975,39.9995,-89.6005,0.11149999999999999,0.003,0.0,0.05980926306211538,0.059809263061690404,-46.2325603467942,-3.887602099018936,0.0,0.0,0.0005000000000023874,0.000499999999995282,-0.38649999999999807,-0.0325,0.0,0.0,-0.0413094,0.0275396,-0.46128830000000004,-0.0826188,0.0137698,-0.002323321123292,-0.027463736263391998,0.001283028083012,-0.001431471306501,0.0018798840049230002,-0.00043116605617500006,0.7757293342397167,2.5065499999072927,0.49838399991131155,0.1377400003548246,0.0
pd,00:06:30.270,843,-90.0,-89.998,39.999,-89.214,0.144,0.003,0.0,0.0,0.0,0.0,0.0,0.0,-90.0,-89.997,40.0,-89.987,0.079,0.003,-90.0,-89.9975,39.9995,-89.6005,0.11149999999999999,0.003,0.0,0.07648814647348506,0.07648814647294158,-59.125337223721345,-4.971729520752789,0.0,0.0,0.0005000000000023874,0.000499999999995282,-0.38649999999999807,-0.0325,0.0,0.0,-0.0413094,0.0275396,-0.46128830000000004,-0.0826188,0.0137698,-0.002323321123292,-0.027463736263391998,0.001283028083012,-0.001431471306501,0.0018798840049230002,-0.00043116605617500006,0.7757293342397167,2.0532769999590528,0.21575699975073803,0.09816600004342035,0.0
pd,00:06:30.272,844,-90.0,-89.998,39.999,-89.214,0.144,0.003,0.0,0.0,0.0,0.0,0.0,0.0,-90.0,-89.997,40.0,-89.987,0.079,0.003,-90.0,-89.9975,39.9995,-89.6005,0.11149999999999999,0.003,0.0,0.10183315528843419,0.10183315528771061,-78.71702903758337,-6.619155093716615,0.0,0.0,0.0005000000000023874,0.000499999999995282,-0.38649999999999807,-0.0325,0.0,0.0,-0.0413094,0.0275396,-0.46128830000000004,-0.0826188,0.0137698,-0.002323321123292,-0.027463736263391998,0.001283028083012,-0.001431471306501,0.0018798840049230002,-0.00043116605617500006,0.7757293342397167,1.7508529999759048,0.16668400030539487,0.08038800024223747,0.0
pd,00:06:30.275,845,-90.0,-89.998,39.999,-89.214,0.144,0.003,0.0,0.0,0.0,0.0,0.0,0.0,-90.0,-89.997,40.0,-89.987,0.079,0.003,-90.0,-89.9975,39.9995,-89.6005,0.11149999999999999,0.003,0.0,0.12051212504367392,0.12051212504281764,-93.15587265831466,-7.833288127801401,0.0,0.0,0.0005000000000023874,0.000499999999995282,-0.38649999999999807,-0.0325,0.0,0.0,-0.0413094,0.0275396,-0.46128830000000004,-0.0826188,0.0137698,-0.002323321123292,-0.027463736263391998,0.001283028083012,-0.001431471306501,0.0018798840049230002,-0.00043116605617500006,0.7757293342397167,1.8129999998564017,0.17438700024285936,0.08651799998915521,0.0
pd,00:06:30.277,846,-90.0,-89.998,39.999,-89.214,0.144,0.003,0.0,0.0,0.0,0.0,0.0,0.0,-90.0,-89.997,40.0,-89.987,0.079,0.003,-90.0,-89.9975,39.9995,-89.6005,0.11149999999999999,0.003,0.0,0.11353139887451351,0.11353139887370682,-87.75977132957946,-7.379540926808141,0.0,0.0,0.0005000000000023874,0.000499999999995282,-0.38649999999999807,-0.0325,0.0,0.0,-0.0413094,0.0275396,-0.46128830000000004,-0.0826188,0.0137698,-0.002323321123292,-0.027463736263391998,0.001283028083012,-0.001431471306501,0.0018798840049230002,-0.00043116605617500006,0.7757293342397167,1.7007610003929585,0.14046200021766708,0.05866599985893117,0.0
pd,00:06:30.279,847,-90.0,-89.998,39.999,-89.214,0.144,0.003,0.0,0.0,0.0,0.0,0.0,0.0,-90.0,-89.997,40.0,-89.987,0.079,0.003,-90.0,-89.9975,39.9995,-89.6005,0.11149999999999999,0.003,0.0,0.12723892731525382,0.12723892731434974,-98.35569081422108,-8.270530275452007,0.0,0.0,0.0005000000000023874,0.000499999999995282,-0.38649999999999807,-0.0325,0.0,0.0,-0.0413094,0.0275396,-0.46128830000000004,-0.0826188,0.0137698,-0.002323321123292,-0.027463736263391998,0.001283028083012,-0.001431471306501,0.0018798840049230002,-0.00043116605617500006,0.7757293342397167,1.81713000029049,0.3002379999088589,0.12738799978251336,0.0
pd,00:06:30.281,848,-90.0,-89.998,39.999,-89.112,0.146,0.003,0.0,0.0,0.0,43.31467125645603,0.8493072795383221,0.0,-90.0,-89.997,40.0,-89.987,0.079,0.003,-90.0,-89.9975,39.9995,-93.8809671256456,0.02756927204616777,0.003,0.0,0.10616340994279708,0.10616340994204275,-1012.5796239224388,-25.146019843053068,0.0,0.0,0.0005000000000023874,0.000499999999995282,-4.768967125645602,-0.11843072795383222,0.0,0.0,-0.0413094,0.0275396,-0.46128830000000004,-0.0826188,0.0137698,-0.002323321123292,-0.027463736263391998,0.001283028083012,-0.001431471306501,0.0018798840049230002,-0.00043116605617500006,0.8775625333843737,1.7520379997222335,0.20779499982381822,0.08846199989420711,0.0
pd,00:06:30.283,849,-90.0,-89.998,39.999,-89.112,0.146,0.003,0.0,0.0,0.0,0.0,0.0,0.0,-90.0,-89.997,40.0,-89.987,0.079,0.003,-90.0,-89.9975,39.9995,-89.5495,0.11249999999999999,0.003,0.0,0.11701551166220364,0.1170155116613722,-102.38857270393929,-7.840039281330207,0.0,0.0,0.0005000000000023874,0.000499999999995282,-0.4375,-0.0335,0.0,-0.0481943,0.0137698,0.0275396,-1.5422176,-0.0206547,-0.0275396,-0.002201953601926,-0.027446398046053998,0.002201953601926,0.002518009768062,-0.000603632478645,0.000275946275952,0.8775625333843737,3.2432470002277114,0.6661419997726625,0.4455889998098428,0.0
pd,00:06:30.288,850,-90.0,-89.998,39.999,-89.112,0.146,0.003,0.0,0.0,0.0,0.0,0.0,0.0,-90.0,-89.997,40.0,-89.987,0.079,0.003,-90.0,-89.9975,39.9995,-89.5495,0.11249999999999999,0.003,0.0,0.05531047578884939,0.05531047578845639,-48.39666631501213,-3.705801877835214,0.0,0.0,0.0005000000000023874,0.000499999999995282,-0.4375,-0.0335,0.0,-0.0481943,0.0137698,0.0275396,-1.5422176,-0.0206547,-0.0275396,-0.002201953601926,-0.027446398046053998,0.002201953601926,0.002518009768062,-0.000603632478645,0.000275946275952,0.8775625333843737,1.7502790001344692,0.1675909998084535,0.0691659997755778,0.0
pd,00:06:30.291,851,-90.0,-89.998,39.999,-89.112,0.146,0.003,0.0,0.0,0.0,0.0,0.0,0.0,-90.0,-89.997,40.0,-89.987,0.079,0.003,-90.0,-89.9975,39.9995,-89.5495,0.11249999999999999,0.003,0.0,0.08310160088801766,0.08310160088742718,-72.71390077666825,-5.567807259470597,0.0,0.0,0.0005000000000023874,0.000499999999995282,-0.4375,-0.0335,0.0,-0.0481943,0.0137698,0.0275396,-1.5422176,-0.0206547,-0.0275396,-0.002201953601926,-0.027446398046053998,0.002201953601926,0.002518009768062,-0.000603632478645,0.000275946275952,0.8775625333843737,1.9457409998722142,0.248053000177606,0.10720199998104363,0.0
pd,00:06:30.293,852,-90.0,-89.998,39.999,-89.112,0.146,0.003,0.0,0.0,0.0,0.0,0.0,0.0,-90.0,-89.997,40.0,-89.987,0.079,0.003,-90.0,-89.9975,39.9995,-89.5495,0.11249999999999999,0.003,0.0,0.10383996831105237,0.10383996831031454,-90.85997227173698,-6.957277876807288,0.0,0.0,0.0005000000000023874,0.000499999999995282,-0.4375,-0.0335,0.0,-0.0481943,0.0137698,0.0275396,-1.5422176,-0.0206547,-0.0275396,-0.002201953601926,-0.027446398046053998,0.002201953601926,0.002518009768062,-0.000603632478645,0.000275946275952,0.8775625333843737,1.736964999963675,0.1882020001175988,0.06242500012376695,0.0
pd,00:06:30.295,853,-90.0,-89.998,39.999,-89.112,0.146,0.003,0.0,0.0,0.0,0.0,0.0,0.0,-90.0,-89.997,40.0,-89.987,0.079,0.003,-90.0,-89.9975,39.9995,-89.5495,0.11249999999999999,0.003,0.0,0.12175754760857023,0.12175754760770509,-106.53785415699025,-8.157755689735252,0.0,0.0,0.0005000000000023874,0.000499999999995282,-0.4375,-0.0335,0.0,-0.0481943,0.0137698,0.0275396,-1.5422176,-0.0206547,-0.0275396,-0.002201953601926,-0.027446398046053998,0.002201953601926,0.002518009768062,-0.000603632478645,0.000275946275952,0.8775625333843737,1.8781670000862505,0.22816499995315098,0.1214439998875605,0.0
pd,00:06:30.298,854,-90.0,-89.998,39.999,-89.112,0.146,0.003,0.0,0.0,0.0,0.0,0.0,0.0,-90.0,-89.997,40.0,-89.987,0.079,0.003,-90.0,-89.9975,39.9995,-89.5495,0.11249999999999999,0.003,0.0,0.10720539822155269,0.10720539822079095,-93.8047234434107,-7.182761680809732,0.0,0.0,0.0005000000000023874,0.000499999999995282,-0.4375,-0.0335,0.0,-0.0481943,0.0137698,0.0275396,-1.5422176,-0.0206547,-0.0275396,-0.002201953601926,-0.027446398046053998,0.002201953601926,0.002518009768062,-0.000603632478645,0.000275946275952,0.8775625333843737,2.1703490001527825,0.29512699984479696,0.12420299981386052,0.0
pd,00:06:30.300,855,-90.0,-89.998,39.999,-89.112,0.146,0.003,0.0,0.0,0.0,0.0,0.0,0.0,-90.0,-89.997,40.0,-89.987,0.079,0.003,-90.0,-89.9975,39.9995,-89.5495,0.11249999999999999,0.003,0.0,0.09270409336088824,0.09270409336022953,-81.11608169038989,-6.211174255149853,0.0,0.0,0.0005000000000023874,0.000499999999995282,-0.4375,-0.0335,0.0,-0.0481943,0.0137698,0.0275396,-1.5422176,-0.0206547,-0.0275396,-0.002201953601926,-0.027446398046053998,0.002201953601926,0.002518009768062,-0.000603632478645,0.000275946275952,0.8775625333843737,1.807796999855782,0.1753129999997327,0.0801099999989674,0.0
pd,00:06:30.302,856,-90.0,-89.998,39.999,-89.1,0.142,0.003,0.0,0.0,0.0,5.607358288770266,-1.8691194295900195,0.0,-90.0,-89.997,40.0,-89.987,0.079,0.003,-90.0,-89.9975,39.9995,-90.10423582887702,0.297411942959002,0.003,0.0,0.11681996434993391,0.11681996434910386,-234.62958745556094,36.31043527187577,0.0,0.0,0.0005000000000023874,0.000499999999995282,-1.0042358288770288,0.155411942959002,0.0,-0.0481943,-0.0826188,-0.0137698,-3.6421121000000003,-0.1858923,-0.034424500000000004,-0.002288644688616,-0.027463736263391998,0.00164713064711,0.005036019536124,-0.001172771672796,0.000275946275952,0.8892356268166502,3.1125810000958154,0.38464399995064014,0.25844199990388006,0.0
pd,00:06:30.306,857,-90.0,-89.998,39.999,-89.1,0.142,0.003,0.0,0.0,0.0,0.0,0.0,0.0,-90.0,-89.997,40.0,-89.987,0.079,0.003,-90.0,-89.9975,39.9995,-89.5435,0.11049999999999999,0.003,0.0,0.06491926696415347,0.06491926696369218,-57.583389796929204,-4.089913818722139,0.0,0.0,0.0005000000000023874,0.000499999999995282,-0.4435000000000002,-0.0315,0.0,-0.0481943,-0.0826188,-0.0137698,-3.6421121000000003,-0.1858923,-0.034424500000000004,-0.002288644688616,-0.027463736263391998,0.00164713064711,0.005036019536124,-0.001172771672796,0.000275946275952,0.8892356268166502,2.4791979999463365,0.1647759995648812,0.07359200026257895,0.0
pd,00:06:30.309,858,-90.0,-89.998,39.999,-89.1,0.142,0.003,0.0,0.0,0.0,0.0,0.0,0.0,-90.0,-89.997,40.0,-89.987,0.079,0.003,-90.0,-89.9975,39.9995,-89.5435,0.11049999999999999,0.003,0.0,0.08956064229629371,0.08956064229565734,-79.44028971643326,-5.642320464639561,0.0,0.0,0.0005000000000023874,0.000499999999995282,-0.4435000000000002,-0.0315,0.0,-0.0481943,-0.0826188,-0.0137698,-3.6421121000000003,-0.1858923,-0.034424500000000004,-0.002288644688616,-0.027463736263391998,0.00164713064711,0.005036019536124,-0.001172771672796,0.000275946275952,0.8892356268166502,1.6994089996842376,0.14296200015451177,0.06260999998630723,0.0
pd,00:06:30.311,859,-90.0,-89.998,39.999,-89.1,0.142,0.003,0.0,0.0,0.0,0.0,0.0,0.0,-90.0,-89.997,40.0,-89.987,0.079,0.003,-90.0,-89.9975,39.9995,-89.5435,0.11049999999999999,0.003,0.0,0.1268541011377942,0.12685410113689283,-112.51958770868625,-7.991808371642873,0.0,0.0,0.0005000000000023874,0.000499999999995282,-0.4435000000000002,-0.0315,0.0,-0.0481943,-0.0826188,-0.0137698,-3.6421121000000003,-0.1858923,-0.034424500000000004,-0.002288644688616,-0.027463736263391998,0.00164713064711,0.005036019536124,-0.001172771672796,0.000275946275952,0.8892356268166502,1.7270380003537866,0.16775799986135098,0.07868500006225077,0.0
pd,00:06:30.313,860,-90.0,-89.998,39.999,-89.1,0.142,0.003,0.0,0.0,0.0,0.0,0.0,0.0,-90.0,-89.997,40.0,-89.987,0.079,0.003,-90.0,-89.9975,39.9995,-89.5435,0.11049999999999999,0.003,0.0,0.12191326589989615,0.1219132658990299,-108.1370668526916,-7.680535751656782,0.0,0.0,0.0005000000000023874,0.000499999999995282,-0.4435000000000002,-0.0315,0.0,-0.0481943,-0.0826188,-0.0137698,-3.6421121000000003,-0.1858923,-0.034424500000000004,-0.002288644688616,-0.027463736263391998,0.00164713064711,0.005036019536124,-0.001172771672796,0.000275946275952,0.8892356268166502,1.7262609999306733,0.13831299975208822,0.0587029999223887,0.0
pd,00:06:30.316,861,-90.0,-89.998,39.999,-89.1,0.142,0.003,0.0,0.0,0.0,0.0,0.0,0.0,-90.0,-89.997,40.0,-89.987,0.079,0.003,-90.0,-89.9975,39.9995,-89.5435,0.11049999999999999,0.003,0.0,0.08652331050458015,0.08652331050396536,-76.74617641719618,-5.4509685617625205,0.0,0.0,0.0005000000000023874,0.000499999999995282,-0.4435000000000002,-0.0315,0.0,-0.0481943,-0.0826188,-0.0137698,-3.6421121000000003,-0.1858923,-0.034424500000000004,-0.002288644688616,-0.027463736263391998,0.00164713064711,0.005036019536124,-0.001172771672796,0.000275946275952,0.8892356268166502,2.097756999773992,0.2661650000845839,0.12290699987715925,0.0
pd,00:06:30.319,862,-90.0,-89.998,39.999,-89.1,0.142,0.003,0.0,0.0,0.0,0.0,0.0,0.0,-90.0,-89.997,40.0,-89.987,0.079,0.003,-90.0,-89.9975,39.9995,-89.5435,0.11049999999999999,0.003,0.0,0.09516935923080476,0.09516935923012854,-84.4152216373208,-5.99566963151207,0.0,0.0,0.0005000000000023874,0.000499999999995282,-0.4435000000000002,-0.0315,0.0,-0.0481943,-0.0826188,-0.0137698,-3.6421121000000003,-0.1858923,-0.034424500000000004,-0.002288644688616,-0.027463736263391998,0.00164713064711,0.005036019536124,-0.001172771672796,0.000275946275952,0.8892356268166502,1.7731120001371892,0.1797569998416293,0.11503599989737268,0.0
pd,00:06:30.321,863,-90.0,-89.998,39.999,-89.1,0.142,0.003,0.0,0.0,0.0,0.0,0.0,0.0,-90.0,-89.997,40.0,-89.987,0.079,0.003,-90.0,-89.9975,39.9995,-89.5435,0.11049999999999999,0.003,0.0,0.11630168589230333,0.11630168589147695,-103.15959538598054,-7.327006211180123,0.0,0.0,0.0005000000000023874,0.000499999999995282,-0.4435000000000002,-0.0315,0.0,-0.0481943,-0.0826188,-0.0137698,-3.6421121000000003,-0.1858923,-0.034424500000000004,-0.002288644688616,-0.027463736263391998,0.00164713064711,0.005036019536124,-0.001172771672796,0.000275946275952,0.8892356268166502,1.7952050002350006,0.2460349996908917,0.12572099967655959,0.0
pd,00:06:30.323,864,-90.0,-89.998,39.999,-89.128,0.14,0.003,0.0,0.0,0.0,-12.331007139859755,-0.880786224275503,0.0,-90.0,-89.997,40.0,-89.987,0.079,0.003,-90.0,-89.9975,39.9995,-88.32439928601403,0.1975786224275503,0.003,0.0,0.11009827803496501,0.11009827803418272,176.95010967420436,12.678614361736873,0.0,0.0,0.0005000000000023874,0.000499999999995282,0.803600713985972,0.0575786224275503,0.0,0.0206547,-0.0206547,0.0206547,-4.915818600000001,-0.344245,-0.0,-0.0026007326007,-0.02748107448073,0.001161660561646,0.00551892551904,0.00017246642247,-0.000396672771681,0.8611643281046835,3.757777999908285,0.8611769999333774,0.18809099992722622,0.0
pd,00:06:30.328,865,-90.0,-89.998,39.999,-89.128,0.14,0.003,0.0,0.0,0.0,0.0,0.0,0.0,-90.0,-89.997,40.0,-89.987,0.079,0.003,-90.0,-89.9975,39.9995,-89.5575,0.10950000000000001,0.003,0.0,0.05088445673824461,0.05088445673788306,-43.70974833794315,-3.103951861018101,0.0,0.0,0.0005000000000023874,0.000499999999995282,-0.42950000000000443,-0.0305,0.0,0.0206547,-0.0206547,0.0206547,-4.915818600000001,-0.344245,-0.0,-0.0026007326007,-0.02748107448073,0.001161660561646,0.00551892551904,0.00017246642247,-0.000396672771681,0.8611643281046835,1.8043709997073165,0.17064700023183832,0.0683879998177872,0.0
pd,00:06:30.330,866,-90.0,-89.998,39.999,-89.128,0.14,0.003,0.0,0.0,0.0,0.0,0.0,0.0,-90.0,-89.997,40.0,-89.987,0.079,0.003,-90.0,-89.9975,39.9995,-89.5575,0.10950000000000001,0.003,0.0,0.11850994575101795,0.11850994575017589,-101.8000433996377,-7.229106690777578,0.0,0.0,0.0005000000000023874,0.000499999999995282,-0.42950000000000443,-0.0305,0.0,0.0206547,-0.0206547,0.0206547,-4.915818600000001,-0.344245,-0.0,-0.0026007326007,-0.02748107448073,0.001161660561646,0.00551892551904,0.00017246642247,-0.000396672771681,0.8611643281046835,1.7056689998753427,0.16264699979728903,0.07005499992374098,0.0
pd,00:06:30.332,867,-90.0,-89.998,39.999,-89.128,0.14,0.003,0.0,0.0,0.0,0.0,0.0,0.0,-90.0,-89.997,40.0,-89.987,0.079,0.003,-90.0,-89.9975,39.9995,-89.5575,0.10950000000000001,0.003,0.0,0.12437148618254143,0.12437148618165772,-106.8351066302923,-7.586660657098804,0.0,0.0,0.0005000000000023874,0.000499999999995282,-0.42950000000000443,-0.0305,0.0,0.0206547,-0.0206547,0.0206547,-4.915818600000001,-0.344245,-0.0,-0.0026007326007,-0.02748107448073,0.001161660561646,0.00551892551904,0.00017246642247,-0.000396672771681,0.8611643281046835,1.745649999975285,0.1532400001451606,0.06786999983887654,0.0
pd,00:06:30.334,868,-90.0,-89.998,39.999,-89.128,0.14,0.003,0.0,0.0,0.0,0.0,0.0,0.0,-90.0,-89.997,40.0,-89.987,0.079,0.003,-90.0,-89.9975,39.9995,-89.5575,0.10950000000000001,0.003,0.0,0.12281283673049974,0.1228128367296271,-105.4962267509949,-7.491583040524715,0.0,0.0,0.0005000000000023874,0.000499999999995282,-0.42950000000000443,-0.0305,0.0,0.0206547,-0.0206547,0.0206547,-4.915818600000001,-0.344245,-0.0,-0.0026007326007,-0.02748107448073,0.001161660561646,0.00551892551904,0.00017246642247,-0.000396672771681,0.8611643281046835,1.7124830001193914,0.13705400033359183,0.06501799998659408,0.0
pd,00:06:30.336,869,-90.0,-89.998,39.999,-89.128,0.14,0.003,0.0,0.0,0.0,0.0,0.0,0.0,-90.0,-89.997,40.0,-89.987,0.079,0.003,-90.0,-89.9975,39.9995,-89.5575,0.10950000000000001,0.003,0.0,0.12593994715409643,0.12593994715320156,-108.1824146048516,-7.682336776363202,0.0,0.0,0.0005000000000023874,0.000499999999995282,-0.42950000000000443,-0.0305,0.0,0.0206547,-0.0206547,0.0206547,-4.915818600000001,-0.344245,-0.0,-0.0026007326007,-0.02748107448073,0.001161660561646,0.00551892551904,0.00017246642247,-0.000396672771681,0.8611643281046835,1.844834000166884,0.2388489997429133,0.11462900010883459,0.0
pd,00:06:30.338,870,-90.0,-89.998,39.999,-89.128,0.14,0.003,0.0,0.0,0.0,0.0,0.0,0.0,-90.0,-89.997,40.0,-89.987,0.079,0.003,-90.0,-89.9975,39.9995,-89.5575,0.10950000000000001,0.003,0.0,0.10880730517847949,0.10880730517770636,-93.46547514786701,-6.637245615855558,0.0,0.0,0.0005000000000023874,0.000499999999995282,-0.42950000000000443,-0.0305,0.0,0.0206547,-0.0206547,0.0206547,-4.915818600000001,-0.344245,-0.0,-0.0026007326007,-0.02748107448073,0.001161660561646,0.00551892551904,0.00017246642247,-0.000396672771681,0.8611643281046835,1.7329840002275887,0.14277699983722414,0.06261099997573183,0.0
pd,00:06:30.341,871,-90.0,-89.998,39.999,-89.128,0.14,0.003,0.0,0.0,0.0,0.0,0.0,0.0,-90.0,-89.997,40.0,-89.987,0.079,0.003,-90.0,-89.9975,39.9995,-89.5575,0.10950000000000001,0.003,0.0,0.08461034454974638,0.08461034454914518,-72.68028596788464,-5.161231017509886,0.0,0.0,0.0005000000000023874,0.000499999999995282,-0.42950000000000443,-0.0305,0.0,0.0206547,-0.0206547,0.0206547,-4.915818600000001,-0.344245,-0.0,-0.0026007326007,-0.02748107448073,0.001161660561646,0.00551892551904,0.00017246642247,-0.000396672771681,0.8611643281046835,1.9491670000206796,0.24810900004013092,0.5292170003485808,0.0
pd,00:06:30.344,872,-90.0,-89.998,39.999,-89.19,0.136,0.003,0.0,0.0,0.0,-20.591246179427507,-1.3284674954469882,0.0,-90.0,-89.997,40.0,-89.987,0.079,0.003,-90.0,-89.9975,39.9995,-87.52937538205724,0.24034674954469884,0.003,0.0,0.08302921846583315,0.08302921846524319,275.7607283845023,17.32765812821001,0.0,0.0,0.0005000000000023874,0.000499999999995282,1.6606246179427586,0.10434674954469883,0.0,-0.0275396,0.0481943,0.0275396,-4.2617531,-0.06884900000000001,-0.0068849,-0.002149938949912,-0.026908913308575998,0.002201953601926,0.006622710622848001,-0.001190018315043,0.000310439560446,0.7990369202984273,3.7265379996824777,0.594790000377543,0.17994299969359417,0.0
pd,00:06:30.349,873,-90.0,-89.998,39.999,-89.19,0.136,0.003,0.0,0.0,0.0,0.0,0.0,0.0,-90.0,-89.997,40.0,-89.987,0.079,0.003,-90.0,-89.9975,39.9995,-89.5885,0.10750000000000001,0.003,0.0,0.0540503092786086,0.054050309278224545,-43.0780964948452,-3.0808676288659798,0.0,0.0,0.0005000000000023874,0.000499999999995282,-0.3984999999999985,-0.028499999999999998,0.0,-0.0275396,0.0481943,0.0275396,-4.2617531,-0.06884900000000001,-0.0068849,-0.002149938949912,-0.026908913308575998,0.002201953601926,0.006622710622848001,-0.001190018315043,0.000310439560446,0.7990369202984273,1.7895380001391459,0.1788129998203658,0.07161000030464493,0.0
pd,00:06:30.351,874,-90.0,-89.998,39.999,-89.19,0.136,0.003,0.0,0.0,0.0,0.0,0.0,0.0,-90.0,-89.997,40.0,-89.987,0.079,0.003,-90.0,-89.9975,39.9995,-89.5885,0.10750000000000001,0.003,0.0,0.11830937605833317,0.11830937605749252,-94.29257271804094,-6.743634435292791,0.0,0.0,0.0005000000000023874,0.000499999999995282,-0.3984999999999985,-0.028499999999999998,0.0,-0.0275396,0.0481943,0.0275396,-4.2617531,-0.06884900000000001,-0.0068849,-0.002149938949912,-0.026908913308575998,0.002201953601926,0.006622710622848001,-0.001190018315043,0.000310439560446,0.7990369202984273,1.7892230002871656,0.21518299990930245,0.09951799984264653,0.0
pd,00:06:30.353,875,-90.0,-89.998,39.999,-89.19,0.136,0.003,0.0,0.0,0.0,0.0,0.0,0.0,-90.0,-89.997,40.0,-89.987,0.079,0.003,-90.0,-89.9975,39.9995,-89.5885,0.10750000000000001,0.003,0.0,0.11377777777832104,0.1137777777775126,-90.68088888888855,-6.485333333333334,0.0,0.0,0.0005000000000023874,0.000499999999995282,-0.3984999999999985,-0.028499999999999998,0.0,-0.0275396,0.0481943,0.0275396,-4.2617531,-0.06884900000000001,-0.0068849,-0.002149938949912,-0.026908913308575998,0.002201953601926,0.006622710622848001,-0.001190018315043,0.000310439560446,0.7990369202984273,1.7412610000064888,0.1721650000945374,0.09581399990565842,0.0
pd,00:06:30.355,876,-90.0,-89.998,39.999,-89.19,0.136,0.003,0.0,0.0,0.0,0.0,0.0,0.0,-90.0,-89.997,40.0,-89.987,0.079,0.003,-90.0,-89.9975,39.9995,-89.5885,0.10750000000000001,0.003,0.0,0.1192105502506829,0.11921055024983586,-95.01080854934025,-6.795001364256481,0.0,0.0,0.0005000000000023874,0.000499999999995282,-0.3984999999999985,-0.028499999999999998,0.0,-0.0275396,0.0481943,0.0275396,-4.2617531,-0.06884900000000001,-0.0068849,-0.002149938949912,-0.026908913308575998,0.002201953601926,0.006622710622848001,-0.001190018315043,0.000310439560446,0.7990369202984273,1.944999999977881,0.2522939998925722,0.11805500025729998,0.0
pd,00:06:30.358,877,-90.0,-89.998,39.999,-89.19,0.136,0.003,0.0,0.0,0.0,0.0,0.0,0.0,-90.0,-89.997,40.0,-89.987,0.079,0.003,-90.0,-89.9975,39.9995,-89.5885,0.10750000000000001,0.003,0.0,0.10349151204155219,0.10349151204081684,-82.48273509672295,-5.899016186340309,0.0,0.0,0.0005000000000023874,0.000499999999995282,-0.3984999999999985,-0.028499999999999998,0.0,-0.0275396,0.0481943,0.0275396,-4.2617531,-0.06884900000000001,-0.0068849,-0.002149938949912,-0.026908913308575998,0.002201953601926,0.006622710622848001,-0.001190018315043,0.000310439560446,0.7990369202984273,1.7317609999736305,0.14366499999596272,0.06261099997573183,0.0
pd,00:06:30.360,878,-90.0,-89.998,39.999,-89.19,0.136,0.003,0.0,0.0,0.0,0.0,0.0,0.0,-90.0,-89.997,40.0,-89.987,0.079,0.003,-90.0,-89.9975,39.9995,-89.5885,0.10750000000000001,0.003,0.0,0.12478590979471699,0.12478590979383032,-99.45437010591418,-7.112796858264907,0.0,0.0,0.0005000000000023874,0.000499999999995282,-0.3984999999999985,-0.028499999999999998,0.0,-0.0275396,0.0481943,0.0275396,-4.2617531,-0.06884900000000001,-0.0068849,-0.002149938949912,-0.026908913308575998,0.002201953601926,0.006622710622848001,-0.001190018315043,0.000310439560446,0.7990369202984273,1.8031120002888201,0.17555400017954526,0.08751699988351902,0.0
pd,00:06:30.362,879,-90.0,-89.998,39.999,-89.281,0.129,0.003,0.0,0.0,0.0,-42.45152530308468,-3.265501946390838,0.0,-90.0,-89.997,40.0,-89.987,0.079,0.003,-90.0,-89.9975,39.9995,-85.38884746969153,0.43055019463908384,0.003,0.0,0.11662506951451528,0.1166250695136866,907.8451188123097,70.33662482346168,0.0,0.0,0.0005000000000023874,0.000499999999995282,3.892152530308479,0.30155019463908384,0.0,-0.0275396,0.0481943,0.0275396,-4.2617531,-0.06884900000000001,-0.0068849,-0.002149938949912,-0.026908913308575998,0.002201953601926,0.006622710622848001,-0.001190018315043,-0.00010347985348200002,0.7077697365669037,1.9771289998971042,0.8039370000005874,0.21805300002597505,0.0
pd,00:06:30.365,880,-90.0,-89.998,39.999,-89.281,0.129,0.003,0.0,0.0,0.0,0.0,0.0,0.0,-90.0,-89.997,40.0,-89.987,0.079,0.003,-90.0,-89.9975,39.9995,-89.634,0.10400000000000001,0.003,0.0,0.07790890853741042,0.07790890853685684,-55.00368942714825,-3.895445426851921,0.0,0.0,0.0005000000000023874,0.000499999999995282,-0.35299999999999443,-0.024999999999999994,0.0,0.0413094,-0.034424500000000004,-0.0481943,-5.5285747,-0.1101584,-0.0068849,-0.001803174603152,-0.026666178265844,0.00225396825394,0.006536477411613,-0.001517704517736,-0.00010347985348200002,0.7077697365669037,3.886426000008214,0.21849800032214262,0.10162899980059592,0.0
pd,00:06:30.370,881,-90.0,-89.998,39.999,-89.281,0.129,0.003,0.0,0.0,0.0,0.0,0.0,0.0,-90.0,-89.997,40.0,-89.987,0.079,0.003,-90.0,-89.9975,39.9995,-89.634,0.10400000000000001,0.003,0.0,0.050139912973031456,0.050139912972675185,-35.398778558790625,-2.5069956486396023,0.0,0.0,0.0005000000000023874,0.000499999999995282,-0.35299999999999443,-0.024999999999999994,0.0,0.0413094,-0.034424500000000004,-0.0481943,-5.5285747,-0.1101584,-0.0068849,-0.001803174603152,-0.026666178265844,0.00225396825394,0.006536477411613,-0.001517704517736,-0.00010347985348200002,0.7077697365669037,1.9187409998266958,0.2364970000598987,0.10275799968439969,0.0
pd,00:06:30.372,882,-90.0,-89.998,39.999,-89.281,0.129,0.003,0.0,0.0,0.0,0.0,0.0,0.0,-90.0,-89.997,40.0,-89.987,0.079,0.003,-90.0,-89.9975,39.9995,-89.634,0.10400000000000001,0.003,0.0,0.10579921299616656,0.10579921299541481,-74.69424437493576,-5.28996064978307,0.0,0.0,0.0005000000000023874,0.000499999999995282,-0.35299999999999443,-0.024999999999999994,0.0,0.0413094,-0.034424500000000004,-0.0481943,-5.5285747,-0.1101584,-0.0068849,-0.001803174603152,-0.026666178265844,0.00225396825394,0.006536477411613,-0.001517704517736,-0.00010347985348200002,0.7077697365669037,1.8078719999721216,0.3506999996716331,0.20333100019342965,0.0
pd,00:06:30.375,883,-90.0,-89.998,39.999,-89.281,0.129,0.003,0.0,0.0,0.0,0.0,0.0,0.0,-90.0,-89.997,40.0,-89.987,0.079,0.003,-90.0,-89.9975,39.9995,-89.634,0.10400000000000001,0.003,0.0,0.0988197153901618,0.09881971538945963,-69.76671906512,-4.940985769484498,0.0,0.0,0.0005000000000023874,0.000499999999995282,-0.35299999999999443,-0.024999999999999994,0.0,0.0413094,-0.034424500000000004,-0.0481943,-5.5285747,-0.1101584,-0.0068849,-0.001803174603152,-0.026666178265844,0.00225396825394,0.006536477411613,-0.001517704517736,-0.00010347985348200002,0.7077697365669037,1.9741659998544492,0.25203499990311684,0.1289619999624847,0.0
pd,00:06:30.377,884,-90.0,-89.998,39.999,-89.281,0.129,0.003,0.0,0.0,0.0,0.0,0.0,0.0,-90.0,-89.997,40.0,-89.987,0.079,0.003,-90.0,-89.9975,39.9995,-89.634,0.10400000000000001,0.003,0.0,0.10107730865673865,0.10107730865602045,-71.36057991131563,-5.053865432812802,0.0,0.0,0.0005000000000023874,0.000499999999995282,-0.35299999999999443,-0.024999999999999994,0.0,0.0413094,-0.034424500000000004,-0.0481943,-5.5285747,-0.1101584,-0.0068849,-0.001803174603152,-0.026666178265844,0.00225396825394,0.006536477411613,-0.001517704517736,-0.00010347985348200002,0.7077697365669037,2.051701999789657,0.22305299989966443,0.10459100030857371,0.0
pd,00:06:30.380,885,-90.0,-89.998,39.999,-89.281,0.129,0.003,0.0,0.0,0.0,0.0,0.0,0.0,-90.0,-89.997,40.0,-89.987,0.079,0.003,-90.0,-89.9975,39.9995,-89.634,0.10400000000000001,0.003,0.0,0.10120413087588136,0.10120413087516227,-71.45011639802995,-5.060206543769906,0.0,0.0,0.0005000000000023874,0.000499999999995282,-0.35299999999999443,-0.024999999999999994,0.0,0.0413094,-0.034424500000000004,-0.0481943,-5.5285747,-0.1101584,-0.0068849,-0.001803174603152,-0.026666178265844,0.00225396825394,0.006536477411613,-0.001517704517736,-0.00010347985348200002,0.7077697365669037,1.7727419999573613,0.16285099991364405,0.08907299979910022,0.0
pd,00:06:30.382,886,-90.0,-89.998,39.999,-89.361,0.126,0.003,0.0,0.0,0.0,-37.98758292765684,-1.4245343597871631,0.0,-90.0,-89.997,40.0,-89.987,0.079,0.003,-90.0,-89.9975,39.9995,-85.87524170723431,0.24495343597871633,0.003,0.0,0.11871119664949698,0.11871119664865348,827.5970763262934,28.242209461070633,0.0,0.0,0.0005000000000023874,0.000499999999995282,3.485758292765695,0.11895343597871633,0.0,0.0413094,-0.034424500000000004,-0.0481943,-5.8728197,-0.0963886,-0.0275396,-0.001803174603152,-0.026666178265844,0.002566056166024,0.0038804945055750002,-0.0019488705739110002,0.000137973137976,0.6277634904962124,2.745065999988583,0.5583100000876584,0.2702570000110427,0.0
pd,00:06:30.386,887,-90.0,-89.998,39.999,-89.361,0.126,0.003,0.0,0.0,0.0,0.0,0.0,0.0,-90.0,-89.997,40.0,-89.987,0.079,0.003,-90.0,-89.9975,39.9995,-89.674,0.10250000000000001,0.003,0.0,0.06807608907388216,0.06807608907339845,-42.6156317600461,-3.199576186457184,0.0,0.0,0.0005000000000023874,0.000499999999995282,-0.3130000000000024,-0.023499999999999993,0.0,0.0206547,0.0275396,-0.0068849,-5.8728197,-0.0963886,-0.0275396,-0.001976556776532,-0.027515750915406,0.002566056166024,0.0038804945055750002,-0.0019488705739110002,0.000137973137976,0.6277634904962124,2.6404929999443993,0.18292400000063935,0.14549900015481398,0.0
pd,00:06:30.389,888,-90.0,-89.998,39.999,-89.361,0.126,0.003,0.0,0.0,0.0,0.0,0.0,0.0,-90.0,-89.997,40.0,-89.987,0.079,0.003,-90.0,-89.9975,39.9995,-89.674,0.10250000000000001,0.003,0.0,0.08196482451379714,0.08196482451321474,-51.309980145391236,-3.852346752130071,0.0,0.0,0.0005000000000023874,0.000499999999995282,-0.3130000000000024,-0.023499999999999993,0.0,0.0206547,0.0275396,-0.0068849,-5.8728197,-0.0963886,-0.0275396,-0.001976556776532,-0.027515750915406,0.002566056166024,0.0038804945055750002,-0.0019488705739110002,0.000137973137976,0.6277634904962124,1.7133170003944542,0.14951699995435774,0.06411100002878811,0.0
pd,00:06:30.391,889,-90.0,-89.998,39.999,-89.361,0.126,0.003,0.0,0.0,0.0,0.0,0.0,0.0,-90.0,-89.997,40.0,-89.987,0.079,0.003,-90.0,-89.9975,39.9995,-89.674,0.10250000000000001,0.003,0.0,0.12553286244523007,0.12553286244433812,-78.58357189033761,-5.900044534897642,0.0,0.0,0.0005000000000023874,0.000499999999995282,-0.3130000000000024,-0.023499999999999993,0.0,0.0206547,0.0275396,-0.0068849,-5.8728197,-0.0963886,-0.0275396,-0.001976556776532,-0.027515750915406,0.002566056166024,0.0038804945055750002,-0.0019488705739110002,0.000137973137976,0.6277634904962124,2.036054000200238,0.28031199963152176,0.12401699996189564,0.0
pd,00:06:30.393,890,-90.0,-89.998,39.999,-89.361,0.126,0.003,0.0,0.0,0.0,0.0,0.0,0.0,-90.0,-89.997,40.0,-89.987,0.079,0.003,-90.0,-89.9975,39.9995,-89.674,0.10250000000000001,0.003,0.0,0.09822725995363062,0.09822725995293266,-61.49026473067823,-4.616681217798595,0.0,0.0,0.0005000000000023874,0.000499999999995282,-0.3130000000000024,-0.023499999999999993,0.0,0.0206547,0.0275396,-0.0068849,-5.8728197,-0.0963886,-0.0275396,-0.001976556776532,-0.027515750915406,0.002566056166024,0.0038804945055750002,-0.0019488705739110002,0.000137973137976,0.6277634904962124,1.8919809999715653,0.24088700001811958,0.11481299998195027,0.0
pd,00:06:30.396,891,-90.0,-89.998,39.999,-89.361,0.126,0.003,0.0,0.0,0.0,0.0,0.0,0.0,-90.0,-89.997,40.0,-89.987,0.079,0.003,-90.0,-89.9975,39.9995,-89.674,0.10250000000000001,0.003,0.0,0.08054816408088852,0.08054816408031619,-50.423150714394694,-3.785763711783684,0.0,0.0,0.0005000000000023874,0.000499999999995282,-0.3130000000000024,-0.023499999999999993,0.0,0.0206547,0.0275396,-0.0068849,-5.8728197,-0.0963886,-0.0275396,-0.001976556776532,-0.027515750915406,0.002566056166024,0.0038804945055750002,-0.0019488705739110002,0.000137973137976,0.6277634904962124,1.984313999855658,0.23388699992210604,0.10055500024463981,0.0
pd,00:06:30.399,892,-90.0,-89.998,39.999,-89.361,0.126,0.003,0.0,0.0,0.0,0.0,0.0,0.0,-90.0,-89.997,40.0,-89.987,0.079,0.003,-90.0,-89.9975,39.9995,-89.674,0.10250000000000001,0.003,0.0,0.10328762805407868,0.10328762805334478,-64.65805516154354,-4.8545185185185185,0.0,0.0,0.0005000000000023874,0.000499999999995282,-0.3130000000000024,-0.023499999999999993,0.0,0.0206547,0.0275396,-0.0068849,-5.8728197,-0.0963886,-0.0275396,-0.001976556776532,-0.027515750915406,0.002566056166024,0.0038804945055750002,-0.0019488705739110002,0.000137973137976,0.6277634904962124,1.7254459999094252,0.18072000011670752,0.07292500004041358,0.0
pd,00:06:30.401,893,-90.0,-89.998,39.999,-89.361,0.126,0.003,0.0,0.0,0.0,0.0,0.0,0.0,-90.0,-89.997,40.0,-89.987,0.079,0.003,-90.0,-89.9975,39.9995,-89.674,0.10250000000000001,0.003,0.0,0.12218317408587821,0.12218317408501005,-76.4866669773934,-5.742609182008856,0.0,0.0,0.0005000000000023874,0.000499999999995282,-0.3130000000000024,-0.023499999999999993,0.0,0.0206547,0.0275396,-0.0068849,-5.8728197,-0.0963886,-0.0275396,-0.001976556776532,-0.027515750915406,0.002566056166024,0.0038804945055750002,-0.0019488705739110002,0.000137973137976,0.6277634904962124,1.8159460000788386,0.24190499971155077,0.11333299971738597,0.0
pd,00:06:30.403,894,-90.0,-89.998,39.999,-89.467,0.123,0.003,0.0,0.0,0.0,-46.5789653221558,-1.3182726034573087,0.0,-90.0,-89.997,40.0,-89.987,0.079,0.003,-90.0,-89.9975,39.9995,-85.06910346778442,0.23282726034573087,0.003,0.0,0.1098560502886335,0.10985605028785293,966.27108520995,24.13037807109169,0.0,0.0,0.0005000000000023874,0.000499999999995282,4.397896532215583,0.10982726034573087,0.0,-0.0068849,0.0,0.034424500000000004,-5.673157600000001,-0.1101584,0.0206547,-0.002323321123292,-0.026908913308575998,0.003051526251488,0.004604853479949001,-0.001414224664254,-0.00010347985348200002,0.5218601345188152,4.353865000211954,0.41538499999660417,0.11553600006664055,0.0
pd,00:06:30.408,895,-90.0,-89.998,39.999,-89.467,0.123,0.003,0.0,0.0,0.0,0.0,0.0,0.0,-90.0,-89.997,40.0,-89.987,0.079,0.003,-90.0,-89.9975,39.9995,-89.727,0.101,0.003,0.0,0.050163899918911486,0.05016389991855505,-26.085227957709222,-2.207211596421566,0.0,0.0,0.0005000000000023874,0.000499999999995282,-0.2600000000000051,-0.021999999999999992,0.0,-0.0068849,0.0,0.034424500000000004,-5.673157600000001,-0.1101584,0.0206547,-0.002323321123292,-0.026908913308575998,0.003051526251488,0.004604853479949001,-0.001414224664254,-0.00010347985348200002,0.5218601345188152,1.7715389999466424,0.1529239998490084,0.06922200009285007,0.0
pd,00:06:30.410,896,-90.0,-89.998,39.999,-89.467,0.123,0.003,0.0,0.0,0.0,0.0,0.0,0.0,-90.0,-89.997,40.0,-89.987,0.079,0.003,-90.0,-89.9975,39.9995,-89.727,0.101,0.003,0.0,0.12111064911122739,0.12111064911036686,-62.97753753753705,-5.32886856086856,0.0,0.0,0.0005000000000023874,0.000499999999995282,-0.2600000000000051,-0.021999999999999992,0.0,-0.0068849,0.0,0.034424500000000004,-5.673157600000001,-0.1101584,0.0206547,-0.002323321123292,-0.026908913308575998,0.003051526251488,0.004604853479949001,-0.001414224664254,-0.00010347985348200002,0.5218601345188152,1.720632000342448,0.19312699987494852,0.10062799992738292,0.0
pd,00:06:30.412,897,-90.0,-89.998,39.999,-89.467,0.123,0.003,0.0,0.0,0.0,0.0,0.0,0.0,-90.0,-89.997,40.0,-89.987,0.079,0.003,-90.0,-89.9975,39.9995,-89.727,0.101,0.003,0.0,0.11885921559793775,0.1188592155970932,-61.80679211063204,-5.229805486284289,0.0,0.0,0.0005000000000023874,0.000499999999995282,-0.2600000000000051,-0.021999999999999992,0.0,-0.0068849,0.0,0.034424500000000004,-5.673157600000001,-0.1101584,0.0206547,-0.002323321123292,-0.026908913308575998,0.003051526251488,0.004604853479949001,-0.001414224664254,-0.00010347985348200002,0.5218601345188152,1.965610999832279,0.24399700032518012,0.11975799998253933,0.0
pd,00:06:30.415,898,-90.0,-89.998,39.999,-89.467,0.123,0.003,0.0,0.0,0.0,0.0,0.0,0.0,-90.0,-89.997,40.0,-89.987,0.079,0.003,-90.0,-89.9975,39.9995,-89.727,0.101,0.003,0.0,0.10283181327890623,0.10283181327817556,-53.47254290477551,-4.524599784250269,0.0,0.0,0.0005000000000023874,0.000499999999995282,-0.2600000000000051,-0.021999999999999992,0.0,-0.0068849,0.0,0.034424500000000004,-5.673157600000001,-0.1101584,0.0206547,-0.002323321123292,-0.026908913308575998,0.003051526251488,0.004604853479949001,-0.001414224664254,-0.00010347985348200002,0.5218601345188152,1.749241999732476,0.1914790000228095,0.06664700003966573,0.0
pd,00:06:30.417,899,-90.0,-89.998,39.999,-89.467,0.123,0.003,0.0,0.0,0.0,0.0,0.0,0.0,-90.0,-89.997,40.0,-89.987,0.079,0.003,-90.0,-89.9975,39.9995,-89.727,0.101,0.003,0.0,0.12042908005110908,0.12042908005025338,-62.623121626277225,-5.298879522223498,0.0,0.0,0.0005000000000023874,0.000499999999995282,-0.2600000000000051,-0.021999999999999992,0.0,-0.0068849,0.0,0.034424500000000004,-5.673157600000001,-0.1101584,0.0206547,-0.002323321123292,-0.026908913308575998,0.003051526251488,0.004604853479949001,-0.001414224664254,-0.00010347985348200002,0.5218601345188152,1.994740000100137,0.1886829995783046,0.09097999964069459,0.0
pd,00:06:30.419,900,-90.0,-89.998,39.999,-89.467,0.123,0.003,0.0,0.0,0.0,0.0,0.0,0.0,-90.0,-89.997,40.0,-89.987,0.079,0.003,-90.0,-89.9975,39.9995,-89.727,0.101,0.003,0.0,0.10607749114871086,0.10607749114795713,-55.16029539706584,-4.667409610520991,0.0,0.0,0.0005000000000023874,0.000499999999995282,-0.2600000000000051,-0.021999999999999992,0.0,-0.0068849,0.0,0.034424500000000004,-5.673157600000001,-0.1101584,0.0206547,-0.002323321123292,-0.026908913308575998,0.003051526251488,0.004604853479949001,-0.001414224664254,-0.00010347985348200002,0.5218601345188152,1.7623720000301546,0.1584430001457804,0.07205500014606514,0.0
pd,00:06:30.422,901,-90.0,-89.998,39.999,-89.467,0.123,0.003,0.0,0.0,0.0,0.0,0.0,0.0,-90.0,-89.997,40.0,-89.987,0.079,0.003,-90.0,-89.9975,39.9995,-89.727,0.101,0.003,0.0,0.08985997086339934,0.08985997086276083,-46.72718484874418,-3.9538387179706915,0.0,0.0,0.0005000000000023874,0.000499999999995282,-0.2600000000000051,-0.021999999999999992,0.0,-0.0068849,0.0,-0.0413094,-3.7385007,-0.0895037,0.0137698,-0.002323321123292,-0.026908913308575998,0.003589010988966,0.006174297924426001,-0.0019316239316640002,0.00020695970696400003,0.5218601345188152,2.948638000361825,0.5813829998260189,0.2838489999703597,0.0
pd,00:06:30.426,902,-90.0,-89.998,39.999,-89.579,0.122,0.003,0.0,0.0,0.0,-28.465251651213602,-0.25415403260013353,0.0,-90.0,-89.997,40.0,-89.987,0.079,0.003,-90.0,-89.9975,39.9995,-86.93647483487864,0.12591540326001335,0.003,0.0,0.06353850815033671,0.06353850814988525,335.80421348146336,0.4975577638940514,0.0,0.0,0.0005000000000023874,0.000499999999995282,2.6425251651213557,0.003915403260013356,0.0,-0.0206547,0.0137698,-0.0413094,-3.7385007,-0.0895037,0.0137698,-0.0026007326007,-0.027845177044827998,0.003589010988966,0.006174297924426001,-0.0019316239316640002,0.00020695970696400003,0.41026211133859414,2.7833620001729287,0.2422570000817359,0.11651800014078617,0.0
pd,00:06:30.429,903,-90.0,-89.998,39.999,-89.579,0.122,0.003,0.0,0.0,0.0,0.0,0.0,0.0,-90.0,-89.997,40.0,-89.987,0.079,0.003,-90.0,-89.9975,39.9995,-89.78299999999999,0.1005,0.003,0.0,0.07703320599507837,0.07703320599453102,-31.429548045842,-3.3124278577725534,0.0,0.0,0.0005000000000023874,0.000499999999995282,-0.20399999999999352,-0.02149999999999999,0.0,-0.0206547,0.0137698,-0.0413094,-3.7385007,-0.0895037,0.0137698,-0.0026007326007,-0.027845177044827998,0.003589010988966,0.006174297924426001,-0.0019316239316640002,0.00020695970696400003,0.41026211133859414,2.0642029999180522,0.25740499995663413,0.17442399985156953,0.0
pd,00:06:30.432,904,-90.0,-89.998,39.999,-89.579,0.122,0.003,0.0,0.0,0.0,0.0,0.0,0.0,-90.0,-89.997,40.0,-89.987,0.079,0.003,-90.0,-89.9975,39.9995,-89.78299999999999,0.1005,0.003,0.0,0.09455148782732252,0.0945514878266507,-38.57700703336351,-4.065713976555455,0.0,0.0,0.0005000000000023874,0.000499999999995282,-0.20399999999999352,-0.02149999999999999,0.0,-0.0206547,0.0137698,-0.0413094,-3.7385007,-0.0895037,0.0137698,-0.0026007326007,-0.027845177044827998,0.003589010988966,0.006174297924426001,-0.0019316239316640002,0.00020695970696400003,0.41026211133859414,1.9691839997904026,0.23553500022899243,0.10603600003378233,0.0
pd,00:06:30.434,905,-90.0,-89.998,39.999,-89.579,0.122,0.003,0.0,0.0,0.0,0.0,0.0,0.0,-90.0,-89.997,40.0,-89.987,0.079,0.003,-90.0,-89.9975,39.9995,-89.78299999999999,0.1005,0.003,0.0,0.10381940594108978,0.1038194059403521,-42.3583176237625,-4.464234455445544,0.0,0.0,0.0005000000000023874,0.000499999999995282,-0.20399999999999352,-0.02149999999999999,0.0,-0.0206547,0.0137698,-0.0413094,-3.7385007,-0.0895037,0.0137698,-0.0026007326007,-0.027845177044827998,0.003589010988966,0.006174297924426001,-0.0019316239316640002,0.00020695970696400003,0.41026211133859414,1.727149999624089,0.1432210001439671,0.061035999806335894,0.0
pd,00:06:30.436,906,-90.0,-89.998,39.999,-89.579,0.122,0.003,0.0,0.0,0.0,0.0,0.0,0.0,-90.0,-89.997,40.0,-89.987,0.079,0.003,-90.0,-89.9975,39.9995,-89.78299999999999,0.1005,0.003,0.0,0.12517321236779358,0.12517321236690418,-51.07067064581608,-5.382448131789423,0.0,0.0,0.0005000000000023874,0.000499999999995282,-0.20399999999999352,-0.02149999999999999,0.0,-0.0206547,0.0137698,-0.0413094,-3.7385007,-0.0895037,0.0137698,-0.0026007326007,-0.027845177044827998,0.003589010988966,0.006174297924426001,-0.0019316239316640002,0.00020695970696400003,0.41026211133859414,1.7697789999147062,0.17462799996792455,0.07960999982969952,0.0
pd,00:06:30.438,907,-90.0,-89.998,39.999,-89.579,0.122,0.003,0.0,0.0,0.0,0.0,0.0,0.0,-90.0,-89.997,40.0,-89.987,0.079,0.003,-90.0,-89.9975,39.9995,-89.78299999999999,0.1005,0.003,0.0,0.11895360181565591,0.11895360181481068,-48.53306954055602,-5.11500487804878,0.0,0.0,0.0005000000000023874,0.000499999999995282,-0.20399999999999352,-0.02149999999999999,0.0,-0.0206547,0.0137698,-0.0413094,-3.7385007,-0.0895037,0.0137698,-0.0026007326007,-0.027845177044827998,0.003589010988966,0.006174297924426001,-0.0019316239316640002,0.00020695970696400003,0.41026211133859414,1.701725000202714,0.13538800021706265,0.0575359999857028,0.0
pd,00:06:30.440,908,-90.0,-89.998,39.999,-89.579,0.122,0.003,0.0,0.0,0.0,0.0,0.0,0.0,-90.0,-89.997,40.0,-89.987,0.079,0.003,-90.0,-89.9975,39.9995,-89.78299999999999,0.1005,0.003,0.0,0.12775048733004468,0.12775048732913696,-52.122198830409516,-5.493270955165691,0.0,0.0,0.0005000000000023874,0.000499999999995282,-0.20399999999999352,-0.02149999999999999,0.0,-0.0206547,0.0137698,-0.0413094,-3.7385007,-0.0895037,0.0137698,-0.0026007326007,-0.027845177044827998,0.003589010988966,0.006174297924426001,-0.0019316239316640002,0.00020695970696400003,0.41026211133859414,1.7399459998159728,0.1496469999437977,0.06818500014560414,0.0
pd,00:06:30.442,909,-90.0,-89.998,39.999,-89.579,0.122,0.003,0.0,0.0,0.0,0.0,0.0,0.0,-90.0,-89.997,40.0,-89.987,0.079,0.003,-90.0,-89.9975,39.9995,-89.78299999999999,0.1005,0.003,0.0,0.12333286285638753,0.1233328628555112,-50.319808045166,-5.303313102799341,0.0,0.0,0.0005000000000023874,0.000499999999995282,-0.20399999999999352,-0.02149999999999999,0.0,0.0206547,-0.0413094,-0.034424500000000004,-3.3598312,-0.1170433,-0.0137698,-0.001976556776532,-0.027168986568645997,0.002791452991418,0.0056396520147690005,-0.00224206349211,-3.4493284494e-05,0.41026211133859414,3.4796509999068803,0.3867000000354892,0.18633100035003736,0.0
pd,00:06:30.447,910,-90.0,-89.998,39.999,-89.7,0.119,0.003,0.0,0.0,0.0,-28.642179806989056,-0.7101366894294266,0.0,-90.0,-89.997,40.0,-89.987,0.079,0.003,-90.0,-89.9975,39.9995,-86.9792820193011,0.17001366894294268,0.003,0.0,0.05917805745273474,0.05917805745231425,322.0136099474395,6.037779663131673,0.0,0.0,0.0005000000000023874,0.000499999999995282,2.7207179806989075,0.05101366894294268,0.0,0.0206547,-0.0413094,-0.034424500000000004,-3.3598312,-0.1170433,-0.0137698,-0.001976556776532,-0.027168986568645997,0.002791452991418,0.0056396520147690005,-0.00224206349211,-3.4493284494e-05,0.28977750085193876,2.509086999907595,0.18507200002204627,0.08422100017924095,0.0
pd,00:06:30.450,911,-90.0,-89.998,39.999,-89.7,0.119,0.003,0.0,0.0,0.0,0.0,0.0,0.0,-90.0,-89.997,40.0,-89.987,0.079,0.003,-90.0,-89.9975,39.9995,-89.8435,0.099,0.003,0.0,0.07156049955674652,0.07156049955623806,-20.53786337268761,-2.862419982256193,0.0,0.0,0.0005000000000023874,0.000499999999995282,-0.14350000000000307,-0.01999999999999999,0.0,0.0206547,-0.0413094,-0.034424500000000004,-3.3598312,-0.1170433,-0.0137698,-0.001976556776532,-0.027168986568645997,0.002791452991418,0.0056396520147690005,-0.00224206349211,-3.4493284494e-05,0.28977750085193876,2.0074059998478333,0.24927499998739222,0.11953600005654152,0.0
pd,00:06:30.452,912,-90.0,-89.998,39.999,-89.7,0.119,0.003,0.0,0.0,0.0,0.0,0.0,0.0,-90.0,-89.997,40.0,-89.987,0.079,0.003,-90.0,-89.9975,39.9995,-89.8435,0.099,0.003,0.0,0.10052497363675647,0.10052497363604221,-28.85066743361054,-4.020998945451058,0.0,0.0,0.0005000000000023874,0.000499999999995282,-0.14350000000000307,-0.01999999999999999,0.0,0.0206547,-0.0413094,-0.034424500000000004,-3.3598312,-0.1170433,-0.0137698,-0.001976556776532,-0.027168986568645997,0.002791452991418,0.0056396520147690005,-0.00224206349211,-3.4493284494e-05,0.28977750085193876,1.8010930002674286,0.17696099985187175,0.08381399993595551,0.0
pd,00:06:30.455,913,-90.0,-89.998,39.999,-89.779,0.118,0.003,0.0,0.0,0.0,-36.89044934312768,-0.46696771320418656,0.0,-90.0,-89.997,40.0,-89.987,0.079,0.003,-90.0,-89.9975,39.9995,-86.19395506568723,0.14519677132041867,0.003,0.0,0.11674192830160396,0.11674192830077446,837.0501173551427,6.350007055016549,0.0,0.0,0.0005000000000023874,0.000499999999995282,3.585044934312762,0.027196771320418672,0.0,0.0206547,-0.0413094,-0.034424500000000004,-3.3598312,-0.1170433,-0.0137698,-0.001976556776532,-0.027168986568645997,0.002791452991418,0.0056396520147690005,-0.00224206349211,-3.4493284494e-05,0.21162939304359246,1.7929460000232211,0.31305299989980995,0.11516599988681264,0.0
pd,00:06:30.457,914,-90.0,-89.998,39.999,-89.779,0.118,0.003,0.0,0.0,0.0,0.0,0.0,0.0,-90.0,-89.997,40.0,-89.987,0.079,0.003,-90.0,-89.9975,39.9995,-89.883,0.0985,0.003,0.0,0.10755728792748044,0.10755728792671619,-22.37191588880894,-4.194734229151707,0.0,0.0,0.0005000000000023874,0.000499999999995282,-0.1039999999999992,-0.01949999999999999,0.0,0.0206547,-0.0413094,-0.034424500000000004,-3.3598312,-0.1170433,-0.0137698,-0.001976556776532,-0.027168986568645997,0.002791452991418,0.0056396520147690005,-0.00224206349211,-3.4493284494e-05,0.21162939304359246,2.087887000016053,0.22707200014338014,0.11049900012949365,0.0
pd,00:06:30.459,915,-90.0,-89.998,39.999,-89.779,0.118,0.003,0.0,0.0,0.0,0.0,0.0,0.0,-90.0,-89.997,40.0,-89.987,0.079,0.003,-90.0,-89.9975,39.9995,-89.883,0.0985,0.003,0.0,0.09915612293191553,0.09915612293121098,-20.624473569739795,-3.8670887943262406,0.0,0.0,0.0005000000000023874,0.000499999999995282,-0.1039999999999992,-0.01949999999999999,0.0,0.0206547,-0.0413094,-0.034424500000000004,-3.3598312,-0.1170433,-0.0137698,-0.001976556776532,-0.027168986568645997,0.002791452991418,0.0056396520147690005,-0.00224206349211,-3.4493284494e-05,0.21162939304359246,1.7697800003588782,0.1937760002874711,0.07222100020953803,0.0
pd,00:06:30.462,916,-90.0,-89.998,39.999,-89.779,0.118,0.003,0.0,0.0,0.0,0.0,0.0,0.0,-90.0,-89.997,40.0,-89.987,0.079,0.003,-90.0,-89.9975,39.9995,-89.883,0.0985,0.003,0.0,0.11855014132334729,0.11855014132250494,-24.658429395138306,-4.6234555115884675,0.0,0.0,0.0005000000000023874,0.000499999999995282,-0.1039999999999992,-0.01949999999999999,0.0,0.0206547,-0.0413094,-0.034424500000000004,-3.3598312,-0.1170433,-0.0137698,-0.001976556776532,-0.027168986568645997,0.002791452991418,0.0056396520147690005,-0.00224206349211,-3.4493284494e-05,0.21162939304359246,1.7336490000161575,0.18673900012800004,0.3876999999192776,0.0
pd,00:06:30.464,917,-90.0,-89.998,39.999,-89.779,0.118,0.003,0.0,0.0,0.0,0.0,0.0,0.0,-90.0,-89.997,40.0,-89.987,0.079,0.003,-90.0,-89.9975,39.9995,-89.883,0.0985,0.003,0.0,0.09034775116362286,0.0903477511629809,-18.79233224194368,-3.523562295364466,0.0,0.0,0.0005000000000023874,0.000499999999995282,-0.1039999999999992,-0.01949999999999999,0.0,-0.0481943,0.0275396,0.0068849,-2.9191976,-0.0826188,-0.0068849,-0.00303418803415,-0.026579487179154,0.00225396825394,0.006122557997685,-0.001621184371218,-3.4493284494e-05,0.21162939304359246,3.7422049999804585,0.22459100000560284,0.10877700015043956,0.0
pd,00:06:30.468,918,-90.0,-89.998,39.999,-89.779,0.118,0.003,0.0,0.0,0.0,0.0,0.0,0.0,-90.0,-89.997,40.0,-89.987,0.079,0.003,-90.0,-89.9975,39.9995,-89.883,0.0985,0.003,0.0,0.05988782911674035,0.05988782911631482,-12.456668456222419,-2.335625335541721,0.0,0.0,0.0005000000000023874,0.000499999999995282,-0.1039999999999992,-0.01949999999999999,0.0,-0.0481943,0.0275396,0.0068849,-2.9191976,-0.0826188,-0.0068849,-0.00303418803415,-0.026579487179154,0.00225396825394,0.006122557997685,-0.001621184371218,-3.4493284494e-05,0.21162939304359246,1.927906999753759,0.25318200005131075,0.12385099989842274,0.0
pd,00:06:30.471,919,-90.0,-89.998,39.999,-89.779,0.118,0.003,0.0,0.0,0.0,0.0,0.0,0.0,-90.0,-89.997,40.0,-89.987,0.079,0.003,-90.0,-89.9975,39.9995,-89.883,0.0985,0.003,0.0,0.10359375617516368,0.1035937561744276,-21.547501284330995,-4.040156490812092,0.0,0.0,0.0005000000000023874,0.000499999999995282,-0.1039999999999992,-0.01949999999999999,0.0,-0.0481943,0.0275396,0.0068849,-2.9191976,-0.0826188,-0.0068849,-0.00303418803415,-0.026579487179154,0.00225396825394,0.006122557997685,-0.001621184371218,-3.4493284494e-05,0.21162939304359246,1.8141869995815796,0.20544200015137903,0.09138799987340462,0.0
pd,00:06:30.473,920,-90.0,-89.998,39.999,-89.779,0.118,0.003,0.0,0.0,0.0,0.0,0.0,0.0,-90.0,-89.997,40.0,-89.987,0.079,0.003,-90.0,-89.9975,39.9995,-89.883,0.0985,0.003,0.0,0.11369142361541872,0.11369142361461089,-23.647816111893995,-4.433965520980157,0.0,0.0,0.0005000000000023874,0.000499999999995282,-0.1039999999999992,-0.01949999999999999,0.0,-0.0481943,0.0275396,0.0068849,-2.9191976,-0.0826188,-0.0068849,-0.00303418803415,-0.026579487179154,0.00225396825394,0.006122557997685,-0.001621184371218,-3.4493284494e-05,0.21162939304359246,1.7784269998628588,0.16892400026335963,0.07072200014590635,0.0
pd,00:06:30.476,921,-90.0,-89.998,39.999,-89.846,0.116,0.003,0.0,0.0,0.0,-24.07009576017392,-0.7185103211991392,0.0,-90.0,-89.997,40.0,-89.987,0.079,0.003,-90.0,-89.9975,39.9995,-87.50949042398261,0.16935103211991392,0.003,0.0,0.08981379015032179,0.08981379014968362,419.7015614872836,9.583316806196292,0.0,0.0,0.0005000000000023874,0.000499999999995282,2.3365095760173915,0.05335103211991392,0.0,-0.0481943,0.0275396,0.0068849,-2.9191976,-0.0826188,-0.0068849,-0.00303418803415,-0.026579487179154,0.00225396825394,0.006122557997685,-0.001621184371218,-3.4493284494e-05,0.1457806571531268,2.1118499998920015,0.26670099987313733,0.12170299987701583,0.0
pd,00:06:30.479,922,-90.0,-89.998,39.999,-89.846,0.116,0.003,0.0,0.0,0.0,0.0,0.0,0.0,-90.0,-89.997,40.0,-89.987,0.079,0.003,-90.0,-89.9975,39.9995,-89.9165,0.0975,0.003,0.0,0.09549872495491865,0.0954987249542401,-13.465320218578388,-3.533452823315119,0.0,0.0,0.0005000000000023874,0.000499999999995282,-0.07049999999999557,-0.018500000000000003,0.0,-0.0481943,0.0275396,0.0068849,-2.9191976,-0.0826188,-0.0068849,-0.00303418803415,-0.026579487179154,0.00225396825394,0.006122557997685,-0.001621184371218,-3.4493284494e-05,0.1457806571531268,1.8362040000283741,0.29042300002402044,0.13807300001644762,0.0
pd,00:06:30.481,923,-90.0,-89.998,39.999,-89.846,0.116,0.003,0.0,0.0,0.0,0.0,0.0,0.0,-90.0,-89.997,40.0,-89.987,0.079,0.003,-90.0,-89.9975,39.9995,-89.9165,0.0975,0.003,0.0,0.10495205685166718,0.10495205685092145,-14.798240016013482,-3.8832261034931443,0.0,0.0,0.0005000000000023874,0.000499999999995282,-0.07049999999999557,-0.018500000000000003,0.0,-0.0481943,0.0275396,0.0068849,-2.9191976,-0.0826188,-0.0068849,-0.00303418803415,-0.026579487179154,0.00225396825394,0.006122557997685,-0.001621184371218,-3.4493284494e-05,0.1457806571531268,1.9079999997302366,0.2702380002119753,0.13216500019552768,0.0
pd,00:06:30.483,924,-90.0,-89.998,39.999,-89.846,0.116,0.003,0.0,0.0,0.0,0.0,0.0,0.0,-90.0,-89.997,40.0,-89.987,0.079,0.003,-90.0,-89.9975,39.9995,-89.9165,0.0975,0.003,0.0,0.10283181327890623,0.10283181327817556,-14.499285672255635,-3.804777091301364,0.0,0.0,0.0005000000000023874,0.000499999999995282,-0.07049999999999557,-0.018500000000000003,0.0,0.0206547,0.06884900000000001,0.0275396,-2.9054278,-0.1858923,-0.0,-0.002201953601926,-0.02696092796059,0.0019418803418559999,0.0055706654457810005,-0.002966422466484,0.000275946275952,0.1457806571531268,4.362180000043736,0.23833099976400263,0.12977599999430822,0.0
pd,00:06:30.488,925,-90.0,-89.998,39.999,-89.846,0.116,0.003,0.0,0.0,0.0,0.0,0.0,0.0,-90.0,-89.997,40.0,-89.987,0.079,0.003,-90.0,-89.9975,39.9995,-89.9165,0.0975,0.003,0.0,0.051628557361152475,0.051628557360785636,-7.279626587887282,-1.9102566223535207,0.0,0.0,0.0005000000000023874,0.000499999999995282,-0.07049999999999557,-0.018500000000000003,0.0,0.0206547,0.06884900000000001,0.0275396,-2.9054278,-0.1858923,-0.0,-0.002201953601926,-0.02696092796059,0.0019418803418559999,0.0055706654457810005,-0.002966422466484,0.000275946275952,0.1457806571531268,1.9204630002604972,0.24716400002944283,0.11898000002474873,0.0
pd,00:06:30.491,926,-90.0,-89.998,39.999,-89.846,0.116,0.003,0.0,0.0,0.0,0.0,0.0,0.0,-90.0,-89.997,40.0,-89.987,0.079,0.003,-90.0,-89.9975,39.9995,-89.9165,0.0975,0.003,0.0,0.10456481850867638,0.10456481850793341,-14.743639409652044,-3.8688982848025533,0.0,0.0,0.0005000000000023874,0.000499999999995282,-0.07049999999999557,-0.018500000000000003,0.0,0.0206547,0.06884900000000001,0.0275396,-2.9054278,-0.1858923,-0.0,-0.002201953601926,-0.02696092796059,0.0019418803418559999,0.0055706654457810005,-0.002966422466484,0.000275946275952,0.1457806571531268,1.7817419998209516,0.1506649996372289,0.06396199978553341,0.0
pd,00:06:30.493,927,-90.0,-89.998,39.999,-89.846,0.116,0.003,0.0,0.0,0.0,0.0,0.0,0.0,-90.0,-89.997,40.0,-89.987,0.079,0.003,-90.0,-89.9975,39.9995,-89.9165,0.0975,0.003,0.0,0.11868432371307377,0.11868432371223048,-16.734489643462446,-4.3913199773627625,0.0,0.0,0.0005000000000023874,0.000499999999995282,-0.07049999999999557,-0.018500000000000003,0.0,0.0206547,0.06884900000000001,0.0275396,-2.9054278,-0.1858923,-0.0,-0.002201953601926,-0.02696092796059,0.0019418803418559999,0.0055706654457810005,-0.002966422466484,0.000275946275952,0.1457806571531268,1.9808890001513646,0.20960899973943015,0.10027700000136974,0.0
pd,00:06:30.495,928,-90.0,-89.998,39.999,-89.904,0.115,0.003,0.0,0.0,0.0,-24.370830695248394,-0.42018673612502544,0.0,-90.0,-89.997,40.0,-89.987,0.079,0.003,-90.0,-89.9975,39.9995,-87.50841693047515,0.13901867361250256,0.003,0.0,0.10504668403175785,0.10504668403101144,503.2961155500058,5.046164035644854,0.0,0.0,0.0005000000000023874,0.000499999999995282,2.3955830695248466,0.024018673612502553,0.0,0.0206547,0.06884900000000001,0.0275396,-2.9054278,-0.1858923,-0.0,-0.002201953601926,-0.02696092796059,0.0019418803418559999,0.0055706654457810005,-0.002966422466484,0.000275946275952,0.09048204241726499,1.7867980000119132,0.19942400012951111,0.10073999965243274,0.0
pd,00:06:30.497,929,-90.0,-89.998,39.999,-89.904,0.115,0.003,0.0,0.0,0.0,0.0,0.0,0.0,-90.0,-89.997,40.0,-89.987,0.079,0.003,-90.0,-89.9975,39.9995,-89.9455,0.097,0.003,0.0,0.11483692914302998,0.11483692914221402,-9.531465118825794,-4.13412944912934,0.0,0.0,0.0005000000000023874,0.000499999999995282,-0.041499999999999204,-0.018000000000000002,0.0,0.0206547,0.06884900000000001,0.0275396,-2.9054278,-0.1858923,-0.0,-0.002201953601926,-0.02696092796059,0.0019418803418559999,0.0055706654457810005,-0.002966422466484,0.000275946275952,0.09048204241726499,1.7895199998747557,0.17305399978795322,0.07479599980797502,0.0
pd,00:06:30.499,930,-90.0,-89.998,39.999,-89.904,0.115,0.003,0.0,0.0,0.0,0.0,0.0,0.0,-90.0,-89.997,40.0,-89.987,0.079,0.003,-90.0,-89.9975,39.9995,-89.9455,0.097,0.003,0.0,0.11834943566647932,0.1183494356656384,-9.823003160270693,-4.260579683972913,0.0,0.0,0.0005000000000023874,0.000499999999995282,-0.041499999999999204,-0.018000000000000002,0.0,0.0206547,0.06884900000000001,0.0275396,-2.9054278,-0.1858923,-0.0,-0.002201953601926,-0.02696092796059,0.0019418803418559999,0.0055706654457810005,-0.002966422466484,0.000275946275952,0.09048204241726499,1.7753530000845785,0.1471649998165958,0.06440600009227637,0.0
pd,00:06:30.502,931,-90.0,-89.998,39.999,-89.904,0.115,0.003,0.0,0.0,0.0,0.0,0.0,0.0,-90.0,-89.997,40.0,-89.987,0.079,0.003,-90.0,-89.9975,39.9995,-89.9455,0.097,0.003,0.0,0.09108547602545229,0.09108547602480509,-7.560094510076297,-3.279077136900626,0.0,0.0,0.0005000000000023874,0.000499999999995282,-0.041499999999999204,-0.018000000000000002,0.0,0.0275396,0.0068849,-0.0206547,-1.1773179,-0.1583527,-0.0275396,-0.002201953601926,-0.027775824175476,0.00242735042732,0.005122252747359,-0.002207570207616,-0.000258699633705,0.09048204241726499,3.04284000003463,0.6582900000466907,0.11953600005654152,0.0
pd,00:06:30.506,932,-90.0,-89.998,39.999,-89.904,0.115,0.003,0.0,0.0,0.0,0.0,0.0,0.0,-90.0,-89.997,40.0,-89.987,0.079,0.003,-90.0,-89.9975,39.9995,-89.9455,0.097,0.003,0.0,0.06345391830590057,0.06345391830544969,-5.266675219364498,-2.284341059001513,0.0,0.0,0.0005000000000023874,0.000499999999995282,-0.041499999999999204,-0.018000000000000002,0.0,0.0275396,0.0068849,-0.0206547,-1.1773179,-0.1583527,-0.0275396,-0.002201953601926,-0.027775824175476,0.00242735042732,0.005122252747359,-0.002207570207616,-0.000258699633705,0.09048204241726499,2.9468600000654988,0.25464599957558676,0.12620300003618468,0.0
pd,00:06:30.509,933,-90.0,-89.998,39.999,-89.904,0.115,0.003,0.0,0.0,0.0,0.0,0.0,0.0,-90.0,-89.997,40.0,-89.987,0.079,0.003,-90.0,-89.9975,39.9995,-89.9455,0.097,0.003,0.0,0.0726261255024939,0.07262612550197785,-6.027968416678094,-2.6145405180772965,0.0,0.0,0.0005000000000023874,0.000499999999995282,-0.041499999999999204,-0.018000000000000002,0.0,0.0275396,0.0068849,-0.0206547,-1.1773179,-0.1583527,-0.0275396,-0.002201953601926,-0.027775824175476,0.00242735042732,0.005122252747359,-0.002207570207616,-0.000258699633705,0.09048204241726499,2.134515999841824,0.2296079996995104,0.11457300024630968,0.0
pd,00:06:30.512,934,-90.0,-89.998,39.999,-89.904,0.115,0.003,0.0,0.0,0.0,0.0,0.0,0.0,-90.0,-89.997,40.0,-89.987,0.079,0.003,-90.0,-89.9975,39.9995,-89.9455,0.097,0.003,0.0,0.09712634309049711,0.09712634308980699,-8.061486476472613,-3.496548351241201,0.0,0.0,0.0005000000000023874,0.000499999999995282,-0.041499999999999204,-0.018000000000000002,0.0,0.0275396,0.0068849,-0.0206547,-1.1773179,-0.1583527,-0.0275396,-0.002201953601926,-0.027775824175476,0.00242735042732,0.005122252747359,-0.002207570207616,-0.000258699633705,0.09048204241726499,1.7879830002129893,0.19779400008701487,0.09860999989541597,0.0
pd,00:06:30.514,935,-90.0,-89.998,39.999,-89.961,0.112,0.003,0.0,0.0,0.0,-26.246056427709853,-1.3813713909320464,0.0,-90.0,-89.997,40.0,-89.987,0.079,0.003,-90.0,-89.9975,39.9995,-87.34939435722902,0.23363713909320466,0.003,0.0,0.1151142825782201,0.11511428257740215,601.2662198867562,28.00434400302913,0.0,0.0,0.0005000000000023874,0.000499999999995282,2.611605642770982,0.12163713909320466,0.0,0.0275396,0.0068849,-0.0206547,-1.1773179,-0.1583527,-0.0275396,-0.002201953601926,-0.027775824175476,0.00242735042732,0.005122252747359,-0.002207570207616,-0.000258699633705,0.042035699113965146,1.7557050000505114,0.15451699982804712,0.062276999869936844,0.0
pd,00:06:30.516,936,-90.0,-89.998,39.999,-89.961,0.112,0.003,0.0,0.0,0.0,0.0,0.0,0.0,-90.0,-89.997,40.0,-89.987,0.079,0.003,-90.0,-89.9975,39.9995,-89.97399999999999,0.0955,0.003,0.0,0.12258311900923624,0.12258311900836523,-3.187161094224464,-4.04524292728548,0.0,0.0,0.0005000000000023874,0.000499999999995282,-0.012999999999991019,-0.0165,0.0,0.0275396,0.0068849,-0.0206547,-1.1773179,-0.1583527,-0.0275396,-0.002201953601926,-0.027775824175476,0.00242735042732,0.005122252747359,-0.002207570207616,-0.000258699633705,0.042035699113965146,1.7444650002289563,0.13949899994258885,0.30640400018455693,0.0
pd,00:06:30.518,937,-90.0,-89.998,39.999,-89.961,0.112,0.003,0.0,0.0,0.0,0.0,0.0,0.0,-90.0,-89.997,40.0,-89.987,0.079,0.003,-90.0,-89.9975,39.9995,-89.97399999999999,0.0955,0.003,0.0,0.11014453781565198,0.11014453781486935,-2.863757983192864,-3.63476974789916,0.0,0.0,0.0005000000000023874,0.000499999999995282,-0.012999999999991019,-0.0165,0.0,0.0275396,0.0068849,-0.0206547,-1.1773179,-0.1583527,-0.0275396,-0.002201953601926,-0.027775824175476,0.00242735042732,0.005122252747359,-0.002207570207616,-0.000258699633705,0.042035699113965146,1.7830940000749251,0.18327599991607713,0.07470299988199258,0.0
pd,00:06:30.521,938,-90.0,-89.998,39.999,-89.961,0.112,0.003,0.0,0.0,0.0,0.0,0.0,0.0,-90.0,-89.997,40.0,-89.987,0.079,0.003,-90.0,-89.9975,39.9995,-89.97399999999999,0.0955,0.003,0.0,0.11489984659270291,0.1148998465918865,-2.9873960113955804,-3.7916949375410915,0.0,0.0,0.0005000000000023874,0.000499999999995282,-0.012999999999991019,-0.0165,0.0,0.0275396,0.0068849,-0.0206547,-1.1773179,-0.1583527,-0.0275396,-0.002201953601926,-0.027775824175476,0.00242735042732,0.005122252747359,-0.002207570207616,-0.000258699633705,0.042035699113965146,1.7254460003641725,0.17396100020050653,0.08122200006255298,0.0
pd,00:06:30.523,939,-90.0,-89.998,39.999,-89.961,0.112,0.003,0.0,0.0,0.0,0.0,0.0,0.0,-90.0,-89.997,40.0,-89.987,0.079,0.003,-90.0,-89.9975,39.9995,-89.97399999999999,0.0955,0.003,0.0,0.12123667476066675,0.12123667475980532,-3.15215354376183,-4.0008102670829,0.0,0.0,0.0005000000000023874,0.000499999999995282,-0.012999999999991019,-0.0165,0.0,0.0068849,0.0206547,0.0137698,-1.032735,-0.1583527,0.0206547,-0.001976556776532,-0.025989987789661998,0.003103540903502,0.00431166056175,-0.002276556776604,-0.000327686202693,0.042035699113965146,3.414782000163541,0.5090129998279735,0.3731629999492725,0.0
pd,00:06:30.528,940,-90.0,-89.998,39.999,-89.961,0.112,0.003,0.0,0.0,0.0,0.0,0.0,0.0,-90.0,-89.997,40.0,-89.987,0.079,0.003,-90.0,-89.9975,39.9995,-89.97399999999999,0.0955,0.003,0.0,0.051917413477496996,0.051917413477128097,-1.3498527504082818,-1.7132746447492202,0.0,0.0,0.0005000000000023874,0.000499999999995282,-0.012999999999991019,-0.0165,0.0,0.0068849,0.0206547,0.0137698,-1.032735,-0.1583527,0.0206547,-0.001976556776532,-0.025989987789661998,0.003103540903502,0.00431166056175,-0.002276556776604,-0.000327686202693,0.042035699113965146,1.8771479999486473,0.22214599994185846,0.08362800008399063,0.0
pd,00:06:30.531,941,-90.0,-89.998,39.999,-89.961,0.112,0.003,0.0,0.0,0.0,0.0,0.0,0.0,-90.0,-89.997,40.0,-89.987,0.079,0.003,-90.0,-89.9975,39.9995,-89.97399999999999,0.0955,0.003,0.0,0.08318070759995294,0.08318070759936191,-2.1626983975881378,-2.7449633507853406,0.0,0.0,0.0005000000000023874,0.000499999999995282,-0.012999999999991019,-0.0165,0.0,0.0068849,0.0206547,0.0137698,-1.032735,-0.1583527,0.0206547,-0.001976556776532,-0.025989987789661998,0.003103540903502,0.00431166056175,-0.002276556776604,-0.000327686202693,0.042035699113965146,1.8945929996334598,0.26344199977756944,0.09997999995903228,0.0
pd,00:06:30.533,942,-90.0,-89.998,39.999,-89.961,0.112,0.003,0.0,0.0,0.0,0.0,0.0,0.0,-90.0,-89.997,40.0,-89.987,0.079,0.003,-90.0,-89.9975,39.9995,-89.97399999999999,0.0955,0.003,0.0,0.10583124747729176,0.10583124747653978,-2.7516124343960504,-3.4924311667339527,0.0,0.0,0.0005000000000023874,0.000499999999995282,-0.012999999999991019,-0.0165,0.0,0.0068849,0.0206547,0.0137698,-1.032735,-0.1583527,0.0206547,-0.001976556776532,-0.025989987789661998,0.003103540903502,0.00431166056175,-0.002276556776604,-0.000327686202693,0.042035699113965146,1.7544460001772677,0.23214600014398457,0.10207299965259153,0.0
pd,00:06:30.535,943,-90.0,-89.998,39.999,-89.987,0.11,0.003,0.0,0.0,0.0,-11.910430755786836,-0.9161869812145049,0.0,-90.0,-89.997,40.0,-89.987,0.079,0.003,-90.0,-89.9975,39.9995,-88.7959569244213,0.1861186981214505,0.003,0.0,0.11452337265235984,0.11452337265154611,272.80453997771815,17.43474006146747,0.0,0.0,0.0005000000000023874,0.000499999999995282,1.1910430755786905,0.07611869812145049,0.0,0.0068849,0.0206547,0.0137698,-1.032735,-0.1583527,0.0206547,-0.001976556776532,-0.025989987789661998,0.003103540903502,0.00431166056175,-0.002276556776604,-0.000327686202693,0.03103224129836588,1.8834809998224955,0.48832899983608513,0.13248000004750793,0.0
pd,00:06:30.538,944,-90.0,-89.998,39.999,-89.987,0.11,0.003,0.0,0.0,0.0,0.0,0.0,0.0,-90.0,-89.997,40.0,-89.987,0.079,0.003,-90.0,-89.9975,39.9995,-89.987,0.0945,0.003,0.0,0.09521256696676716,0.09521256696609064,0.0,-2.9515895759556887,0.0,0.0,0.0005000000000023874,0.000499999999995282,0.0,-0.0155,0.0,0.0068849,0.0206547,0.0137698,-1.032735,-0.1583527,0.0206547,-0.001976556776532,-0.025989987789661998,0.003103540903502,0.00431166056175,-0.002276556776604,-0.000327686202693,0.03103224129836588,1.7919639999490755,0.2233870000054594,0.07088799975463189,0.0
pd,00:06:30.540,945,-90.0,-89.998,39.999,-89.987,0.11,0.003,0.0,0.0,0.0,0.0,0.0,0.0,-90.0,-89.997,40.0,-89.987,0.079,0.003,-90.0,-89.9975,39.9995,-89.987,0.0945,0.003,0.0,0.1156857899387695,0.11568578993794751,0.0,-3.586259488084731,0.0,0.0,0.0005000000000023874,0.000499999999995282,0.0,-0.0155,0.0,0.0068849,0.0206547,0.0137698,-1.032735,-0.1583527,0.0206547,-0.001976556776532,-0.025989987789661998,0.003103540903502,0.00431166056175,-0.002276556776604,-0.000327686202693,0.03103224129836588,1.755501999923581,0.1692760001787974,0.07603599988215137,0.0
pd,00:06:30.542,946,-90.0,-89.998,39.999,-89.987,0.11,0.003,0.0,0.0,0.0,0.0,0.0,0.0,-90.0,-89.997,40.0,-89.987,0.079,0.003,-90.0,-89.9975,39.9995,-89.987,0.0945,0.003,0.0,0.12034614943245803,0.12034614943160292,0.0,-3.730730632388385,0.0,0.0,0.0005000000000023874,0.000499999999995282,0.0,-0.0155,0.0,0.0068849,0.0206547,0.0137698,-0.68849,-0.26162620000000003,0.0619641,-0.001976556776532,-0.025989987789661998,0.003103540903502,0.00396672771681,-0.0019661172161580002,0.00010347985348200002,0.03103224129836588,2.9352310002650484,1.001082000129827,0.1472760000069684,0.0
pd,00:06:30.546,947,-90.0,-89.998,39.999,-89.987,0.11,0.003,0.0,0.0,0.0,0.0,0.0,0.0,-90.0,-89.997,40.0,-89.987,0.079,0.003,-90.0,-89.9975,39.9995,-89.987,0.0945,0.003,0.0,0.05927172008394137,0.05927172008352022,0.0,-1.8374233225934091,0.0,0.0,0.0005000000000023874,0.000499999999995282,0.0,-0.0155,0.0,-0.0413094,-0.0826188,0.0137698,-0.68849,-0.26162620000000003,0.0619641,-0.00277411477408,-0.026978266177928,0.00286080586077,0.00396672771681,-0.0019661172161580002,0.00010347985348200002,0.03103224129836588,2.7756949998547498,0.3166080000482907,0.15379399974335684,0.0
pd,00:06:30.550,948,-90.0,-89.998,39.999,-89.987,0.11,0.003,0.0,0.0,0.0,0.0,0.0,0.0,-90.0,-89.997,40.0,-89.987,0.079,0.003,-90.0,-89.9975,39.9995,-89.987,0.0945,0.003,0.0,0.07479677580462278,0.07479677580409132,0.0,-2.318700049932235,0.0,0.0,0.0005000000000023874,0.000499999999995282,0.0,-0.0155,0.0,-0.0413094,-0.0826188,0.0137698,-0.68849,-0.26162620000000003,0.0619641,-0.00277411477408,-0.026978266177928,0.00286080586077,0.00396672771681,-0.0019661172161580002,0.00010347985348200002,0.03103224129836588,1.7542800001137948,0.1457759999539121,0.0619620000179566,0.0
pd,00:06:30.552,949,-90.0,-89.998,39.999,-89.987,0.11,0.003,0.0,0.0,0.0,0.0,0.0,0.0,-90.0,-89.997,40.0,-89.987,0.079,0.003,-90.0,-89.9975,39.9995,-89.987,0.0945,0.003,0.0,0.123289359201059,0.12328935920018298,0.0,-3.82197013521458,0.0,0.0,0.0005000000000023874,0.000499999999995282,0.0,-0.0155,0.0,-0.0413094,-0.0826188,0.0137698,-0.68849,-0.26162620000000003,0.0619641,-0.00277411477408,-0.026978266177928,0.00286080586077,0.00396672771681,-0.0019661172161580002,0.00010347985348200002,0.03103224129836588,1.8207230000371055,0.20062800012965454,0.092832000063936,0.0
pd,00:06:30.554,950,-90.0,-89.998,39.999,-89.987,0.11,0.003,0.0,0.0,0.0,0.0,0.0,0.0,-90.0,-89.997,40.0,-89.987,0.079,0.003,-90.0,-89.9975,39.9995,-89.987,0.0945,0.003,0.0,0.11345769314055473,0.11345769313974856,0.0,-3.5171884873404027,0.0,0.0,0.0005000000000023874,0.000499999999995282,0.0,-0.0155,0.0,-0.0413094,-0.0826188,0.0137698,-0.68849,-0.26162620000000003,0.0619641,-0.00277411477408,-0.026978266177928,0.00286080586077,0.00396672771681,-0.0019661172161580002,0.00010347985348200002,0.03103224129836588,1.735723999900074,0.1591279997228412,0.07127699973352719,0.0
pd,00:06:30.557,951,-90.0,-89.998,39.999,-90.006,0.107,0.003,0.0,0.0,0.0,-6.919490839630363,-1.0925511852044814,0.0,-90.0,-89.997,40.0,-89.987,0.079,0.003,-90.0,-89.9975,39.9995,-89.30455091603696,0.20225511852044814,0.003,0.0,0.0910459321008081,0.09104593210016117,127.7281713407359,17.345182106051478,0.0,0.0,0.0005000000000023874,0.000499999999995282,0.7014490839630412,0.09525511852044814,0.0,-0.0413094,-0.0826188,0.0137698,-0.68849,-0.26162620000000003,0.0619641,-0.00277411477408,-0.026978266177928,0.00286080586077,0.00396672771681,-0.0019661172161580002,0.00010347985348200002,0.03386738844375533,2.0018700001855905,0.22901600004843203,0.0848329996188113,0.0
pd,00:06:30.559,952,-90.0,-89.998,39.999,-90.006,0.107,0.003,0.0,0.0,0.0,0.0,0.0,0.0,-90.0,-89.997,40.0,-89.987,0.079,0.003,-90.0,-89.9975,39.9995,-89.9965,0.093,0.003,0.0,0.10342006115050861,0.10342006114977377,1.9649811618508455,-2.895761712200414,0.0,0.0,0.0005000000000023874,0.000499999999995282,0.009500000000002728,-0.013999999999999999,0.0,-0.0413094,-0.0826188,0.0137698,-0.68849,-0.26162620000000003,0.0619641,-0.00277411477408,-0.026978266177928,0.00286080586077,0.00396672771681,-0.0019661172161580002,0.00010347985348200002,0.03386738844375533,1.8684819997361046,0.19168299968441715,0.10729599989645067,0.0
pd,00:06:30.561,953,-90.0,-89.998,39.999,-90.006,0.107,0.003,0.0,0.0,0.0,0.0,0.0,0.0,-90.0,-89.997,40.0,-89.987,0.079,0.003,-90.0,-89.9975,39.9995,-89.9965,0.093,0.003,0.0,0.11057429083676124,0.11057429083597556,2.1009115258890354,-3.096080143414531,0.0,0.0,0.0005000000000023874,0.000499999999995282,0.009500000000002728,-0.013999999999999999,0.0,-0.0413094,-0.0826188,0.0137698,-0.68849,-0.26162620000000003,0.0619641,-0.00277411477408,-0.026978266177928,0.00286080586077,0.00396672771681,-0.0019661172161580002,0.00010347985348200002,0.03386738844375533,1.7956499996216735,0.5845129999215715,0.8704729998498806,0.0
pd,00:06:30.565,954,-90.0,-89.998,39.999,-90.006,0.107,0.003,0.0,0.0,0.0,0.0,0.0,0.0,-90.0,-89.997,40.0,-89.987,0.079,0.003,-90.0,-89.9975,39.9995,-89.9965,0.093,0.003,0.0,0.06552371430388094,0.06552371430341537,1.244950571768151,-1.8346640004999062,0.0,0.0,0.0005000000000023874,0.000499999999995282,0.009500000000002728,-0.013999999999999999,0.0,-0.0068849,-0.0137698,-0.0,-0.3648997,-0.2685111,-0.0481943,-0.00242735042732,-0.02722100122066,0.002201953601926,0.00413919413928,-0.002552503052556,-0.00010347985348200002,0.03386738844375533,3.3319870003651886,0.26610900022205897,0.3515710000101535,0.0
pd,00:06:30.569,955,-90.0,-89.998,39.999,-90.006,0.107,0.003,0.0,0.0,0.0,0.0,0.0,0.0,-90.0,-89.997,40.0,-89.987,0.079,0.003,-90.0,-89.9975,39.9995,-89.9965,0.093,0.003,0.0,0.061137892834528994,0.061137892834094584,1.161619963850838,-1.7118609993586378,0.0,0.0,0.0005000000000023874,0.000499999999995282,0.009500000000002728,-0.013999999999999999,0.0,-0.0068849,-0.0137698,-0.0,-0.3648997,-0.2685111,-0.0481943,-0.00242735042732,-0.02722100122066,0.002201953601926,0.00413919413928,-0.002552503052556,-0.00010347985348200002,0.03386738844375533,1.7604650001885602,0.19851700017170515,0.08166599991454859,0.0
pd,00:06:30.571,956,-90.0,-89.998,39.999,-90.006,0.107,0.003,0.0,0.0,0.0,0.0,0.0,0.0,-90.0,-89.997,40.0,-89.987,0.079,0.003,-90.0,-89.9975,39.9995,-89.9965,0.093,0.003,0.0,0.11798987284854358,0.11798987284770521,2.2418075841122675,-3.3037164397434453,0.0,0.0,0.0005000000000023874,0.000499999999995282,0.009500000000002728,-0.013999999999999999,0.0,-0.0068849,-0.0137698,-0.0,-0.3648997,-0.2685111,-0.0481943,-0.00242735042732,-0.02722100122066,0.002201953601926,0.00413919413928,-0.002552503052556,-0.00010347985348200002,0.03386738844375533,1.7790940000850242,0.17264600000999053,0.07383199999821954,0.0
pd,00:06:30.573,957,-90.0,-89.998,39.999,-90.006,0.107,0.003,0.0,0.0,0.0,0.0,0.0,0.0,-90.0,-89.997,40.0,-89.987,0.079,0.003,-90.0,-89.9975,39.9995,-89.9965,0.093,0.003,0.0,0.11877843226155492,0.11877843226071094,2.2567902129594155,-3.325796103307657,0.0,0.0,0.0005000000000023874,0.000499999999995282,0.009500000000002728,-0.013999999999999999,0.0,-0.0068849,-0.0137698,-0.0,-0.3648997,-0.2685111,-0.0481943,-0.00242735042732,-0.02722100122066,0.002201953601926,0.00413919413928,-0.002552503052556,-0.00010347985348200002,0.03386738844375533,1.830407999932504,0.19260899989603786,0.09025899998960085,0.0
pd,00:06:30.576,958,-90.0,-89.998,39.999,-90.019,0.103,0.003,0.0,0.0,0.0,-5.917728673759706,-1.8208395919253326,0.0,-90.0,-89.997,40.0,-89.987,0.079,0.003,-90.0,-89.9975,39.9995,-89.41122713262403,0.27308395919253325,0.003,0.0,0.11380247449587658,0.11380247449506796,138.33211247702008,38.71195085614712,0.0,0.0,0.0005000000000023874,0.000499999999995282,0.6077728673759708,0.17008395919253327,0.0,-0.0068849,-0.0137698,-0.0,-0.3648997,-0.2685111,-0.0481943,-0.00242735042732,-0.02722100122066,0.002201953601926,0.00413919413928,-0.002552503052556,-0.00010347985348200002,0.0400249921923876,1.8204269999841927,0.14785099983782857,0.0657590003356745,0.0
pd,00:06:30.578,959,-90.0,-89.998,39.999,-90.019,0.103,0.003,0.0,0.0,0.0,0.0,0.0,0.0,-90.0,-89.997,40.0,-89.987,0.079,0.003,-90.0,-89.9975,39.9995,-90.003,0.091,0.003,0.0,0.11889964848679066,0.11889964848594582,3.8047887515604044,-2.8535915636693496,0.0,0.0,0.0005000000000023874,0.000499999999995282,0.016000000000005343,-0.011999999999999997,0.0,-0.0068849,-0.0137698,-0.0,-0.3648997,-0.2685111,-0.0481943,-0.00242735042732,-0.02722100122066,0.002201953601926,0.00413919413928,-0.002552503052556,-0.00010347985348200002,0.0400249921923876,1.6964830001597875,0.13142399984644726,0.05677799981640419,0.0
pd,00:06:30.580,960,-90.0,-89.998,39.999,-90.019,0.103,0.003,0.0,0.0,0.0,0.0,0.0,0.0,-90.0,-89.997,40.0,-89.987,0.079,0.003,-90.0,-89.9975,39.9995,-90.003,0.091,0.003,0.0,0.12847047292391653,0.1284704729230037,4.111055133547072,-3.083291350159274,0.0,0.0,0.0005000000000023874,0.000499999999995282,0.016000000000005343,-0.011999999999999997,0.0,-0.0068849,-0.0137698,-0.0,-0.3648997,-0.2685111,-0.0481943,-0.00242735042732,-0.02722100122066,0.002201953601926,0.00413919413928,-0.002552503052556,-0.00010347985348200002,0.0400249921923876,1.71957599968664,0.13494300037564244,0.06298099970081239,0.0
pd,00:06:30.582,961,-90.0,-89.998,39.999,-90.019,0.103,0.003,0.0,0.0,0.0,0.0,0.0,0.0,-90.0,-89.997,40.0,-89.987,0.079,0.003,-90.0,-89.9975,39.9995,-90.003,0.091,0.003,0.0,0.09326478697900976,0.09326478697834707,2.9844731833150586,-2.238354887485546,0.0,0.0,0.0005000000000023874,0.000499999999995282,0.016000000000005343,-0.011999999999999997,0.0,-0.0137698,-0.034424500000000004,-0.0206547,-0.3786695,-0.2822809,0.0068849,-0.002375335775306,-0.027567765567419997,0.00364102564098,0.003069902319966,-0.001190018315043,-0.000500152625163,0.0400249921923876,3.4552809997876466,0.4239780000716564,0.12409100008881069,0.0
pd,00:06:30.586,962,-90.0,-89.998,39.999,-90.019,0.103,0.003,0.0,0.0,0.0,0.0,0.0,0.0,-90.0,-89.997,40.0,-89.987,0.079,0.003,-90.0,-89.9975,39.9995,-90.003,0.091,0.003,0.0,0.060565817594004895,0.06056581759357455,1.9381061629995497,-1.4535796222491766,0.0,0.0,0.0005000000000023874,0.000499999999995282,0.016000000000005343,-0.011999999999999997,0.0,-0.0137698,-0.034424500000000004,-0.0206547,-0.3786695,-0.2822809,0.0068849,-0.002375335775306,-0.027567765567419997,0.00364102564098,0.003069902319966,-0.001190018315043,-0.000500152625163,0.0400249921923876,2.791677000004711,0.24073900021903683,0.1295909996770206,0.0
pd,00:06:30.590,963,-90.0,-89.998,39.999,-90.019,0.103,0.003,0.0,0.0,0.0,0.0,0.0,0.0,-90.0,-89.997,40.0,-89.987,0.079,0.003,-90.0,-89.9975,39.9995,-90.003,0.091,0.003,0.0,0.07637115804843458,0.07637115804789193,2.4438770575390536,-1.8329077931536777,0.0,0.0,0.0005000000000023874,0.000499999999995282,0.016000000000005343,-0.011999999999999997,0.0,-0.0137698,-0.034424500000000004,-0.0206547,-0.3786695,-0.2822809,0.0068849,-0.002375335775306,-0.027567765567419997,0.00364102564098,0.003069902319966,-0.001190018315043,-0.000500152625163,0.0400249921923876,2.0883500001218636,0.23546000011265278,0.20007200009786175,0.0
pd,00:06:30.592,964,-90.0,-89.998,39.999,-90.019,0.103,0.003,0.0,0.0,0.0,0.0,0.0,0.0,-90.0,-89.997,40.0,-89.987,0.079,0.003,-90.0,-89.9975,39.9995,-90.003,0.091,0.003,0.0,0.09529910024584266,0.09529910024516552,3.0495712078534223,-2.287178405889302,0.0,0.0,0.0005000000000023874,0.000499999999995282,0.016000000000005343,-0.011999999999999997,0.0,-0.0137698,-0.034424500000000004,-0.0206547,-0.3786695,-0.2822809,0.0068849,-0.002375335775306,-0.027567765567419997,0.00364102564098,0.003069902319966,-0.001190018315043,-0.000500152625163,0.0400249921923876,2.4875869999050337,0.24001700012377114,0.11325799960104632,0.0
pd,00:06:30.595,965,-90.0,-89.998,39.999,-90.027,0.098,0.003,0.0,0.0,0.0,-2.722910979467776,-1.7018193621683,0.0,-90.0,-89.997,40.0,-89.987,0.079,0.003,-90.0,-89.9975,39.9995,-89.73470890205321,0.25868193621683,0.003,0.0,0.08509096810882145,0.08509096810821684,49.74266498752634,27.34516302044936,0.0,0.0,0.0005000000000023874,0.000499999999995282,0.2922910979467872,0.16068193621683,0.0,-0.0137698,-0.034424500000000004,-0.0206547,-0.3786695,-0.2822809,0.0068849,-0.002375335775306,-0.027567765567419997,0.00364102564098,0.003069902319966,-0.001190018315043,-0.000500152625163,0.04430575583375714,1.826463999805128,0.16044200037867995,0.0693319998390507,0.0
pd,00:06:30.597,966,-90.0,-89.998,39.999,-90.027,0.098,0.003,0.0,0.0,0.0,0.0,0.0,0.0,-90.0,-89.997,40.0,-89.987,0.079,0.003,-90.0,-89.9975,39.9995,-90.007,0.0885,0.003,0.0,0.1175665433350159,0.11756654333418054,4.702661733378917,-2.2337643233546367,0.0,0.0,0.0005000000000023874,0.000499999999995282,0.01999999999999602,-0.009500000000000008,0.0,-0.0137698,-0.034424500000000004,-0.0206547,-0.3786695,-0.2822809,0.0068849,-0.002375335775306,-0.027567765567419997,0.00364102564098,0.003069902319966,-0.001190018315043,-0.000500152625163,0.04430575583375714,1.8069090001517907,0.17070200010493863,0.08464700022159377,0.0
pd,00:06:30.599,967,-90.0,-89.998,39.999,-90.027,0.098,0.003,0.0,0.0,0.0,0.0,0.0,0.0,-90.0,-89.997,40.0,-89.987,0.079,0.003,-90.0,-89.9975,39.9995,-90.007,0.0885,0.003,0.0,0.11667697785746153,0.11667697785663249,4.667079114276906,-2.2168625792811842,0.0,0.0,0.0005000000000023874,0.000499999999995282,0.01999999999999602,-0.009500000000000008,0.0,-0.0137698,-0.034424500000000004,-0.0206547,-0.3786695,-0.2822809,0.0068849,-0.002375335775306,-0.027567765567419997,0.00364102564098,0.003069902319966,-0.001190018315043,-0.000500152625163,0.04430575583375714,1.8729439998423913,0.17585099976713536,0.07849900021028589,0.0
pd,00:06:30.602,968,-90.0,-89.998,39.999,-90.027,0.098,0.003,0.0,0.0,0.0,0.0,0.0,0.0,-90.0,-89.997,40.0,-89.987,0.079,0.003,-90.0,-89.9975,39.9995,-90.007,0.0885,0.003,0.0,0.11349453404102249,0.11349453404021606,4.539781361619933,-2.156396146769131,0.0,0.0,0.0005000000000023874,0.000499999999995282,0.01999999999999602,-0.009500000000000008,0.0,-0.0137698,-0.034424500000000004,-0.0206547,-0.3786695,-0.2822809,0.0068849,-0.002375335775306,-0.027567765567419997,0.00364102564098,0.003069902319966,-0.001190018315043,-0.000500152625163,0.04430575583375714,1.8262789999425877,0.9790460003387125,0.25335000009363284,0.0
pd,00:06:30.605,969,-90.0,-89.998,39.999,-90.027,0.098,0.003,0.0,0.0,0.0,0.0,0.0,0.0,-90.0,-89.997,40.0,-89.987,0.079,0.003,-90.0,-89.9975,39.9995,-90.007,0.0885,0.003,0.0,0.07272686919163593,0.07272686919111918,2.9090747676520015,-1.3818105146344848,0.0,0.0,0.0005000000000023874,0.000499999999995282,0.01999999999999602,-0.009500000000000008,0.0,-0.0206547,0.0137698,0.0275396,-0.2409715,-0.13081310000000002,-0.0206547,-0.002635409035376,-0.026024664224338,0.003536996336952,0.0031561355312010003,-0.002345543345592,-3.4493284494e-05,0.04430575583375714,3.1171539999377273,0.20870099979219958,0.0880919997143792,0.0
pd,00:06:30.609,970,-90.0,-89.998,39.999,-90.027,0.098,0.003,0.0,0.0,0.0,0.0,0.0,0.0,-90.0,-89.997,40.0,-89.987,0.079,0.003,-90.0,-89.9975,39.9995,-90.007,0.0885,0.003,0.0,0.07084494290960117,0.07084494290909778,2.8337977163709587,-1.3460539152759952,0.0,0.0,0.0005000000000023874,0.000499999999995282,0.01999999999999602,-0.009500000000000008,0.0,-0.0206547,0.0137698,0.0275396,-0.2409715,-0.13081310000000002,-0.0206547,-0.002635409035376,-0.026024664224338,0.003536996336952,0.0031561355312010003,-0.002345543345592,-3.4493284494e-05,0.04430575583375714,1.8143530000997998,0.16218300015680143,0.07027699984973879,0.0
pd,00:06:30.611,971,-90.0,-89.998,39.999,-90.027,0.098,0.003,0.0,0.0,0.0,0.0,0.0,0.0,-90.0,-89.997,40.0,-89.987,0.079,0.003,-90.0,-89.9975,39.9995,-90.007,0.0885,0.003,0.0,0.08867450317167076,0.0886745031710407,3.546980126850449,-1.6848155602537,0.0,0.0,0.0005000000000023874,0.000499999999995282,0.01999999999999602,-0.009500000000000008,0.0,-0.0206547,0.0137698,0.0275396,-0.2409715,-0.13081310000000002,-0.0206547,-0.002635409035376,-0.026024664224338,0.003536996336952,0.0031561355312010003,-0.002345543345592,-3.4493284494e-05,0.04430575583375714,1.9622029999482038,0.23214600014398457,0.09270300006392063,0.0
pd,00:06:30.614,972,-90.0,-89.998,39.999,-90.027,0.098,0.003,0.0,0.0,0.0,0.0,0.0,0.0,-90.0,-89.997,40.0,-89.987,0.079,0.003,-90.0,-89.9975,39.9995,-90.007,0.0885,0.003,0.0,0.10456481850867638,0.10456481850793341,4.182592740327738,-1.9867315516553652,0.0,0.0,0.0005000000000023874,0.000499999999995282,0.01999999999999602,-0.009500000000000008,0.0,-0.0206547,0.0137698,0.0275396,-0.2409715,-0.13081310000000002,-0.0206547,-0.002635409035376,-0.026024664224338,0.003536996336952,0.0031561355312010003,-0.002345543345592,-3.4493284494e-05,0.04430575583375714,1.687224999841419,0.16492400027345866,0.09385099974679179,0.0
pd,00:06:30.616,973,-90.0,-89.998,40.0,-90.035,0.093,0.003,0.0,0.0,0.49211592162269446,-3.9369273729885492,-2.460579608119209,0.0,-90.0,-89.997,40.0,-89.987,0.079,0.003,-90.0,-89.9975,39.95078840783773,-89.61730726270115,0.33205796081192085,0.003,0.0,0.12302898040654779,-12.108904015755918,102.77662318570576,58.822114353237296,0.0,0.0,0.0005000000000023874,-0.049211592162272666,0.41769273729885015,0.23905796081192085,0.0,-0.0206547,0.0137698,0.0275396,-0.2409715,-0.13081310000000002,-0.0206547,-0.002635409035376,-0.026024664224338,0.003536996336952,0.0031561355312010003,-0.002345543345592,-3.4493284494e-05,0.050009999000201796,1.8788150000546011,0.3021269999408105,0.14512799998556147,0.0
pd,00:06:30.619,974,-90.0,-89.998,40.0,-90.035,0.093,0.003,0.0,0.0,0.0,0.0,0.0,0.0,-90.0,-89.997,40.0,-89.987,0.079,0.003,-90.0,-89.9975,40.0,-90.011,0.086,0.003,0.0,0.09171486049199745,0.0,4.402313303595024,-1.2840080468818331,0.0,0.0,0.0005000000000023874,0.0,0.02400000000000091,-0.007000000000000006,0.0,-0.0206547,0.0137698,0.0275396,-0.2409715,-0.13081310000000002,-0.0206547,-0.002635409035376,-0.026024664224338,0.003536996336952,0.0031561355312010003,-0.002345543345592,-3.4493284494e-05,0.050009999000201796,2.1056830000816262,0.2333310003450606,0.11516499989738804,0.0
pd,00:06:30.621,975,-90.0,-89.998,40.0,-90.035,0.093,0.003,0.0,0.0,0.0,0.0,0.0,0.0,-90.0,-89.997,40.0,-89.987,0.079,0.003,-90.0,-89.9975,40.0,-90.011,0.086,0.003,0.0,0.09776932400979084,0.0,4.69292755244773,-1.368770536130536,0.0,0.0,0.0005000000000023874,0.0,0.02400000000000091,-0.007000000000000006,0.0,-0.0206547,0.0137698,0.0275396,-0.2409715,-0.13081310000000002,-0.0206547,-0.002635409035376,-0.026024664224338,0.003536996336952,0.0031561355312010003,-0.002345543345592,-3.4493284494e-05,0.050009999000201796,1.9087780001427745,0.24840500009304378,0.127573000099801,0.0
pd,00:06:30.624,976,-90.0,-89.998,40.0,-90.035,0.093,0.003,0.0,0.0,0.0,0.0,0.0,0.0,-90.0,-89.997,40.0,-89.987,0.079,0.003,-90.0,-89.9975,40.0,-90.011,0.086,0.003,0.0,0.10451270806388985,0.0,5.016609987042949,-1.4631779128874711,0.0,0.0,0.0005000000000023874,0.0,0.02400000000000091,-0.007000000000000006,0.0,-0.0481943,-0.0068849,0.0550792,-0.14458290000000001,-0.13081310000000002,0.0068849,-0.001751159951138,-0.026908913308575998,0.003276923076882,0.003173382173448,-0.002655982906038,-0.000362179487187,0.050009999000201796,4.247958999712864,0.2167950001421559,0.10329600036129705,0.0
pd,00:06:30.628,977,-90.0,-89.998,40.0,-90.035,0.093,0.003,0.0,0.0,0.0,0.0,0.0,0.0,-90.0,-89.997,40.0,-89.987,0.079,0.003,-90.0,-89.9975,40.0,-90.011,0.086,0.003,0.0,0.053646577305075556,0.0,2.575035710631429,-0.7510520822674716,0.0,0.0,0.0005000000000023874,0.0,0.02400000000000091,-0.007000000000000006,0.0,-0.0481943,-0.0068849,0.0550792,-0.14458290000000001,-0.13081310000000002,0.0068849,-0.001751159951138,-0.026908913308575998,0.003276923076882,0.003173382173448,-0.002655982906038,-0.000362179487187,0.050009999000201796,1.7821310002545943,0.1464059996578726,0.06288799977482995,0.0
pd,00:06:30.630,978,-90.0,-89.998,40.0,-90.035,0.093,0.003,0.0,0.0,0.0,0.0,0.0,0.0,-90.0,-89.997,40.0,-89.987,0.079,0.003,-90.0,-89.9975,40.0,-90.011,0.086,0.003,0.0,0.1213348761866474,0.0,5.824074056931487,-1.6986882666049523,0.0,0.0,0.0005000000000023874,0.0,0.02400000000000091,-0.007000000000000006,0.0,-0.0481943,-0.0068849,0.0550792,-0.14458290000000001,-0.13081310000000002,0.0068849,-0.001751159951138,-0.026908913308575998,0.003276923076882,0.003173382173448,-0.002655982906038,-0.000362179487187,0.050009999000201796,1.6887799997675756,0.13003599997318815,0.05585099961535889,0.0
pd,00:06:30.632,979,-90.0,-89.998,40.0,-90.035,0.093,0.003,0.0,0.0,0.0,0.0,0.0,0.0,-90.0,-89.997,40.0,-89.987,0.079,0.003,-90.0,-89.9975,40.0,-90.011,0.086,0.003,0.0,0.1291031765581146,0.0,6.196952474760146,-1.807444471804974,0.0,0.0,0.0005000000000023874,0.0,0.02400000000000091,-0.007000000000000006,0.0,-0.0481943,-0.0068849,0.0550792,-0.14458290000000001,-0.13081310000000002,0.0068849,-0.001751159951138,-0.026908913308575998,0.003276923076882,0.003173382173448,-0.002655982906038,-0.000362179487187,0.050009999000201796,1.8063709999296407,0.16510900013599894,0.07433199971274007,0.0
pd,00:06:30.634,980,-90.0,-89.998,40.0,-90.035,0.093,0.003,0.0,0.0,0.0,0.0,0.0,0.0,-90.0,-89.997,40.0,-89.987,0.079,0.003,-90.0,-89.9975,40.0,-90.011,0.086,0.003,0.0,0.11801643218964623,0.0,5.664788745076185,-1.6522300506471579,0.0,0.0,0.0005000000000023874,0.0,0.02400000000000091,-0.007000000000000006,0.0,-0.0481943,-0.0068849,0.0550792,-0.14458290000000001,-0.13081310000000002,0.0068849,-0.001751159951138,-0.026908913308575998,0.003276923076882,0.003173382173448,-0.002655982906038,-0.000362179487187,0.050009999000201796,1.7210579999300535,0.15320199963753112,0.07114700019883458,0.0
pd,00:06:30.637,981,-90.0,-89.998,40.0,-90.041,0.088,0.003,0.0,0.0,0.0,-2.173026854330451,-1.8108557119419755,0.0,-90.0,-89.997,40.0,-89.987,0.079,0.003,-90.0,-89.9975,40.0,-89.79669731456696,0.26458557119419757,0.003,0.0,0.09054278559753103,0.0,44.23969133591948,31.97709902435487,0.0,0.0,0.0005000000000023874,0.0,0.24430268543304123,0.17658557119419757,0.0,-0.0481943,-0.0068849,0.0550792,-0.14458290000000001,-0.13081310000000002,0.0068849,-0.001751159951138,-0.026908913308575998,0.003276923076882,0.003173382173448,-0.002655982906038,-0.000362179487187,0.05475399528801739,1.9824809996862314,0.22322000040730927,0.08264699999926961,0.0
pd,00:06:30.639,982,-90.0,-89.998,40.0,-90.041,0.088,0.003,0.0,0.0,0.0,0.0,0.0,0.0,-90.0,-89.997,40.0,-89.987,0.079,0.003,-90.0,-89.9975,40.0,-90.014,0.08349999999999999,0.003,0.0,0.10446064953227802,0.0,5.640875074716293,-0.9401458457860126,0.0,0.0,0.0005000000000023874,0.0,0.027000000000001023,-0.004500000000000004,0.0,-0.0481943,-0.0068849,0.0550792,-0.14458290000000001,-0.13081310000000002,0.0068849,-0.001751159951138,-0.026908913308575998,0.003276923076882,0.003173382173448,-0.002655982906038,-0.000362179487187,0.05475399528801739,1.8974820000039472,0.24266499985969858,0.11824000011984026,0.0
pd,00:06:30.642,983,-90.0,-89.998,40.0,-90.041,0.088,0.003,0.0,0.0,0.0,0.0,0.0,0.0,-90.0,-89.997,40.0,-89.987,0.079,0.003,-90.0,-89.9975,40.0,-90.014,0.08349999999999999,0.003,0.0,0.10564997481158758,0.0,5.705098639798705,-0.9508497732997475,0.0,0.0,0.0005000000000023874,0.0,0.027000000000001023,-0.004500000000000004,0.0,-0.0481943,-0.0068849,0.0550792,-0.14458290000000001,-0.0413094,0.0206547,-0.001751159951138,-0.026908913308575998,0.003276923076882,0.003173382173448,-0.002449023199074,-0.00010347985348200002,0.05475399528801739,2.6380669996797224,1.03345299976354,0.21672000002581626,0.0
pd,00:06:30.646,984,-90.0,-89.998,40.0,-90.041,0.088,0.003,0.0,0.0,0.0,0.0,0.0,0.0,-90.0,-89.997,40.0,-89.987,0.079,0.003,-90.0,-89.9975,40.0,-90.014,0.08349999999999999,0.003,0.0,0.055430353650420615,0.0,2.9932390971085345,-0.4988731828514032,0.0,0.0,0.0005000000000023874,0.0,0.027000000000001023,-0.004500000000000004,0.0,-0.0757339,0.0068849,0.0275396,0.0137698,-0.0413094,0.0206547,-0.0024620268619959997,-0.026111355311027998,0.0024967032966719998,0.0028801892552490003,-0.002449023199074,-0.00010347985348200002,0.05475399528801739,4.202996999993047,0.2542560000620142,0.11994399983450421,0.0
pd,00:06:30.651,985,-90.0,-89.998,40.0,-90.041,0.088,0.003,0.0,0.0,0.0,0.0,0.0,0.0,-90.0,-89.997,40.0,-89.987,0.079,0.003,-90.0,-89.9975,40.0,-90.014,0.08349999999999999,0.003,0.0,0.05341701477356122,0.0,2.884518797758642,-0.48075313295975514,0.0,0.0,0.0005000000000023874,0.0,0.027000000000001023,-0.004500000000000004,0.0,-0.0757339,0.0068849,0.0275396,0.0137698,-0.0413094,0.0206547,-0.0024620268619959997,-0.026111355311027998,0.0024967032966719998,0.0028801892552490003,-0.002449023199074,-0.00010347985348200002,0.05475399528801739,1.7889460000333202,0.1771089996509545,0.07725900013610953,0.0
pd,00:06:30.653,986,-90.0,-89.998,40.0,-90.041,0.088,0.003,0.0,0.0,0.0,0.0,0.0,0.0,-90.0,-89.997,40.0,-89.987,0.079,0.003,-90.0,-89.9975,40.0,-90.014,0.08349999999999999,0.003,0.0,0.1177381540540093,0.0,6.357860318886385,-1.0596433864810233,0.0,0.0,0.0005000000000023874,0.0,0.027000000000001023,-0.004500000000000004,0.0,-0.0757339,0.0068849,0.0275396,0.0137698,-0.0413094,0.0206547,-0.0024620268619959997,-0.026111355311027998,0.0024967032966719998,0.0028801892552490003,-0.002449023199074,-0.00010347985348200002,0.05475399528801739,1.6931499999373045,0.14218399974197382,0.06155499977467116,0.0
pd,00:06:30.655,987,-90.0,-89.998,40.0,-90.041,0.088,0.003,0.0,0.0,0.0,0.0,0.0,0.0,-90.0,-89.997,40.0,-89.987,0.079,0.003,-90.0,-89.9975,40.0,-90.014,0.08349999999999999,0.003,0.0,0.12745545156253882,0.0,6.882594384344493,-1.1470990640573713,0.0,0.0,0.0005000000000023874,0.0,0.027000000000001023,-0.004500000000000004,0.0,-0.0757339,0.0068849,0.0275396,0.0137698,-0.0413094,0.0206547,-0.0024620268619959997,-0.026111355311027998,0.0024967032966719998,0.0028801892552490003,-0.002449023199074,-0.00010347985348200002,0.05475399528801739,1.7126319999078987,0.15509100012423005,0.11474000029920717,0.0
pd,00:06:30.657,988,-90.0,-89.998,40.0,-90.044,0.085,0.003,0.0,0.0,0.0,-1.4615997212220324,-1.4615997212219716,0.0,-90.0,-89.997,40.0,-89.987,0.079,0.003,-90.0,-89.9975,40.0,-89.8693400278778,0.22815997212219719,0.003,0.0,0.12179997676907967,0.0,42.54716109374202,34.873762557324895,0.0,0.0,0.0005000000000023874,0.0,0.17465997212219975,0.14315997212219717,0.0,-0.0757339,0.0068849,0.0275396,0.0137698,-0.0413094,0.0206547,-0.0024620268619959997,-0.026111355311027998,0.0024967032966719998,0.0028801892552490003,-0.002449023199074,-0.00010347985348200002,0.057323642591868285,1.7326500001217937,0.18829400005415664,0.1284059999306919,0.0
pd,00:06:30.659,989,-90.0,-89.998,40.0,-90.044,0.085,0.003,0.0,0.0,0.0,0.0,0.0,0.0,-90.0,-89.997,40.0,-89.987,0.079,0.003,-90.0,-89.9975,40.0,-90.0155,0.082,0.003,0.0,0.11529147883507496,0.0,6.571614293568143,-0.6917488730071474,0.0,0.0,0.0005000000000023874,0.0,0.028499999999993975,-0.0030000000000000027,0.0,-0.0757339,0.0068849,0.0275396,0.0137698,-0.0413094,0.0206547,-0.0024620268619959997,-0.026111355311027998,0.0024967032966719998,0.0028801892552490003,-0.002449023199074,-0.00010347985348200002,0.057323642591868285,1.95514799997909,0.23136899972087122,0.1079429998753767,0.0
pd,00:06:30.662,990,-90.0,-89.998,40.0,-90.044,0.085,0.003,0.0,0.0,0.0,0.0,0.0,0.0,-90.0,-89.997,40.0,-89.987,0.079,0.003,-90.0,-89.9975,40.0,-90.0155,0.082,0.003,0.0,0.10452312599730929,0.0,5.957818181818408,-0.6271387559808618,0.0,0.0,0.0005000000000023874,0.0,0.028499999999993975,-0.0030000000000000027,0.0,-0.0757339,0.0068849,0.0275396,0.0137698,-0.0413094,0.0206547,-0.0024620268619959997,-0.026111355311027998,0.0024967032966719998,0.0028801892552490003,-0.002449023199074,-0.00010347985348200002,0.057323642591868285,1.7648349999035418,0.7817329997124034,0.3125709999949322,0.0
pd,00:06:30.666,991,-90.0,-89.998,40.0,-90.044,0.085,0.003,0.0,0.0,0.0,0.0,0.0,0.0,-90.0,-89.997,40.0,-89.987,0.079,0.003,-90.0,-89.9975,40.0,-90.0155,0.082,0.003,0.0,0.054028029678741075,0.0,3.0795976916736536,-0.32416817807089887,0.0,0.0,0.0005000000000023874,0.0,0.028499999999993975,-0.0030000000000000027,0.0,0.0,-0.0206547,-0.0137698,0.0137698,-0.0481943,0.034424500000000004,-0.00277411477408,-0.026076678876352,0.0019418803418559999,0.002828449328508,-0.002138583638628,0.000379426129434,0.057323642591868285,2.81056499989063,0.2688119998310867,0.12433200026862323,0.0
pd,00:06:30.670,992,-90.0,-89.998,40.0,-90.044,0.085,0.003,0.0,0.0,0.0,0.0,0.0,0.0,-90.0,-89.997,40.0,-89.987,0.079,0.003,-90.0,-89.9975,40.0,-90.0155,0.082,0.003,0.0,0.07520986945954718,0.0,4.286962559173882,-0.4512592167551288,0.0,0.0,0.0005000000000023874,0.0,0.028499999999993975,-0.0030000000000000027,0.0,0.0,-0.0206547,-0.0137698,0.0137698,-0.0481943,0.034424500000000004,-0.00277411477408,-0.026076678876352,0.0019418803418559999,0.002828449328508,-0.002138583638628,0.000379426129434,0.057323642591868285,2.42877300024702,0.2902189999076654,0.25879299982989323,0.0
pd,00:06:30.673,993,-90.0,-89.998,40.0,-90.044,0.085,0.003,0.0,0.0,0.0,0.0,0.0,0.0,-90.0,-89.997,40.0,-89.987,0.079,0.003,-90.0,-89.9975,40.0,-90.0155,0.082,0.003,0.0,0.08059769408186063,0.0,4.594068562644294,-0.48358616448885516,0.0,0.0,0.0005000000000023874,0.0,0.028499999999993975,-0.0030000000000000027,0.0,0.0,-0.0206547,-0.0137698,0.0137698,-0.0481943,0.034424500000000004,-0.00277411477408,-0.026076678876352,0.0019418803418559999,0.002828449328508,-0.002138583638628,0.000379426129434,0.057323642591868285,2.1703129996240023,0.25618299969210057,0.11970300010943902,0.0
pd,00:06:30.675,994,-90.0,-89.998,40.0,-90.044,0.085,0.003,0.0,0.0,0.0,0.0,0.0,0.0,-90.0,-89.997,40.0,-89.987,0.079,0.003,-90.0,-89.9975,40.0,-90.0155,0.082,0.003,0.0,0.09398368737160588,0.0,5.357070180156159,-0.5639021242269432,0.0,0.0,0.0005000000000023874,0.0,0.028499999999993975,-0.0030000000000000027,0.0,0.0,-0.0206547,-0.0137698,0.0137698,-0.0481943,0.034424500000000004,-0.00277411477408,-0.026076678876352,0.0019418803418559999,0.002828449328508,-0.002138583638628,0.000379426129434,0.057323642591868285,2.4498829998265137,0.30601600019508624,0.1917019999382319,0.0
pd,00:06:30.679,995,-90.0,-89.998,40.0,-90.044,0.085,0.003,0.0,0.0,0.0,0.0,0.0,0.0,-90.0,-89.997,40.0,-89.987,0.079,0.003,-90.0,-89.9975,40.0,-90.0155,0.082,0.003,0.0,0.07979423179400402,0.0,4.548271212236684,-0.4787653907617385,0.0,0.0,0.0005000000000023874,0.0,0.028499999999993975,-0.0030000000000000027,0.0,0.0,-0.0206547,-0.0137698,0.0137698,-0.0481943,0.034424500000000004,-0.00277411477408,-0.026076678876352,0.0019418803418559999,0.002828449328508,-0.002138583638628,0.000379426129434,0.057323642591868285,2.2414219997699547,0.27188600006411434,0.6004760002724652,0.0
pd,00:06:30.682,996,-90.0,-89.998,40.0,-90.044,0.084,0.003,0.0,0.0,0.0,0.0,-0.3071400117164619,0.0,-90.0,-89.997,40.0,-89.987,0.079,0.003,-90.0,-89.9975,40.0,-90.0155,0.11221400117164619,0.003,0.0,0.07678500292948204,0.0,4.376745166959744,4.332824325213836,0.0,0.0,0.0005000000000023874,0.0,0.028499999999993975,0.028214001171646186,0.0,-0.0413094,-0.0068849,-0.0275396,-0.0481943,0.0413094,-0.0068849,-0.0026007326007,-0.026319413919084,0.00225396825394,0.002035103785146,-0.0019488705739110002,-3.4493284494e-05,0.057227615711300216,4.363421000107337,0.6373820001499553,0.444236000021192,0.0
pd,00:06:30.688,997,-90.0,-89.998,40.0,-90.044,0.084,0.003,0.0,0.0,0.0,0.0,0.0,0.0,-90.0,-89.997,40.0,-89.987,0.079,0.003,-90.0,-89.9975,40.0,-90.0155,0.0815,0.003,0.0,0.0435202125012454,0.0,2.4806521125592376,-0.2176010625051882,0.0,0.0,0.0005000000000023874,0.0,0.028499999999993975,-0.0025000000000000022,0.0,-0.0413094,-0.0068849,-0.0275396,-0.0481943,0.0413094,-0.0068849,-0.0026007326007,-0.026319413919084,0.00225396825394,0.002035103785146,-0.0019488705739110002,-3.4493284494e-05,0.057227615711300216,2.1002579997002613,0.2901819998442079,0.13479399967764039,0.0
pd,00:06:30.690,998,-90.0,-89.998,40.0,-90.044,0.084,0.003,0.0,0.0,0.0,0.0,0.0,0.0,-90.0,-89.997,40.0,-89.987,0.079,0.003,-90.0,-89.9975,40.0,-90.0155,0.0815,0.003,0.0,0.09201263601307536,0.0,5.244720252720452,-0.4600631800631805,0.0,0.0,0.0005000000000023874,0.0,0.028499999999993975,-0.0025000000000000022,0.0,-0.0413094,-0.0068849,-0.0275396,-0.0481943,0.0413094,-0.0068849,-0.0026007326007,-0.026319413919084,0.00225396825394,0.002035103785146,-0.0019488705739110002,-3.4493284494e-05,0.057227615711300216,2.2585709998566017,0.2838489999703597,0.13412800035439432,0.0
pd,00:06:30.693,999,-90.0,-89.998,40.0,-90.044,0.084,0.003,0.0,0.0,0.0,0.0,0.0,0.0,-90.0,-89.997,40.0,-89.987,0.079,0.003,-90.0,-89.9975,40.0,-90.0155,0.0815,0.003,0.0,0.0854515524411219,0.0,4.870738489120876,-0.42725776220356976,0.0,0.0,0.0005000000000023874,0.0,0.028499999999993975,-0.0025000000000000022,0.0,-0.0413094,-0.0068849,-0.0275396,-0.0481943,0.0413094,-0.0068849,-0.0026007326007,-0.026319413919084,0.00225396825394,0.002035103785146,-0.0019488705739110002,-3.4493284494e-05,0.057227615711300216,2.165367000088736,0.26553399993645144,0.13125800023772172,0.0
pd,00:06:30.696,1000,-90.0,-89.998,40.0,-90.044,0.084,0.003,0.0,0.0,0.0,0.0,0.0,0.0,-90.0,-89.997,40.0,-89.987,0.079,0.003,-90.0,-89.9975,40.0,-90.0155,0.0815,0.003,0.0,0.09330628225707481,0.0,5.318458088628072,-0.4665314112831469,0.0,0.0,0.0005000000000023874,0.0,0.028499999999993975,-0.0025000000000000022,0.0,-0.0413094,-0.0068849,-0.0275396,-0.0481943,0.0413094,-0.0068849,-0.0026007326007,-0.026319413919084,0.00225396825394,0.002035103785146,-0.0019488705739110002,-3.4493284494e-05,0.057227615711300216,2.2207199999684235,0.28444200006561005,1.1175069998898834,0.0
pd,00:06:30.700,1001,-90.0,-89.998,40.0,-90.044,0.084,0.003,0.0,0.0,0.0,0.0,0.0,0.0,-90.0,-89.997,40.0,-89.987,0.079,0.003,-90.0,-89.9975,40.0,-90.0155,0.0815,0.003,0.0,0.05524345398055987,0.0,3.1488768768769964,-0.27621726990148066,0.0,0.0,0.0005000000000023874,0.0,0.028499999999993975,-0.0025000000000000022,0.0,-0.0413094,-0.0068849,-0.0275396,-0.0481943,0.0413094,-0.0068849,-0.0026007326007,-0.026319413919084,0.00225396825394,0.002035103785146,-0.0019488705739110002,-3.4493284494e-05,0.057227615711300216,2.114924000125029,0.2565350000622857,0.11977700023635407,0.0
pd,00:06:30.703,1002,-90.0,-89.998,40.0,-90.044,0.084,0.003,0.0,0.0,0.0,0.0,0.0,0.0,-90.0,-89.997,40.0,-89.987,0.079,0.003,-90.0,-89.9975,40.0,-90.0155,0.0815,0.003,0.0,0.09581286549753351,0.0,5.46133333333354,-0.4790643274853805,0.0,0.0,0.0005000000000023874,0.0,0.028499999999993975,-0.0025000000000000022,0.0,-0.0206547,0.0,-0.0275396,0.06884900000000001,0.0137698,-0.0068849,-0.002410012209982,-0.025781929181606,0.0041264957264439996,0.001327991453019,-0.0019488705739110002,-3.4493284494e-05,0.057227615711300216,4.223569999794563,0.8130289998007356,0.13562899994212785,0.0
pd,00:06:30.708,1003,-90.0,-89.998,40.0,-90.044,0.084,0.003,0.0,0.0,0.0,0.0,0.0,0.0,-90.0,-89.997,40.0,-89.987,0.079,0.003,-90.0,-89.9975,40.0,-90.0155,0.0815,0.003,0.0,0.04719063906413172,0.0,2.6898664266427663,-0.23595319531953216,0.0,0.0,0.0005000000000023874,0.0,0.028499999999993975,-0.0025000000000000022,0.0,-0.0206547,0.0,-0.0275396,0.06884900000000001,0.0137698,-0.0068849,-0.002410012209982,-0.025781929181606,0.0041264957264439996,0.001327991453019,-0.0019488705739110002,-3.4493284494e-05,0.057227615711300216,1.9278150002719485,0.22146000037537306,0.10353600009693764,0.0
pd,00:06:30.711,1004,-90.0,-89.998,40.0,-90.044,0.084,0.003,0.0,0.0,0.0,0.0,0.0,0.0,-90.0,-89.997,40.0,-89.987,0.079,0.003,-90.0,-89.9975,40.0,-90.0155,0.0815,0.003,0.0,0.10649766402650891,0.0,6.070366849482253,-0.5324883201300025,0.0,0.0,0.0005000000000023874,0.0,0.028499999999993975,-0.0025000000000000022,0.0,-0.0206547,0.0,-0.0275396,0.06884900000000001,0.0137698,-0.0068849,-0.002410012209982,-0.025781929181606,0.0041264957264439996,0.001327991453019,-0.0019488705739110002,-3.4493284494e-05,0.057227615711300216,1.8869999998969433,0.21020099984525586,0.09733300021252944,0.0
pd,00:06:30.713,1005,-90.0,-89.998,40.0,-90.044,0.084,0.003,0.0,0.0,0.0,0.0,0.0,0.0,-90.0,-89.997,40.0,-89.987,0.079,0.003,-90.0,-89.9975,40.0,-90.0155,0.0815,0.003,0.0,0.10480519740179978,0.0,5.973896251874289,-0.5240259870064972,0.0,0.0,0.0005000000000023874,0.0,0.028499999999993975,-0.0025000000000000022,0.0,-0.0206547,0.0,-0.0275396,0.06884900000000001,0.0137698,-0.0068849,-0.002410012209982,-0.025781929181606,0.0041264957264439996,0.001327991453019,-0.0019488705739110002,-3.4493284494e-05,0.057227615711300216,1.7532789997858345,0.15798000003997004,0.07133200006137486,0.0
pd,00:06:30.715,1006,-90.0,-89.998,40.0,-90.044,0.084,0.003,0.0,0.0,0.0,0.0,0.0,0.0,-90.0,-89.997,40.0,-89.987,0.079,0.003,-90.0,-89.9975,40.0,-90.0155,0.0815,0.003,0.0,0.12160222660385095,0.0,6.931326916386671,-0.6080111330163521,0.0,0.0,0.0005000000000023874,0.0,0.028499999999993975,-0.0025000000000000022,0.0,-0.0206547,0.0,-0.0275396,0.06884900000000001,0.0137698,-0.0068849,-0.002410012209982,-0.025781929181606,0.0041264957264439996,0.001327991453019,-0.0019488705739110002,-3.4493284494e-05,0.057227615711300216,2.0578510002451367,0.25258999994548503,0.12209100032123388,0.0
pd,00:06:30.718,1007,-90.0,-89.998,40.0,-90.044,0.084,0.003,0.0,0.0,0.0,0.0,0.0,0.0,-90.0,-89.997,40.0,-89.987,0.079,0.003,-90.0,-89.9975,40.0,-90.0155,0.0815,0.003,0.0,0.09825487256418729,0.0,5.600527736132146,-0.49127436281859116,0.0,0.0,0.0005000000000023874,0.0,0.028499999999993975,-0.0025000000000000022,0.0,-0.0206547,0.0,-0.0275396,0.06884900000000001,0.0137698,-0.0068849,-0.002410012209982,-0.025781929181606,0.0041264957264439996,0.001327991453019,-0.0019488705739110002,-3.4493284494e-05,0.057227615711300216,1.8054269999083772,0.1912950001496938,0.08651699999973061,0.0
pd,00:06:30.720,1008,-90.0,-89.998,40.0,-90.044,0.084,0.003,0.0,0.0,0.0,0.0,0.0,0.0,-90.0,-89.997,40.0,-89.987,0.079,0.003,-90.0,-89.9975,40.0,-90.0155,0.0815,0.003,0.0,0.1154819383265426,0.0,6.582470484581747,-0.5774096916299565,0.0,0.0,0.0005000000000023874,0.0,0.028499999999993975,-0.0025000000000000022,0.0,-0.0206547,0.0,-0.0275396,0.06884900000000001,0.0137698,-0.0068849,-0.002410012209982,-0.025781929181606,0.0041264957264439996,0.001327991453019,-0.0019488705739110002,-3.4493284494e-05,0.057227615711300216,1.928072999817232,0.1610539998182503,0.06786999983887654,0.0
pd,00:06:30.722,1009,-90.0,-89.998,40.0,-90.044,0.084,0.003,0.0,0.0,0.0,0.0,0.0,0.0,-90.0,-89.997,40.0,-89.987,0.079,0.003,-90.0,-89.9975,40.0,-90.0155,0.0815,0.003,0.0,0.1121711596068685,0.0,6.3937560975612175,-0.5608557980316651,0.0,0.0,0.0005000000000023874,0.0,0.028499999999993975,-0.0025000000000000022,0.0,-0.0206547,0.0,-0.0275396,0.0413094,-0.0619641,-0.0068849,-0.002410012209982,-0.025781929181606,0.0041264957264439996,0.0017419108669470002,-0.002173076923122,0.000137973137976,0.057227615711300216,2.608549000342464,0.4386440000416769,0.30934899996282184,0.0
pd,00:06:30.726,1010,-90.0,-89.998,40.0,-90.044,0.084,0.003,0.0,0.0,0.0,0.0,0.0,0.0,-90.0,-89.997,40.0,-89.987,0.079,0.003,-90.0,-89.9975,40.0,-90.0155,0.0815,0.003,0.0,0.07234053121800668,0.0,4.123410279406849,-0.36170265608830665,0.0,0.0,0.0005000000000023874,0.0,0.028499999999993975,-0.0025000000000000022,0.0,0.0550792,0.034424500000000004,-0.0,0.0413094,-0.0619641,-0.0068849,-0.0029474969474599997,-0.025781929181606,0.0029821733821359998,0.0017419108669470002,-0.002173076923122,0.000137973137976,0.057227615711300216,2.7934729996559327,0.17649900019023335,0.17827600004238775,0.0
pd,00:06:30.730,1011,-90.0,-89.998,40.0,-90.044,0.084,0.003,0.0,0.0,0.0,0.0,0.0,0.0,-90.0,-89.997,40.0,-89.987,0.079,0.003,-90.0,-89.9975,40.0,-90.0155,0.0815,0.003,0.0,0.06008687181279049,0.0,3.424951693312834,-0.3004343590625182,0.0,0.0,0.0005000000000023874,0.0,0.028499999999993975,-0.0025000000000000022,0.0,0.0550792,0.034424500000000004,-0.0,0.0413094,-0.0619641,-0.0068849,-0.0029474969474599997,-0.025781929181606,0.0029821733821359998,0.0017419108669470002,-0.002173076923122,0.000137973137976,0.057227615711300216,1.9407400000091002,0.2333119996364985,0.09890599994832883,0.0
pd,00:06:30.732,1012,-90.0,-89.998,40.0,-90.044,0.084,0.003,0.0,0.0,0.0,0.0,0.0,0.0,-90.0,-89.997,40.0,-89.987,0.079,0.003,-90.0,-89.9975,40.0,-90.0155,0.0815,0.003,0.0,0.10506773547144356,0.0,5.988860921843914,-0.5253386773547098,0.0,0.0,0.0005000000000023874,0.0,0.028499999999993975,-0.0025000000000000022,0.0,0.0550792,0.034424500000000004,-0.0,0.0413094,-0.0619641,-0.0068849,-0.0029474969474599997,-0.025781929181606,0.0029821733821359998,0.0017419108669470002,-0.002173076923122,0.000137973137976,0.057227615711300216,1.8506110000089393,0.1996089999920514,0.09392499987370684,0.0
pd,00:06:30.734,1013,-90.0,-89.998,40.0,-90.044,0.084,0.003,0.0,0.0,0.0,0.0,0.0,0.0,-90.0,-89.997,40.0,-89.987,0.079,0.003,-90.0,-89.9975,40.0,-90.0155,0.0815,0.003,0.0,0.11195558402786748,0.0,6.381468289558217,-0.559777920136665,0.0,0.0,0.0005000000000023874,0.0,0.028499999999993975,-0.0025000000000000022,0.0,0.0550792,0.034424500000000004,-0.0,0.0413094,-0.0619641,-0.0068849,-0.0029474969474599997,-0.025781929181606,0.0029821733821359998,0.0017419108669470002,-0.002173076923122,0.000137973137976,0.057227615711300216,2.058887000202958,0.4106440001123701,0.12733199991998845,0.0
pd,00:06:30.737,1014,-90.0,-89.998,40.0,-90.044,0.084,0.003,0.0,0.0,0.0,0.0,0.0,0.0,-90.0,-89.997,40.0,-89.987,0.079,0.003,-90.0,-89.9975,40.0,-90.0155,0.0815,0.003,0.0,0.09205302431788313,0.0,5.247022386094484,-0.4602651215872184,0.0,0.0,0.0005000000000023874,0.0,0.028499999999993975,-0.0025000000000000022,0.0,0.0550792,0.034424500000000004,-0.0,0.0413094,-0.0619641,-0.0068849,-0.0029474969474599997,-0.025781929181606,0.0029821733821359998,0.0017419108669470002,-0.002173076923122,0.000137973137976,0.057227615711300216,2.1032209997429163,0.23514600025009713,0.11218400004509022,0.0
pd,00:06:30.740,1015,-90.0,-89.998,40.0,-90.044,0.084,0.003,0.0,0.0,0.0,0.0,0.0,0.0,-90.0,-89.997,40.0,-89.987,0.079,0.003,-90.0,-89.9975,40.0,-90.0155,0.0815,0.003,0.0,0.09812614636019154,0.0,5.593190342504423,-0.49063073179861544,0.0,0.0,0.0005000000000023874,0.0,0.028499999999993975,-0.0025000000000000022,0.0,0.0550792,0.034424500000000004,-0.0,0.0413094,-0.0619641,-0.0068849,-0.0029474969474599997,-0.025781929181606,0.0029821733821359998,0.0017419108669470002,-0.002173076923122,0.000137973137976,0.057227615711300216,1.7987040000662091,0.16901699973459472,0.0783140003477456,0.0
pd,00:06:30.742,1016,-90.0,-89.998,40.0,-90.043,0.083,0.003,0.0,0.0,0.0,0.47084687920525625,-0.4708468792096996,0.0,-90.0,-89.997,40.0,-89.987,0.079,0.003,-90.0,-89.9975,40.0,-90.06208468792053,0.12808468792096997,0.003,0.0,0.11771171980298684,0.0,-4.492982874033903,10.613992303865961,0.0,0.0,0.0005000000000023874,0.0,-0.01908468792052531,0.045084687920969965,0.0,0.0550792,0.034424500000000004,-0.0,0.0413094,-0.0619641,-0.0068849,-0.0029474969474599997,-0.025781929181606,0.0029821733821359998,0.0017419108669470002,-0.002173076923122,0.000137973137976,0.056151580565477484,1.7464090001340082,0.5875870001545991,0.46318100021380815,0.0
pd,00:06:30.745,1017,-90.0,-89.998,40.0,-90.043,0.083,0.003,0.0,0.0,0.0,0.0,0.0,0.0,-90.0,-89.997,40.0,-89.987,0.079,0.003,-90.0,-89.9975,40.0,-90.015,0.081,0.003,0.0,0.08251955615054747,0.0,4.6210951444095505,-0.33007822460061415,0.0,0.0,0.0005000000000023874,0.0,0.028000000000005798,-0.0020000000000000018,0.0,0.0275396,-0.0413094,-0.0275396,0.0550792,-0.0068849,0.0137698,-0.0018898656898419998,-0.027082295481956,0.002739438339404,0.001431471306501,-0.002138583638628,-0.00020695970696400003,0.056151580565477484,3.286264000053052,0.20818300026803627,0.09301800037064822,0.0
pd,00:06:30.748,1018,-90.0,-89.998,40.0,-90.043,0.083,0.003,0.0,0.0,0.0,0.0,0.0,0.0,-90.0,-89.997,40.0,-89.987,0.079,0.003,-90.0,-89.9975,40.0,-90.015,0.081,0.003,0.0,0.06800544782443782,0.0,3.8083050781511227,-0.27202179129645265,0.0,0.0,0.0005000000000023874,0.0,0.028000000000005798,-0.0020000000000000018,0.0,0.0275396,-0.0413094,-0.0275396,0.0550792,-0.0068849,0.0137698,-0.0018898656898419998,-0.027082295481956,0.002739438339404,0.001431471306501,-0.002138583638628,-0.00020695970696400003,0.056151580565477484,1.8220380002276215,0.18371999976807274,0.08149900031639845,0.0
pd,00:06:30.751,1019,-90.0,-89.998,40.0,-90.043,0.083,0.003,0.0,0.0,0.0,0.0,0.0,0.0,-90.0,-89.997,40.0,-89.987,0.079,0.003,-90.0,-89.9975,40.0,-90.015,0.081,0.003,0.0,0.11536758719386146,0.0,6.460584882826731,-0.4614703487732428,0.0,0.0,0.0005000000000023874,0.0,0.028000000000005798,-0.0020000000000000018,0.0,0.0275396,-0.0413094,-0.0275396,0.0550792,-0.0068849,0.0137698,-0.0018898656898419998,-0.027082295481956,0.002739438339404,0.001431471306501,-0.002138583638628,-0.00020695970696400003,0.056151580565477484,1.6915579999476904,0.1377950002279249,0.06372199959514546,0.0
pd,00:06:30.753,1020,-90.0,-89.998,40.0,-90.043,0.083,0.003,0.0,0.0,0.0,0.0,0.0,0.0,-90.0,-89.997,40.0,-89.987,0.079,0.003,-90.0,-89.9975,40.0,-90.015,0.081,0.003,0.0,0.1272234894449171,0.0,7.124515408882814,-0.508893957777239,0.0,0.0,0.0005000000000023874,0.0,0.028000000000005798,-0.0020000000000000018,0.0,0.0275396,-0.0413094,-0.0275396,0.0550792,-0.0068849,0.0137698,-0.0018898656898419998,-0.027082295481956,0.002739438339404,0.001431471306501,-0.002138583638628,-0.00020695970696400003,0.056151580565477484,2.1915709999120736,0.3824779996648431,0.1455360002182715,0.0
pd,00:06:30.756,1021,-90.0,-89.998,40.0,-90.043,0.083,0.003,0.0,0.0,0.0,0.0,0.0,0.0,-90.0,-89.997,40.0,-89.987,0.079,0.003,-90.0,-89.9975,40.0,-90.015,0.081,0.003,0.0,0.06672028506013024,0.0,3.7363359633502267,-0.26688114023924686,0.0,0.0,0.0005000000000023874,0.0,0.028000000000005798,-0.0020000000000000018,0.0,0.0275396,-0.0413094,-0.0275396,0.0550792,-0.0068849,0.0137698,-0.0018898656898419998,-0.027082295481956,0.002739438339404,0.001431471306501,-0.002138583638628,-0.00020695970696400003,0.056151580565477484,2.0403319999786618,0.23925699997562333,0.0974800000221876,0.0
pd,00:06:30.759,1022,-90.0,-89.998,40.0,-90.043,0.083,0.003,0.0,0.0,0.0,0.0,0.0,0.0,-90.0,-89.997,40.0,-89.987,0.079,0.003,-90.0,-89.9975,40.0,-90.015,0.081,0.003,0.0,0.10065041274764895,0.0,5.6364231138425955,-0.4026016509886738,0.0,0.0,0.0005000000000023874,0.0,0.028000000000005798,-0.0020000000000000018,0.0,0.0275396,-0.0413094,-0.0275396,0.0550792,-0.0068849,0.0137698,-0.0018898656898419998,-0.027082295481956,0.002739438339404,0.001431471306501,-0.002138583638628,-0.00020695970696400003,0.056151580565477484,1.7663340004219208,0.23149699973146198,0.08733200002097874,0.0
pd,00:06:30.761,1023,-90.0,-89.998,40.0,-90.043,0.083,0.003,0.0,0.0,0.0,0.0,0.0,0.0,-90.0,-89.997,40.0,-89.987,0.079,0.003,-90.0,-89.9975,40.0,-90.015,0.081,0.003,0.0,0.1151901570916189,0.0,6.450648797101193,-0.46076062836427595,0.0,0.0,0.0005000000000023874,0.0,0.028000000000005798,-0.0020000000000000018,0.0,0.0275396,-0.0413094,-0.0275396,0.0550792,-0.0068849,0.0137698,-0.0018898656898419998,-0.027082295481956,0.002739438339404,0.001431471306501,-0.002138583638628,-0.00020695970696400003,0.056151580565477484,1.8305940002392163,0.2336459997422935,0.10866599996006698,0.0
pd,00:06:30.763,1024,-90.0,-89.998,40.0,-90.043,0.083,0.003,0.0,0.0,0.0,0.0,0.0,0.0,-90.0,-89.997,40.0,-89.987,0.079,0.003,-90.0,-89.9975,40.0,-90.015,0.081,0.003,0.0,0.11001741685080335,0.0,6.160975343616846,-0.44006966740111253,0.0,0.0,0.0005000000000023874,0.0,0.028000000000005798,-0.0020000000000000018,0.0,0.034424500000000004,-0.0068849,-0.0068849,0.0137698,0.0137698,-0.0206547,-0.0025140415140099998,-0.02609401709369,0.003276923076882,0.000758852258868,-0.004915293040395,-0.000258699633705,0.056151580565477484,3.0440079999607406,0.241552999796113,0.1193319999401865,0.0
pd,00:06:30.767,1025,-90.0,-89.998,40.0,-90.043,0.083,0.003,0.0,0.0,0.0,0.0,0.0,0.0,-90.0,-89.997,40.0,-89.987,0.079,0.003,-90.0,-89.9975,40.0,-90.015,0.081,0.003,0.0,0.07123478260903579,0.0,3.9891478260877826,-0.28493913043478286,0.0,0.0,0.0005000000000023874,0.0,0.028000000000005798,-0.0020000000000000018,0.0,0.034424500000000004,-0.0068849,-0.0068849,0.0137698,0.0137698,-0.0206547,-0.0025140415140099998,-0.02609401709369,0.003276923076882,0.000758852258868,-0.004915293040395,-0.000258699633705,0.056151580565477484,1.7626869998821348,0.1907569999275438,0.07886899993536645,0.0
pd,00:06:30.769,1026,-90.0,-89.998,40.0,-90.043,0.083,0.003,0.0,0.0,0.0,0.0,0.0,0.0,-90.0,-89.997,40.0,-89.987,0.079,0.003,-90.0,-89.9975,40.0,-90.015,0.081,0.003,0.0,0.11845639403581189,0.0,6.633558065975165,-0.4738255761409855,0.0,0.0,0.0005000000000023874,0.0,0.028000000000005798,-0.0020000000000000018,0.0,0.034424500000000004,-0.0068849,-0.0068849,0.0137698,0.0137698,-0.0206547,-0.0025140415140099998,-0.02609401709369,0.003276923076882,0.000758852258868,-0.004915293040395,-0.000258699633705,0.056151580565477484,1.7377789999954985,0.19486799965307,0.09351800008516875,0.0
pd,00:06:30.771,1027,-90.0,-89.998,40.0,-90.043,0.083,0.003,0.0,0.0,0.0,0.0,0.0,0.0,-90.0,-89.997,40.0,-89.987,0.079,0.003,-90.0,-89.9975,40.0,-90.015,0.081,0.003,0.0,0.11834943566647932,0.0,6.627568397292569,-0.4733977426636573,0.0,0.0,0.0005000000000023874,0.0,0.028000000000005798,-0.0020000000000000018,0.0,0.034424500000000004,-0.0068849,-0.0068849,0.0137698,0.0137698,-0.0206547,-0.0025140415140099998,-0.02609401709369,0.003276923076882,0.000758852258868,-0.004915293040395,-0.000258699633705,0.056151580565477484,1.8745180000223627,0.18748000002233312,0.08783299972492387,0.0
pd,00:06:30.773,1028,-90.0,-89.998,40.0,-90.043,0.083,0.003,0.0,0.0,0.0,0.0,0.0,0.0,-90.0,-89.997,40.0,-89.987,0.079,0.003,-90.0,-89.9975,40.0,-90.015,0.081,0.003,0.0,0.1116100053225127,0.0,6.250160298032162,-0.4464400212879195,0.0,0.0,0.0005000000000023874,0.0,0.028000000000005798,-0.0020000000000000018,0.0,0.034424500000000004,-0.0068849,-0.0068849,0.0137698,0.0137698,-0.0206547,-0.0025140415140099998,-0.02609401709369,0.003276923076882,0.000758852258868,-0.004915293040395,-0.000258699633705,0.056151580565477484,1.8970930000250519,0.24134900013450533,0.12881300017397734,0.0
pd,00:06:30.776,1029,-90.0,-89.998,40.0,-90.043,0.083,0.003,0.0,0.0,0.0,0.0,0.0,0.0,-90.0,-89.997,40.0,-89.987,0.079,0.003,-90.0,-89.9975,40.0,-90.015,0.081,0.003,0.0,0.10534217400090484,0.0,5.899161744023725,-0.42136869600160776,0.0,0.0,0.0005000000000023874,0.0,0.028000000000005798,-0.0020000000000000018,0.0,0.034424500000000004,-0.0068849,-0.0068849,0.0137698,0.0137698,-0.0206547,-0.0025140415140099998,-0.02609401709369,0.003276923076882,0.000758852258868,-0.004915293040395,-0.000258699633705,0.056151580565477484,1.8032230000244454,0.15742400000817725,0.06548100009240443,0.0
pd,00:06:30.778,1030,-90.0,-89.998,40.0,-90.043,0.083,0.003,0.0,0.0,0.0,0.0,0.0,0.0,-90.0,-89.997,40.0,-89.987,0.079,0.003,-90.0,-89.9975,40.0,-90.015,0.081,0.003,0.0,0.11927835286144998,0.0,6.679587760210688,-0.4771134114435222,0.0,0.0,0.0005000000000023874,0.0,0.028000000000005798,-0.0020000000000000018,0.0,0.034424500000000004,-0.0068849,-0.0068849,0.0137698,0.0137698,-0.0206547,-0.0025140415140099998,-0.02609401709369,0.003276923076882,0.000758852258868,-0.004915293040395,-0.000258699633705,0.056151580565477484,1.6538170002604602,0.462958999833063,0.09842400004345109,0.0
pd,00:06:30.781,1031,-90.0,-89.998,40.0,-90.043,0.083,0.003,0.0,0.0,0.0,0.0,0.0,0.0,-90.0,-89.997,40.0,-89.987,0.079,0.003,-90.0,-89.9975,40.0,-90.015,0.081,0.003,0.0,0.0791139278712092,0.0,4.430379960767478,-0.3164557114833261,0.0,0.0,0.0005000000000023874,0.0,0.028000000000005798,-0.0020000000000000018,0.0,0.034424500000000004,-0.0068849,-0.0068849,0.0137698,0.0137698,-0.0206547,-0.0025140415140099998,-0.02609401709369,0.003276923076882,0.000758852258868,-0.004915293040395,-0.000258699633705,0.056151580565477484,1.8943340000987519,0.24040500011324184,0.09427699978914461,0.0
pd,00:06:30.783,1032,-90.0,-89.998,40.0,-90.043,0.083,0.003,0.0,0.0,0.0,0.0,0.0,0.0,-90.0,-89.997,40.0,-89.987,0.079,0.003,-90.0,-89.9975,40.0,-90.015,0.081,0.003,0.0,0.10694298827180079,0.0,5.988807343193489,-0.427771953085161,0.0,0.0,0.0005000000000023874,0.0,0.028000000000005798,-0.0020000000000000018,0.0,-0.0550792,-0.0137698,-0.0206547,0.0550792,0.034424500000000004,-0.0206547,-0.002375335775306,-0.02609401709369,0.0024967032966719998,0.001224511599537,-0.0018108974359350002,-0.00043116605617500006,0.056151580565477484,2.96591599999374,0.25866399982987787,0.4309589999138552,0.0
pd,00:06:30.787,1033,-90.0,-89.998,40.0,-90.043,0.083,0.003,0.0,0.0,0.0,0.0,0.0,0.0,-90.0,-89.997,40.0,-89.987,0.079,0.003,-90.0,-89.9975,40.0,-90.015,0.081,0.003,0.0,0.06385579440990237,0.0,3.5759244869381988,-0.2554231776383901,0.0,0.0,0.0005000000000023874,0.0,0.028000000000005798,-0.0020000000000000018,0.0,-0.0550792,-0.0137698,-0.0206547,0.0550792,0.034424500000000004,-0.0206547,-0.002375335775306,-0.02609401709369,0.0024967032966719998,0.001224511599537,-0.0018108974359350002,-0.00043116605617500006,0.056151580565477484,2.5803459998314793,0.23416499971062876,0.11301699987598113,0.0
pd,00:06:30.790,1034,-90.0,-89.998,40.0,-90.043,0.083,0.003,0.0,0.0,0.0,0.0,0.0,0.0,-90.0,-89.997,40.0,-89.987,0.079,0.003,-90.0,-89.9975,40.0,-90.015,0.081,0.003,0.0,0.08264312736483345,0.0,4.6280151324095335,-0.3305725094577556,0.0,0.0,0.0005000000000023874,0.0,0.028000000000005798,-0.0020000000000000018,0.0,-0.0550792,-0.0137698,-0.0206547,0.0550792,0.034424500000000004,-0.0206547,-0.002375335775306,-0.02609401709369,0.0024967032966719998,0.001224511599537,-0.0018108974359350002,-0.00043116605617500006,0.056151580565477484,1.761796999744547,0.18368300015936256,0.10516600013943389,0.0
pd,00:06:30.792,1035,-90.0,-89.998,40.0,-90.043,0.083,0.003,0.0,0.0,0.0,0.0,0.0,0.0,-90.0,-89.997,40.0,-89.987,0.079,0.003,-90.0,-89.9975,40.0,-90.015,0.081,0.003,0.0,0.11680695109780626,0.0,6.541189261447272,-0.4672278043889945,0.0,0.0,0.0005000000000023874,0.0,0.028000000000005798,-0.0020000000000000018,0.0,-0.0550792,-0.0137698,-0.0206547,0.0550792,0.034424500000000004,-0.0206547,-0.002375335775306,-0.02609401709369,0.0024967032966719998,0.001224511599537,-0.0018108974359350002,-0.00043116605617500006,0.056151580565477484,2.0433320000847743,0.2503499999875203,0.12111000023651286,0.0
pd,00:06:30.795,1036,-90.0,-89.998,40.0,-90.043,0.083,0.003,0.0,0.0,0.0,0.0,0.0,0.0,-90.0,-89.997,40.0,-89.987,0.079,0.003,-90.0,-89.9975,40.0,-90.015,0.081,0.003,0.0,0.0992593714506822,0.0,5.558524801212814,-0.39703748580083337,0.0,0.0,0.0005000000000023874,0.0,0.028000000000005798,-0.0020000000000000018,0.0,-0.0550792,-0.0137698,-0.0206547,0.0550792,0.034424500000000004,-0.0206547,-0.002375335775306,-0.02609401709369,0.0024967032966719998,0.001224511599537,-0.0018108974359350002,-0.00043116605617500006,0.056151580565477484,1.7697419998512487,0.20007200009786175,0.07911100010460359,0.0
pd,00:06:30.797,1037,-90.0,-89.998,40.0,-90.043,0.083,0.003,0.0,0.0,0.0,0.0,0.0,0.0,-90.0,-89.997,40.0,-89.987,0.079,0.003,-90.0,-89.9975,40.0,-90.015,0.081,0.003,0.0,0.11761929332641692,0.0,6.586680426249261,-0.4704771733034216,0.0,0.0,0.0005000000000023874,0.0,0.028000000000005798,-0.0020000000000000018,0.0,-0.0550792,-0.0137698,-0.0206547,0.0550792,0.034424500000000004,-0.0206547,-0.002375335775306,-0.02609401709369,0.0024967032966719998,0.001224511599537,-0.0018108974359350002,-0.00043116605617500006,0.056151580565477484,1.7235760001312883,0.13664699963555904,0.05896199991184403,0.0
pd,00:06:30.799,1038,-90.0,-89.998,40.0,-90.043,0.083,0.003,0.0,0.0,0.0,0.0,0.0,0.0,-90.0,-89.997,40.0,-89.987,0.079,0.003,-90.0,-89.9975,40.0,-90.015,0.081,0.003,0.0,0.12603076923137102,0.0,7.057723076924538,-0.5041230769230773,0.0,0.0,0.0005000000000023874,0.0,0.028000000000005798,-0.0020000000000000018,0.0,-0.0550792,-0.0137698,-0.0206547,0.0550792,0.034424500000000004,-0.0206547,-0.002375335775306,-0.02609401709369,0.0024967032966719998,0.001224511599537,-0.0018108974359350002,-0.00043116605617500006,0.056151580565477484,1.7265390001739434,0.16699799971320317,0.06596299999728217,0.0
pd,00:06:30.801,1039,-90.0,-89.998,40.0,-90.043,0.083,0.003,0.0,0.0,0.0,0.0,0.0,0.0,-90.0,-89.997,40.0,-89.987,0.079,0.003,-90.0,-89.9975,40.0,-90.015,0.081,0.003,0.0,0.12321692126968352,0.0,6.900147591070759,-0.4928676850763812,0.0,0.0,0.0005000000000023874,0.0,0.028000000000005798,-0.0020000000000000018,0.0,-0.0550792,-0.0137698,-0.0206547,0.0550792,0.034424500000000004,-0.0206547,-0.002375335775306,-0.02609401709369,0.0024967032966719998,0.001224511599537,-0.0018108974359350002,-0.00043116605617500006,0.056151580565477484,1.7328540002381487,0.1567210001667263,0.07455500008290983,0.0
pd,00:06:30.803,1040,-90.0,-89.998,40.0,-90.042,0.083,0.003,0.0,0.0,0.0,0.4913664479873509,0.0,0.0,-90.0,-89.997,40.0,-89.987,0.079,0.003,-90.0,-89.9975,40.0,-90.06363664479873,0.081,0.003,0.0,0.12284161199683773,0.0,-5.315760650533006,-0.4913664479850051,0.0,0.0,0.0005000000000023874,0.0,-0.021636644798732618,-0.0020000000000000018,0.0,0.0275396,-0.0206547,-0.0068849,0.0413094,0.034424500000000004,0.0068849,-0.002635409035376,-0.026666178265844,0.003276923076882,0.0009313186813380001,-0.0026732295482850004,-0.000293192918199,0.055154328932557596,3.481652000118629,0.6572890001734777,0.3240890000597574,0.0
pd,00:06:30.809,1041,-90.0,-89.998,40.0,-90.042,0.083,0.003,0.0,0.0,0.0,0.0,0.0,0.0,-90.0,-89.997,40.0,-89.987,0.079,0.003,-90.0,-89.9975,40.0,-90.0145,0.081,0.003,0.0,0.04478414623750777,0.0,2.4631280430514715,-0.17913658494917586,0.0,0.0,0.0005000000000023874,0.0,0.02750000000000341,-0.0020000000000000018,0.0,0.0275396,-0.0206547,-0.0068849,0.0413094,0.034424500000000004,0.0068849,-0.002635409035376,-0.026666178265844,0.003276923076882,0.0009313186813380001,-0.0026732295482850004,-0.000293192918199,0.055154328932557596,2.0378880003590893,0.23236800006998237,0.0846850002744759,0.0
pd,00:06:30.811,1042,-90.0,-89.998,40.0,-90.042,0.083,0.003,0.0,0.0,0.0,0.0,0.0,0.0,-90.0,-89.997,40.0,-89.987,0.079,0.003,-90.0,-89.9975,40.0,-90.0145,0.081,0.003,0.0,0.1017837313147939,0.0,5.598105222287629,-0.407134925257232,0.0,0.0,0.0005000000000023874,0.0,0.02750000000000341,-0.0020000000000000018,0.0,0.0275396,-0.0206547,-0.0068849,0.0413094,0.034424500000000004,0.0068849,-0.002635409035376,-0.026666178265844,0.003276923076882,0.0009313186813380001,-0.0026732295482850004,-0.000293192918199,0.055154328932557596,1.899221999792644,0.2871449996746378,0.13544399962484022,0.0
pd,00:06:30.813,1043,-90.0,-89.998,40.0,-90.042,0.083,0.003,0.0,0.0,0.0,0.0,0.0,0.0,-90.0,-89.997,40.0,-89.987,0.079,0.003,-90.0,-89.9975,40.0,-90.0145,0.081,0.003,0.0,0.10212076353769058,0.0,5.6166419945468595,-0.4084830541488122,0.0,0.0,0.0005000000000023874,0.0,0.02750000000000341,-0.0020000000000000018,0.0,0.0275396,-0.0206547,-0.0068849,0.0413094,0.034424500000000004,0.0068849,-0.002635409035376,-0.026666178265844,0.003276923076882,0.0009313186813380001,-0.0026732295482850004,-0.000293192918199,0.055154328932557596,2.447384000333841,0.2531279997128877,0.1346099998045247,0.0
pd,00:06:30.816,1044,-90.0,-89.998,40.0,-90.042,0.083,0.003,0.0,0.0,0.0,0.0,0.0,0.0,-90.0,-89.997,40.0,-89.987,0.079,0.003,-90.0,-89.9975,40.0,-90.0145,0.081,0.003,0.0,0.08477451693790984,0.0,4.662598431563356,-0.3390980677500205,0.0,0.0,0.0005000000000023874,0.0,0.02750000000000341,-0.0020000000000000018,0.0,0.0275396,-0.0206547,-0.0068849,0.0413094,0.034424500000000004,0.0068849,-0.002635409035376,-0.026666178265844,0.003276923076882,0.0009313186813380001,-0.0026732295482850004,-0.000293192918199,0.055154328932557596,2.093756999784091,0.2742009996836714,0.10959199971694034,0.0
pd,00:06:30.819,1045,-90.0,-89.998,40.0,-90.042,0.083,0.003,0.0,0.0,0.0,0.0,0.0,0.0,-90.0,-89.997,40.0,-89.987,0.079,0.003,-90.0,-89.9975,40.0,-90.0145,0.081,0.003,0.0,0.09716234247637201,0.0,5.343928836175607,-0.3886493699036327,0.0,0.0,0.0005000000000023874,0.0,0.02750000000000341,-0.0020000000000000018,0.0,0.0275396,-0.0206547,-0.0068849,0.0413094,0.034424500000000004,0.0068849,-0.002635409035376,-0.026666178265844,0.003276923076882,0.0009313186813380001,-0.0026732295482850004,-0.000293192918199,0.055154328932557596,1.7693349996079633,0.15142400025069946,0.0667770000291057,0.0
pd,00:06:30.821,1046,-90.0,-89.998,40.0,-90.042,0.083,0.003,0.0,0.0,0.0,0.0,0.0,0.0,-90.0,-89.997,40.0,-89.987,0.079,0.003,-90.0,-89.9975,40.0,-90.0145,0.081,0.003,0.0,0.12151767296384364,0.0,6.6834720129803165,-0.48607069185305407,0.0,0.0,0.0005000000000023874,0.0,0.02750000000000341,-0.0020000000000000018,0.0,0.0275396,-0.0206547,-0.0068849,0.0413094,0.034424500000000004,0.0068849,-0.002635409035376,-0.026666178265844,0.003276923076882,0.0009313186813380001,-0.0026732295482850004,-0.000293192918199,0.055154328932557596,1.7335010002170748,0.1708879999569035,0.08129499974529608,0.0
pd,00:06:30.823,1047,-90.0,-89.998,40.0,-90.041,0.083,0.003,0.0,0.0,0.0,0.4844985560840969,0.0,0.0,-90.0,-89.997,40.0,-89.987,0.079,0.003,-90.0,-89.9975,40.0,-90.0624498556084,0.081,0.003,0.0,0.12112463902102423,0.0,-5.196212035218375,-0.48449855608178394,0.0,0.0,0.0005000000000023874,0.0,-0.021449855608409507,-0.0020000000000000018,0.0,0.0,0.034424500000000004,0.0413094,0.1239282,0.0275396,0.0068849,-0.002826129426094,-0.026076678876352,0.0029821733821359998,-5.173992674100001e-05,-0.0018626373626760002,-0.000327686202693,0.054157178656206145,3.530762000082177,0.5098279998492217,0.0988689998848713,0.0
pd,00:06:30.827,1048,-90.0,-89.998,40.0,-90.041,0.083,0.003,0.0,0.0,0.0,0.0,0.0,0.0,-90.0,-89.997,40.0,-89.987,0.079,0.003,-90.0,-89.9975,40.0,-90.014,0.081,0.003,0.0,0.05910467279212033,0.0,3.1916523307593794,-0.23641869116735267,0.0,0.0,0.0005000000000023874,0.0,0.027000000000001023,-0.0020000000000000018,0.0,0.0,0.034424500000000004,0.0413094,0.1239282,0.0275396,0.0068849,-0.002826129426094,-0.026076678876352,0.0029821733821359998,-5.173992674100001e-05,-0.0018626373626760002,-0.000327686202693,0.054157178656206145,2.090757000132726,0.1685170000200742,0.07401799985018442,0.0
pd,00:06:30.830,1049,-90.0,-89.998,40.0,-90.041,0.083,0.003,0.0,0.0,0.0,0.0,0.0,0.0,-90.0,-89.997,40.0,-89.987,0.079,0.003,-90.0,-89.9975,40.0,-90.014,0.081,0.003,0.0,0.10385025255075832,0.0,5.607913637714385,-0.4154010102010502,0.0,0.0,0.0005000000000023874,0.0,0.027000000000001023,-0.0020000000000000018,0.0,0.0,0.034424500000000004,0.0413094,0.1239282,0.0275396,0.0068849,-0.002826129426094,-0.026076678876352,0.0029821733821359998,-5.173992674100001e-05,-0.0018626373626760002,-0.000327686202693,0.054157178656206145,2.120367999850714,0.2475159999448806,0.12316600032136193,0.0
pd,00:06:30.832,1050,-90.0,-89.998,40.0,-90.041,0.083,0.003,0.0,0.0,0.0,0.0,0.0,0.0,-90.0,-89.997,40.0,-89.987,0.079,0.003,-90.0,-89.9975,40.0,-90.014,0.081,0.003,0.0,0.09619080818319482,0.0,5.194303641867916,-0.3847632327309425,0.0,0.0,0.0005000000000023874,0.0,0.027000000000001023,-0.0020000000000000018,0.0,0.0,0.034424500000000004,0.0413094,0.1239282,0.0275396,0.0068849,-0.002826129426094,-0.026076678876352,0.0029821733821359998,-5.173992674100001e-05,-0.0018626373626760002,-0.000327686202693,0.054157178656206145,1.8760739999379439,0.17423899998902925,0.08027700005186489,0.0
pd,00:06:30.835,1051,-90.0,-89.998,40.0,-90.041,0.083,0.003,0.0,0.0,0.0,0.0,0.0,0.0,-90.0,-89.997,40.0,-89.987,0.079,0.003,-90.0,-89.9975,40.0,-90.014,0.081,0.003,0.0,0.0802154222770048,0.0,4.33163280293774,-0.32086168910648744,0.0,0.0,0.0005000000000023874,0.0,0.027000000000001023,-0.0020000000000000018,0.0,0.0,0.034424500000000004,0.0413094,0.1239282,0.0275396,0.0068849,-0.002826129426094,-0.026076678876352,0.0029821733821359998,-5.173992674100001e-05,-0.0018626373626760002,-0.000327686202693,0.054157178656206145,2.008812999974907,0.2309429996785184,0.09347999957753927,0.0
pd,00:06:30.838,1052,-90.0,-89.998,40.0,-90.041,0.083,0.003,0.0,0.0,0.0,0.0,0.0,0.0,-90.0,-89.997,40.0,-89.987,0.079,0.003,-90.0,-89.9975,40.0,-90.014,0.081,0.003,0.0,0.10252014079047779,0.0,5.536087602659577,-0.41008056315995345,0.0,0.0,0.0005000000000023874,0.0,0.027000000000001023,-0.0020000000000000018,0.0,0.0,0.034424500000000004,0.0413094,0.1239282,0.0275396,0.0068849,-0.002826129426094,-0.026076678876352,0.0029821733821359998,-5.173992674100001e-05,-0.0018626373626760002,-0.000327686202693,0.054157178656206145,1.7260579998037429,0.13916499983679387,0.07298099990293849,0.0
pd,00:06:30.840,1053,-90.0,-89.998,40.0,-90.041,0.083,0.003,0.0,0.0,0.0,0.0,0.0,0.0,-90.0,-89.997,40.0,-89.987,0.079,0.003,-90.0,-89.9975,40.0,-90.014,0.081,0.003,0.0,0.12426831002666588,0.0,6.710488741408171,-0.49707324010429055,0.0,0.0,0.0005000000000023874,0.0,0.027000000000001023,-0.0020000000000000018,0.0,0.0,0.034424500000000004,0.0413094,0.1239282,0.0275396,0.0068849,-0.002826129426094,-0.026076678876352,0.0029821733821359998,-5.173992674100001e-05,-0.0018626373626760002,-0.000327686202693,0.054157178656206145,1.8542040002103022,0.2564790001997608,0.4001629999947909,0.0
pd,00:06:30.843,1054,-90.0,-89.998,40.0,-90.041,0.083,0.003,0.0,0.0,0.0,0.0,0.0,0.0,-90.0,-89.997,40.0,-89.987,0.079,0.003,-90.0,-89.9975,40.0,-90.014,0.081,0.003,0.0,0.094508877873367,0.0,5.103479405137643,-0.37803551149166326,0.0,0.0,0.0005000000000023874,0.0,0.027000000000001023,-0.0020000000000000018,0.0,-0.0137698,-0.0137698,0.034424500000000004,0.2340866,0.0206547,-0.0206547,-0.002149938949912,-0.02548717948686,0.002791452991418,0.001138278388302,-0.0026732295482850004,0.000137973137976,0.054157178656206145,3.357448999850021,0.3904029999830527,0.10464700017109863,0.0
pd,00:06:30.847,1055,-90.0,-89.998,40.0,-90.041,0.083,0.003,0.0,0.0,0.0,0.0,0.0,0.0,-90.0,-89.997,40.0,-89.987,0.079,0.003,-90.0,-89.9975,40.0,-90.014,0.081,0.003,0.0,0.06092829750174357,0.0,3.2901280650785676,-0.2437131900058108,0.0,0.0,0.0005000000000023874,0.0,0.027000000000001023,-0.0020000000000000018,0.0,-0.0137698,-0.0137698,0.034424500000000004,0.2340866,0.0206547,-0.0206547,-0.002149938949912,-0.02548717948686,0.002791452991418,0.001138278388302,-0.0026732295482850004,0.000137973137976,0.054157178656206145,2.3738480003885343,0.20333100019342965,0.10236900016025174,0.0
pd,00:06:30.849,1056,-90.0,-89.998,40.0,-90.041,0.083,0.003,0.0,0.0,0.0,0.0,0.0,0.0,-90.0,-89.997,40.0,-89.987,0.079,0.003,-90.0,-89.9975,40.0,-90.014,0.081,0.003,0.0,0.09011481608843304,0.0,4.866200068752333,-0.3604592643520113,0.0,0.0,0.0005000000000023874,0.0,0.027000000000001023,-0.0020000000000000018,0.0,-0.0137698,-0.0137698,0.034424500000000004,0.2340866,0.0206547,-0.0206547,-0.002149938949912,-0.02548717948686,0.002791452991418,0.001138278388302,-0.0026732295482850004,0.000137973137976,0.054157178656206145,1.8891479999183503,0.2504609997231455,0.12003599977106205,0.0
pd,00:06:30.852,1057,-90.0,-89.998,40.0,-90.041,0.083,0.003,0.0,0.0,0.0,0.0,0.0,0.0,-90.0,-89.997,40.0,-89.987,0.079,0.003,-90.0,-89.9975,40.0,-90.014,0.081,0.003,0.0,0.10572454123865767,0.0,5.70912522686047,-0.4228981649526118,0.0,0.0,0.0005000000000023874,0.0,0.027000000000001023,-0.0020000000000000018,0.0,-0.0137698,-0.0137698,0.034424500000000004,0.2340866,0.0206547,-0.0206547,-0.002149938949912,-0.02548717948686,0.002791452991418,0.001138278388302,-0.0026732295482850004,0.000137973137976,0.054157178656206145,1.807945000109612,0.17020199993567076,0.07299900016732863,0.0
pd,00:06:30.854,1058,-90.0,-89.998,40.0,-90.041,0.083,0.003,0.0,0.0,0.0,0.0,0.0,0.0,-90.0,-89.997,40.0,-89.987,0.079,0.003,-90.0,-89.9975,40.0,-90.014,0.081,0.003,0.0,0.11746118516915054,0.0,6.342903999104083,-0.4698447406743591,0.0,0.0,0.0005000000000023874,0.0,0.027000000000001023,-0.0020000000000000018,0.0,-0.0137698,-0.0137698,0.034424500000000004,0.2340866,0.0206547,-0.0206547,-0.002149938949912,-0.02548717948686,0.002791452991418,0.001138278388302,-0.0026732295482850004,0.000137973137976,0.054157178656206145,1.9871109998348402,0.2106269998876087,0.10068500023407978,0.0
pd,00:06:30.856,1059,-90.0,-89.998,40.0,-90.041,0.083,0.003,0.0,0.0,0.0,0.0,0.0,0.0,-90.0,-89.997,40.0,-89.987,0.079,0.003,-90.0,-89.9975,40.0,-90.014,0.081,0.003,0.0,0.10453354600787626,0.0,5.644811484398579,-0.4181341840295089,0.0,0.0,0.0005000000000023874,0.0,0.027000000000001023,-0.0020000000000000018,0.0,-0.0137698,-0.0137698,0.034424500000000004,0.2340866,0.0206547,-0.0206547,-0.002149938949912,-0.02548717948686,0.002791452991418,0.001138278388302,-0.0026732295482850004,0.000137973137976,0.054157178656206145,1.8058719997497974,0.1488869997956499,0.06533300029332167,0.0
pd,00:06:30.858,1060,-90.0,-89.998,40.0,-90.041,0.083,0.003,0.0,0.0,0.0,0.0,0.0,0.0,-90.0,-89.997,40.0,-89.987,0.079,0.003,-90.0,-89.9975,40.0,-90.014,0.081,0.003,0.0,0.11964582382530885,0.0,6.460874486536073,-0.47858329529895066,0.0,0.0,0.0005000000000023874,0.0,0.027000000000001023,-0.0020000000000000018,0.0,-0.0137698,-0.0137698,0.034424500000000004,0.2340866,0.0206547,-0.0206547,-0.002149938949912,-0.02548717948686,0.002791452991418,0.001138278388302,-0.0026732295482850004,0.000137973137976,0.054157178656206145,1.6923910002333287,0.12985000012122327,0.057036000271182274,0.0
pd,00:06:30.861,1061,-90.0,-89.998,40.0,-90.041,0.083,0.003,0.0,0.0,0.0,0.0,0.0,0.0,-90.0,-89.997,40.0,-89.987,0.079,0.003,-90.0,-89.9975,40.0,-90.014,0.081,0.003,0.0,0.08818232276553753,0.0,4.7618454293164705,-0.3527292910604662,0.0,0.0,0.0005000000000023874,0.0,0.027000000000001023,-0.0020000000000000018,0.0,-0.0137698,-0.0137698,0.034424500000000004,0.2340866,0.0206547,-0.0206547,-0.002149938949912,-0.02548717948686,0.002791452991418,0.001138278388302,-0.0026732295482850004,0.000137973137976,0.054157178656206145,1.9737960001293686,0.24083099970084731,0.13860999979442568,0.0
pd,00:06:30.864,1062,-90.0,-89.998,40.0,-90.038,0.083,0.003,0.0,0.0,0.0,1.1075532083443778,0.0,0.0,-90.0,-89.997,40.0,-89.987,0.079,0.003,-90.0,-89.9975,40.0,-90.12325532083443,0.081,0.003,0.0,0.09229610069580202,0.0,-15.737467353101033,-0.3691844027814456,0.0,0.0,0.0005000000000023874,0.0,-0.08525532083443466,-0.0020000000000000018,0.0,-0.06884900000000001,-0.0619641,0.0068849,0.2203168,-0.0206547,-0.0275396,-0.002201953601926,-0.025591208790887998,0.00268742368739,0.000293192918199,-0.002345543345592,0.00020695970696400003,0.05116639522186615,3.9703869997538277,0.26553499992587604,0.13264700010040542,0.0
pd,00:06:30.868,1063,-90.0,-89.998,40.0,-90.038,0.083,0.003,0.0,0.0,0.0,0.0,0.0,0.0,-90.0,-89.997,40.0,-89.987,0.079,0.003,-90.0,-89.9975,40.0,-90.01249999999999,0.081,0.003,0.0,0.055636228577758094,0.0,2.837447657452222,-0.22254491430996995,0.0,0.0,0.0005000000000023874,0.0,0.025500000000008072,-0.0020000000000000018,0.0,-0.06884900000000001,-0.0619641,0.0068849,0.2203168,-0.0206547,-0.0275396,-0.002201953601926,-0.025591208790887998,0.00268742368739,0.000293192918199,-0.002345543345592,0.00020695970696400003,0.05116639522186615,2.290848000029655,0.24903399980757968,0.12029599974994198,0.0
pd,00:06:30.871,1064,-90.0,-89.998,40.0,-90.038,0.083,0.003,0.0,0.0,0.0,0.0,0.0,0.0,-90.0,-89.997,40.0,-89.987,0.079,0.003,-90.0,-89.9975,40.0,-90.01249999999999,0.081,0.003,0.0,0.09052715186091745,0.0,4.61688474488492,-0.3621086074419411,0.0,0.0,0.0005000000000023874,0.0,0.025500000000008072,-0.0020000000000000018,0.0,-0.06884900000000001,-0.0619641,0.0068849,0.2203168,-0.0206547,-0.0275396,-0.002201953601926,-0.025591208790887998,0.00268742368739,0.000293192918199,-0.002345543345592,0.00020695970696400003,0.05116639522186615,1.8664069998521882,0.1923309996527678,0.09005399988382123,0.0
pd,00:06:30.873,1065,-90.0,-89.998,40.0,-90.038,0.083,0.003,0.0,0.0,0.0,0.0,0.0,0.0,-90.0,-89.997,40.0,-89.987,0.079,0.003,-90.0,-89.9975,40.0,-90.01249999999999,0.081,0.003,0.0,0.11200341807359611,0.0,5.712174321726343,-0.44801367229224565,0.0,0.0,0.0005000000000023874,0.0,0.025500000000008072,-0.0020000000000000018,0.0,-0.06884900000000001,-0.0619641,0.0068849,0.2203168,-0.0206547,-0.0275396,-0.002201953601926,-0.025591208790887998,0.00268742368739,0.000293192918199,-0.002345543345592,0.00020695970696400003,0.05116639522186615,1.7303909999100142,0.14066499988985015,0.06011100003888714,0.0
pd,00:06:30.875,1066,-90.0,-89.998,40.0,-90.038,0.083,0.003,0.0,0.0,0.0,0.0,0.0,0.0,-90.0,-89.997,40.0,-89.987,0.079,0.003,-90.0,-89.9975,40.0,-90.01249999999999,0.081,0.003,0.0,0.12533779584090446,0.0,6.3922275878558485,-0.5013511833612244,0.0,0.0,0.0005000000000023874,0.0,0.025500000000008072,-0.0020000000000000018,0.0,-0.06884900000000001,-0.0619641,0.0068849,0.2203168,-0.0206547,-0.0275396,-0.002201953601926,-0.025591208790887998,0.00268742368739,0.000293192918199,-0.002345543345592,0.00020695970696400003,0.05116639522186615,1.769297999999253,0.2033129999290395,0.07198100001915009,0.0
pd,00:06:30.877,1067,-90.0,-89.998,40.0,-90.038,0.083,0.003,0.0,0.0,0.0,0.0,0.0,0.0,-90.0,-89.997,40.0,-89.987,0.079,0.003,-90.0,-89.9975,40.0,-90.01249999999999,0.081,0.003,0.0,0.11801643218964623,0.0,6.018838041643447,-0.4720657287563313,0.0,0.0,0.0005000000000023874,0.0,0.025500000000008072,-0.0020000000000000018,0.0,-0.06884900000000001,-0.0619641,0.0068849,0.2203168,-0.0206547,-0.0275396,-0.002201953601926,-0.025591208790887998,0.00268742368739,0.000293192918199,-0.002345543345592,0.00020695970696400003,0.05116639522186615,1.6519659998266434,0.132758000290778,0.05570299981627613,0.0
pd,00:06:30.879,1068,-90.0,-89.998,40.0,-90.038,0.083,0.003,0.0,0.0,0.0,0.0,0.0,0.0,-90.0,-89.997,40.0,-89.987,0.079,0.003,-90.0,-89.9975,40.0,-90.01249999999999,0.081,0.003,0.0,0.1314993729627548,0.0,6.706468021068726,-0.5259974918485081,0.0,0.0,0.0005000000000023874,0.0,0.025500000000008072,-0.0020000000000000018,0.0,-0.06884900000000001,-0.0619641,0.0068849,0.2203168,-0.0206547,-0.0275396,-0.002201953601926,-0.025591208790887998,0.00268742368739,0.000293192918199,-0.002345543345592,0.00020695970696400003,0.05116639522186615,1.927906999753759,0.19122000003335415,0.08977700008472311,0.0
pd,00:06:30.882,1069,-90.0,-89.998,40.0,-90.038,0.083,0.003,0.0,0.0,0.0,0.0,0.0,0.0,-90.0,-89.997,40.0,-89.987,0.079,0.003,-90.0,-89.9975,40.0,-90.01249999999999,0.081,0.003,0.0,0.10894296103948123,0.0,5.556091012987223,-0.4357718441558445,0.0,0.0,0.0005000000000023874,0.0,0.025500000000008072,-0.0020000000000000018,0.0,-0.06884900000000001,-0.0619641,0.0068849,0.2203168,-0.0206547,-0.0275396,-0.002201953601926,-0.025591208790887998,0.00268742368739,0.000293192918199,-0.002345543345592,0.00020695970696400003,0.05116639522186615,1.7196500002683024,0.4881990003013925,0.46092200000202865,0.0
pd,00:06:30.885,1070,-90.0,-89.998,40.0,-90.035,0.082,0.003,0.0,0.0,0.0,0.9896894761680413,-0.3298964920560016,0.0,-90.0,-89.997,40.0,-89.987,0.079,0.003,-90.0,-89.9975,40.0,-90.1099689476168,0.11348964920560016,0.003,0.0,0.08247412301439412,0.0,-12.36599641595675,5.194162404500769,0.0,0.0,0.0005000000000023874,0.0,-0.07496894761681006,0.031489649205600156,0.0,-0.0137698,0.06884900000000001,-0.0275396,0.5094826,0.0275396,-0.0275396,-0.001837851037828,-0.026111355311027998,0.002132600732574,0.001086538461561,-0.002345543345592,0.000379426129434,0.04810405388322469,3.57729899997139,0.26147900007345015,0.12942500006829505,0.0
pd,00:06:30.890,1071,-90.0,-89.998,40.0,-90.035,0.082,0.003,0.0,0.0,0.0,0.0,0.0,0.0,-90.0,-89.997,40.0,-89.987,0.079,0.003,-90.0,-89.9975,40.0,-90.011,0.0805,0.003,0.0,0.05055571091099787,0.0,2.4266741237164027,-0.15166713273226956,0.0,0.0,0.0005000000000023874,0.0,0.02400000000000091,-0.0015000000000000013,0.0,-0.0137698,0.06884900000000001,-0.0275396,0.5094826,0.0275396,-0.0275396,-0.001837851037828,-0.026111355311027998,0.002132600732574,0.001086538461561,-0.002345543345592,0.000379426129434,0.04810405388322469,1.9394249998185842,0.24184999983845046,0.15061000021887594,0.0
pd,00:06:30.892,1072,-90.0,-89.998,40.0,-90.035,0.082,0.003,0.0,0.0,0.0,0.0,0.0,0.0,-90.0,-89.997,40.0,-89.987,0.079,0.003,-90.0,-89.9975,40.0,-90.011,0.0805,0.003,0.0,0.10252014079047779,0.0,4.920966757919623,-0.30756042236996506,0.0,0.0,0.0005000000000023874,0.0,0.02400000000000091,-0.0015000000000000013,0.0,-0.0137698,0.06884900000000001,-0.0275396,0.5094826,0.0275396,-0.0275396,-0.001837851037828,-0.026111355311027998,0.002132600732574,0.001086538461561,-0.002345543345592,0.000379426129434,0.04810405388322469,1.8022419999397243,0.22540500003742636,0.11527700007718522,0.0
pd,00:06:30.894,1073,-90.0,-89.998,40.0,-90.035,0.082,0.003,0.0,0.0,0.0,0.0,0.0,0.0,-90.0,-89.997,40.0,-89.987,0.079,0.003,-90.0,-89.9975,40.0,-90.011,0.0805,0.003,0.0,0.11138474612332767,0.0,5.346467813894403,-0.3341542383683878,0.0,0.0,0.0005000000000023874,0.0,0.02400000000000091,-0.0015000000000000013,0.0,-0.0137698,0.06884900000000001,-0.0275396,0.5094826,0.0275396,-0.0275396,-0.001837851037828,-0.026111355311027998,0.002132600732574,0.001086538461561,-0.002345543345592,0.000379426129434,0.04810405388322469,2.1506089997274103,0.27021899995816057,0.16366499994546757,0.0
pd,00:06:30.897,1074,-90.0,-89.998,40.0,-90.035,0.082,0.003,0.0,0.0,0.0,0.0,0.0,0.0,-90.0,-89.997,40.0,-89.987,0.079,0.003,-90.0,-89.9975,40.0,-90.011,0.0805,0.003,0.0,0.09314052229570144,0.0,4.470745070172491,-0.27942156688577036,0.0,0.0,0.0005000000000023874,0.0,0.02400000000000091,-0.0015000000000000013,0.0,-0.0137698,0.06884900000000001,-0.0275396,0.5094826,0.0275396,-0.0275396,-0.001837851037828,-0.026111355311027998,0.002132600732574,0.001086538461561,-0.002345543345592,0.000379426129434,0.04810405388322469,1.7422060000171768,0.17538700012664776,0.07822099996701581,0.0
pd,00:06:30.899,1075,-90.0,-89.998,40.0,-90.035,0.082,0.003,0.0,0.0,0.0,0.0,0.0,0.0,-90.0,-89.997,40.0,-89.987,0.079,0.003,-90.0,-89.9975,40.0,-90.011,0.0805,0.003,0.0,0.1205952846469243,0.0,5.7885736630249465,-0.3617858539390458,0.0,0.0,0.0005000000000023874,0.0,0.02400000000000091,-0.0015000000000000013,0.0,-0.0137698,0.06884900000000001,-0.0275396,0.5094826,0.0275396,-0.0275396,-0.001837851037828,-0.026111355311027998,0.002132600732574,0.001086538461561,-0.002345543345592,0.000379426129434,0.04810405388322469,1.7881489998217148,0.15857200014579576,0.07153600017772987,0.0
pd,00:06:30.901,1076,-90.0,-89.998,40.0,-90.035,0.082,0.003,0.0,0.0,0.0,0.0,0.0,0.0,-90.0,-89.997,40.0,-89.987,0.079,0.003,-90.0,-89.9975,40.0,-90.011,0.0805,0.003,0.0,0.11950945976806551,0.0,5.736454068839971,-0.35852837930248493,0.0,0.0,0.0005000000000023874,0.0,0.02400000000000091,-0.0015000000000000013,0.0,-0.0137698,0.06884900000000001,-0.0275396,0.5094826,0.0275396,-0.0275396,-0.001837851037828,-0.026111355311027998,0.002132600732574,0.001086538461561,-0.002345543345592,0.000379426129434,0.04810405388322469,1.7217609997715044,0.171369000327104,0.0780000000304426,0.0
pd,00:06:30.903,1077,-90.0,-89.998,40.0,-90.031,0.082,0.003,0.0,0.0,0.0,1.9528827843046095,0.0,0.0,-90.0,-89.997,40.0,-89.987,0.079,0.003,-90.0,-89.9975,40.0,-90.20428827843047,0.0805,0.003,0.0,0.12205517401990534,0.0,-42.3014619586761,-0.366165522057968,0.0,0.0,0.0005000000000023874,0.0,-0.17328827843046213,-0.0015000000000000013,0.0,-0.0413094,0.0068849,-0.0,0.5507920000000001,0.0413094,-0.0413094,-0.002635409035376,-0.02635409035376,0.00242735042732,0.0017764041514410002,-0.0022248168498630004,0.00034493284494,0.044113490000236774,4.6238439999797265,0.2587569997558603,0.12381399983496522,0.0
pd,00:06:30.908,1078,-90.0,-89.998,40.0,-90.031,0.082,0.003,0.0,0.0,0.0,0.0,0.0,0.0,-90.0,-89.997,40.0,-89.987,0.079,0.003,-90.0,-89.9975,40.0,-90.009,0.0805,0.003,0.0,0.04880048401382263,0.0,2.1472212965984867,-0.14640145204076896,0.0,0.0,0.0005000000000023874,0.0,0.02200000000000557,-0.0015000000000000013,0.0,-0.0413094,0.0068849,-0.0,0.5507920000000001,0.0413094,-0.0413094,-0.002635409035376,-0.02635409035376,0.00242735042732,0.0017764041514410002,-0.0022248168498630004,0.00034493284494,0.044113490000236774,1.877944000170828,0.18501600015952135,0.08531399998901179,0.0
pd,00:06:30.911,1079,-90.0,-89.998,40.0,-90.031,0.082,0.003,0.0,0.0,0.0,0.0,0.0,0.0,-90.0,-89.997,40.0,-89.987,0.079,0.003,-90.0,-89.9975,40.0,-90.009,0.0805,0.003,0.0,0.11207524583208708,0.0,4.9313108165895345,-0.3362257374946561,0.0,0.0,0.0005000000000023874,0.0,0.02200000000000557,-0.0015000000000000013,0.0,-0.0413094,0.0068849,-0.0,0.5507920000000001,0.0413094,-0.0413094,-0.002635409035376,-0.02635409035376,0.00242735042732,0.0017764041514410002,-0.0022248168498630004,0.00034493284494,0.044113490000236774,1.8695379999371653,0.2262949997202668,0.08986900002128095,0.0
pd,00:06:30.913,1080,-90.0,-89.998,40.0,-90.031,0.082,0.003,0.0,0.0,0.0,0.0,0.0,0.0,-90.0,-89.997,40.0,-89.987,0.079,0.003,-90.0,-89.9975,40.0,-90.009,0.0805,0.003,0.0,0.11000587494807038,0.0,4.840258497693211,-0.33001762484263564,0.0,0.0,0.0005000000000023874,0.0,0.02200000000000557,-0.0015000000000000013,0.0,-0.0413094,0.0068849,-0.0,0.5507920000000001,0.0413094,-0.0413094,-0.002635409035376,-0.02635409035376,0.00242735042732,0.0017764041514410002,-0.0022248168498630004,0.00034493284494,0.044113490000236774,1.75413099987054,0.1567939998494694,0.06042499990144279,0.0
pd,00:06:30.916,1081,-90.0,-89.998,40.0,-90.031,0.082,0.003,0.0,0.0,0.0,0.0,0.0,0.0,-90.0,-89.997,40.0,-89.987,0.079,0.003,-90.0,-89.9975,40.0,-90.009,0.0805,0.003,0.0,0.08934696659892696,0.0,3.9312665303350105,-0.2680408997955013,0.0,0.0,0.0005000000000023874,0.0,0.02200000000000557,-0.0015000000000000013,0.0,-0.0413094,0.0068849,-0.0,0.5507920000000001,0.0413094,-0.0413094,-0.002635409035376,-0.02635409035376,0.00242735042732,0.0017764041514410002,-0.0022248168498630004,0.00034493284494,0.044113490000236774,1.974461999907362,0.2310899999429239,0.09157300019069226,0.0
pd,00:06:30.918,1082,-90.0,-89.998,40.0,-90.031,0.082,0.003,0.0,0.0,0.0,0.0,0.0,0.0,-90.0,-89.997,40.0,-89.987,0.079,0.003,-90.0,-89.9975,40.0,-90.009,0.0805,0.003,0.0,0.10427366746270951,0.0,4.588041368338473,-0.3128210023866351,0.0,0.0,0.0005000000000023874,0.0,0.02200000000000557,-0.0015000000000000013,0.0,-0.0413094,0.0068849,-0.0,0.5507920000000001,0.0413094,-0.0413094,-0.002635409035376,-0.02635409035376,0.00242735042732,0.0017764041514410002,-0.0022248168498630004,0.00034493284494,0.044113490000236774,1.7115760001615854,0.1393510001435061,0.07049999976516119,0.0
pd,00:06:30.920,1083,-90.0,-89.998,40.0,-90.031,0.082,0.003,0.0,0.0,0.0,0.0,0.0,0.0,-90.0,-89.997,40.0,-89.987,0.079,0.003,-90.0,-89.9975,40.0,-90.009,0.0805,0.003,0.0,0.12526293154999485,0.0,5.511568988174852,-0.37578879464819054,0.0,0.0,0.0005000000000023874,0.0,0.02200000000000557,-0.0015000000000000013,0.0,-0.0413094,0.0068849,-0.0,0.5507920000000001,0.0413094,0.0481943,-0.002635409035376,-0.02635409035376,0.00242735042732,0.0017764041514410002,-0.002052350427393,-3.4493284494e-05,0.044113490000236774,4.2152000000896805,0.8100469999590132,0.5416429999058892,0.0
pd,00:06:30.926,1084,-90.0,-89.998,40.0,-90.024,0.082,0.003,0.0,0.0,0.0,1.1927253818663057,0.0,0.0,-90.0,-89.997,40.0,-89.987,0.079,0.003,-90.0,-89.9975,40.0,-90.12477253818663,0.0805,0.003,0.0,0.04259733506682673,0.0,-8.585283149299734,-0.1277920051998701,0.0,0.0,0.0005000000000023874,0.0,-0.10077253818663223,-0.0015000000000000013,0.0,0.0,0.0206547,0.0068849,0.46128830000000004,0.034424500000000004,0.0481943,-0.0025140415140099998,-0.026076678876352,0.00364102564098,0.001276251526278,-0.002052350427393,-3.4493284494e-05,0.037134889255260525,2.8946940001333132,0.24164599972209544,0.10846199984371196,0.0
pd,00:06:30.929,1085,-90.0,-89.998,40.0,-90.024,0.082,0.003,0.0,0.0,0.0,0.0,0.0,0.0,-90.0,-89.997,40.0,-89.987,0.079,0.003,-90.0,-89.9975,40.0,-90.0055,0.0805,0.003,0.0,0.07478077307124567,0.0,2.7668886036233373,-0.224342319212666,0.0,0.0,0.0005000000000023874,0.0,0.01850000000000307,-0.0015000000000000013,0.0,0.0,0.0206547,0.0068849,0.46128830000000004,0.034424500000000004,0.0481943,-0.0025140415140099998,-0.026076678876352,0.00364102564098,0.001276251526278,-0.002052350427393,-3.4493284494e-05,0.037134889255260525,1.7326869997305039,0.446143999852211,0.09718499995869934,0.0
pd,00:06:30.932,1086,-90.0,-89.998,40.0,-90.024,0.082,0.003,0.0,0.0,0.0,0.0,0.0,0.0,-90.0,-89.997,40.0,-89.987,0.079,0.003,-90.0,-89.9975,40.0,-90.0055,0.0805,0.003,0.0,0.10605603317538251,0.0,3.924073227471067,-0.3181680995246286,0.0,0.0,0.0005000000000023874,0.0,0.01850000000000307,-0.0015000000000000013,0.0,0.0,0.0206547,0.0068849,0.46128830000000004,0.034424500000000004,0.0481943,-0.0025140415140099998,-0.026076678876352,0.00364102564098,0.001276251526278,-0.002052350427393,-3.4493284494e-05,0.037134889255260525,1.821667000058369,0.199924000298779,0.08899900012693251,0.0
pd,00:06:30.934,1087,-90.0,-89.998,40.0,-90.024,0.082,0.003,0.0,0.0,0.0,0.0,0.0,0.0,-90.0,-89.997,40.0,-89.987,0.079,0.003,-90.0,-89.9975,40.0,-90.0055,0.0805,0.003,0.0,0.11401283027128485,0.0,4.218474720018097,-0.3420384908122217,0.0,0.0,0.0005000000000023874,0.0,0.01850000000000307,-0.0015000000000000013,0.0,0.0,0.0206547,0.0068849,0.46128830000000004,0.034424500000000004,0.0481943,-0.0025140415140099998,-0.026076678876352,0.00364102564098,0.001276251526278,-0.002052350427393,-3.4493284494e-05,0.037134889255260525,1.7248170001948893,0.16607300040050177,0.07883299986133352,0.0
pd,00:06:30.936,1088,-90.0,-89.998,40.0,-90.024,0.082,0.003,0.0,0.0,0.0,0.0,0.0,0.0,-90.0,-89.997,40.0,-89.987,0.079,0.003,-90.0,-89.9975,40.0,-90.0055,0.0805,0.003,0.0,0.12191326589989615,0.0,4.510790838275367,-0.3657397976979424,0.0,0.0,0.0005000000000023874,0.0,0.01850000000000307,-0.0015000000000000013,0.0,0.0,0.0206547,0.0068849,0.46128830000000004,0.034424500000000004,0.0481943,-0.0025140415140099998,-0.026076678876352,0.00364102564098,0.001276251526278,-0.002052350427393,-3.4493284494e-05,0.037134889255260525,1.8808699996952782,0.1753129999997327,0.07787000004100264,0.0
pd,00:06:30.938,1089,-90.0,-89.998,40.0,-90.024,0.082,0.003,0.0,0.0,0.0,0.0,0.0,0.0,-90.0,-89.997,40.0,-89.987,0.079,0.003,-90.0,-89.9975,40.0,-90.0055,0.0805,0.003,0.0,0.11327384681916461,0.0,4.191132332289774,-0.33982154045587154,0.0,0.0,0.0005000000000023874,0.0,0.01850000000000307,-0.0015000000000000013,0.0,0.0,0.0206547,0.0068849,0.46128830000000004,0.034424500000000004,0.0481943,-0.0025140415140099998,-0.026076678876352,0.00364102564098,0.001276251526278,-0.002052350427393,-3.4493284494e-05,0.037134889255260525,1.704428000266489,0.13062900006843847,0.057498999922245275,0.0
pd,00:06:30.940,1090,-90.0,-89.998,40.0,-90.024,0.082,0.003,0.0,0.0,0.0,0.0,0.0,0.0,-90.0,-89.997,40.0,-89.987,0.079,0.003,-90.0,-89.9975,40.0,-90.0055,0.0805,0.003,0.0,0.12792192265524055,0.0,4.733111138222085,-0.38376576796388956,0.0,0.0,0.0005000000000023874,0.0,0.01850000000000307,-0.0015000000000000013,0.0,0.0,0.0206547,0.0068849,0.46128830000000004,0.034424500000000004,0.0481943,-0.0025140415140099998,-0.026076678876352,0.00364102564098,0.001276251526278,-0.002052350427393,-3.4493284494e-05,0.037134889255260525,1.7492229999334086,0.138406000132818,0.06051799982742523,0.0
pd,00:06:30.943,1091,-90.0,-89.998,40.0,-90.013,0.082,0.003,0.0,0.0,0.0,3.8770877310909144,0.0,0.0,-90.0,-89.997,40.0,-89.987,0.079,0.003,-90.0,-89.9975,40.0,-90.3877087731091,0.0805,0.003,0.0,0.08811563025252157,0.0,-66.03539940699717,-0.26434689075630274,0.0,0.0,0.0005000000000023874,0.0,-0.37470877310909145,-0.0015000000000000013,0.0,0.0,0.034424500000000004,-0.034424500000000004,0.413094,-0.0137698,-0.0206547,-0.001976556776532,-0.026648840048505998,0.002201953601926,0.001224511599537,-0.0036735347986110002,-0.000327686202693,0.026191601707428156,3.8667590001750796,0.6147160002001328,0.4220509999868227,0.0
pd,00:06:30.948,1092,-90.0,-89.998,40.0,-90.013,0.082,0.003,0.0,0.0,0.0,0.0,0.0,0.0,-90.0,-89.997,40.0,-89.987,0.079,0.003,-90.0,-89.9975,40.0,-90.0,0.0805,0.003,0.0,0.04898056801219202,0.0,1.2734947683114242,-0.14694170403587456,0.0,0.0,0.0005000000000023874,0.0,0.01300000000000523,-0.0015000000000000013,0.0,0.0,0.034424500000000004,-0.034424500000000004,0.413094,-0.0137698,-0.0206547,-0.001976556776532,-0.026648840048505998,0.002201953601926,0.001224511599537,-0.0036735347986110002,-0.000327686202693,0.026191601707428156,1.939018000030046,0.2701459998206701,0.12633200003620004,0.0
pd,00:06:30.950,1093,-90.0,-89.998,40.0,-90.013,0.082,0.003,0.0,0.0,0.0,0.0,0.0,0.0,-90.0,-89.997,40.0,-89.987,0.079,0.003,-90.0,-89.9975,40.0,-90.0,0.0805,0.003,0.0,0.10200155642072051,0.0,2.652040466927137,-0.30600466926070063,0.0,0.0,0.0005000000000023874,0.0,0.01300000000000523,-0.0015000000000000013,0.0,0.0,0.034424500000000004,-0.034424500000000004,0.413094,-0.0137698,-0.0206547,-0.001976556776532,-0.026648840048505998,0.002201953601926,0.001224511599537,-0.0036735347986110002,-0.000327686202693,0.026191601707428156,2.137256999958481,0.30575599976145895,0.12605500023710192,0.0
pd,00:06:30.953,1094,-90.0,-89.998,40.0,-90.013,0.082,0.003,0.0,0.0,0.0,0.0,0.0,0.0,-90.0,-89.997,40.0,-89.987,0.079,0.003,-90.0,-89.9975,40.0,-90.0,0.0805,0.003,0.0,0.09340602173570343,0.0,2.4285565651176704,-0.2802180652057726,0.0,0.0,0.0005000000000023874,0.0,0.01300000000000523,-0.0015000000000000013,0.0,0.0,0.034424500000000004,-0.034424500000000004,0.413094,-0.0137698,-0.0206547,-0.001976556776532,-0.026648840048505998,0.002201953601926,0.001224511599537,-0.0036735347986110002,-0.000327686202693,0.026191601707428156,1.7745200002536876,0.15568400021948037,0.06268499964789953,0.0
pd,00:06:30.955,1095,-90.0,-89.998,40.0,-90.013,0.082,0.003,0.0,0.0,0.0,0.0,0.0,0.0,-90.0,-89.997,40.0,-89.987,0.079,0.003,-90.0,-89.9975,40.0,-90.0,0.0805,0.003,0.0,0.1213348761866474,0.0,3.154706780839038,-0.3640046285582044,0.0,0.0,0.0005000000000023874,0.0,0.01300000000000523,-0.0015000000000000013,0.0,0.0,0.034424500000000004,-0.034424500000000004,0.413094,-0.0137698,-0.0206547,-0.001976556776532,-0.026648840048505998,0.002201953601926,0.001224511599537,-0.0036735347986110002,-0.000327686202693,0.026191601707428156,2.0257769997442665,0.21057200001450838,0.10466499998074141,0.0
pd,00:06:30.958,1096,-90.0,-89.998,40.0,-90.013,0.082,0.003,0.0,0.0,0.0,0.0,0.0,0.0,-90.0,-89.997,40.0,-89.987,0.079,0.003,-90.0,-89.9975,40.0,-90.0,0.0805,0.003,0.0,0.10274113266754917,0.0,2.671269449344598,-0.30822339800117604,0.0,0.0,0.0005000000000023874,0.0,0.01300000000000523,-0.0015000000000000013,0.0,0.0,0.034424500000000004,-0.034424500000000004,0.413094,-0.0137698,-0.0206547,-0.001976556776532,-0.026648840048505998,0.002201953601926,0.001224511599537,-0.0036735347986110002,-0.000327686202693,0.026191601707428156,1.7385209998792561,0.1413509999110829,0.05933300008109654,0.0
pd,00:06:30.960,1097,-90.0,-89.998,40.0,-90.013,0.082,0.003,0.0,0.0,0.0,0.0,0.0,0.0,-90.0,-89.997,40.0,-89.987,0.079,0.003,-90.0,-89.9975,40.0,-90.0,0.0805,0.003,0.0,0.12477106139992941,0.0,3.24404759638398,-0.3743131841980013,0.0,0.0,0.0005000000000023874,0.0,0.01300000000000523,-0.0015000000000000013,0.0,0.0,0.034424500000000004,-0.034424500000000004,0.413094,-0.0137698,-0.0206547,-0.001976556776532,-0.026648840048505998,0.002201953601926,0.001224511599537,-0.0036735347986110002,-0.000327686202693,0.026191601707428156,1.8476109999028267,0.18033199967248947,0.08112900013657054,0.0
pd,00:06:30.962,1098,-90.0,-89.998,40.0,-90.013,0.082,0.003,0.0,0.0,0.0,0.0,0.0,0.0,-90.0,-89.997,40.0,-89.987,0.079,0.003,-90.0,-89.9975,40.0,-90.0,0.0805,0.003,0.0,0.11442339589753457,0.0,2.9750082933228903,-0.34327018769096496,0.0,0.0,0.0005000000000023874,0.0,0.01300000000000523,-0.0015000000000000013,0.0,0.0,0.034424500000000004,-0.034424500000000004,0.413094,-0.0137698,-0.0137698,-0.001976556776532,-0.026648840048505998,0.002201953601926,0.001224511599537,-0.0036735347986110002,-0.000327686202693,0.026191601707428156,2.556623000145919,0.8547510001335468,0.3393669999240956,0.0
pd,00:06:30.966,1099,-90.0,-89.998,40.0,-90.002,0.082,0.003,0.0,0.0,0.0,2.683808039092635,0.0,0.0,-90.0,-89.997,40.0,-89.987,0.079,0.003,-90.0,-89.9975,40.0,-90.26288080390925,0.0805,0.003,0.0,0.060995637252341736,0.0,-31.82518176254547,-0.18298691175615164,0.0,0.0,0.0005000000000023874,0.0,-0.2608808039092594,-0.0015000000000000013,0.0,0.0275396,-0.0137698,-0.0068849,0.3993242,-0.0,-0.0137698,-0.00277411477408,-0.025903296702972,0.002739438339404,0.001000305250326,-0.0025697496948030004,-0.000327686202693,0.015329709716756759,2.7558619999581424,0.19407300032980856,0.08442599983027321,0.0
pd,00:06:30.969,1100,-90.0,-89.998,40.0,-90.002,0.082,0.003,0.0,0.0,0.0,0.0,0.0,0.0,-90.0,-89.997,40.0,-89.987,0.079,0.003,-90.0,-89.9975,40.0,-89.99449999999999,0.0805,0.003,0.0,0.08022769701645041,0.0,1.2034154552410556,-0.2406830910482022,0.0,0.0,0.0005000000000023874,0.0,0.00750000000000739,-0.0015000000000000013,0.0,0.0275396,-0.0137698,-0.0068849,0.3993242,-0.0,-0.0137698,-0.00277411477408,-0.025903296702972,0.002739438339404,0.001000305250326,-0.0025697496948030004,-0.000327686202693,0.015329709716756759,1.7622599998503574,0.1337759999842092,0.059888999658141984,0.0
pd,00:06:30.972,1101,-90.0,-89.998,40.0,-90.002,0.082,0.003,0.0,0.0,0.0,0.0,0.0,0.0,-90.0,-89.997,40.0,-89.987,0.079,0.003,-90.0,-89.9975,40.0,-89.99449999999999,0.0805,0.003,0.0,0.08908130150412087,0.0,1.3362195225554834,-0.2672439045110868,0.0,0.0,0.0005000000000023874,0.0,0.00750000000000739,-0.0015000000000000013,0.0,0.0275396,-0.0137698,-0.0068849,0.3993242,-0.0,-0.0137698,-0.00277411477408,-0.025903296702972,0.002739438339404,0.001000305250326,-0.0025697496948030004,-0.000327686202693,0.015329709716756759,1.9517400000950147,0.23022000004857546,0.09862799970505876,0.0
pd,00:06:30.974,1102,-90.0,-89.998,40.0,-90.002,0.082,0.003,0.0,0.0,0.0,0.0,0.0,0.0,-90.0,-89.997,40.0,-89.987,0.079,0.003,-90.0,-89.9975,40.0,-89.99449999999999,0.0805,0.003,0.0,0.10461698094432872,0.0,1.5692547141574973,-0.31385094283148784,0.0,0.0,0.0005000000000023874,0.0,0.00750000000000739,-0.0015000000000000013,0.0,0.0275396,-0.0137698,-0.0068849,0.3993242,-0.0,-0.0137698,-0.00277411477408,-0.025903296702972,0.002739438339404,0.001000305250326,-0.0025697496948030004,-0.000327686202693,0.015329709716756759,1.7265950000364683,0.14514699978462886,0.07951799989314168,0.0
pd,00:06:30.976,1103,-90.0,-89.998,40.0,-90.002,0.082,0.003,0.0,0.0,0.0,0.0,0.0,0.0,-90.0,-89.997,40.0,-89.987,0.079,0.003,-90.0,-89.9975,40.0,-89.99449999999999,0.0805,0.003,0.0,0.12304341703884145,0.0,1.8456512555738789,-0.3691302511147621,0.0,0.0,0.0005000000000023874,0.0,0.00750000000000739,-0.0015000000000000013,0.0,0.0275396,-0.0137698,-0.0068849,0.3993242,-0.0,-0.0137698,-0.00277411477408,-0.025903296702972,0.002739438339404,0.001000305250326,-0.0025697496948030004,-0.000327686202693,0.015329709716756759,1.8549080000411777,0.2534050004214805,0.12522099996203906,0.0
pd,00:06:30.979,1104,-90.0,-89.998,40.0,-90.002,0.082,0.003,0.0,0.0,0.0,0.0,0.0,0.0,-90.0,-89.997,40.0,-89.987,0.079,0.003,-90.0,-89.9975,40.0,-89.99449999999999,0.0805,0.003,0.0,0.10674702229512438,0.0,1.601205334419281,-0.32024106688384435,0.0,0.0,0.0005000000000023874,0.0,0.00750000000000739,-0.0015000000000000013,0.0,0.0275396,-0.0137698,-0.0068849,0.3993242,-0.0,-0.0137698,-0.00277411477408,-0.025903296702972,0.002739438339404,0.001000305250326,-0.0025697496948030004,-0.000327686202693,0.015329709716756759,2.093275999868638,0.22812799988969346,0.10394299988547573,0.0
pd,00:06:30.981,1105,-90.0,-89.998,40.0,-90.002,0.082,0.003,0.0,0.0,0.0,0.0,0.0,0.0,-90.0,-89.997,40.0,-89.987,0.079,0.003,-90.0,-89.9975,40.0,-89.99449999999999,0.0805,0.003,0.0,0.09921241366307189,0.0,1.4881862049390289,-0.29763724098779476,0.0,0.0,0.0005000000000023874,0.0,0.00750000000000739,-0.0015000000000000013,0.0,0.0275396,-0.0137698,-0.0068849,0.3993242,-0.0,-0.0206547,-0.00277411477408,-0.025903296702972,0.002739438339404,0.001000305250326,-0.0017074175824530002,-0.00020695970696400003,0.015329709716756759,3.2294319998982246,0.9674160000940901,0.2323119997527101,0.0
pd,00:06:30.986,1106,-90.0,-89.998,40.0,-90.002,0.082,0.003,0.0,0.0,0.0,0.0,0.0,0.0,-90.0,-89.997,40.0,-89.987,0.079,0.003,-90.0,-89.9975,40.0,-89.99449999999999,0.0805,0.003,0.0,0.053068272686118065,0.0,0.7960240902880003,-0.15920481805759415,0.0,0.0,0.0005000000000023874,0.0,0.00750000000000739,-0.0015000000000000013,0.0,-0.0275396,0.0,-0.0275396,0.5852165,-0.0481943,-0.0206547,-0.001837851037828,-0.025521855921536,0.0033462759462339997,0.002449023199074,-0.0017074175824530002,-0.00020695970696400003,0.015329709716756759,2.759288000106608,0.26203400011581834,0.09768500012796721,0.0
pd,00:06:30.989,1107,-90.0,-89.998,40.0,-90.002,0.082,0.003,0.0,0.0,0.0,0.0,0.0,0.0,-90.0,-89.997,40.0,-89.987,0.079,0.003,-90.0,-89.9975,40.0,-89.99449999999999,0.0805,0.003,0.0,0.07798423322958552,0.0,1.1697634984382415,-0.23395269968763965,0.0,0.0,0.0005000000000023874,0.0,0.00750000000000739,-0.0015000000000000013,0.0,-0.0275396,0.0,-0.0275396,0.5852165,-0.0481943,-0.0206547,-0.001837851037828,-0.025521855921536,0.0033462759462339997,0.002449023199074,-0.0017074175824530002,-0.00020695970696400003,0.015329709716756759,1.7269090003537713,0.14179499976307852,0.06223999980647932,0.0
pd,00:06:30.991,1108,-90.0,-89.998,40.0,-90.002,0.082,0.003,0.0,0.0,0.0,0.0,0.0,0.0,-90.0,-89.997,40.0,-89.987,0.079,0.003,-90.0,-89.9975,40.0,-89.99449999999999,0.0805,0.003,0.0,0.12536776661944127,0.0,1.8805164992827113,-0.3761032998565283,0.0,0.0,0.0005000000000023874,0.0,0.00750000000000739,-0.0015000000000000013,0.0,-0.0275396,0.0,-0.0275396,0.5852165,-0.0481943,-0.0206547,-0.001837851037828,-0.025521855921536,0.0033462759462339997,0.002449023199074,-0.0017074175824530002,-0.00020695970696400003,0.015329709716756759,1.7743899998095003,0.18348000003243214,0.09351800008516875,0.0
pd,00:06:30.993,1109,-90.0,-89.998,40.0,-89.988,0.081,0.003,0.0,0.0,0.0,6.555795020652267,-0.4682710729038745,0.0,-90.0,-89.997,40.0,-89.987,0.079,0.003,-90.0,-89.9975,40.0,-90.64307950206522,0.12682710729038746,0.003,0.0,0.1170677682265275,0.0,-153.3773906347091,10.72975434947534,0.0,0.0,0.0005000000000023874,0.0,-0.6550795020652203,0.045827107290387456,0.0,-0.0275396,0.0,-0.0275396,0.5852165,-0.0481943,-0.0206547,-0.001837851037828,-0.025521855921536,0.0033462759462339997,0.002449023199074,-0.0017074175824530002,-0.00020695970696400003,0.0024494897427870784,1.7493350001132058,0.14512799998556147,0.06136999991213088,0.0
pd,00:06:30.995,1110,-90.0,-89.998,40.0,-89.988,0.081,0.003,0.0,0.0,0.0,0.0,0.0,0.0,-90.0,-89.997,40.0,-89.987,0.079,0.003,-90.0,-89.9975,40.0,-89.9875,0.08,0.003,0.0,0.12369659077562897,0.0,0.12369659077562897,-0.2473931815500769,0.0,0.0,0.0005000000000023874,0.0,0.0005000000000023874,-0.0010000000000000009,0.0,-0.0275396,0.0,-0.0275396,0.5852165,-0.0481943,-0.0206547,-0.001837851037828,-0.025521855921536,0.0033462759462339997,0.002449023199074,-0.0017074175824530002,-0.00020695970696400003,0.0024494897427870784,1.7262609999306733,0.15747999987070216,0.06918500002939254,0.0
pd,00:06:30.998,1111,-90.0,-89.998,40.0,-89.988,0.081,0.003,0.0,0.0,0.0,0.0,0.0,0.0,-90.0,-89.997,40.0,-89.987,0.079,0.003,-90.0,-89.9975,40.0,-89.9875,0.08,0.003,0.0,0.08874204468559638,0.0,0.08874204468559638,-0.17748408937034546,0.0,0.0,0.0005000000000023874,0.0,0.0005000000000023874,-0.0010000000000000009,0.0,-0.0275396,0.0,-0.0275396,0.5852165,-0.0481943,-0.0206547,-0.001837851037828,-0.025521855921536,0.0033462759462339997,0.002449023199074,-0.0017074175824530002,-0.00020695970696400003,0.0024494897427870784,1.930333000018436,0.22557200009032385,0.08427700004176586,0.0
pd,00:06:31.000,1112,-90.0,-89.998,40.0,-89.988,0.081,0.003,0.0,0.0,0.0,0.0,0.0,0.0,-90.0,-89.997,40.0,-89.987,0.079,0.003,-90.0,-89.9975,40.0,-89.9875,0.08,0.003,0.0,0.10676876081916371,0.0,0.10676876081916371,-0.213537521637308,0.0,0.0,0.0005000000000023874,0.0,0.0005000000000023874,-0.0010000000000000009,0.0,-0.0275396,0.0,-0.0275396,0.5852165,-0.0481943,-0.0206547,-0.001837851037828,-0.025521855921536,0.0033462759462339997,0.002449023199074,-0.0017074175824530002,-0.00020695970696400003,0.0024494897427870784,1.9280179999441316,0.2542199999879813,0.1284990003114217,0.0
pd,00:06:31.003,1113,-90.0,-89.998,40.0,-89.988,0.081,0.003,0.0,0.0,0.0,0.0,0.0,0.0,-90.0,-89.997,40.0,-89.987,0.079,0.003,-90.0,-89.9975,40.0,-89.9875,0.08,0.003,0.0,0.1030946809561505,0.0,0.1030946809561505,-0.20618936191131668,0.0,0.0,0.0005000000000023874,0.0,0.0005000000000023874,-0.0010000000000000009,0.0,0.034424500000000004,0.0206547,-0.0,0.5301373,-0.0206547,0.0275396,-0.0020285714285459997,-0.025851282050957998,0.0020112332112079997,0.003173382173448,-0.0022938034188510004,-0.000638125763139,0.0024494897427870784,4.818767999950069,0.2414790001239453,0.1207399996019376,0.0
pd,00:06:31.008,1114,-90.0,-89.998,40.0,-89.988,0.081,0.003,0.0,0.0,0.0,0.0,0.0,0.0,-90.0,-89.997,40.0,-89.987,0.079,0.003,-90.0,-89.9975,40.0,-89.9875,0.08,0.003,0.0,0.04729280173213994,0.0,0.04729280173213994,-0.09458560346382834,0.0,0.0,0.0005000000000023874,0.0,0.0005000000000023874,-0.0010000000000000009,0.0,0.034424500000000004,0.0206547,-0.0,0.5301373,-0.0206547,0.0275396,-0.0020285714285459997,-0.025851282050957998,0.0020112332112079997,0.003173382173448,-0.0022938034188510004,-0.000638125763139,0.0024494897427870784,1.9110550001641968,0.1843130003180704,0.08572099977754988,0.0
pd,00:06:31.010,1115,-90.0,-89.998,40.0,-89.988,0.081,0.003,0.0,0.0,0.0,0.0,0.0,0.0,-90.0,-89.997,40.0,-89.987,0.079,0.003,-90.0,-89.9975,40.0,-89.9875,0.08,0.003,0.0,0.11050437348561563,0.0,0.11050437348561563,-0.2210087469701762,0.0,0.0,0.0005000000000023874,0.0,0.0005000000000023874,-0.0010000000000000009,0.0,0.034424500000000004,0.0206547,-0.0,0.5301373,-0.0206547,0.0275396,-0.0020285714285459997,-0.025851282050957998,0.0020112332112079997,0.003173382173448,-0.0022938034188510004,-0.000638125763139,0.0024494897427870784,1.7343160002383229,0.1565540001138288,0.07255499986058567,0.0
pd,00:06:31.012,1116,-90.0,-89.998,40.0,-89.988,0.081,0.003,0.0,0.0,0.0,0.0,0.0,0.0,-90.0,-89.997,40.0,-89.987,0.079,0.003,-90.0,-89.9975,40.0,-89.9875,0.08,0.003,0.0,0.12301454716154467,0.0,0.12301454716154467,-0.2460290943219148,0.0,0.0,0.0005000000000023874,0.0,0.0005000000000023874,-0.0010000000000000009,0.0,0.034424500000000004,0.0206547,-0.0,0.5301373,-0.0206547,0.0275396,-0.0020285714285459997,-0.025851282050957998,0.0020112332112079997,0.003173382173448,-0.0022938034188510004,-0.000638125763139,0.0024494897427870784,1.8386850001661514,0.2202380001108395,0.08698000010554097,0.0
pd,00:06:31.015,1117,-90.0,-89.998,40.0,-89.978,0.081,0.003,0.0,0.0,0.0,4.489247565024238,0.0,0.0,-90.0,-89.997,40.0,-89.987,0.079,0.003,-90.0,-89.9975,40.0,-90.43142475650242,0.08,0.003,0.0,0.11223118912608443,0.0,-101.77679920245868,-0.22446237825109727,0.0,0.0,0.0005000000000023874,0.0,-0.45342475650242875,-0.0010000000000000009,0.0,0.034424500000000004,0.0206547,-0.0,0.5301373,-0.0206547,0.0275396,-0.0020285714285459997,-0.025851282050957998,0.0020112332112079997,0.003173382173448,-0.0022938034188510004,-0.000638125763139,0.009273618495496551,1.7204830000991933,0.1385730001857155,0.0621110002612113,0.0
pd,00:06:31.017,1118,-90.0,-89.998,40.0,-89.978,0.081,0.003,0.0,0.0,0.0,0.0,0.0,0.0,-90.0,-89.997,40.0,-89.987,0.079,0.003,-90.0,-89.9975,40.0,-89.98249999999999,0.08,0.003,0.0,0.12584925588154186,0.0,-1.1326433029285115,-0.2516985117618821,0.0,0.0,0.0005000000000023874,0.0,-0.004499999999993065,-0.0010000000000000009,0.0,0.034424500000000004,0.0206547,-0.0,0.5301373,-0.0206547,0.0275396,-0.0020285714285459997,-0.025851282050957998,0.0020112332112079997,0.003173382173448,-0.0022938034188510004,-0.000638125763139,0.009273618495496551,1.784575000328914,0.16114699974423274,0.07214700008262298,0.0
pd,00:06:31.019,1119,-90.0,-89.998,40.0,-89.978,0.081,0.003,0.0,0.0,0.0,0.0,0.0,0.0,-90.0,-89.997,40.0,-89.987,0.079,0.003,-90.0,-89.9975,40.0,-89.98249999999999,0.08,0.003,0.0,0.11963217341757065,0.0,-1.0766895607530356,-0.23926434683399908,0.0,0.0,0.0005000000000023874,0.0,-0.004499999999993065,-0.0010000000000000009,0.0,0.034424500000000004,0.0206547,-0.0,0.5301373,-0.0206547,0.0275396,-0.0020285714285459997,-0.025851282050957998,0.0020112332112079997,0.003173382173448,-0.0022938034188510004,-0.000638125763139,0.009273618495496551,1.7152800000985735,0.2737750000960659,0.17925800011653337,0.0
pd,00:06:31.021,1120,-90.0,-89.998,40.0,-89.978,0.081,0.003,0.0,0.0,0.0,0.0,0.0,0.0,-90.0,-89.997,40.0,-89.987,0.079,0.003,-90.0,-89.9975,40.0,-89.98249999999999,0.08,0.003,0.0,0.1076456215999391,0.0,-0.9688105943948627,-0.2152912431988504,0.0,0.0,0.0005000000000023874,0.0,-0.004499999999993065,-0.0010000000000000009,0.0,0.034424500000000004,0.0206547,-0.0,0.5301373,-0.0206547,0.0275396,-0.0020285714285459997,-0.025851282050957998,0.0020112332112079997,0.003173382173448,-0.0022938034188510004,-0.000638125763139,0.009273618495496551,1.8541670001468447,0.2300910000485601,0.11499899983391515,0.0
pd,00:06:31.025,1121,-90.0,-89.998,40.0,-89.978,0.081,0.003,0.0,0.0,0.0,0.0,0.0,0.0,-90.0,-89.997,40.0,-89.987,0.079,0.003,-90.0,-89.9975,40.0,-89.98249999999999,0.08,0.003,0.0,0.05852734985515778,0.0,-0.5267461486939249,-0.11705469970975675,0.0,0.0,0.0005000000000023874,0.0,-0.004499999999993065,-0.0010000000000000009,0.0,0.0137698,-0.0206547,-0.034424500000000004,0.1790074,-0.0,0.0413094,-0.002115262515236,-0.025764590964268,0.002132600732574,0.0034148351649060005,-0.0019488705739110002,-0.000741605616621,0.009273618495496551,3.222542000003159,0.2617939999254304,0.09640700000090874,0.0
pd,00:06:31.029,1122,-90.0,-89.998,40.0,-89.978,0.081,0.003,0.0,0.0,0.0,0.0,0.0,0.0,-90.0,-89.997,40.0,-89.987,0.079,0.003,-90.0,-89.9975,40.0,-89.98249999999999,0.08,0.003,0.0,0.06786460423305979,0.0,-0.6107814380946448,-0.13572920846547162,0.0,0.0,0.0005000000000023874,0.0,-0.004499999999993065,-0.0010000000000000009,0.0,0.0137698,-0.0206547,-0.034424500000000004,0.1790074,-0.0,0.0413094,-0.002115262515236,-0.025764590964268,0.002132600732574,0.0034148351649060005,-0.0019488705739110002,-0.000741605616621,0.009273618495496551,1.839797000229737,0.22986800013313768,0.107869000203209,0.0
pd,00:06:31.031,1123,-90.0,-89.998,40.0,-89.978,0.081,0.003,0.0,0.0,0.0,0.0,0.0,0.0,-90.0,-89.997,40.0,-89.987,0.079,0.003,-90.0,-89.9975,40.0,-89.98249999999999,0.08,0.003,0.0,0.1098560502886335,0.0,-0.9887044525930181,-0.21971210057621812,0.0,0.0,0.0005000000000023874,0.0,-0.004499999999993065,-0.0010000000000000009,0.0,0.0137698,-0.0206547,-0.034424500000000004,0.1790074,-0.0,0.0413094,-0.002115262515236,-0.025764590964268,0.002132600732574,0.0034148351649060005,-0.0019488705739110002,-0.000741605616621,0.009273618495496551,2.459679000367032,0.28314599967416143,0.11901699963345891,0.0
pd,00:06:31.034,1124,-90.0,-89.998,40.0,-89.966,0.081,0.003,0.0,0.0,0.0,4.048881666800893,0.0,0.0,-90.0,-89.997,40.0,-89.987,0.079,0.003,-90.0,-89.9975,40.0,-90.38138816668008,0.08,0.003,0.0,0.08435170139208485,0.0,-70.0773971948744,-0.16870340278336432,0.0,0.0,0.0005000000000023874,0.0,-0.4153881666800885,-0.0010000000000000009,0.0,0.0137698,-0.0206547,-0.034424500000000004,0.1790074,-0.0,0.0413094,-0.002115262515236,-0.025764590964268,0.002132600732574,0.0034148351649060005,-0.0019488705739110002,-0.000741605616621,0.021118712081943894,1.762296999913815,0.1792019997992611,0.07929599996714387,0.0
pd,00:06:31.036,1125,-90.0,-89.998,40.0,-89.966,0.081,0.003,0.0,0.0,0.0,0.0,0.0,0.0,-90.0,-89.997,40.0,-89.987,0.079,0.003,-90.0,-89.9975,40.0,-89.97649999999999,0.08,0.003,0.0,0.1190346236808953,0.0,-2.4997270972869603,-0.2380692473606541,0.0,0.0,0.0005000000000023874,0.0,-0.010499999999993292,-0.0010000000000000009,0.0,0.0137698,-0.0206547,-0.034424500000000004,0.1790074,-0.0,0.0413094,-0.002115262515236,-0.025764590964268,0.002132600732574,0.0034148351649060005,-0.0019488705739110002,-0.000741605616621,0.021118712081943894,1.9413329996496032,0.18890499995904975,0.08794399991529644,0.0
pd,00:06:31.039,1126,-90.0,-89.998,40.0,-89.966,0.081,0.003,0.0,0.0,0.0,0.0,0.0,0.0,-90.0,-89.997,40.0,-89.987,0.079,0.003,-90.0,-89.9975,40.0,-89.97649999999999,0.08,0.003,0.0,0.10850331125879623,0.0,-2.2785695364239276,-0.21700662251655647,0.0,0.0,0.0005000000000023874,0.0,-0.010499999999993292,-0.0010000000000000009,0.0,0.0137698,-0.0206547,-0.034424500000000004,0.1790074,-0.0,0.0413094,-0.002115262515236,-0.025764590964268,0.002132600732574,0.0034148351649060005,-0.0019488705739110002,-0.000741605616621,0.021118712081943894,1.8731480004134937,0.3344790002302034,0.12255399997229688,0.0
pd,00:06:31.041,1127,-90.0,-89.998,40.0,-89.966,0.081,0.003,0.0,0.0,0.0,0.0,0.0,0.0,-90.0,-89.997,40.0,-89.987,0.079,0.003,-90.0,-89.9975,40.0,-89.97649999999999,0.08,0.003,0.0,0.10240000000048895,0.0,-2.1504000000000816,-0.20480000000000018,0.0,0.0,0.0005000000000023874,0.0,-0.010499999999993292,-0.0010000000000000009,0.0,0.0137698,-0.0206547,-0.034424500000000004,0.1790074,-0.0,0.0413094,-0.002115262515236,-0.025764590964268,0.002132600732574,0.0034148351649060005,-0.0019488705739110002,-0.000741605616621,0.021118712081943894,1.7813899999055138,0.18931300019175978,0.07814700029484811,0.0
pd,00:06:31.043,1128,-90.0,-89.998,40.0,-89.966,0.081,0.003,0.0,0.0,0.0,0.0,0.0,0.0,-90.0,-89.997,40.0,-89.987,0.079,0.003,-90.0,-89.9975,40.0,-89.97649999999999,0.08,0.003,0.0,0.11771171980298684,0.0,-2.471946115851014,-0.2354234396048498,0.0,0.0,0.0005000000000023874,0.0,-0.010499999999993292,-0.0010000000000000009,0.0,-0.0206547,-0.034424500000000004,0.0137698,0.1239282,0.034424500000000004,0.0413094,-0.002635409035376,-0.025296459096142,0.002739438339404,0.002828449328508,-0.0029146825397430003,-0.000327686202693,0.021118712081943894,3.359115999955975,0.5089579999548732,0.18159100000048056,0.0
pd,00:06:31.048,1129,-90.0,-89.998,40.0,-89.966,0.081,0.003,0.0,0.0,0.0,0.0,0.0,0.0,-90.0,-89.997,40.0,-89.987,0.079,0.003,-90.0,-89.9975,40.0,-89.97649999999999,0.08,0.003,0.0,0.055433283992652085,0.0,-1.1640989638401795,-0.11086656798477489,0.0,0.0,0.0005000000000023874,0.0,-0.010499999999993292,-0.0010000000000000009,0.0,-0.0206547,-0.034424500000000004,0.0137698,0.1239282,0.034424500000000004,0.0413094,-0.002635409035376,-0.025296459096142,0.002739438339404,0.002828449328508,-0.0029146825397430003,-0.000327686202693,0.021118712081943894,1.8546490000517224,0.17962800029636128,0.07566600015707081,0.0
pd,00:06:31.050,1130,-90.0,-89.998,40.0,-89.966,0.081,0.003,0.0,0.0,0.0,0.0,0.0,0.0,-90.0,-89.997,40.0,-89.987,0.079,0.003,-90.0,-89.9975,40.0,-89.97649999999999,0.08,0.003,0.0,0.11439842897719908,0.0,-2.402367008509801,-0.2287968579533059,0.0,0.0,0.0005000000000023874,0.0,-0.010499999999993292,-0.0010000000000000009,0.0,-0.0206547,-0.034424500000000004,0.0137698,0.1239282,0.034424500000000004,0.0413094,-0.002635409035376,-0.025296459096142,0.002739438339404,0.002828449328508,-0.0029146825397430003,-0.000327686202693,0.021118712081943894,1.7034269999385288,0.1337759999842092,0.05801800034532789,0.0
pd,00:06:31.053,1131,-90.0,-89.998,40.0,-89.966,0.081,0.003,0.0,0.0,0.0,0.0,0.0,0.0,-90.0,-89.997,40.0,-89.987,0.079,0.003,-90.0,-89.9975,40.0,-89.97649999999999,0.08,0.003,0.0,0.0735326788222305,0.0,-1.5441862552595256,-0.1470653576437589,0.0,0.0,0.0005000000000023874,0.0,-0.010499999999993292,-0.0010000000000000009,0.0,-0.0206547,-0.034424500000000004,0.0137698,0.1239282,0.034424500000000004,0.0413094,-0.002635409035376,-0.025296459096142,0.002739438339404,0.002828449328508,-0.0029146825397430003,-0.000327686202693,0.021118712081943894,1.9248329999754787,0.24896100012483657,0.11125800028821686,0.0
pd,00:06:31.056,1132,-90.0,-89.998,40.0,-89.96,0.081,0.003,0.0,0.0,0.0,2.5075552012755034,0.0,0.0,-90.0,-89.997,40.0,-89.987,0.079,0.003,-90.0,-89.9975,40.0,-90.22425552012754,0.08,0.003,0.0,0.10448146672030757,0.0,-55.21960866346488,-0.20896293343961755,0.0,0.0,0.0005000000000023874,0.0,-0.2642555201275485,-0.0010000000000000009,0.0,-0.0206547,-0.034424500000000004,0.0137698,0.1239282,0.034424500000000004,0.0413094,-0.002635409035376,-0.025296459096142,0.002739438339404,0.002828449328508,-0.0029146825397430003,-0.000327686202693,0.027092434368289328,1.8485569999029394,0.1927940002133255,0.08522100006302935,0.0
pd,00:06:31.058,1133,-90.0,-89.998,40.0,-89.96,0.081,0.003,0.0,0.0,0.0,0.0,0.0,0.0,-90.0,-89.997,40.0,-89.987,0.079,0.003,-90.0,-89.9975,40.0,-89.9735,0.08,0.003,0.0,0.11327384681916461,0.0,-3.058393864102957,-0.2265476936372477,0.0,0.0,0.0005000000000023874,0.0,-0.013500000000007617,-0.0010000000000000009,0.0,-0.0206547,-0.034424500000000004,0.0137698,0.1239282,0.034424500000000004,0.0413094,-0.002635409035376,-0.025296459096142,0.002739438339404,0.002828449328508,-0.0029146825397430003,-0.000327686202693,0.027092434368289328,2.0560719999593857,0.2457380001033016,0.14023899984749733,0.0
pd,00:06:31.060,1134,-90.0,-89.998,40.0,-89.96,0.081,0.003,0.0,0.0,0.0,0.0,0.0,0.0,-90.0,-89.997,40.0,-89.987,0.079,0.003,-90.0,-89.9975,40.0,-89.9735,0.08,0.003,0.0,0.09762368494600193,0.0,-2.6358394935295664,-0.19524736989107178,0.0,0.0,0.0005000000000023874,0.0,-0.013500000000007617,-0.0010000000000000009,0.0,-0.0206547,-0.034424500000000004,0.0137698,0.1239282,0.034424500000000004,0.0413094,-0.002635409035376,-0.025296459096142,0.002739438339404,0.002828449328508,-0.0029146825397430003,-0.000327686202693,0.027092434368289328,2.2122010000202863,0.2340159999221214,0.11612899970714352,0.0
pd,00:06:31.063,1135,-90.0,-89.998,40.0,-89.96,0.081,0.003,0.0,0.0,0.0,0.0,0.0,0.0,-90.0,-89.997,40.0,-89.987,0.079,0.003,-90.0,-89.9975,40.0,-89.9735,0.08,0.003,0.0,0.09395000448033392,0.0,-2.536650120957,-0.1879000089597708,0.0,0.0,0.0005000000000023874,0.0,-0.013500000000007617,-0.0010000000000000009,0.0,0.0068849,0.0068849,0.0206547,0.0275396,0.0413094,0.0068849,-0.0026007326007,-0.024984371184058,0.0033462759462339997,0.002155830280875,-0.0027422161172730003,0.00044841269842200006,0.027092434368289328,3.2468389999849023,0.6539010000778944,0.2455720000398287,0.0
pd,00:06:31.067,1136,-90.0,-89.998,40.0,-89.96,0.081,0.003,0.0,0.0,0.0,0.0,0.0,0.0,-90.0,-89.997,40.0,-89.987,0.079,0.003,-90.0,-89.9975,40.0,-89.9735,0.08,0.003,0.0,0.05612460525638317,0.0,-1.5153643419151674,-0.11224921051223047,0.0,0.0,0.0005000000000023874,0.0,-0.013500000000007617,-0.0010000000000000009,0.0,0.0068849,0.0068849,0.0206547,0.0275396,0.0413094,0.0068849,-0.0026007326007,-0.024984371184058,0.0033462759462339997,0.002155830280875,-0.0027422161172730003,0.00044841269842200006,0.027092434368289328,1.869519000138098,0.1787390001481981,0.07227700007206295,0.0
pd,00:06:31.070,1137,-90.0,-89.998,40.0,-89.96,0.081,0.003,0.0,0.0,0.0,0.0,0.0,0.0,-90.0,-89.997,40.0,-89.987,0.079,0.003,-90.0,-89.9975,40.0,-89.9735,0.08,0.003,0.0,0.11375309177750127,0.0,-3.0713334779779857,-0.22750618355391644,0.0,0.0,0.0005000000000023874,0.0,-0.013500000000007617,-0.0010000000000000009,0.0,0.0068849,0.0068849,0.0206547,0.0275396,0.0413094,0.0068849,-0.0026007326007,-0.024984371184058,0.0033462759462339997,0.002155830280875,-0.0027422161172730003,0.00044841269842200006,0.027092434368289328,1.7003909997583833,0.1341460001640371,0.0575369999751274,0.0
pd,00:06:31.072,1138,-90.0,-89.998,40.0,-89.96,0.081,0.003,0.0,0.0,0.0,0.0,0.0,0.0,-90.0,-89.997,40.0,-89.987,0.079,0.003,-90.0,-89.9975,40.0,-89.9735,0.08,0.003,0.0,0.1278283554803129,0.0,-3.4513655979520994,-0.25565671095940534,0.0,0.0,0.0005000000000023874,0.0,-0.013500000000007617,-0.0010000000000000009,0.0,0.0068849,0.0068849,0.0206547,0.0275396,0.0413094,0.0068849,-0.0026007326007,-0.024984371184058,0.0033462759462339997,0.002155830280875,-0.0027422161172730003,0.00044841269842200006,0.027092434368289328,1.7418530001123145,0.16473899995617103,0.07401799985018442,0.0
pd,00:06:31.074,1139,-90.0,-89.998,40.0,-89.96,0.081,0.003,0.0,0.0,0.0,0.0,0.0,0.0,-90.0,-89.997,40.0,-89.987,0.079,0.003,-90.0,-89.9975,40.0,-89.9735,0.08,0.003,0.0,0.12163043730483782,0.0,-3.2840218072150646,-0.2432608746085143,0.0,0.0,0.0005000000000023874,0.0,-0.013500000000007617,-0.0010000000000000009,0.0,0.0068849,0.0068849,0.0206547,0.0275396,0.0413094,0.0068849,-0.0026007326007,-0.024984371184058,0.0033462759462339997,0.002155830280875,-0.0027422161172730003,0.00044841269842200006,0.027092434368289328,1.7178900002363662,0.1492020001023775,0.06318499981716741,0.0
pd,00:06:31.076,1140,-90.0,-89.998,40.0,-89.956,0.081,0.003,0.0,0.0,0.0,2.0025323466174383,0.0,0.0,-90.0,-89.997,40.0,-89.987,0.079,0.003,-90.0,-89.9975,40.0,-90.17175323466174,0.08,0.003,0.0,0.1251582716644792,0.0,-54.00660391231042,-0.25031654332776343,0.0,0.0,0.0005000000000023874,0.0,-0.21575323466173302,-0.0010000000000000009,0.0,0.0068849,0.0068849,0.0206547,0.0275396,0.0413094,0.0068849,-0.0026007326007,-0.024984371184058,0.0033462759462339997,0.002155830280875,-0.0027422161172730003,0.00044841269842200006,0.031080540535831983,1.7522610000924033,0.30977400001575006,0.22786899990023812,0.0
pd,00:06:31.079,1141,-90.0,-89.998,40.0,-89.956,0.081,0.003,0.0,0.0,0.0,0.0,0.0,0.0,-90.0,-89.997,40.0,-89.987,0.079,0.003,-90.0,-89.9975,40.0,-89.97149999999999,0.08,0.003,0.0,0.06991905047709587,0.0,-2.167490564779042,-0.13983810095352417,0.0,0.0,0.0005000000000023874,0.0,-0.015499999999988745,-0.0010000000000000009,0.0,0.0068849,0.0068849,0.0206547,0.0275396,0.0413094,0.0068849,-0.0026007326007,-0.024984371184058,0.0033462759462339997,0.002155830280875,-0.0027422161172730003,0.00044841269842200006,0.031080540535831983,2.0229239999025594,0.22940500002732733,0.08787000024312874,0.0
pd,00:06:31.082,1142,-90.0,-89.998,40.0,-89.956,0.081,0.003,0.0,0.0,0.0,0.0,0.0,0.0,-90.0,-89.997,40.0,-89.987,0.079,0.003,-90.0,-89.9975,40.0,-89.97149999999999,0.08,0.003,0.0,0.10239000097695604,0.0,-3.1740900302696318,-0.20478000195293447,0.0,0.0,0.0005000000000023874,0.0,-0.015499999999988745,-0.0010000000000000009,0.0,0.0068849,0.0068849,0.0206547,0.0275396,0.0413094,0.0068849,-0.0026007326007,-0.024984371184058,0.0033462759462339997,0.002155830280875,-0.0027422161172730003,0.00044841269842200006,0.031080540535831983,1.7459459995734505,0.5637899998873763,0.12262799964446458,0.0
pd,00:06:31.084,1143,-90.0,-89.998,40.0,-89.956,0.081,0.003,0.0,0.0,0.0,0.0,0.0,0.0,-90.0,-89.997,40.0,-89.987,0.079,0.003,-90.0,-89.9975,40.0,-89.97149999999999,0.08,0.003,0.0,0.09826408021788087,0.0,-3.0461864867389465,-0.19652816043482352,0.0,0.0,0.0005000000000023874,0.0,-0.015499999999988745,-0.0010000000000000009,0.0,-0.0206547,-0.0275396,-0.0413094,0.034424500000000004,-0.0,-0.0137698,-0.002201953601926,-0.02522710622679,0.002566056166024,0.00327686202693,-0.0019488705739110002,6.8986568988e-05,0.031080540535831983,4.294846999982838,0.27866400023413007,0.12410999988787808,0.0
pd,00:06:31.089,1144,-90.0,-89.998,40.0,-89.956,0.081,0.003,0.0,0.0,0.0,0.0,0.0,0.0,-90.0,-89.997,40.0,-89.987,0.079,0.003,-90.0,-89.9975,40.0,-89.97149999999999,0.08,0.003,0.0,0.05192512627537916,0.0,-1.6096789145286372,-0.10385025255026255,0.0,0.0,0.0005000000000023874,0.0,-0.015499999999988745,-0.0010000000000000009,0.0,-0.0206547,-0.0275396,-0.0413094,0.034424500000000004,-0.0,-0.0137698,-0.002201953601926,-0.02522710622679,0.002566056166024,0.00327686202693,-0.0019488705739110002,6.8986568988e-05,0.031080540535831983,1.7631499999879452,0.1488689999860071,0.06253700030356413,0.0
pd,00:06:31.091,1145,-90.0,-89.998,40.0,-89.956,0.081,0.003,0.0,0.0,0.0,0.0,0.0,0.0,-90.0,-89.997,40.0,-89.987,0.079,0.003,-90.0,-89.9975,40.0,-89.97149999999999,0.08,0.003,0.0,0.12249719626226716,0.0,-3.797413084111133,-0.2449943925233647,0.0,0.0,0.0005000000000023874,0.0,-0.015499999999988745,-0.0010000000000000009,0.0,-0.0206547,-0.0275396,-0.0413094,0.034424500000000004,-0.0,-0.0137698,-0.002201953601926,-0.02522710622679,0.002566056166024,0.00327686202693,-0.0019488705739110002,6.8986568988e-05,0.031080540535831983,1.7895940000016708,0.18147899982068338,0.08705499976713327,0.0
pd,00:06:31.093,1146,-90.0,-89.998,40.0,-89.956,0.081,0.003,0.0,0.0,0.0,0.0,0.0,0.0,-90.0,-89.997,40.0,-89.987,0.079,0.003,-90.0,-89.9975,40.0,-89.97149999999999,0.08,0.003,0.0,0.11674192830160396,0.0,-3.618999777331474,-0.23348385660209328,0.0,0.0,0.0005000000000023874,0.0,-0.015499999999988745,-0.0010000000000000009,0.0,-0.0206547,-0.0275396,-0.0413094,0.034424500000000004,-0.0,-0.0137698,-0.002201953601926,-0.02522710622679,0.002566056166024,0.00327686202693,-0.0019488705739110002,6.8986568988e-05,0.031080540535831983,1.726334999602841,0.1570910003465542,0.0714249999873573,0.0
pd,00:06:31.095,1147,-90.0,-89.998,40.0,-89.956,0.081,0.003,0.0,0.0,0.0,0.0,0.0,0.0,-90.0,-89.997,40.0,-89.987,0.079,0.003,-90.0,-89.9975,40.0,-89.97149999999999,0.08,0.003,0.0,0.12346355822500964,0.0,-3.827370304955999,-0.24692711644884044,0.0,0.0,0.0005000000000023874,0.0,-0.015499999999988745,-0.0010000000000000009,0.0,-0.0206547,-0.0275396,-0.0413094,0.034424500000000004,-0.0,-0.0137698,-0.002201953601926,-0.02522710622679,0.002566056166024,0.00327686202693,-0.0019488705739110002,6.8986568988e-05,0.031080540535831983,1.9030739999834623,0.2603860002636793,0.12307299994063214,0.0
pd,00:06:31.098,1148,-90.0,-89.998,40.0,-89.956,0.081,0.003,0.0,0.0,0.0,0.0,0.0,0.0,-90.0,-89.997,40.0,-89.987,0.079,0.003,-90.0,-89.9975,40.0,-89.97149999999999,0.08,0.003,0.0,0.10232006245169856,0.0,-3.1719219359866604,-0.20464012490242017,0.0,0.0,0.0005000000000023874,0.0,-0.015499999999988745,-0.0010000000000000009,0.0,-0.0206547,-0.0275396,-0.0413094,0.034424500000000004,-0.0,-0.0137698,-0.002201953601926,-0.02522710622679,0.002566056166024,0.00327686202693,-0.0019488705739110002,6.8986568988e-05,0.031080540535831983,1.7988350000450737,0.1836279998315149,0.0783140003477456,0.0
pd,00:06:31.100,1149,-90.0,-89.998,40.0,-89.956,0.081,0.003,0.0,0.0,0.0,0.0,0.0,0.0,-90.0,-89.997,40.0,-89.987,0.079,0.003,-90.0,-89.9975,40.0,-89.97149999999999,0.08,0.003,0.0,0.11695025652520709,0.0,-3.625457952263138,-0.23390051304929754,0.0,0.0,0.0005000000000023874,0.0,-0.015499999999988745,-0.0010000000000000009,0.0,-0.0206547,-0.0275396,-0.0413094,0.034424500000000004,-0.0,-0.0137698,-0.002201953601926,-0.02522710622679,0.002566056166024,0.00327686202693,-0.0019488705739110002,6.8986568988e-05,0.031080540535831983,1.7585939999662514,0.13883200017517083,0.05973999986963463,0.0
pd,00:06:31.102,1150,-90.0,-89.998,40.0,-89.956,0.081,0.003,0.0,0.0,0.0,0.0,0.0,0.0,-90.0,-89.997,40.0,-89.987,0.079,0.003,-90.0,-89.9975,40.0,-89.97149999999999,0.08,0.003,0.0,0.12355084246553633,0.0,-3.8300761164123127,-0.24710168492989298,0.0,0.0,0.0005000000000023874,0.0,-0.015499999999988745,-0.0010000000000000009,0.0,-0.0206547,-0.0275396,-0.0413094,0.034424500000000004,0.0481943,-0.0275396,-0.002201953601926,-0.02522710622679,0.002566056166024,0.00327686202693,-0.002276556776604,-0.000396672771681,0.031080540535831983,2.7897320001102344,0.46169899997039465,0.22297999976217397,0.0
pd,00:06:31.107,1151,-90.0,-89.998,40.0,-89.956,0.081,0.003,0.0,0.0,0.0,0.0,0.0,0.0,-90.0,-89.997,40.0,-89.987,0.079,0.003,-90.0,-89.9975,40.0,-89.97149999999999,0.08,0.003,0.0,0.04745546705308684,0.0,-1.4711194786382737,-0.09491093410572057,0.0,0.0,0.0005000000000023874,0.0,-0.015499999999988745,-0.0010000000000000009,0.0,-0.0413094,0.0206547,-0.0206547,-0.06884900000000001,0.0481943,-0.0275396,-0.001976556776532,-0.025279120878804,0.003571672771628,0.002862942613002,-0.002276556776604,-0.000396672771681,0.031080540535831983,2.2949590002099285,0.23616399994352832,0.08844400008456432,0.0
pd,00:06:31.110,1152,-90.0,-89.998,40.0,-89.956,0.081,0.003,0.0,0.0,0.0,0.0,0.0,0.0,-90.0,-89.997,40.0,-89.987,0.079,0.003,-90.0,-89.9975,40.0,-89.97149999999999,0.08,0.003,0.0,0.09184339143426529,0.0,-2.847145134447867,-0.18368678286765366,0.0,0.0,0.0005000000000023874,0.0,-0.015499999999988745,-0.0010000000000000009,0.0,-0.0413094,0.0206547,-0.0206547,-0.06884900000000001,0.0481943,-0.0275396,-0.001976556776532,-0.025279120878804,0.003571672771628,0.002862942613002,-0.002276556776604,-0.000396672771681,0.031080540535831983,1.7401869999957853,0.19686799987539416,0.11083300023528864,0.0
pd,00:06:31.112,1153,-90.0,-89.998,40.0,-89.956,0.081,0.003,0.0,0.0,0.0,0.0,0.0,0.0,-90.0,-89.997,40.0,-89.987,0.079,0.003,-90.0,-89.9975,40.0,-89.97149999999999,0.08,0.003,0.0,0.11641789719162948,0.0,-3.608954812922316,-0.23283579438214744,0.0,0.0,0.0005000000000023874,0.0,-0.015499999999988745,-0.0010000000000000009,0.0,-0.0413094,0.0206547,-0.0206547,-0.06884900000000001,0.0481943,-0.0275396,-0.001976556776532,-0.025279120878804,0.003571672771628,0.002862942613002,-0.002276556776604,-0.000396672771681,0.031080540535831983,2.2114040002634283,0.25568299997758004,0.12262800009921193,0.0
pd,00:06:31.115,1154,-90.0,-89.998,40.0,-89.956,0.081,0.003,0.0,0.0,0.0,0.0,0.0,0.0,-90.0,-89.997,40.0,-89.987,0.079,0.003,-90.0,-89.9975,40.0,-89.97149999999999,0.08,0.003,0.0,0.09232860790745856,0.0,-2.8621868451167822,-0.18465721581403555,0.0,0.0,0.0005000000000023874,0.0,-0.015499999999988745,-0.0010000000000000009,0.0,-0.0413094,0.0206547,-0.0206547,-0.06884900000000001,0.0481943,-0.0275396,-0.001976556776532,-0.025279120878804,0.003571672771628,0.002862942613002,-0.002276556776604,-0.000396672771681,0.031080540535831983,1.9069999998464482,0.2527749998080253,0.16438700004073326,0.0
pd,00:06:31.117,1155,-90.0,-89.998,40.0,-89.956,0.081,0.003,0.0,0.0,0.0,0.0,0.0,0.0,-90.0,-89.997,40.0,-89.987,0.079,0.003,-90.0,-89.9975,40.0,-89.97149999999999,0.08,0.003,0.0,0.10277134176271752,0.0,-3.1859115946281777,-0.20554268352445376,0.0,0.0,0.0005000000000023874,0.0,-0.015499999999988745,-0.0010000000000000009,0.0,-0.0413094,0.0206547,-0.0206547,-0.06884900000000001,0.0481943,-0.0275396,-0.001976556776532,-0.025279120878804,0.003571672771628,0.002862942613002,-0.002276556776604,-0.000396672771681,0.031080540535831983,1.7973529998016602,0.20203500025672838,0.08801799958746415,0.0
pd,00:06:31.119,1156,-90.0,-89.998,40.0,-89.956,0.081,0.003,0.0,0.0,0.0,0.0,0.0,0.0,-90.0,-89.997,40.0,-89.987,0.079,0.003,-90.0,-89.9975,40.0,-89.97149999999999,0.08,0.003,0.0,0.1151142825782201,0.0,-3.568542759906828,-0.23022856515534107,0.0,0.0,0.0005000000000023874,0.0,-0.015499999999988745,-0.0010000000000000009,0.0,-0.0413094,0.0206547,-0.0206547,-0.06884900000000001,0.0481943,-0.0275396,-0.001976556776532,-0.025279120878804,0.003571672771628,0.002862942613002,-0.002276556776604,-0.000396672771681,0.031080540535831983,1.7578350002622756,0.14333199987959233,0.06279600029301946,0.0
pd,00:06:31.121,1157,-90.0,-89.998,40.0,-89.956,0.081,0.003,0.0,0.0,0.0,0.0,0.0,0.0,-90.0,-89.997,40.0,-89.987,0.079,0.003,-90.0,-89.9975,40.0,-89.97149999999999,0.08,0.003,0.0,0.12302898040654779,0.0,-3.8138983925837495,-0.2460579608119209,0.0,0.0,0.0005000000000023874,0.0,-0.015499999999988745,-0.0010000000000000009,0.0,-0.0413094,0.0206547,-0.0206547,-0.06884900000000001,0.0481943,-0.0275396,-0.001976556776532,-0.025279120878804,0.003571672771628,0.002862942613002,-0.002276556776604,-0.000396672771681,0.031080540535831983,1.7029830000865331,0.14896199991198955,0.06533300029332167,0.0
pd,00:06:31.123,1158,-90.0,-89.998,40.0,-89.956,0.081,0.003,0.0,0.0,0.0,0.0,0.0,0.0,-90.0,-89.997,40.0,-89.987,0.079,0.003,-90.0,-89.9975,40.0,-89.97149999999999,0.08,0.003,0.0,0.12584925588154186,0.0,-3.901326932308125,-0.2516985117618821,0.0,0.0,0.0005000000000023874,0.0,-0.015499999999988745,-0.0010000000000000009,0.0,0.0275396,0.0275396,-0.0137698,-0.0275396,-0.0068849,-0.0137698,-0.002635409035376,-0.025539194138874,0.003051526251488,0.003069902319966,-0.0026732295482850004,-3.4493284494e-05,0.031080540535831983,3.36498600017876,0.5916240002079576,0.3936439998142305,0.0
pd,00:06:31.128,1159,-90.0,-89.998,40.0,-89.956,0.081,0.003,0.0,0.0,0.0,0.0,0.0,0.0,-90.0,-89.997,40.0,-89.987,0.079,0.003,-90.0,-89.9975,40.0,-89.97149999999999,0.08,0.003,0.0,0.05536304118294651,0.0,-1.7162542766626874,-0.11072608236536441,0.0,0.0,0.0005000000000023874,0.0,-0.015499999999988745,-0.0010000000000000009,0.0,0.0275396,0.0275396,-0.0137698,-0.0275396,-0.0068849,-0.0137698,-0.002635409035376,-0.025539194138874,0.003051526251488,0.003069902319966,-0.0026732295482850004,-3.4493284494e-05,0.031080540535831983,2.0462210000005143,0.20218300005581114,0.09457300029680482,0.0
pd,00:06:31.130,1160,-90.0,-89.998,40.0,-89.956,0.081,0.003,0.0,0.0,0.0,0.0,0.0,0.0,-90.0,-89.997,40.0,-89.987,0.079,0.003,-90.0,-89.9975,40.0,-89.97149999999999,0.08,0.003,0.0,0.10304402515772472,0.0,-3.1943647798733585,-0.2060880503144656,0.0,0.0,0.0005000000000023874,0.0,-0.015499999999988745,-0.0010000000000000009,0.0,0.0275396,0.0275396,-0.0137698,-0.0275396,-0.0068849,-0.0137698,-0.002635409035376,-0.025539194138874,0.003051526251488,0.003069902319966,-0.0026732295482850004,-3.4493284494e-05,0.031080540535831983,1.7182240003421612,0.13562799995270325,0.05805499995403807,0.0
pd,00:06:31.133,1161,-90.0,-89.998,40.0,-89.956,0.081,0.003,0.0,0.0,0.0,0.0,0.0,0.0,-90.0,-89.997,40.0,-89.987,0.079,0.003,-90.0,-89.9975,40.0,-89.97149999999999,0.08,0.003,0.0,0.08559804081673525,0.0,-2.653539265305412,-0.1711960816326532,0.0,0.0,0.0005000000000023874,0.0,-0.015499999999988745,-0.0010000000000000009,0.0,0.0275396,0.0275396,-0.0137698,-0.0275396,-0.0068849,-0.0137698,-0.002635409035376,-0.025539194138874,0.003051526251488,0.003069902319966,-0.0026732295482850004,-3.4493284494e-05,0.031080540535831983,2.142053000170563,0.2587009998933354,0.12475799985622871,0.0
pd,00:06:31.136,1162,-90.0,-89.998,40.0,-89.956,0.081,0.003,0.0,0.0,0.0,0.0,0.0,0.0,-90.0,-89.997,40.0,-89.987,0.079,0.003,-90.0,-89.9975,40.0,-89.97149999999999,0.08,0.003,0.0,0.09447481755158184,0.0,-2.9287193440842687,-0.18894963510226162,0.0,0.0,0.0005000000000023874,0.0,-0.015499999999988745,-0.0010000000000000009,0.0,0.0275396,0.0275396,-0.0137698,-0.0275396,-0.0068849,-0.0137698,-0.002635409035376,-0.025539194138874,0.003051526251488,0.003069902319966,-0.0026732295482850004,-3.4493284494e-05,0.031080540535831983,1.8764819997159066,0.1899799999591778,0.0824250000732718,0.0
pd,00:06:31.138,1163,-90.0,-89.998,40.0,-89.956,0.081,0.003,0.0,0.0,0.0,0.0,0.0,0.0,-90.0,-89.997,40.0,-89.987,0.079,0.003,-90.0,-89.9975,40.0,-89.97149999999999,0.08,0.003,0.0,0.11212318220754991,0.0,-3.4758186484165203,-0.2242463644140293,0.0,0.0,0.0005000000000023874,0.0,-0.015499999999988745,-0.0010000000000000009,0.0,0.0275396,0.0275396,-0.0137698,-0.0275396,-0.0068849,-0.0137698,-0.002635409035376,-0.025539194138874,0.003051526251488,0.003069902319966,-0.0026732295482850004,-3.4493284494e-05,0.031080540535831983,1.7994079998970847,0.22984999986874755,0.10931399992841762,0.0
pd,00:06:31.140,1164,-90.0,-89.998,40.0,-89.956,0.081,0.003,0.0,0.0,0.0,0.0,0.0,0.0,-90.0,-89.997,40.0,-89.987,0.079,0.003,-90.0,-89.9975,40.0,-89.97149999999999,0.08,0.003,0.0,0.11174083546515418,0.0,-3.463965899402312,-0.22348167092924145,0.0,0.0,0.0005000000000023874,0.0,-0.015499999999988745,-0.0010000000000000009,0.0,0.0275396,0.0275396,-0.0137698,-0.0275396,-0.0068849,-0.0137698,-0.002635409035376,-0.025539194138874,0.003051526251488,0.003069902319966,-0.0026732295482850004,-3.4493284494e-05,0.031080540535831983,2.0947570001226268,0.2312569999958214,0.11199900018254993,0.0
pd,00:06:31.143,1165,-90.0,-89.998,40.0,-89.956,0.081,0.003,0.0,0.0,0.0,0.0,0.0,0.0,-90.0,-89.997,40.0,-89.987,0.079,0.003,-90.0,-89.9975,40.0,-89.97149999999999,0.08,0.003,0.0,0.09853185491496023,0.0,-3.0544875023483646,-0.1970637098289797,0.0,0.0,0.0005000000000023874,0.0,-0.015499999999988745,-0.0010000000000000009,0.0,0.0413094,0.0206547,-0.0,0.034424500000000004,0.034424500000000004,-0.0137698,-0.002739438339404,-0.02488034188003,0.002132600732574,0.0033630952381650003,-0.0025007631258150004,0.00068986568988,0.031080540535831983,3.2991160001074604,0.2168309997614415,0.10768400034066872,0.0
pd,00:06:31.147,1166,-90.0,-89.998,40.0,-89.956,0.081,0.003,0.0,0.0,0.0,0.0,0.0,0.0,-90.0,-89.997,40.0,-89.987,0.079,0.003,-90.0,-89.9975,40.0,-89.97149999999999,0.08,0.003,0.0,0.061851943609096134,0.0,-1.9174102518723115,-0.12370388721760171,0.0,0.0,0.0005000000000023874,0.0,-0.015499999999988745,-0.0010000000000000009,0.0,0.0413094,0.0206547,-0.0,0.034424500000000004,0.034424500000000004,-0.0137698,-0.002739438339404,-0.02488034188003,0.002132600732574,0.0033630952381650003,-0.0025007631258150004,0.00068986568988,0.031080540535831983,2.3702550001871714,0.18109100028596004,0.0809619996289257,0.0
pd,00:06:31.150,1167,-90.0,-89.998,40.0,-89.956,0.081,0.003,0.0,0.0,0.0,0.0,0.0,0.0,-90.0,-89.997,40.0,-89.987,0.079,0.003,-90.0,-89.9975,40.0,-89.97149999999999,0.08,0.003,0.0,0.09217440225079174,0.0,-2.8574064697601353,-0.1843488045007034,0.0,0.0,0.0005000000000023874,0.0,-0.015499999999988745,-0.0010000000000000009,0.0,0.0413094,0.0206547,-0.0,0.034424500000000004,0.034424500000000004,-0.0137698,-0.002739438339404,-0.02488034188003,0.002132600732574,0.0033630952381650003,-0.0025007631258150004,0.00068986568988,0.031080540535831983,1.715057000183151,0.13551699976233067,0.05705500007024966,0.0
pd,00:06:31.152,1168,-90.0,-89.998,40.0,-89.956,0.081,0.003,0.0,0.0,0.0,0.0,0.0,0.0,-90.0,-89.997,40.0,-89.987,0.079,0.003,-90.0,-89.9975,40.0,-89.97149999999999,0.08,0.003,0.0,0.125547892720906,0.0,-3.89198467432846,-0.25109578544061323,0.0,0.0,0.0005000000000023874,0.0,-0.015499999999988745,-0.0010000000000000009,0.0,0.0413094,0.0206547,-0.0,0.034424500000000004,0.034424500000000004,-0.0137698,-0.002739438339404,-0.02488034188003,0.002132600732574,0.0033630952381650003,-0.0025007631258150004,0.00068986568988,0.031080540535831983,1.760427000135678,0.27890399996977067,0.18560899980002432,0.0
pd,00:06:31.154,1169,-90.0,-89.998,40.0,-89.956,0.081,0.003,0.0,0.0,0.0,0.0,0.0,0.0,-90.0,-89.997,40.0,-89.987,0.079,0.003,-90.0,-89.9975,40.0,-89.97149999999999,0.08,0.003,0.0,0.10479472316660071,0.0,-3.248636418148241,-0.20958944633220086,0.0,0.0,0.0005000000000023874,0.0,-0.015499999999988745,-0.0010000000000000009,0.0,0.0413094,0.0206547,-0.0,0.034424500000000004,0.034424500000000004,-0.0137698,-0.002739438339404,-0.02488034188003,0.002132600732574,0.0033630952381650003,-0.0025007631258150004,0.00068986568988,0.031080540535831983,2.1704230002796976,0.2805340000122669,0.18422099992676522,0.0
pd,00:06:31.157,1170,-90.0,-89.998,40.0,-89.956,0.081,0.003,0.0,0.0,0.0,0.0,0.0,0.0,-90.0,-89.997,40.0,-89.987,0.079,0.003,-90.0,-89.9975,40.0,-89.97149999999999,0.08,0.003,0.0,0.09122018268856083,0.0,-2.8278256633311263,-0.18244036537625072,0.0,0.0,0.0005000000000023874,0.0,-0.015499999999988745,-0.0010000000000000009,0.0,0.0413094,0.0206547,-0.0,0.034424500000000004,0.034424500000000004,-0.0137698,-0.002739438339404,-0.02488034188003,0.002132600732574,0.0033630952381650003,-0.0025007631258150004,0.00068986568988,0.031080540535831983,1.7641119998188515,0.17009099974529818,0.06822200020906166,0.0
pd,00:06:31.160,1171,-90.0,-89.998,40.0,-89.956,0.081,0.003,0.0,0.0,0.0,0.0,0.0,0.0,-90.0,-89.997,40.0,-89.987,0.079,0.003,-90.0,-89.9975,40.0,-89.97149999999999,0.08,0.003,0.0,0.08507716024381394,0.0,-2.6373919675449327,-0.17015432048681556,0.0,0.0,0.0005000000000023874,0.0,-0.015499999999988745,-0.0010000000000000009,0.0,0.0413094,0.0206547,-0.0,0.034424500000000004,0.034424500000000004,-0.0137698,-0.002739438339404,-0.02488034188003,0.002132600732574,0.0033630952381650003,-0.0025007631258150004,0.00068986568988,0.031080540535831983,2.0307210002101783,0.2276639997944585,0.08753700012675836,0.0
pd,00:06:31.162,1172,-90.0,-89.998,40.0,-89.956,0.081,0.003,0.0,0.0,0.0,0.0,0.0,0.0,-90.0,-89.997,40.0,-89.987,0.079,0.003,-90.0,-89.9975,40.0,-89.97149999999999,0.08,0.003,0.0,0.10222031585153117,0.0,-3.1688297913814876,-0.20444063170208635,0.0,0.0,0.0005000000000023874,0.0,-0.015499999999988745,-0.0010000000000000009,0.0,0.0413094,0.0206547,-0.0,-0.034424500000000004,-0.0481943,-0.034424500000000004,-0.002739438339404,-0.02488034188003,0.00225396825394,0.0038632478633280004,-0.002276556776604,0.000310439560446,0.031080540535831983,2.8583240000443766,0.6597899996449996,0.23605299975315575,0.0
pd,00:06:31.166,1173,-90.0,-89.998,40.0,-89.956,0.081,0.003,0.0,0.0,0.0,0.0,0.0,0.0,-90.0,-89.997,40.0,-89.987,0.079,0.003,-90.0,-89.9975,40.0,-89.97149999999999,0.08,0.003,0.0,0.06281907500629084,0.0,-1.9473913251851964,-0.1256381500119819,0.0,0.0,0.0005000000000023874,0.0,-0.015499999999988745,-0.0010000000000000009,0.0,0.034424500000000004,0.034424500000000004,-0.0,-0.034424500000000004,-0.0481943,-0.034424500000000004,-0.00268742368739,-0.025539194138874,0.00225396825394,0.0038632478633280004,-0.002276556776604,0.000310439560446,0.031080540535831983,3.064600000016071,0.23825700009183493,0.11825799992948305,0.0
pd,00:06:31.170,1174,-90.0,-89.998,40.0,-89.956,0.081,0.003,0.0,0.0,0.0,0.0,0.0,0.0,-90.0,-89.997,40.0,-89.987,0.079,0.003,-90.0,-89.9975,40.0,-89.97149999999999,0.08,0.003,0.0,0.07101286739841574,0.0,-2.2013988893397873,-0.14202573479615346,0.0,0.0,0.0005000000000023874,0.0,-0.015499999999988745,-0.0010000000000000009,0.0,0.034424500000000004,0.034424500000000004,-0.0,-0.034424500000000004,-0.0481943,-0.034424500000000004,-0.00268742368739,-0.025539194138874,0.00225396825394,0.0038632478633280004,-0.002276556776604,0.000310439560446,0.031080540535831983,1.7907609999383567,0.1442949996999232,0.05905499983782647,0.0
pd,00:06:31.172,1175,-90.0,-89.998,40.0,-89.956,0.081,0.003,0.0,0.0,0.0,0.0,0.0,0.0,-90.0,-89.997,40.0,-89.987,0.079,0.003,-90.0,-89.9975,40.0,-89.97149999999999,0.08,0.003,0.0,0.1214191755448132,0.0,-3.763994441870229,-0.2428383510884671,0.0,0.0,0.0005000000000023874,0.0,-0.015499999999988745,-0.0010000000000000009,0.0,0.034424500000000004,0.034424500000000004,-0.0,-0.034424500000000004,-0.0481943,-0.034424500000000004,-0.00268742368739,-0.025539194138874,0.00225396825394,0.0038632478633280004,-0.002276556776604,0.000310439560446,0.031080540535831983,1.8665739999050857,0.24966399996628752,0.12118399990868056,0.0
pd,00:06:31.174,1176,-90.0,-89.998,40.0,-89.956,0.081,0.003,0.0,0.0,0.0,0.0,0.0,0.0,-90.0,-89.997,40.0,-89.987,0.079,0.003,-90.0,-89.9975,40.0,-89.97149999999999,0.08,0.003,0.0,0.10659510013266309,0.0,-3.3044481040958926,-0.2131902002643084,0.0,0.0,0.0005000000000023874,0.0,-0.015499999999988745,-0.0010000000000000009,0.0,0.034424500000000004,0.034424500000000004,-0.0,-0.034424500000000004,-0.0481943,-0.034424500000000004,-0.00268742368739,-0.025539194138874,0.00225396825394,0.0038632478633280004,-0.002276556776604,0.000310439560446,0.031080540535831983,1.7989820003094792,0.18272099987370893,0.07938799990370171,0.0
pd,00:06:31.176,1177,-90.0,-89.998,40.0,-89.957,0.081,0.003,0.0,0.0,0.0,-0.46712373315073197,0.0,0.0,-90.0,-89.997,40.0,-89.987,0.079,0.003,-90.0,-89.9975,40.0,-89.92528762668492,0.08,0.003,0.0,0.11678093328934255,0.0,7.4068011050730815,-0.23356186657757008,0.0,0.0,0.0005000000000023874,0.0,0.031712373315073705,-0.0010000000000000009,0.0,0.034424500000000004,0.034424500000000004,-0.0,-0.034424500000000004,-0.0481943,-0.034424500000000004,-0.00268742368739,-0.025539194138874,0.00225396825394,0.0038632478633280004,-0.002276556776604,0.000310439560446,0.030083217912983937,1.7688529997030855,0.16129400000863825,0.07192599969130242,0.0
pd,00:06:31.178,1178,-90.0,-89.998,40.0,-89.957,0.081,0.003,0.0,0.0,0.0,0.0,0.0,0.0,-90.0,-89.997,40.0,-89.987,0.079,0.003,-90.0,-89.9975,40.0,-89.972,0.08,0.003,0.0,0.1204429129341841,0.0,-3.613287388008407,-0.2408858258672182,0.0,0.0,0.0005000000000023874,0.0,-0.015000000000000568,-0.0010000000000000009,0.0,0.034424500000000004,0.034424500000000004,-0.0,-0.034424500000000004,-0.0481943,-0.034424500000000004,-0.00268742368739,-0.025539194138874,0.00225396825394,0.0038632478633280004,-0.002276556776604,0.000310439560446,0.030083217912983937,1.9399630000407342,0.18962700005431543,0.08936899985201308,0.0
pd,00:06:31.181,1179,-90.0,-89.998,40.0,-89.957,0.081,0.003,0.0,0.0,0.0,0.0,0.0,0.0,-90.0,-89.997,40.0,-89.987,0.079,0.003,-90.0,-89.9975,40.0,-89.972,0.08,0.003,0.0,0.10852577106241014,0.0,-3.255773131856882,-0.21705154212378408,0.0,0.0,0.0005000000000023874,0.0,-0.015000000000000568,-0.0010000000000000009,0.0,0.034424500000000004,0.034424500000000004,-0.0,-0.034424500000000004,-0.0481943,-0.034424500000000004,-0.00268742368739,-0.025539194138874,0.00225396825394,0.0038632478633280004,-0.002276556776604,0.000310439560446,0.030083217912983937,1.8343899996580149,0.1537579996693239,0.06818500014560414,0.0
pd,00:06:31.183,1180,-90.0,-89.998,40.0,-89.957,0.081,0.003,0.0,0.0,0.0,0.0,0.0,0.0,-90.0,-89.997,40.0,-89.987,0.079,0.003,-90.0,-89.9975,40.0,-89.972,0.08,0.003,0.0,0.1175270118813054,0.0,-3.5258103564224603,-0.23505402376148865,0.0,0.0,0.0005000000000023874,0.0,-0.015000000000000568,-0.0010000000000000009,0.0,0.0137698,0.0413094,0.0137698,-0.0619641,-0.034424500000000004,-0.0550792,-0.002999511599474,-0.025539194138874,0.001785836385814,0.0033630952381650003,-0.002276556776604,3.4493284494e-05,0.030083217912983937,3.292042000339279,0.6655300003330922,0.24988700033645728,0.0
pd,00:06:31.188,1181,-90.0,-89.998,40.0,-89.957,0.081,0.003,0.0,0.0,0.0,0.0,0.0,0.0,-90.0,-89.997,40.0,-89.987,0.079,0.003,-90.0,-89.9975,40.0,-89.972,0.08,0.003,0.0,0.04618667136523837,0.0,-1.3856001409505876,-0.09237334273003577,0.0,0.0,0.0005000000000023874,0.0,-0.015000000000000568,-0.0010000000000000009,0.0,0.0137698,0.0413094,0.0137698,-0.0619641,-0.034424500000000004,-0.0550792,-0.002999511599474,-0.025539194138874,0.001785836385814,0.0033630952381650003,-0.002276556776604,3.4493284494e-05,0.030083217912983937,2.027220999934798,0.23390600017592078,0.126257999909285,0.0
pd,00:06:31.191,1182,-90.0,-89.998,40.0,-89.957,0.081,0.003,0.0,0.0,0.0,0.0,0.0,0.0,-90.0,-89.997,40.0,-89.987,0.079,0.003,-90.0,-89.9975,40.0,-89.972,0.08,0.003,0.0,0.1004094608833675,0.0,-3.012283826486756,-0.2008189217657763,0.0,0.0,0.0005000000000023874,0.0,-0.015000000000000568,-0.0010000000000000009,0.0,0.0137698,0.0413094,0.0137698,-0.0619641,-0.034424500000000004,-0.0550792,-0.002999511599474,-0.025539194138874,0.001785836385814,0.0033630952381650003,-0.002276556776604,3.4493284494e-05,0.030083217912983937,1.8631859998095024,0.2882750000026135,0.1334429998678388,0.0
pd,00:06:31.193,1183,-90.0,-89.998,40.0,-89.957,0.081,0.003,0.0,0.0,0.0,0.0,0.0,0.0,-90.0,-89.997,40.0,-89.987,0.079,0.003,-90.0,-89.9975,40.0,-89.972,0.08,0.003,0.0,0.10065041274764895,0.0,-3.0195123824151655,-0.2013008254943369,0.0,0.0,0.0005000000000023874,0.0,-0.015000000000000568,-0.0010000000000000009,0.0,0.0137698,0.0413094,0.0137698,-0.0619641,-0.034424500000000004,-0.0550792,-0.002999511599474,-0.025539194138874,0.001785836385814,0.0033630952381650003,-0.002276556776604,3.4493284494e-05,0.030083217912983937,1.8426490000820195,0.24134899967975798,0.12620200004676008,0.0
pd,00:06:31.195,1184,-90.0,-89.998,40.0,-89.957,0.08,0.003,0.0,0.0,0.0,0.0,-0.4243958312253368,0.0,-90.0,-89.997,40.0,-89.987,0.079,0.003,-90.0,-89.9975,40.0,-89.972,0.12193958312253368,0.003,0.0,0.10609895780684071,0.0,-3.182968734190144,8.899492120265887,0.0,0.0,0.0005000000000023874,0.0,-0.015000000000000568,0.04193958312253368,0.0,0.0137698,0.0413094,0.0137698,-0.0619641,-0.034424500000000004,-0.0550792,-0.002999511599474,-0.025539194138874,0.001785836385814,0.0033630952381650003,-0.002276556776604,3.4493284494e-05,0.030033314835363707,2.128331999756483,0.2324609999959648,0.11085100004493142,0.0
pd,00:06:31.198,1185,-90.0,-89.998,40.0,-89.957,0.08,0.003,0.0,0.0,0.0,0.0,0.0,0.0,-90.0,-89.997,40.0,-89.987,0.079,0.003,-90.0,-89.9975,40.0,-89.972,0.0795,0.003,0.0,0.0973698579259919,0.0,-2.92109573776592,-0.09736985792552706,0.0,0.0,0.0005000000000023874,0.0,-0.015000000000000568,-0.0005000000000000004,0.0,0.0137698,0.0413094,0.0137698,-0.0619641,-0.034424500000000004,-0.0550792,-0.002999511599474,-0.025539194138874,0.001785836385814,0.0033630952381650003,-0.002276556776604,3.4493284494e-05,0.030033314835363707,1.754927999627398,0.16247999974439153,0.07072200014590635,0.0
pd,00:06:31.200,1186,-90.0,-89.998,40.0,-89.957,0.08,0.003,0.0,0.0,0.0,0.0,0.0,0.0,-90.0,-89.997,40.0,-89.987,0.079,0.003,-90.0,-89.9975,40.0,-89.972,0.0795,0.003,0.0,0.1212506938026141,0.0,-3.6375208140611925,-0.12125069380203526,0.0,0.0,0.0005000000000023874,0.0,-0.015000000000000568,-0.0005000000000000004,0.0,0.0137698,0.0413094,0.0137698,-0.0619641,-0.034424500000000004,-0.0550792,-0.002999511599474,-0.025539194138874,0.001785836385814,0.0033630952381650003,-0.002276556776604,3.4493284494e-05,0.030033314835363707,1.7650009999670146,0.13935099968875875,0.06299899996520253,0.0
pd,00:06:31.202,1187,-90.0,-89.998,40.0,-89.957,0.08,0.003,0.0,0.0,0.0,0.0,0.0,0.0,-90.0,-89.997,40.0,-89.987,0.079,0.003,-90.0,-89.9975,40.0,-89.972,0.0795,0.003,0.0,0.1230001173026401,0.0,-3.6900035190617233,-0.12300011730205289,0.0,0.0,0.0005000000000023874,0.0,-0.015000000000000568,-0.0005000000000000004,0.0,0.0137698,0.0413094,0.0137698,-0.0550792,0.0206547,0.034424500000000004,-0.002999511599474,-0.025539194138874,0.001785836385814,0.004259920635009001,-0.003035409035472,0.000137973137976,0.030033314835363707,2.8198989998600155,0.6141610001577646,0.2852750003512483,0.0
pd,00:06:31.206,1188,-90.0,-89.998,40.0,-89.957,0.08,0.003,0.0,0.0,0.0,0.0,0.0,0.0,-90.0,-89.997,40.0,-89.987,0.079,0.003,-90.0,-89.9975,40.0,-89.972,0.0795,0.003,0.0,0.06533183800654248,0.0,-1.9599551401869901,-0.06533183800623059,0.0,0.0,0.0005000000000023874,0.0,-0.015000000000000568,-0.0005000000000000004,0.0,0.0206547,0.0275396,0.034424500000000004,-0.0550792,0.0206547,0.034424500000000004,-0.00303418803415,-0.025539194138874,0.0033462759462339997,0.004259920635009001,-0.003035409035472,0.000137973137976,0.030033314835363707,2.6819550002983306,0.18966500010719756,0.08138800012602587,0.0
pd,00:06:31.209,1189,-90.0,-89.998,40.0,-89.957,0.08,0.003,0.0,0.0,0.0,0.0,0.0,0.0,-90.0,-89.997,40.0,-89.987,0.079,0.003,-90.0,-89.9975,40.0,-89.972,0.0795,0.003,0.0,0.081798580232858,0.0,-2.453957406974116,-0.0817985802324675,0.0,0.0,0.0005000000000023874,0.0,-0.015000000000000568,-0.0005000000000000004,0.0,0.0206547,0.0275396,0.034424500000000004,-0.0550792,0.0206547,0.034424500000000004,-0.00303418803415,-0.025539194138874,0.0033462759462339997,0.004259920635009001,-0.003035409035472,0.000137973137976,0.030033314835363707,1.9714810000550642,0.2646090001690027,0.12770300008924096,0.0
pd,00:06:31.211,1190,-90.0,-89.998,40.0,-89.957,0.08,0.003,0.0,0.0,0.0,0.0,0.0,0.0,-90.0,-89.997,40.0,-89.987,0.079,0.003,-90.0,-89.9975,40.0,-89.972,0.0795,0.003,0.0,0.10041907680568922,0.0,-3.012572304156406,-0.10041907680520983,0.0,0.0,0.0005000000000023874,0.0,-0.015000000000000568,-0.0005000000000000004,0.0,0.0206547,0.0275396,0.034424500000000004,-0.0550792,0.0206547,0.034424500000000004,-0.00303418803415,-0.025539194138874,0.0033462759462339997,0.004259920635009001,-0.003035409035472,0.000137973137976,0.030033314835363707,1.8474819999028114,0.19818400005533476,0.09020299967232859,0.0
pd,00:06:31.215,1191,-90.0,-89.998,40.0,-89.957,0.08,0.003,0.0,0.0,0.0,0.0,0.0,0.0,-90.0,-89.997,40.0,-89.987,0.079,0.003,-90.0,-89.9975,40.0,-89.972,0.0795,0.003,0.0,0.07516673835161339,0.0,-2.25500215053772,-0.07516673835125455,0.0,0.0,0.0005000000000023874,0.0,-0.015000000000000568,-0.0005000000000000004,0.0,0.0206547,0.0275396,0.034424500000000004,-0.0550792,0.0206547,0.034424500000000004,-0.00303418803415,-0.025539194138874,0.0033462759462339997,0.004259920635009001,-0.003035409035472,0.000137973137976,0.030033314835363707,2.001943999857758,0.23442300016540685,0.08914699992601527,0.0
pd,00:06:31.217,1192,-90.0,-89.998,40.001,-89.958,0.08,0.003,0.0,0.0,0.4110853670479491,-0.41108536705087007,0.0,0.0,-90.0,-89.997,40.0,-89.987,0.079,0.003,-90.0,-89.9975,39.959391463295205,-89.93139146329491,0.0795,0.003,0.0,0.10277134176271752,-8.552330291829033,5.46919003902288,-0.10277134176222688,0.0,0.0,0.0005000000000023874,-0.0416085367047927,0.026608536705083452,-0.0005000000000000004,0.0,0.0206547,0.0275396,0.034424500000000004,-0.0550792,0.0206547,0.034424500000000004,-0.00303418803415,-0.025539194138874,0.0033462759462339997,0.004259920635009001,-0.003035409035472,0.000137973137976,0.029051678092664353,1.7432049999115407,0.21710900000471156,0.11879500016220845,0.0
pd,00:06:31.219,1193,-90.0,-89.998,40.001,-89.958,0.08,0.003,0.0,0.0,0.0,0.0,0.0,0.0,-90.0,-89.997,40.0,-89.987,0.079,0.003,-90.0,-89.9975,40.0005,-89.9725,0.0795,0.003,0.0,0.11443588344483321,-0.1144358834440201,-3.318640619883901,-0.1144358834442869,0.0,0.0,0.0005000000000023874,-0.000499999999995282,-0.014499999999998181,-0.0005000000000000004,0.0,0.0206547,0.0275396,0.034424500000000004,-0.0550792,0.0206547,0.034424500000000004,-0.00303418803415,-0.025539194138874,0.0033462759462339997,0.004259920635009001,-0.003035409035472,0.000137973137976,0.029051678092664353,2.166367999961949,0.25260900019929977,0.12342500031081727,0.0
pd,00:06:31.222,1194,-90.0,-89.998,40.001,-89.958,0.08,0.003,0.0,0.0,0.0,0.0,0.0,0.0,-90.0,-89.997,40.0,-89.987,0.079,0.003,-90.0,-89.9975,40.0005,-89.9725,0.0795,0.003,0.0,0.09399211186850186,-0.09399211186783402,-2.725771244173197,-0.09399211186805315,0.0,0.0,0.0005000000000023874,-0.000499999999995282,-0.014499999999998181,-0.0005000000000000004,0.0,0.0206547,0.0275396,0.034424500000000004,-0.0137698,-0.0068849,-0.0413094,-0.00303418803415,-0.025539194138874,0.0033462759462339997,0.004121947497033001,-0.0025697496948030004,0.000137973137976,0.029051678092664353,2.4453460000586347,0.5925680002292211,0.22027499971954967,0.0
pd,00:06:31.226,1195,-90.0,-89.998,40.001,-89.958,0.08,0.003,0.0,0.0,0.0,0.0,0.0,0.0,-90.0,-89.997,40.0,-89.987,0.079,0.003,-90.0,-89.9975,40.0005,-89.9725,0.0795,0.003,0.0,0.0688765107727934,-0.06887651077230401,-1.9974188124012209,-0.0688765107724646,0.0,0.0,0.0005000000000023874,-0.000499999999995282,-0.014499999999998181,-0.0005000000000000004,0.0,-0.0413094,0.0068849,0.0068849,-0.0137698,-0.0068849,-0.0413094,-0.0019245421245179999,-0.025296459096142,0.002739438339404,0.004121947497033001,-0.0025697496948030004,0.000137973137976,0.029051678092664353,2.7419180000833876,0.23607100001754588,0.08959099977801088,0.0
pd,00:06:31.229,1196,-90.0,-89.998,40.001,-89.958,0.08,0.003,0.0,0.0,0.0,0.0,0.0,0.0,-90.0,-89.997,40.0,-89.987,0.079,0.003,-90.0,-89.9975,40.0005,-89.9725,0.0795,0.003,0.0,0.07925145491686243,-0.07925145491629931,-2.298292192577748,-0.07925145491648408,0.0,0.0,0.0005000000000023874,-0.000499999999995282,-0.014499999999998181,-0.0005000000000000004,0.0,-0.0413094,0.0068849,0.0068849,-0.0137698,-0.0068849,-0.0413094,-0.0019245421245179999,-0.025296459096142,0.002739438339404,0.004121947497033001,-0.0025697496948030004,0.000137973137976,0.029051678092664353,2.2133309998935147,0.23570100029246532,0.11905399969691643,0.0
pd,00:06:31.231,1197,-90.0,-89.998,40.001,-89.958,0.08,0.003,0.0,0.0,0.0,0.0,0.0,0.0,-90.0,-89.997,40.0,-89.987,0.079,0.003,-90.0,-89.9975,40.0005,-89.9725,0.0795,0.003,0.0,0.09373165281174638,-0.09373165281108038,-2.718217931527325,-0.09373165281129892,0.0,0.0,0.0005000000000023874,-0.000499999999995282,-0.014499999999998181,-0.0005000000000000004,0.0,-0.0413094,0.0068849,0.0068849,-0.0137698,-0.0068849,-0.0413094,-0.0019245421245179999,-0.025296459096142,0.002739438339404,0.004121947497033001,-0.0025697496948030004,0.000137973137976,0.029051678092664353,1.8335749996367667,0.16553500017835177,0.07550000009359792,0.0
pd,00:06:31.234,1198,-90.0,-89.998,40.001,-89.958,0.08,0.003,0.0,0.0,0.0,0.0,0.0,0.0,-90.0,-89.997,40.0,-89.987,0.079,0.003,-90.0,-89.9975,40.0005,-89.9725,0.0795,0.003,0.0,0.11619858156083852,-0.11619858156001288,-3.369758865247804,-0.11619858156028379,0.0,0.0,0.0005000000000023874,-0.000499999999995282,-0.014499999999998181,-0.0005000000000000004,0.0,-0.0413094,0.0068849,0.0068849,-0.0137698,-0.0068849,-0.0413094,-0.0019245421245179999,-0.025296459096142,0.002739438339404,0.004121947497033001,-0.0025697496948030004,0.000137973137976,0.029051678092664353,1.678928000274027,0.16803500011519645,0.17746200001056422,0.0
pd,00:06:31.236,1199,-90.0,-89.998,40.001,-89.958,0.08,0.003,0.0,0.0,0.0,0.0,0.0,0.0,-90.0,-89.997,40.0,-89.987,0.079,0.003,-90.0,-89.9975,40.0005,-89.9725,0.0795,0.003,0.0,0.11859036417156829,-0.11859036417072565,-3.4391205609586275,-0.11859036417100215,0.0,0.0,0.0005000000000023874,-0.000499999999995282,-0.014499999999998181,-0.0005000000000000004,0.0,-0.0413094,0.0068849,0.0068849,-0.0137698,-0.0068849,-0.0413094,-0.0019245421245179999,-0.025296459096142,0.002739438339404,0.004121947497033001,-0.0025697496948030004,0.000137973137976,0.029051678092664353,1.7959460001293337,0.16838700003063423,0.07022099998721387,0.0
pd,00:06:31.238,1200,-90.0,-89.998,40.001,-89.958,0.08,0.003,0.0,0.0,0.0,0.0,0.0,0.0,-90.0,-89.997,40.0,-89.987,0.079,0.003,-90.0,-89.9975,40.0005,-89.9725,0.0795,0.003,0.0,0.1186440371130354,-0.11864403711219237,-3.440677076261166,-0.11864403711246899,0.0,0.0,0.0005000000000023874,-0.000499999999995282,-0.014499999999998181,-0.0005000000000000004,0.0,-0.0413094,0.0068849,0.0068849,-0.0137698,-0.0068849,-0.0413094,-0.0019245421245179999,-0.025296459096142,0.002739438339404,0.004121947497033001,-0.0025697496948030004,0.000137973137976,0.029051678092664353,1.7015019998325442,0.1532950000182609,0.06861100018795696,0.0
pd,00:06:31.241,1201,-90.0,-89.998,40.001,-89.958,0.08,0.003,0.0,0.0,0.0,0.0,0.0,0.0,-90.0,-89.997,40.0,-89.987,0.079,0.003,-90.0,-89.9975,40.0005,-89.9725,0.0795,0.003,0.0,0.08765159241034914,-0.08765159240972634,-2.541896179887669,-0.0876515924099307,0.0,0.0,0.0005000000000023874,-0.000499999999995282,-0.014499999999998181,-0.0005000000000000004,0.0,-0.0413094,0.0068849,0.0068849,-0.0137698,-0.0068849,-0.0413094,-0.0019245421245179999,-0.025296459096142,0.002739438339404,0.004121947497033001,-0.0025697496948030004,0.000137973137976,0.029051678092664353,1.928110999870114,0.24471999995512306,0.09559199997966061,0.0
pd,00:06:31.243,1202,-90.0,-89.998,40.001,-89.958,0.08,0.003,0.0,0.0,0.0,0.0,0.0,0.0,-90.0,-89.997,40.0,-89.987,0.079,0.003,-90.0,-89.9975,40.0005,-89.9725,0.0795,0.003,0.0,0.10545871467414329,-0.10545871467339396,-3.058302725535169,-0.10545871467363983,0.0,0.0,0.0005000000000023874,-0.000499999999995282,-0.014499999999998181,-0.0005000000000000004,0.0,0.034424500000000004,0.0413094,0.0413094,-0.0275396,-0.0550792,-0.0068849,-0.002236630036602,-0.025833943833619998,0.0029821733821359998,0.004760073260172,-0.002276556776604,-3.4493284494e-05,0.029051678092664353,4.253570000400941,0.27016400008506025,0.35586700005296734,0.0
pd,00:06:31.248,1203,-90.0,-89.998,40.001,-89.958,0.08,0.003,0.0,0.0,0.0,0.0,0.0,0.0,-90.0,-89.997,40.0,-89.987,0.079,0.003,-90.0,-89.9975,40.0005,-89.9725,0.0795,0.003,0.0,0.04979466236133568,-0.04979466236098187,-1.4440452084716586,-0.04979466236109797,0.0,0.0,0.0005000000000023874,-0.000499999999995282,-0.014499999999998181,-0.0005000000000000004,0.0,0.034424500000000004,0.0413094,0.0413094,-0.0275396,-0.0550792,-0.0068849,-0.002236630036602,-0.025833943833619998,0.0029821733821359998,0.004760073260172,-0.002276556776604,-3.4493284494e-05,0.029051678092664353,1.9659999998111743,0.254607999977452,0.12075799986632774,0.0
pd,00:06:31.251,1204,-90.0,-89.998,40.001,-89.958,0.08,0.003,0.0,0.0,0.0,0.0,0.0,0.0,-90.0,-89.997,40.0,-89.987,0.079,0.003,-90.0,-89.9975,40.0005,-89.9725,0.0795,0.003,0.0,0.10211081897020224,-0.1021108189694767,-2.9612137501213542,-0.10211081896971477,0.0,0.0,0.0005000000000023874,-0.000499999999995282,-0.014499999999998181,-0.0005000000000000004,0.0,0.034424500000000004,0.0413094,0.0413094,-0.0275396,-0.0550792,-0.0068849,-0.002236630036602,-0.025833943833619998,0.0029821733821359998,0.004760073260172,-0.002276556776604,-3.4493284494e-05,0.029051678092664353,1.6957799998635892,0.14279500010161428,0.0600919997850724,0.0
pd,00:06:31.253,1205,-90.0,-89.998,40.001,-89.958,0.08,0.003,0.0,0.0,0.0,0.0,0.0,0.0,-90.0,-89.997,40.0,-89.987,0.079,0.003,-90.0,-89.9975,40.0005,-89.9725,0.0795,0.003,0.0,0.12723892731525382,-0.12723892731434974,-3.6899288921242794,-0.1272389273146464,0.0,0.0,0.0005000000000023874,-0.000499999999995282,-0.014499999999998181,-0.0005000000000000004,0.0,0.034424500000000004,0.0413094,0.0413094,-0.0275396,-0.0550792,-0.0068849,-0.002236630036602,-0.025833943833619998,0.0029821733821359998,0.004760073260172,-0.002276556776604,-3.4493284494e-05,0.029051678092664353,1.745519999985845,0.15483100014535012,0.06807299996580696,0.0
pd,00:06:31.255,1206,-90.0,-89.998,40.001,-89.958,0.08,0.003,0.0,0.0,0.0,0.0,0.0,0.0,-90.0,-89.997,40.0,-89.987,0.079,0.003,-90.0,-89.9975,40.0005,-89.9725,0.0795,0.003,0.0,0.12272659176088563,-0.1227265917600136,-3.5590711610482426,-0.12272659176029974,0.0,0.0,0.0005000000000023874,-0.000499999999995282,-0.014499999999998181,-0.0005000000000000004,0.0,0.034424500000000004,0.0413094,0.0413094,-0.0275396,-0.0550792,-0.0068849,-0.002236630036602,-0.025833943833619998,0.0029821733821359998,0.004760073260172,-0.002276556776604,-3.4493284494e-05,0.029051678092664353,1.9444819999989704,0.2551640000092448,0.09861000035016332,0.0
pd,00:06:31.257,1207,-90.0,-89.998,40.001,-89.958,0.08,0.003,0.0,0.0,0.0,0.0,0.0,0.0,-90.0,-89.997,40.0,-89.987,0.079,0.003,-90.0,-89.9975,40.0005,-89.9725,0.0795,0.003,0.0,0.10475284715334733,-0.10475284715260302,-3.0378325674321864,-0.10475284715284724,0.0,0.0,0.0005000000000023874,-0.000499999999995282,-0.014499999999998181,-0.0005000000000000004,0.0,0.034424500000000004,0.0413094,0.0413094,-0.0275396,-0.0550792,-0.0068849,-0.002236630036602,-0.025833943833619998,0.0029821733821359998,0.004760073260172,-0.002276556776604,-3.4493284494e-05,0.029051678092664353,1.705465000213735,0.1805349997994199,0.08529499973519705,0.0
pd,00:06:31.259,1208,-90.0,-89.998,40.001,-89.958,0.08,0.003,0.0,0.0,0.0,0.0,0.0,0.0,-90.0,-89.997,40.0,-89.987,0.079,0.003,-90.0,-89.9975,40.0005,-89.9725,0.0795,0.003,0.0,0.11937340619364831,-0.11937340619280011,-3.461828779598837,-0.11937340619307843,0.0,0.0,0.0005000000000023874,-0.000499999999995282,-0.014499999999998181,-0.0005000000000000004,0.0,0.034424500000000004,0.0413094,0.0413094,-0.0275396,-0.0550792,-0.0068849,-0.002236630036602,-0.025833943833619998,0.0029821733821359998,0.004760073260172,-0.002276556776604,-3.4493284494e-05,0.029051678092664353,1.790964000065287,0.17159099979835446,0.08716499996808125,0.0
pd,00:06:31.261,1209,-90.0,-89.998,40.001,-89.958,0.08,0.003,0.0,0.0,0.0,0.0,0.0,0.0,-90.0,-89.997,40.0,-89.987,0.079,0.003,-90.0,-89.9975,40.0005,-89.9725,0.0795,0.003,0.0,0.11730350151079615,-0.11730350150996266,-3.4018015437964184,-0.11730350151023615,0.0,0.0,0.0005000000000023874,-0.000499999999995282,-0.014499999999998181,-0.0005000000000000004,0.0,0.034424500000000004,0.0413094,0.0413094,-0.0275396,-0.0550792,-0.0068849,-0.002236630036602,-0.025833943833619998,0.0029821733821359998,0.004760073260172,-0.002276556776604,-3.4493284494e-05,0.029051678092664353,1.6886690000319504,0.16440599983980064,0.07053600029394147,0.0
pd,00:06:31.263,1210,-90.0,-89.998,40.001,-89.958,0.08,0.003,0.0,0.0,0.0,0.0,0.0,0.0,-90.0,-89.997,40.0,-89.987,0.079,0.003,-90.0,-89.9975,40.0005,-89.9725,0.0795,0.003,0.0,0.12538275738431265,-0.12538275738342175,-3.6360999641272493,-0.1253827573837141,0.0,0.0,0.0005000000000023874,-0.000499999999995282,-0.014499999999998181,-0.0005000000000000004,0.0,0.0,0.0,0.0481943,-0.0826188,-0.0,-0.034424500000000004,-0.001976556776532,-0.02444688644658,0.00320757020753,0.00431166056175,-0.0026732295482850004,0.00044841269842200006,0.029051678092664353,4.097108999758348,0.30103400013103965,0.18760900002234848,0.0
pd,00:06:31.269,1211,-90.0,-89.998,40.001,-89.958,0.08,0.003,0.0,0.0,0.0,0.0,0.0,0.0,-90.0,-89.997,40.0,-89.987,0.079,0.003,-90.0,-89.9975,40.0005,-89.9725,0.0795,0.003,0.0,0.04346969571366416,-0.04346969571335529,-1.2606211756900831,-0.04346969571345664,0.0,0.0,0.0005000000000023874,-0.000499999999995282,-0.014499999999998181,-0.0005000000000000004,0.0,0.0,0.0,0.0481943,-0.0826188,-0.0,-0.034424500000000004,-0.001976556776532,-0.02444688644658,0.00320757020753,0.00431166056175,-0.0026732295482850004,0.00044841269842200006,0.029051678092664353,1.976609999928769,0.23020199978418532,0.08570299996790709,0.0
pd,00:06:31.271,1212,-90.0,-89.998,40.001,-89.958,0.08,0.003,0.0,0.0,0.0,0.0,0.0,0.0,-90.0,-89.997,40.0,-89.987,0.079,0.003,-90.0,-89.9975,40.0005,-89.9725,0.0795,0.003,0.0,0.10448146672030757,-0.10448146671956518,-3.029962534874072,-0.10448146671980878,0.0,0.0,0.0005000000000023874,-0.000499999999995282,-0.014499999999998181,-0.0005000000000000004,0.0,0.0,0.0,0.0481943,-0.0826188,-0.0,-0.034424500000000004,-0.001976556776532,-0.02444688644658,0.00320757020753,0.00431166056175,-0.0026732295482850004,0.00044841269842200006,0.029051678092664353,1.7623529997763399,0.16962800009423518,0.09609100015950389,0.0
pd,00:06:31.273,1213,-90.0,-89.998,40.001,-89.958,0.08,0.003,0.0,0.0,0.0,0.0,0.0,0.0,-90.0,-89.997,40.0,-89.987,0.079,0.003,-90.0,-89.9975,40.0005,-89.9725,0.0795,0.003,0.0,0.11798987284854358,-0.11798987284770521,-3.4217063125909966,-0.1179898728479803,0.0,0.0,0.0005000000000023874,-0.000499999999995282,-0.014499999999998181,-0.0005000000000000004,0.0,0.0,0.0,0.0481943,-0.0826188,-0.0,-0.034424500000000004,-0.001976556776532,-0.02444688644658,0.00320757020753,0.00431166056175,-0.0026732295482850004,0.00044841269842200006,0.029051678092664353,1.863741000306618,0.25740499995663413,0.1517400000921043,0.0
pd,00:06:31.276,1214,-90.0,-89.998,40.001,-89.958,0.08,0.003,0.0,0.0,0.0,0.0,0.0,0.0,-90.0,-89.997,40.0,-89.987,0.079,0.003,-90.0,-89.9975,40.0005,-89.9725,0.0795,0.003,0.0,0.09434730969992863,-0.09434730969925825,-2.736071981284523,-0.09434730969947822,0.0,0.0,0.0005000000000023874,-0.000499999999995282,-0.014499999999998181,-0.0005000000000000004,0.0,0.0,0.0,0.0481943,-0.0826188,-0.0,-0.034424500000000004,-0.001976556776532,-0.02444688644658,0.00320757020753,0.00431166056175,-0.0026732295482850004,0.00044841269842200006,0.029051678092664353,1.831370999752835,0.2123130002473772,0.07116599999790196,0.0
pd,00:06:31.278,1215,-90.0,-89.998,40.001,-89.958,0.08,0.003,0.0,0.0,0.0,0.0,0.0,0.0,-90.0,-89.997,40.0,-89.987,0.079,0.003,-90.0,-89.9975,40.0005,-89.9725,0.0795,0.003,0.0,0.11400043487769154,-0.11400043487688152,-3.3060126114368544,-0.11400043487714731,0.0,0.0,0.0005000000000023874,-0.000499999999995282,-0.014499999999998181,-0.0005000000000000004,0.0,0.0,0.0,0.0481943,-0.0826188,-0.0,-0.034424500000000004,-0.001976556776532,-0.02444688644658,0.00320757020753,0.00431166056175,-0.0026732295482850004,0.00044841269842200006,0.029051678092664353,1.7294640001637163,0.15799799984961282,0.07190699989223504,0.0
pd,00:06:31.280,1216,-90.0,-89.998,40.001,-89.958,0.08,0.003,0.0,0.0,0.0,0.0,0.0,0.0,-90.0,-89.997,40.0,-89.987,0.079,0.003,-90.0,-89.9975,40.0005,-89.9725,0.0795,0.003,0.0,0.12320244389672269,-0.12320244389584728,-3.57287087298745,-0.12320244389613452,0.0,0.0,0.0005000000000023874,-0.000499999999995282,-0.014499999999998181,-0.0005000000000000004,0.0,0.0,0.0,0.0481943,-0.0826188,-0.0,-0.034424500000000004,-0.001976556776532,-0.02444688644658,0.00320757020753,0.00431166056175,-0.0026732295482850004,0.00044841269842200006,0.029051678092664353,2.0145910002611345,0.2084980001200165,0.1027399998747569,0.0
pd,00:06:31.283,1217,-90.0,-89.998,40.001,-89.958,0.08,0.003,0.0,0.0,0.0,0.0,0.0,0.0,-90.0,-89.997,40.0,-89.987,0.079,0.003,-90.0,-89.9975,40.0005,-89.9725,0.0795,0.003,0.0,0.10357329118974781,-0.10357329118901187,-3.0036254444879678,-0.10357329118925335,0.0,0.0,0.0005000000000023874,-0.000499999999995282,-0.014499999999998181,-0.0005000000000000004,0.0,0.0,-0.0550792,0.0068849,0.0275396,0.0275396,-0.0068849,-0.002635409035376,-0.025591208790887998,0.003276923076882,0.0047428266179250006,-0.002828449328508,-0.000655372405386,0.029051678092664353,3.3448750000388827,1.232302000062191,0.13138800022716168,0.0
pd,00:06:31.288,1218,-90.0,-89.998,40.001,-89.958,0.08,0.003,0.0,0.0,0.0,0.0,0.0,0.0,-90.0,-89.997,40.0,-89.987,0.079,0.003,-90.0,-89.9975,40.0005,-89.9725,0.0795,0.003,0.0,0.05167180801286191,-0.05167180801249476,-1.4984824323656525,-0.051671808012615235,0.0,0.0,0.0005000000000023874,-0.000499999999995282,-0.014499999999998181,-0.0005000000000000004,0.0,0.0,-0.0550792,0.0068849,0.0275396,0.0275396,-0.0068849,-0.002635409035376,-0.025591208790887998,0.003276923076882,0.0047428266179250006,-0.002828449328508,-0.000655372405386,0.029051678092664353,1.8779820002237102,0.19797899994955515,0.0846099997033889,0.0
pd,00:06:31.290,1219,-90.0,-89.998,40.001,-89.958,0.08,0.003,0.0,0.0,0.0,0.0,0.0,0.0,-90.0,-89.997,40.0,-89.987,0.079,0.003,-90.0,-89.9975,40.0005,-89.9725,0.0795,0.003,0.0,0.11145578231345736,-0.11145578231266541,-3.2322176870744244,-0.11145578231292527,0.0,0.0,0.0005000000000023874,-0.000499999999995282,-0.014499999999998181,-0.0005000000000000004,0.0,0.0,-0.0550792,0.0068849,0.0275396,0.0275396,-0.0068849,-0.002635409035376,-0.025591208790887998,0.003276923076882,0.0047428266179250006,-0.002828449328508,-0.000655372405386,0.029051678092664353,1.7112800001086725,0.1439430002392328,0.06151799971121363,0.0
pd,00:06:31.292,1220,-90.0,-89.998,40.001,-89.958,0.08,0.003,0.0,0.0,0.0,0.0,0.0,0.0,-90.0,-89.997,40.0,-89.987,0.079,0.003,-90.0,-89.9975,40.0005,-89.9725,0.0795,0.003,0.0,0.12616724822584607,-0.1261672482249496,-3.658850198531607,-0.12616724822524378,0.0,0.0,0.0005000000000023874,-0.000499999999995282,-0.014499999999998181,-0.0005000000000000004,0.0,0.0,-0.0550792,0.0068849,0.0275396,0.0275396,-0.0068849,-0.002635409035376,-0.025591208790887998,0.003276923076882,0.0047428266179250006,-0.002828449328508,-0.000655372405386,0.029051678092664353,1.7337239996777498,0.14831400039838627,0.06736900013493141,0.0
pd,00:06:31.295,1221,-90.0,-89.998,40.001,-89.958,0.08,0.003,0.0,0.0,0.0,0.0,0.0,0.0,-90.0,-89.997,40.0,-89.987,0.079,0.003,-90.0,-89.9975,40.0005,-89.9725,0.0795,0.003,0.0,0.08687456503769733,-0.08687456503708005,-2.519362386080877,-0.0868745650372826,0.0,0.0,0.0005000000000023874,-0.000499999999995282,-0.014499999999998181,-0.0005000000000000004,0.0,0.0,-0.0550792,0.0068849,0.0275396,0.0275396,-0.0068849,-0.002635409035376,-0.025591208790887998,0.003276923076882,0.0047428266179250006,-0.002828449328508,-0.000655372405386,0.029051678092664353,1.9642399997792381,0.23127599979488878,0.10138699963135878,0.0
pd,00:06:31.297,1222,-90.0,-89.998,40.001,-89.959,0.08,0.003,0.0,0.0,0.0,-0.41634941433591693,0.0,0.0,-90.0,-89.997,40.0,-89.987,0.079,0.003,-90.0,-89.9975,40.0005,-89.93136505856641,0.0795,0.003,0.0,0.10408735358397923,-0.10408735358323964,5.75289584051504,-0.10408735358348233,0.0,0.0,0.0005000000000023874,-0.000499999999995282,0.027634941433589688,-0.0005000000000000004,0.0,0.0,-0.0550792,0.0068849,0.0275396,0.0275396,-0.0068849,-0.002635409035376,-0.025591208790887998,0.003276923076882,0.0047428266179250006,-0.002828449328508,-0.000655372405386,0.02805352027820277,1.69096499985244,0.16299800017804955,0.08990600008473848,0.0
pd,00:06:31.299,1223,-90.0,-89.998,40.001,-89.959,0.08,0.003,0.0,0.0,0.0,0.0,0.0,0.0,-90.0,-89.997,40.0,-89.987,0.079,0.003,-90.0,-89.9975,40.0005,-89.973,0.0795,0.003,0.0,0.12346355822500964,-0.12346355822413237,-3.4569796302827243,-0.12346355822442022,0.0,0.0,0.0005000000000023874,-0.000499999999995282,-0.013999999999995794,-0.0005000000000000004,0.0,0.0,-0.0550792,0.0068849,0.0275396,0.0275396,-0.0068849,-0.002635409035376,-0.025591208790887998,0.003276923076882,0.0047428266179250006,-0.002828449328508,-0.000655372405386,0.02805352027820277,2.1026640001764463,0.24244199994427618,0.11551699981282582,0.0
pd,00:06:31.302,1224,-90.0,-89.998,40.001,-89.959,0.08,0.003,0.0,0.0,0.0,0.0,0.0,0.0,-90.0,-89.997,40.0,-89.987,0.079,0.003,-90.0,-89.9975,40.0005,-89.973,0.0795,0.003,0.0,0.09755102800307068,-0.09755102800237754,-2.7314287840721163,-0.09755102800260498,0.0,0.0,0.0005000000000023874,-0.000499999999995282,-0.013999999999995794,-0.0005000000000000004,0.0,0.0,-0.0550792,0.0068849,0.0275396,0.0275396,-0.0068849,-0.002635409035376,-0.025591208790887998,0.003276923076882,0.0047428266179250006,-0.002828449328508,-0.000655372405386,0.02805352027820277,1.7462800001339929,0.20744199991895584,0.3754230001504766,0.0
pd,00:06:31.304,1225,-90.0,-89.998,40.001,-89.959,0.08,0.003,0.0,0.0,0.0,0.0,0.0,0.0,-90.0,-89.997,40.0,-89.987,0.079,0.003,-90.0,-89.9975,40.0005,-89.973,0.0795,0.003,0.0,0.08810082339144738,-0.0881008233908214,-2.466823054948007,-0.0881008233910268,0.0,0.0,0.0005000000000023874,-0.000499999999995282,-0.013999999999995794,-0.0005000000000000004,0.0,0.0,-0.0206547,0.0137698,-0.0137698,0.0275396,0.0206547,-0.0018898656898419998,-0.024932356532044,0.003276923076882,0.00431166056175,-0.0026732295482850004,-0.000327686202693,0.02805352027820277,3.7123529996279103,0.23568300002807518,0.11448000032032724,0.0
pd,00:06:31.309,1226,-90.0,-89.998,40.001,-89.959,0.08,0.003,0.0,0.0,0.0,0.0,0.0,0.0,-90.0,-89.997,40.0,-89.987,0.079,0.003,-90.0,-89.9975,40.0005,-89.973,0.0795,0.003,0.0,0.05906804867085437,-0.059068048670434664,-1.6539053627755282,-0.05906804867057238,0.0,0.0,0.0005000000000023874,-0.000499999999995282,-0.013999999999995794,-0.0005000000000000004,0.0,0.0,-0.0206547,0.0137698,-0.0137698,0.0275396,0.0206547,-0.0018898656898419998,-0.024932356532044,0.003276923076882,0.00431166056175,-0.0026732295482850004,-0.000327686202693,0.02805352027820277,1.7567610002515721,0.16435099996670033,0.06762900011381134,0.0
pd,00:06:31.311,1227,-90.0,-89.998,40.001,-89.959,0.08,0.003,0.0,0.0,0.0,0.0,0.0,0.0,-90.0,-89.997,40.0,-89.987,0.079,0.003,-90.0,-89.9975,40.0005,-89.973,0.0795,0.003,0.0,0.12150359212109,-0.12150359212022667,-3.4021005793732537,-0.12150359212050996,0.0,0.0,0.0005000000000023874,-0.000499999999995282,-0.013999999999995794,-0.0005000000000000004,0.0,0.0,-0.0206547,0.0137698,-0.0137698,0.0275396,0.0206547,-0.0018898656898419998,-0.024932356532044,0.003276923076882,0.00431166056175,-0.0026732295482850004,-0.000327686202693,0.02805352027820277,1.7994270001508994,0.26790499987328076,0.09603599983165623,0.0
pd,00:06:31.313,1228,-90.0,-89.998,40.001,-89.959,0.08,0.003,0.0,0.0,0.0,0.0,0.0,0.0,-90.0,-89.997,40.0,-89.987,0.079,0.003,-90.0,-89.9975,40.0005,-89.973,0.0795,0.003,0.0,0.11105443761967876,-0.11105443761888967,-3.1095242533352234,-0.11105443761914859,0.0,0.0,0.0005000000000023874,-0.000499999999995282,-0.013999999999995794,-0.0005000000000000004,0.0,0.0,-0.0206547,0.0137698,-0.0137698,0.0275396,0.0206547,-0.0018898656898419998,-0.024932356532044,0.003276923076882,0.00431166056175,-0.0026732295482850004,-0.000327686202693,0.02805352027820277,1.7290759997194982,0.1450169997951889,0.06168500021885848,0.0
pd,00:06:31.315,1229,-90.0,-89.998,40.001,-89.959,0.08,0.003,0.0,0.0,0.0,0.0,0.0,0.0,-90.0,-89.997,40.0,-89.987,0.079,0.003,-90.0,-89.9975,40.0005,-89.973,0.0795,0.003,0.0,0.12497926102562655,-0.12497926102473852,-3.4994193086997827,-0.1249792610250299,0.0,0.0,0.0005000000000023874,-0.000499999999995282,-0.013999999999995794,-0.0005000000000000004,0.0,0.0,-0.0206547,0.0137698,-0.0137698,0.0275396,0.0206547,-0.0018898656898419998,-0.024932356532044,0.003276923076882,0.00431166056175,-0.0026732295482850004,-0.000327686202693,0.02805352027820277,1.7297609997513064,0.16260900019915425,0.07268399986060103,0.0
pd,00:06:31.317,1230,-90.0,-89.998,40.001,-89.959,0.08,0.003,0.0,0.0,0.0,0.0,0.0,0.0,-90.0,-89.997,40.0,-89.987,0.079,0.003,-90.0,-89.9975,40.0005,-89.973,0.0795,0.003,0.0,0.12266916237774998,-0.12266916237687836,-3.434736546559567,-0.12266916237716435,0.0,0.0,0.0005000000000023874,-0.000499999999995282,-0.013999999999995794,-0.0005000000000000004,0.0,0.0,-0.0206547,0.0137698,-0.0137698,0.0275396,0.0206547,-0.0018898656898419998,-0.024932356532044,0.003276923076882,0.00431166056175,-0.0026732295482850004,-0.000327686202693,0.02805352027820277,1.7120760003308533,0.13590599974122597,0.07192499970187782,0.0
pd,00:06:31.320,1231,-90.0,-89.998,40.001,-89.959,0.08,0.003,0.0,0.0,0.0,0.0,0.0,0.0,-90.0,-89.997,40.0,-89.987,0.079,0.003,-90.0,-89.9975,40.0005,-89.973,0.0795,0.003,0.0,0.08810822619989973,-0.08810822619927369,-2.4670303335846717,-0.08810822619947911,0.0,0.0,0.0005000000000023874,-0.000499999999995282,-0.013999999999995794,-0.0005000000000000004,0.0,0.0,-0.0206547,0.0137698,-0.0137698,0.0275396,0.0206547,-0.0018898656898419998,-0.024932356532044,0.003276923076882,0.00431166056175,-0.0026732295482850004,-0.000327686202693,0.02805352027820277,1.9671109998853353,0.22722000039721024,0.09062900016942876,0.0
pd,00:06:31.322,1232,-90.0,-89.998,40.001,-89.959,0.08,0.003,0.0,0.0,0.0,0.0,0.0,0.0,-90.0,-89.997,40.0,-89.987,0.079,0.003,-90.0,-89.9975,40.0005,-89.973,0.0795,0.003,0.0,0.10478425102478334,-0.1047842510240388,-2.9339590286790425,-0.1047842510242831,0.0,0.0,0.0005000000000023874,-0.000499999999995282,-0.013999999999995794,-0.0005000000000000004,0.0,-0.0137698,0.0068849,-0.0275396,-0.0413094,0.0206547,0.0137698,-0.00268742368739,-0.024412210011904,0.001768498168476,0.005743131868251001,-0.00275946275952,-0.00024145299145800003,0.02805352027820277,3.768036999645119,0.25836800023171236,0.138740000238613,0.0
pd,00:06:31.327,1233,-90.0,-89.998,40.001,-89.959,0.08,0.003,0.0,0.0,0.0,0.0,0.0,0.0,-90.0,-89.997,40.0,-89.987,0.079,0.003,-90.0,-89.9975,40.0005,-89.973,0.0795,0.003,0.0,0.058293084278686166,-0.05829308427827197,-1.6322063597949288,-0.05829308427840788,0.0,0.0,0.0005000000000023874,-0.000499999999995282,-0.013999999999995794,-0.0005000000000000004,0.0,-0.0137698,0.0068849,-0.0275396,-0.0413094,0.0206547,0.0137698,-0.00268742368739,-0.024412210011904,0.001768498168476,0.005743131868251001,-0.00275946275952,-0.00024145299145800003,0.02805352027820277,3.106340000158525,0.23568300002807518,0.11370299989721389,0.0
pd,00:06:31.330,1234,-90.0,-89.998,40.001,-89.959,0.08,0.003,0.0,0.0,0.0,0.0,0.0,0.0,-90.0,-89.997,40.0,-89.987,0.079,0.003,-90.0,-89.9975,40.0005,-89.973,0.0795,0.003,0.0,0.0703223123871643,-0.07032231238666463,-1.9690247468306068,-0.07032231238682858,0.0,0.0,0.0005000000000023874,-0.000499999999995282,-0.013999999999995794,-0.0005000000000000004,0.0,-0.0137698,0.0068849,-0.0275396,-0.0413094,0.0206547,0.0137698,-0.00268742368739,-0.024412210011904,0.001768498168476,0.005743131868251001,-0.00275946275952,-0.00024145299145800003,0.02805352027820277,2.017683999838482,0.19836799992845044,0.09555499991620309,0.0
pd,00:06:31.333,1235,-90.0,-89.998,40.001,-89.959,0.08,0.003,0.0,0.0,0.0,0.0,0.0,0.0,-90.0,-89.997,40.0,-89.987,0.079,0.003,-90.0,-89.9975,40.0005,-89.973,0.0795,0.003,0.0,0.10246003517735067,-0.10246003517662265,-2.868880984951258,-0.10246003517686153,0.0,0.0,0.0005000000000023874,-0.000499999999995282,-0.013999999999995794,-0.0005000000000000004,0.0,-0.0137698,0.0068849,-0.0275396,-0.0413094,0.0206547,0.0137698,-0.00268742368739,-0.024412210011904,0.001768498168476,0.005743131868251001,-0.00275946275952,-0.00024145299145800003,0.02805352027820277,1.7684459999145474,0.16249899999820627,0.06951799969101558,0.0
pd,00:06:31.335,1236,-90.0,-89.998,40.001,-89.959,0.08,0.003,0.0,0.0,0.0,0.0,0.0,0.0,-90.0,-89.997,40.0,-89.987,0.079,0.003,-90.0,-89.9975,40.0005,-89.973,0.0795,0.003,0.0,0.12062303002473332,-0.12062303002387624,-3.3774448406753916,-0.12062303002415747,0.0,0.0,0.0005000000000023874,-0.000499999999995282,-0.013999999999995794,-0.0005000000000000004,0.0,-0.0137698,0.0068849,-0.0275396,-0.0413094,0.0206547,0.0137698,-0.00268742368739,-0.024412210011904,0.001768498168476,0.005743131868251001,-0.00275946275952,-0.00024145299145800003,0.02805352027820277,1.7012980001709366,0.13016499997320352,0.06905500003995257,0.0
pd,00:06:31.337,1237,-90.0,-89.998,40.001,-89.96,0.08,0.003,0.0,0.0,0.0,-0.49356366203346935,0.0,0.0,-90.0,-89.997,40.0,-89.987,0.079,0.003,-90.0,-89.9975,40.0005,-89.92414363379665,0.0795,0.003,0.0,0.12339091551012082,-0.12339091550924408,8.84869970535189,-0.12339091550953177,0.0,0.0,0.0005000000000023874,-0.000499999999995282,0.035856366203347534,-0.0005000000000000004,0.0,-0.0137698,0.0068849,-0.0275396,-0.0413094,0.0206547,0.0137698,-0.00268742368739,-0.024412210011904,0.001768498168476,0.005743131868251001,-0.00275946275952,-0.00024145299145800003,0.02705549851693848,1.98407399966527,0.21268299997245776,0.10075799991682288,0.0
pd,00:06:31.339,1238,-90.0,-89.998,40.001,-89.96,0.08,0.003,0.0,0.0,0.0,0.0,0.0,0.0,-90.0,-89.997,40.0,-89.987,0.079,0.003,-90.0,-89.9975,40.0005,-89.9735,0.0795,0.003,0.0,0.10474238337878401,-0.10474238337803977,-2.828044351213772,-0.10474238337828398,0.0,0.0,0.0005000000000023874,-0.000499999999995282,-0.013500000000007617,-0.0005000000000000004,0.0,-0.0137698,0.0068849,-0.0275396,-0.0413094,0.0206547,0.0137698,-0.00268742368739,-0.024412210011904,0.001768498168476,0.005743131868251001,-0.00275946275952,-0.00024145299145800003,0.02705549851693848,1.743798000006791,0.16746099981901352,0.07353599994530668,0.0
pd,00:06:31.341,1239,-90.0,-89.998,40.001,-89.96,0.08,0.003,0.0,0.0,0.0,0.0,0.0,0.0,-90.0,-89.997,40.0,-89.987,0.079,0.003,-90.0,-89.9975,40.0005,-89.9735,0.0795,0.003,0.0,0.12157402898608774,-0.1215740289852239,-3.28249878260882,-0.12157402898550736,0.0,0.0,0.0005000000000023874,-0.000499999999995282,-0.013500000000007617,-0.0005000000000000004,0.0,-0.0137698,0.0068849,-0.0275396,-0.0413094,0.0206547,0.0137698,-0.00268742368739,-0.024412210011904,0.001768498168476,0.005743131868251001,-0.00275946275952,-0.00024145299145800003,0.02705549851693848,1.8715179999162501,0.25312800016763504,0.1357209998786857,0.0
pd,00:06:31.344,1240,-90.0,-89.998,40.001,-89.96,0.08,0.003,0.0,0.0,0.0,0.0,0.0,0.0,-90.0,-89.997,40.0,-89.987,0.079,0.003,-90.0,-89.9975,40.0005,-89.9735,0.0795,0.003,0.0,0.10520477576051036,-0.10520477575976284,-2.840528945520324,-0.10520477576000813,0.0,0.0,0.0005000000000023874,-0.000499999999995282,-0.013500000000007617,-0.0005000000000000004,0.0,-0.0068849,0.0206547,-0.0,-0.13081310000000002,-0.0275396,-0.0068849,-0.0020632478632219998,-0.02436019535989,0.00225396825394,0.005260225885335,-0.0025697496948030004,0.000741605616621,0.02705549851693848,4.69662099976631,0.24395999980697525,0.14236900005926145,0.0
pd,00:06:31.350,1241,-90.0,-89.998,40.001,-89.96,0.08,0.003,0.0,0.0,0.0,0.0,0.0,0.0,-90.0,-89.997,40.0,-89.987,0.079,0.003,-90.0,-89.9975,40.0005,-89.9735,0.0795,0.003,0.0,0.04137210495186454,-0.04137210495157057,-1.1170468336950512,-0.04137210495166703,0.0,0.0,0.0005000000000023874,-0.000499999999995282,-0.013500000000007617,-0.0005000000000000004,0.0,-0.0068849,0.0206547,-0.0,-0.13081310000000002,-0.0275396,-0.0068849,-0.0020632478632219998,-0.02436019535989,0.00225396825394,0.005260225885335,-0.0025697496948030004,0.000741605616621,0.02705549851693848,1.9481109998196189,0.22651600011158735,0.08948000004238565,0.0
pd,00:06:31.352,1242,-90.0,-89.998,40.001,-89.96,0.08,0.003,0.0,0.0,0.0,0.0,0.0,0.0,-90.0,-89.997,40.0,-89.987,0.079,0.003,-90.0,-89.9975,40.0005,-89.9735,0.0795,0.003,0.0,0.10563933105027269,-0.10563933104952208,-2.852261938343852,-0.10563933104976837,0.0,0.0,0.0005000000000023874,-0.000499999999995282,-0.013500000000007617,-0.0005000000000000004,0.0,-0.0068849,0.0206547,-0.0,-0.13081310000000002,-0.0275396,-0.0068849,-0.0020632478632219998,-0.02436019535989,0.00225396825394,0.005260225885335,-0.0025697496948030004,0.000741605616621,0.02705549851693848,1.8707039998844266,0.19699799986483413,0.082203000147274,0.0
pd,00:06:31.354,1243,-90.0,-89.998,40.001,-89.96,0.08,0.003,0.0,0.0,0.0,0.0,0.0,0.0,-90.0,-89.997,40.0,-89.987,0.079,0.003,-90.0,-89.9975,40.0005,-89.9735,0.0795,0.003,0.0,0.11199145573053582,-0.11199145572974006,-3.0237693047101435,-0.11199145573000117,0.0,0.0,0.0005000000000023874,-0.000499999999995282,-0.013500000000007617,-0.0005000000000000004,0.0,-0.0068849,0.0206547,-0.0,-0.13081310000000002,-0.0275396,-0.0068849,-0.0020632478632219998,-0.02436019535989,0.00225396825394,0.005260225885335,-0.0025697496948030004,0.000741605616621,0.02705549851693848,1.7916300002980279,0.24820099997668876,0.12727700004688813,0.0
pd,00:06:31.356,1244,-90.0,-89.998,40.001,-89.96,0.08,0.003,0.0,0.0,0.0,0.0,0.0,0.0,-90.0,-89.997,40.0,-89.987,0.079,0.003,-90.0,-89.9975,40.0005,-89.9735,0.0795,0.003,0.0,0.10981003246465669,-0.10981003246387645,-2.9648708765316862,-0.10981003246413247,0.0,0.0,0.0005000000000023874,-0.000499999999995282,-0.013500000000007617,-0.0005000000000000004,0.0,-0.0068849,0.0206547,-0.0,-0.13081310000000002,-0.0275396,-0.0068849,-0.0020632478632219998,-0.02436019535989,0.00225396825394,0.005260225885335,-0.0025697496948030004,0.000741605616621,0.02705549851693848,2.4599399998805893,0.2266460001010273,0.09827699977904558,0.0
pd,00:06:31.359,1245,-90.0,-89.998,40.001,-89.961,0.08,0.003,0.0,0.0,0.0,-0.34741191087716616,0.0,0.0,-90.0,-89.997,40.0,-89.987,0.079,0.003,-90.0,-89.9975,40.0005,-89.93925880891229,0.0795,0.003,0.0,0.08685297771929154,-0.08685297771867441,3.7765743702469154,-0.08685297771887691,0.0,0.0,0.0005000000000023874,-0.000499999999995282,0.02174119108771322,-0.0005000000000000004,0.0,-0.0068849,0.0206547,-0.0,-0.13081310000000002,-0.0275396,-0.0068849,-0.0020632478632219998,-0.02436019535989,0.00225396825394,0.005260225885335,-0.0025697496948030004,0.000741605616621,0.026057628441587117,1.8673340000532335,0.17859100034911535,0.07751800012556487,0.0
pd,00:06:31.361,1246,-90.0,-89.998,40.001,-89.961,0.08,0.003,0.0,0.0,0.0,0.0,0.0,0.0,-90.0,-89.997,40.0,-89.987,0.079,0.003,-90.0,-89.9975,40.0005,-89.97399999999999,0.0795,0.003,0.0,0.11322492171525826,-0.11322492171445375,-2.9438479645822335,-0.11322492171471774,0.0,0.0,0.0005000000000023874,-0.000499999999995282,-0.012999999999991019,-0.0005000000000000004,0.0,-0.0068849,0.0206547,-0.0,-0.13081310000000002,-0.0275396,-0.0068849,-0.0020632478632219998,-0.02436019535989,0.00225396825394,0.005260225885335,-0.0025697496948030004,0.000741605616621,0.026057628441587117,1.991332999750739,0.9834530001171515,0.38247800011959043,0.0
pd,00:06:31.365,1247,-90.0,-89.998,40.001,-89.961,0.08,0.003,0.0,0.0,0.0,0.0,0.0,0.0,-90.0,-89.997,40.0,-89.987,0.079,0.003,-90.0,-89.9975,40.0005,-89.97399999999999,0.0795,0.003,0.0,0.0697191489365031,-0.06971914893600772,-1.8126978723401639,-0.06971914893617027,0.0,0.0,0.0005000000000023874,-0.000499999999995282,-0.012999999999991019,-0.0005000000000000004,0.0,0.0,-0.0137698,-0.0413094,-0.0826188,0.0068849,-0.0,-0.0024620268619959997,-0.025625885225564,0.00225396825394,0.004863553113654001,-0.0018798840049230002,-3.4493284494e-05,0.026057628441587117,3.0736919998162193,0.21153499983483925,0.0934429999688291,0.0
pd,00:06:31.369,1248,-90.0,-89.998,40.001,-89.961,0.08,0.003,0.0,0.0,0.0,0.0,0.0,0.0,-90.0,-89.997,40.0,-89.987,0.079,0.003,-90.0,-89.9975,40.0005,-89.97399999999999,0.0795,0.003,0.0,0.07216627666930535,-0.07216627666879258,-1.8763231933927094,-0.07216627666896083,0.0,0.0,0.0005000000000023874,-0.000499999999995282,-0.012999999999991019,-0.0005000000000000004,0.0,0.0,-0.0137698,-0.0413094,-0.0826188,0.0068849,-0.0,-0.0024620268619959997,-0.025625885225564,0.00225396825394,0.004863553113654001,-0.0018798840049230002,-3.4493284494e-05,0.026057628441587117,1.7646489995968295,0.1442949996999232,0.06229500013432698,0.0
pd,00:06:31.371,1249,-90.0,-89.998,40.001,-89.961,0.08,0.003,0.0,0.0,0.0,0.0,0.0,0.0,-90.0,-89.997,40.0,-89.987,0.079,0.003,-90.0,-89.9975,40.0005,-89.97399999999999,0.0795,0.003,0.0,0.12279845415212634,-0.1227984541512538,-3.192759807939579,-0.1227984541515401,0.0,0.0,0.0005000000000023874,-0.000499999999995282,-0.012999999999991019,-0.0005000000000000004,0.0,0.0,-0.0137698,-0.0413094,-0.0826188,0.0068849,-0.0,-0.0024620268619959997,-0.025625885225564,0.00225396825394,0.004863553113654001,-0.0018798840049230002,-3.4493284494e-05,0.026057628441587117,1.6848539999045897,0.13325800000529853,0.059091999901284,0.0
pd,00:06:31.373,1250,-90.0,-89.998,40.001,-89.961,0.08,0.003,0.0,0.0,0.0,0.0,0.0,0.0,-90.0,-89.997,40.0,-89.987,0.079,0.003,-90.0,-89.9975,40.0005,-89.97399999999999,0.0795,0.003,0.0,0.12888102261615128,-0.1288810226152355,-3.3509065880034496,-0.128881022615536,0.0,0.0,0.0005000000000023874,-0.000499999999995282,-0.012999999999991019,-0.0005000000000000004,0.0,0.0,-0.0137698,-0.0413094,-0.0826188,0.0068849,-0.0,-0.0024620268619959997,-0.025625885225564,0.00225396825394,0.004863553113654001,-0.0018798840049230002,-3.4493284494e-05,0.026057628441587117,1.723317000141833,0.1499800000601681,0.06729599999744096,0.0
pd,00:06:31.375,1251,-90.0,-89.998,40.001,-89.961,0.08,0.003,0.0,0.0,0.0,0.0,0.0,0.0,-90.0,-89.997,40.0,-89.987,0.079,0.003,-90.0,-89.9975,40.0005,-89.97399999999999,0.0795,0.003,0.0,0.0869970961590481,-0.08699709615842995,-2.261924500124124,-0.08699709615863278,0.0,0.0,0.0005000000000023874,-0.000499999999995282,-0.012999999999991019,-0.0005000000000000004,0.0,0.0,-0.0137698,-0.0413094,-0.0826188,0.0068849,-0.0,-0.0024620268619959997,-0.025625885225564,0.00225396825394,0.004863553113654001,-0.0018798840049230002,-3.4493284494e-05,0.026057628441587117,1.9797220002146787,0.2338870003768534,0.09851699996943353,0.0
pd,00:06:31.378,1252,-90.0,-89.998,40.001,-89.962,0.08,0.003,0.0,0.0,0.0,-0.4140477788766068,0.0,0.0,-90.0,-89.997,40.0,-89.987,0.079,0.003,-90.0,-89.9975,40.0005,-89.93309522211234,0.0795,0.003,0.0,0.1035119447191517,-0.10351194471841621,5.983979541626093,-0.10351194471865754,0.0,0.0,0.0005000000000023874,-0.000499999999995282,0.02890477788766077,-0.0005000000000000004,0.0,0.0,-0.0137698,-0.0413094,-0.0826188,0.0068849,-0.0,-0.0024620268619959997,-0.025625885225564,0.00225396825394,0.004863553113654001,-0.0018798840049230002,-3.4493284494e-05,0.02505992817227493,1.6900580003493815,0.15631299993401626,0.08353600014743279,0.0
pd,00:06:31.380,1253,-90.0,-89.998,40.001,-89.962,0.08,0.003,0.0,0.0,0.0,0.0,0.0,0.0,-90.0,-89.997,40.0,-89.987,0.079,0.003,-90.0,-89.9975,40.0005,-89.9745,0.0795,0.003,0.0,0.12444528839366328,-0.12444528839277905,-3.1111322098256657,-0.12444528839306918,0.0,0.0,0.0005000000000023874,-0.000499999999995282,-0.012500000000002842,-0.0005000000000000004,0.0,0.0,-0.0137698,-0.0413094,-0.0826188,0.0068849,-0.0,-0.0024620268619959997,-0.025625885225564,0.00225396825394,0.004863553113654001,-0.0018798840049230002,-3.4493284494e-05,0.02505992817227493,1.9209629999750177,0.3954029998567421,0.7341220002672344,0.0
pd,00:06:31.383,1254,-90.0,-89.998,40.001,-89.962,0.08,0.003,0.0,0.0,0.0,0.0,0.0,0.0,-90.0,-89.997,40.0,-89.987,0.079,0.003,-90.0,-89.9975,40.0005,-89.9745,0.0795,0.003,0.0,0.07836305208915677,-0.07836305208859998,-1.9590763022188968,-0.07836305208878268,0.0,0.0,0.0005000000000023874,-0.000499999999995282,-0.012500000000002842,-0.0005000000000000004,0.0,0.0275396,0.0413094,0.0137698,0.0137698,0.0068849,-0.0275396,-0.00268742368739,-0.025296459096142,0.00242735042732,0.004259920635009001,-0.0026732295482850004,-0.000155219780223,0.02505992817227493,3.4990029998880345,0.5398470002546674,0.4048849996252102,0.0
pd,00:06:31.388,1255,-90.0,-89.998,40.001,-89.962,0.08,0.003,0.0,0.0,0.0,0.0,0.0,0.0,-90.0,-89.997,40.0,-89.987,0.079,0.003,-90.0,-89.9975,40.0005,-89.9745,0.0795,0.003,0.0,0.05331652005923663,-0.05331652005885779,-1.3329130014740966,-0.053316520058982096,0.0,0.0,0.0005000000000023874,-0.000499999999995282,-0.012500000000002842,-0.0005000000000000004,0.0,0.0275396,0.0413094,0.0137698,0.0137698,0.0068849,-0.0275396,-0.00268742368739,-0.025296459096142,0.00242735042732,0.004259920635009001,-0.0026732295482850004,-0.000155219780223,0.02505992817227493,1.8609080002534029,0.1945540002452617,0.08324000009451993,0.0
pd,00:06:31.390,1256,-90.0,-89.998,40.001,-89.962,0.08,0.003,0.0,0.0,0.0,0.0,0.0,0.0,-90.0,-89.997,40.0,-89.987,0.079,0.003,-90.0,-89.9975,40.0005,-89.9745,0.0795,0.003,0.0,0.11270163370647107,-0.11270163370567027,-2.8175408426473623,-0.11270163370593303,0.0,0.0,0.0005000000000023874,-0.000499999999995282,-0.012500000000002842,-0.0005000000000000004,0.0,0.0275396,0.0413094,0.0137698,0.0137698,0.0068849,-0.0275396,-0.00268742368739,-0.025296459096142,0.00242735042732,0.004259920635009001,-0.0026732295482850004,-0.000155219780223,0.02505992817227493,1.7194279998875572,0.14338699975269265,0.06294400009210221,0.0
pd,00:06:31.392,1257,-90.0,-89.998,40.001,-89.962,0.08,0.003,0.0,0.0,0.0,0.0,0.0,0.0,-90.0,-89.997,40.0,-89.987,0.079,0.003,-90.0,-89.9975,40.0005,-89.9745,0.0795,0.003,0.0,0.12544275631116245,-0.1254427563102711,-3.136068907763017,-0.12544275631056356,0.0,0.0,0.0005000000000023874,-0.000499999999995282,-0.012500000000002842,-0.0005000000000000004,0.0,0.0275396,0.0413094,0.0137698,0.0137698,0.0068849,-0.0275396,-0.00268742368739,-0.025296459096142,0.00242735042732,0.004259920635009001,-0.0026732295482850004,-0.000155219780223,0.02505992817227493,1.8013339999924938,0.171627999861812,0.07747999961793539,0.0
pd,00:06:31.394,1258,-90.0,-89.998,40.001,-89.962,0.08,0.003,0.0,0.0,0.0,0.0,0.0,0.0,-90.0,-89.997,40.0,-89.987,0.079,0.003,-90.0,-89.9975,40.0005,-89.9745,0.0795,0.003,0.0,0.11763248822133798,-0.11763248822050215,-2.9408122055184047,-0.11763248822077642,0.0,0.0,0.0005000000000023874,-0.000499999999995282,-0.012500000000002842,-0.0005000000000000004,0.0,0.0275396,0.0413094,0.0137698,0.0137698,0.0068849,-0.0275396,-0.00268742368739,-0.025296459096142,0.00242735042732,0.004259920635009001,-0.0026732295482850004,-0.000155219780223,0.02505992817227493,1.7016319998219842,0.13099900024826638,0.05733299985877238,0.0
pd,00:06:31.396,1259,-90.0,-89.998,40.001,-89.962,0.08,0.003,0.0,0.0,0.0,0.0,0.0,0.0,-90.0,-89.997,40.0,-89.987,0.079,0.003,-90.0,-89.9975,40.0005,-89.9745,0.0795,0.003,0.0,0.125502812687613,-0.12550281268672128,-3.137570317174274,-0.12550281268701388,0.0,0.0,0.0005000000000023874,-0.000499999999995282,-0.012500000000002842,-0.0005000000000000004,0.0,0.0275396,0.0413094,0.0137698,0.0137698,0.0068849,-0.0275396,-0.00268742368739,-0.025296459096142,0.00242735042732,0.004259920635009001,-0.0026732295482850004,-0.000155219780223,0.02505992817227493,1.7344269999739481,0.17916499973580358,0.08449899996776367,0.0
pd,00:06:31.398,1260,-90.0,-89.998,40.001,-89.963,0.08,0.003,0.0,0.0,0.0,-0.4809430111180395,0.0,0.0,-90.0,-89.997,40.0,-89.987,0.079,0.003,-90.0,-89.9975,40.0005,-89.92690569888819,0.0795,0.003,0.0,0.12023575278121854,-0.1202357527803642,8.679650930537889,-0.12023575278064452,0.0,0.0,0.0005000000000023874,-0.000499999999995282,0.03609430111180245,-0.0005000000000000004,0.0,0.0275396,0.0413094,0.0137698,0.0137698,0.0068849,-0.0275396,-0.00268742368739,-0.025296459096142,0.00242735042732,0.004259920635009001,-0.0026732295482850004,-0.000155219780223,0.02406241883103294,1.7208529998242739,0.15249899979608017,0.06749900012437138,0.0
pd,00:06:31.401,1261,-90.0,-89.998,40.001,-89.963,0.08,0.003,0.0,0.0,0.0,0.0,0.0,0.0,-90.0,-89.997,40.0,-89.987,0.079,0.003,-90.0,-89.9975,40.0005,-89.975,0.0795,0.003,0.0,0.07994632509949731,-0.07994632509892927,-1.9187118023788468,-0.07994632509911566,0.0,0.0,0.0005000000000023874,-0.000499999999995282,-0.012000000000000455,-0.0005000000000000004,0.0,0.0275396,0.0413094,0.0137698,0.0137698,0.0068849,-0.0275396,-0.00268742368739,-0.025296459096142,0.00242735042732,0.004259920635009001,-0.0026732295482850004,-0.000155219780223,0.02406241883103294,2.1050909999758005,0.5461790001390909,0.4226070000186155,0.0
pd,00:06:31.405,1262,-90.0,-89.998,40.001,-89.963,0.08,0.003,0.0,0.0,0.0,0.0,0.0,0.0,-90.0,-89.997,40.0,-89.987,0.079,0.003,-90.0,-89.9975,40.0005,-89.975,0.0795,0.003,0.0,0.07564391862682202,-0.07564391862628453,-1.8154540470351286,-0.0756439186264609,0.0,0.0,0.0005000000000023874,-0.000499999999995282,-0.012000000000000455,-0.0005000000000000004,0.0,0.0206547,-0.0137698,0.034424500000000004,0.0275396,-0.0481943,0.0275396,-0.003051526251488,-0.024152136751834,0.00286080586077,0.004397893772985001,-0.0019661172161580002,0.000379426129434,0.02406241883103294,4.255106000073283,0.23721999968984164,0.11757299989767489,0.0
pd,00:06:31.409,1263,-90.0,-89.998,40.001,-89.963,0.08,0.003,0.0,0.0,0.0,0.0,0.0,0.0,-90.0,-89.997,40.0,-89.987,0.079,0.003,-90.0,-89.9975,40.0005,-89.975,0.0795,0.003,0.0,0.053068272686118065,-0.05306827268574099,-1.2736385444608003,-0.05306827268586472,0.0,0.0,0.0005000000000023874,-0.000499999999995282,-0.012000000000000455,-0.0005000000000000004,0.0,0.0206547,-0.0137698,0.034424500000000004,0.0275396,-0.0481943,0.0275396,-0.003051526251488,-0.024152136751834,0.00286080586077,0.004397893772985001,-0.0019661172161580002,0.000379426129434,0.02406241883103294,1.75413099987054,0.14779499997530365,0.06377699992299313,0.0
pd,00:06:31.411,1264,-90.0,-89.998,40.001,-89.963,0.08,0.003,0.0,0.0,0.0,0.0,0.0,0.0,-90.0,-89.997,40.0,-89.987,0.079,0.003,-90.0,-89.9975,40.0005,-89.975,0.0795,0.003,0.0,0.12269787034928702,-0.12269787034841519,-2.944748888368939,-0.12269787034870125,0.0,0.0,0.0005000000000023874,-0.000499999999995282,-0.012000000000000455,-0.0005000000000000004,0.0,0.0206547,-0.0137698,0.034424500000000004,0.0275396,-0.0481943,0.0275396,-0.003051526251488,-0.024152136751834,0.00286080586077,0.004397893772985001,-0.0019661172161580002,0.000379426129434,0.02406241883103294,1.7823529997258447,0.16831299990371917,0.14664699983768514,0.0
pd,00:06:31.413,1265,-90.0,-89.998,40.001,-89.963,0.08,0.003,0.0,0.0,0.0,0.0,0.0,0.0,-90.0,-89.997,40.0,-89.987,0.079,0.003,-90.0,-89.9975,40.0005,-89.975,0.0795,0.003,0.0,0.11469875300864218,-0.1146987530078272,-2.7527700721943726,-0.11469875300809461,0.0,0.0,0.0005000000000023874,-0.000499999999995282,-0.012000000000000455,-0.0005000000000000004,0.0,0.0206547,-0.0137698,0.034424500000000004,0.0275396,-0.0481943,0.0275396,-0.003051526251488,-0.024152136751834,0.00286080586077,0.004397893772985001,-0.0019661172161580002,0.000379426129434,0.02406241883103294,1.7269649997615488,0.14922100035619223,0.060183999721630244,0.0
pd,00:06:31.415,1266,-90.0,-89.998,40.001,-89.963,0.08,0.003,0.0,0.0,0.0,0.0,0.0,0.0,-90.0,-89.997,40.0,-89.987,0.079,0.003,-90.0,-89.9975,40.0005,-89.975,0.0795,0.003,0.0,0.1248007617239951,-0.12480076172310833,-2.995218281361694,-0.1248007617233993,0.0,0.0,0.0005000000000023874,-0.000499999999995282,-0.012000000000000455,-0.0005000000000000004,0.0,0.0206547,-0.0137698,0.034424500000000004,0.0275396,-0.0481943,0.0275396,-0.003051526251488,-0.024152136751834,0.00286080586077,0.004397893772985001,-0.0019661172161580002,0.000379426129434,0.02406241883103294,1.792537999790511,0.1743879997775366,0.08355499994650017,0.0
pd,00:06:31.418,1267,-90.0,-89.998,40.001,-89.964,0.08,0.003,0.0,0.0,0.0,-0.46947660622565784,0.0,0.0,-90.0,-89.997,40.0,-89.987,0.079,0.003,-90.0,-89.9975,40.0005,-89.92855233937743,0.0795,0.003,0.0,0.11736915155641446,-0.1173691515555805,8.32092370382126,-0.11736915155585415,0.0,0.0,0.0005000000000023874,-0.000499999999995282,0.03544766062256599,-0.0005000000000000004,0.0,0.0206547,-0.0137698,0.034424500000000004,0.0275396,-0.0481943,0.0275396,-0.003051526251488,-0.024152136751834,0.00286080586077,0.004397893772985001,-0.0019661172161580002,0.000379426129434,0.023065125189337843,2.032370000051742,0.21823899987793993,0.11451699992903741,0.0
pd,00:06:31.420,1268,-90.0,-89.998,40.001,-89.964,0.08,0.003,0.0,0.0,0.0,0.0,0.0,0.0,-90.0,-89.997,40.0,-89.987,0.079,0.003,-90.0,-89.9975,40.0005,-89.9755,0.0795,0.003,0.0,0.10147837027049325,-0.1014783702697722,-2.334002516209808,-0.1014783702700088,0.0,0.0,0.0005000000000023874,-0.000499999999995282,-0.011499999999998067,-0.0005000000000000004,0.0,0.0206547,-0.0137698,0.034424500000000004,0.0275396,-0.0481943,0.0275396,-0.003051526251488,-0.024152136751834,0.00286080586077,0.004397893772985001,-0.0019661172161580002,0.000379426129434,0.023065125189337843,1.977610999801982,0.2378310000494821,0.11694299973896705,0.0
pd,00:06:31.422,1269,-90.0,-89.998,40.001,-89.964,0.08,0.003,0.0,0.0,0.0,0.0,0.0,0.0,-90.0,-89.997,40.0,-89.987,0.079,0.003,-90.0,-89.9975,40.0005,-89.9755,0.0795,0.003,0.0,0.10278141540923415,-0.10278141540850384,-2.3639725544007004,-0.10278141540874347,0.0,0.0,0.0005000000000023874,-0.000499999999995282,-0.011499999999998067,-0.0005000000000000004,0.0,0.0275396,0.0413094,-0.0068849,-0.0137698,-0.0206547,0.0068849,-0.002826129426094,-0.024342857142552,0.0017164835164619999,0.0038632478633280004,-0.003138888888954,0.00034493284494,0.023065125189337843,3.044766000130039,0.2735899997787783,0.09672099986346439,0.0
pd,00:06:31.426,1270,-90.0,-89.998,40.001,-89.964,0.08,0.003,0.0,0.0,0.0,0.0,0.0,0.0,-90.0,-89.997,40.0,-89.987,0.079,0.003,-90.0,-89.9975,40.0005,-89.9755,0.0795,0.003,0.0,0.06658048130071793,-0.06658048130024485,-1.5313510699089432,-0.06658048130040009,0.0,0.0,0.0005000000000023874,-0.000499999999995282,-0.011499999999998067,-0.0005000000000000004,0.0,0.0275396,0.0413094,-0.0068849,-0.0137698,-0.0206547,0.0068849,-0.002826129426094,-0.024342857142552,0.0017164835164619999,0.0038632478633280004,-0.003138888888954,0.00034493284494,0.023065125189337843,2.509659999759606,0.1864979999481875,0.08835100015858188,0.0
pd,00:06:31.430,1271,-90.0,-89.998,40.001,-89.964,0.08,0.003,0.0,0.0,0.0,0.0,0.0,0.0,-90.0,-89.997,40.0,-89.987,0.079,0.003,-90.0,-89.9975,40.0005,-89.9755,0.0795,0.003,0.0,0.06033580758415368,-0.06033580758372497,-1.3877235744286753,-0.06033580758386564,0.0,0.0,0.0005000000000023874,-0.000499999999995282,-0.011499999999998067,-0.0005000000000000004,0.0,0.0275396,0.0413094,-0.0068849,-0.0137698,-0.0206547,0.0068849,-0.002826129426094,-0.024342857142552,0.0017164835164619999,0.0038632478633280004,-0.003138888888954,0.00034493284494,0.023065125189337843,1.9358330000613932,0.2295170002071245,0.09420199967280496,0.0
pd,00:06:31.433,1272,-90.0,-89.998,40.001,-89.964,0.08,0.003,0.0,0.0,0.0,0.0,0.0,0.0,-90.0,-89.997,40.0,-89.987,0.079,0.003,-90.0,-89.9975,40.0005,-89.9755,0.0795,0.003,0.0,0.10288226059703756,-0.10288226059630654,-2.3662919937201674,-0.1028822605965464,0.0,0.0,0.0005000000000023874,-0.000499999999995282,-0.011499999999998067,-0.0005000000000000004,0.0,0.0275396,0.0413094,-0.0068849,-0.0137698,-0.0206547,0.0068849,-0.002826129426094,-0.024342857142552,0.0017164835164619999,0.0038632478633280004,-0.003138888888954,0.00034493284494,0.023065125189337843,1.9501100000525184,0.23371999986920855,0.16588700009378954,0.0
pd,00:06:31.435,1273,-90.0,-89.998,40.001,-89.964,0.08,0.003,0.0,0.0,0.0,0.0,0.0,0.0,-90.0,-89.997,40.0,-89.987,0.079,0.003,-90.0,-89.9975,40.0005,-89.9755,0.0795,0.003,0.0,0.10181337994028612,-0.1018133799395627,-2.341707738615006,-0.10181337993980007,0.0,0.0,0.0005000000000023874,-0.000499999999995282,-0.011499999999998067,-0.0005000000000000004,0.0,0.0275396,0.0413094,-0.0068849,-0.0137698,-0.0206547,0.0068849,-0.002826129426094,-0.024342857142552,0.0017164835164619999,0.0038632478633280004,-0.003138888888954,0.00034493284494,0.023065125189337843,2.145423000001756,0.29716300014115404,0.12716599985651555,0.0
pd,00:06:31.438,1274,-90.0,-89.998,40.001,-89.962,0.08,0.003,0.0,0.0,0.0,0.7436049995550439,0.0,0.0,-90.0,-89.997,40.0,-89.987,0.079,0.003,-90.0,-89.9975,40.0005,-90.04886049995551,0.0795,0.003,0.0,0.09295062494504093,-0.09295062494438049,-16.147475507727773,-0.09295062494459719,0.0,0.0,0.0005000000000023874,-0.000499999999995282,-0.08686049995550604,-0.0005000000000000004,0.0,0.0275396,0.0413094,-0.0068849,-0.0137698,-0.0206547,0.0068849,-0.002826129426094,-0.024342857142552,0.0017164835164619999,0.0038632478633280004,-0.003138888888954,0.00034493284494,0.02505992817227493,1.9190369998796086,0.2991449996443407,0.12292500014154939,0.0
pd,00:06:31.440,1275,-90.0,-89.998,40.001,-89.962,0.08,0.003,0.0,0.0,0.0,0.0,0.0,0.0,-90.0,-89.997,40.0,-89.987,0.079,0.003,-90.0,-89.9975,40.0005,-89.9745,0.0795,0.003,0.0,0.10203133210129481,-0.10203133210056983,-2.5507833025193207,-0.10203133210080773,0.0,0.0,0.0005000000000023874,-0.000499999999995282,-0.012500000000002842,-0.0005000000000000004,0.0,0.0275396,0.0413094,-0.0068849,-0.0137698,-0.0206547,0.0068849,-0.002826129426094,-0.024342857142552,0.0017164835164619999,0.0038632478633280004,-0.003138888888954,0.00034493284494,0.02505992817227493,1.979628999833949,0.2028680000876193,0.08981399969343329,0.0
pd,00:06:31.443,1276,-90.0,-89.998,40.001,-89.962,0.08,0.003,0.0,0.0,0.0,0.0,0.0,0.0,-90.0,-89.997,40.0,-89.987,0.079,0.003,-90.0,-89.9975,40.0005,-89.9745,0.0795,0.003,0.0,0.10595957962863851,-0.10595957962788563,-2.648989490702411,-0.10595957962813267,0.0,0.0,0.0005000000000023874,-0.000499999999995282,-0.012500000000002842,-0.0005000000000000004,0.0,0.0413094,-0.0068849,-0.0137698,0.1790074,0.0137698,0.034424500000000004,-0.002149938949912,-0.024412210011904,0.00164713064711,0.0033630952381650003,-0.0028112026862610003,-3.4493284494e-05,0.02505992817227493,3.484281000055489,0.21275700009937282,0.323089000175969,0.0
pd,00:06:31.447,1277,-90.0,-89.998,40.001,-89.962,0.08,0.003,0.0,0.0,0.0,0.0,0.0,0.0,-90.0,-89.997,40.0,-89.987,0.079,0.003,-90.0,-89.9975,40.0005,-89.9745,0.0795,0.003,0.0,0.05876021294508304,-0.05876021294466552,-1.4690053236195606,-0.05876021294480252,0.0,0.0,0.0005000000000023874,-0.000499999999995282,-0.012500000000002842,-0.0005000000000000004,0.0,0.0413094,-0.0068849,-0.0137698,0.1790074,0.0137698,0.034424500000000004,-0.002149938949912,-0.024412210011904,0.00164713064711,0.0033630952381650003,-0.0028112026862610003,-3.4493284494e-05,0.02505992817227493,2.083498000047257,0.18597999996927683,0.08599900002081995,0.0
pd,00:06:31.449,1278,-90.0,-89.998,40.001,-89.962,0.08,0.003,0.0,0.0,0.0,0.0,0.0,0.0,-90.0,-89.997,40.0,-89.987,0.079,0.003,-90.0,-89.9975,40.0005,-89.9745,0.0795,0.003,0.0,0.10250009775220008,-0.10250009775147177,-2.5625024437918924,-0.10250009775171075,0.0,0.0,0.0005000000000023874,-0.000499999999995282,-0.012500000000002842,-0.0005000000000000004,0.0,0.0413094,-0.0068849,-0.0137698,0.1790074,0.0137698,0.034424500000000004,-0.002149938949912,-0.024412210011904,0.00164713064711,0.0033630952381650003,-0.0028112026862610003,-3.4493284494e-05,0.02505992817227493,1.6865400002643582,0.146942999890598,0.05905499983782647,0.0
pd,00:06:31.451,1279,-90.0,-89.998,40.001,-89.962,0.08,0.003,0.0,0.0,0.0,0.0,0.0,0.0,-90.0,-89.997,40.0,-89.987,0.079,0.003,-90.0,-89.9975,40.0005,-89.9745,0.0795,0.003,0.0,0.12757951089001177,-0.12757951088910527,-3.1894877722339774,-0.12757951088940273,0.0,0.0,0.0005000000000023874,-0.000499999999995282,-0.012500000000002842,-0.0005000000000000004,0.0,0.0413094,-0.0068849,-0.0137698,0.1790074,0.0137698,0.034424500000000004,-0.002149938949912,-0.024412210011904,0.00164713064711,0.0033630952381650003,-0.0028112026862610003,-3.4493284494e-05,0.02505992817227493,1.7719639999995707,0.1613869999346207,0.07314699996641139,0.0
pd,00:06:31.453,1280,-90.0,-89.998,40.001,-89.962,0.08,0.003,0.0,0.0,0.0,0.0,0.0,0.0,-90.0,-89.997,40.0,-89.987,0.079,0.003,-90.0,-89.9975,40.0005,-89.9745,0.0795,0.003,0.0,0.12026333295160073,-0.1202633329507462,-3.006583323774637,-0.1202633329510266,0.0,0.0,0.0005000000000023874,-0.000499999999995282,-0.012500000000002842,-0.0005000000000000004,0.0,0.0413094,-0.0068849,-0.0137698,0.1790074,0.0137698,0.034424500000000004,-0.002149938949912,-0.024412210011904,0.00164713064711,0.0033630952381650003,-0.0028112026862610003,-3.4493284494e-05,0.02505992817227493,2.103756999986217,0.19270100028734305,0.08885100032784976,0.0
pd,00:06:31.457,1281,-90.0,-89.998,40.001,-89.962,0.08,0.003,0.0,0.0,0.0,0.0,0.0,0.0,-90.0,-89.997,40.0,-89.987,0.079,0.003,-90.0,-89.9975,40.0005,-89.9745,0.0795,0.003,0.0,0.07087367353869596,-0.07087367353819238,-1.7718418384583345,-0.07087367353835762,0.0,0.0,0.0005000000000023874,-0.000499999999995282,-0.012500000000002842,-0.0005000000000000004,0.0,0.0413094,-0.0068849,-0.0137698,0.1790074,0.0137698,0.034424500000000004,-0.002149938949912,-0.024412210011904,0.00164713064711,0.0033630952381650003,-0.0028112026862610003,-3.4493284494e-05,0.02505992817227493,2.0267770000828023,0.2588679999462329,0.12384999990899814,0.0
pd,00:06:31.460,1282,-90.0,-89.998,40.001,-89.965,0.08,0.003,0.0,0.0,0.0,-1.1863956251179029,0.0,0.0,-90.0,-89.997,40.0,-89.987,0.079,0.003,-90.0,-89.9975,40.0005,-89.85736043748821,0.0795,0.003,0.0,0.09886630209362689,-0.09886630209292441,21.283851008932217,-0.0988663020931549,0.0,0.0,0.0005000000000023874,-0.000499999999995282,0.10763956251179252,-0.0005000000000000004,0.0,0.0413094,-0.0068849,-0.0137698,0.1790074,0.0137698,0.034424500000000004,-0.002149938949912,-0.024412210011904,0.00164713064711,0.0033630952381650003,-0.0028112026862610003,-3.4493284494e-05,0.02206807649070541,2.0858689999840863,0.2576450001470221,0.12775799996234127,0.0
pd,00:06:31.462,1283,-90.0,-89.998,40.001,-89.965,0.08,0.003,0.0,0.0,0.0,0.0,0.0,0.0,-90.0,-89.997,40.0,-89.987,0.079,0.003,-90.0,-89.9975,40.0005,-89.976,0.0795,0.003,0.0,0.09663404294581207,-0.09663404294512544,-2.1259489447968796,-0.09663404294535075,0.0,0.0,0.0005000000000023874,-0.000499999999995282,-0.01099999999999568,-0.0005000000000000004,0.0,0.0413094,-0.0481943,-0.0275396,-0.0481943,-0.0757339,-0.0068849,-0.002236630036602,-0.024117460317157998,0.002791452991418,0.004794566544666001,-0.0019661172161580002,-0.000327686202693,0.02206807649070541,3.670889999739302,0.25279400006184005,0.12231399978190893,0.0
pd,00:06:31.466,1284,-90.0,-89.998,40.001,-89.965,0.08,0.003,0.0,0.0,0.0,0.0,0.0,0.0,-90.0,-89.997,40.0,-89.987,0.079,0.003,-90.0,-89.9975,40.0005,-89.976,0.0795,0.003,0.0,0.06009031518653334,-0.06009031518610637,-1.321986934096902,-0.060090315186246475,0.0,0.0,0.0005000000000023874,-0.000499999999995282,-0.01099999999999568,-0.0005000000000000004,0.0,-0.0413094,-0.0481943,-0.0275396,-0.0481943,-0.0757339,-0.0068849,-0.002236630036602,-0.024117460317157998,0.002791452991418,0.004794566544666001,-0.0019661172161580002,-0.000327686202693,0.02206807649070541,2.858286999980919,0.24797900005069096,0.09755500013852725,0.0
pd,00:06:31.470,1285,-90.0,-89.998,40.001,-89.965,0.08,0.003,0.0,0.0,0.0,0.0,0.0,0.0,-90.0,-89.997,40.0,-89.987,0.079,0.003,-90.0,-89.9975,40.0005,-89.976,0.0795,0.003,0.0,0.07600579878261864,-0.07600579878207858,-1.6721275732089693,-0.07600579878225579,0.0,0.0,0.0005000000000023874,-0.000499999999995282,-0.01099999999999568,-0.0005000000000000004,0.0,-0.0413094,-0.0481943,-0.0275396,-0.0481943,-0.0757339,-0.0068849,-0.002236630036602,-0.024117460317157998,0.002791452991418,0.004794566544666001,-0.0019661172161580002,-0.000327686202693,0.02206807649070541,1.731668000047648,0.14049899982637726,0.06088800000725314,0.0
pd,00:06:31.472,1286,-90.0,-89.998,40.001,-89.965,0.08,0.003,0.0,0.0,0.0,0.0,0.0,0.0,-90.0,-89.997,40.0,-89.987,0.079,0.003,-90.0,-89.9975,40.0005,-89.976,0.0795,0.003,0.0,0.12499415901835818,-0.12499415901747005,-2.7498714983896697,-0.12499415901776147,0.0,0.0,0.0005000000000023874,-0.000499999999995282,-0.01099999999999568,-0.0005000000000000004,0.0,-0.0413094,-0.0481943,-0.0275396,-0.0481943,-0.0757339,-0.0068849,-0.002236630036602,-0.024117460317157998,0.002791452991418,0.004794566544666001,-0.0019661172161580002,-0.000327686202693,0.02206807649070541,1.7390020002494566,0.1567389999763691,0.07096199988154694,0.0
pd,00:06:31.474,1287,-90.0,-89.998,40.001,-89.965,0.08,0.003,0.0,0.0,0.0,0.0,0.0,0.0,-90.0,-89.997,40.0,-89.987,0.079,0.003,-90.0,-89.9975,40.0005,-89.976,0.0795,0.003,0.0,0.12265481342905682,-0.12265481342818531,-2.698405895425306,-0.12265481342847127,0.0,0.0,0.0005000000000023874,-0.000499999999995282,-0.01099999999999568,-0.0005000000000000004,0.0,-0.0413094,-0.0481943,-0.0275396,-0.0481943,-0.0757339,-0.0068849,-0.002236630036602,-0.024117460317157998,0.002791452991418,0.004794566544666001,-0.0019661172161580002,-0.000327686202693,0.02206807649070541,1.7038729997693736,0.14053599988983478,0.062092000007396564,0.0
pd,00:06:31.476,1288,-90.0,-89.998,40.001,-89.965,0.08,0.003,0.0,0.0,0.0,0.0,0.0,0.0,-90.0,-89.997,40.0,-89.987,0.079,0.003,-90.0,-89.9975,40.0005,-89.976,0.0795,0.003,0.0,0.1266855140757529,-0.12668551407485276,-2.7870813096521614,-0.1266855140751481,0.0,0.0,0.0005000000000023874,-0.000499999999995282,-0.01099999999999568,-0.0005000000000000004,0.0,-0.0413094,-0.0481943,-0.0275396,-0.0481943,-0.0757339,-0.0068849,-0.002236630036602,-0.024117460317157998,0.002791452991418,0.004794566544666001,-0.0019661172161580002,-0.000327686202693,0.02206807649070541,1.807462999749987,0.2668120000635099,0.12566499981403467,0.0
pd,00:06:31.478,1289,-90.0,-89.998,40.001,-89.96,0.08,0.003,0.0,0.0,0.0,2.126713315083717,0.0,0.0,-90.0,-89.997,40.0,-89.987,0.079,0.003,-90.0,-89.9975,40.0005,-90.18617133150836,0.0795,0.003,0.0,0.10633566575448807,-0.1063356657537325,-48.100158220813896,-0.10633566575398042,0.0,0.0,0.0005000000000023874,-0.000499999999995282,-0.2261713315083682,-0.0005000000000000004,0.0,-0.0413094,-0.0481943,-0.0275396,-0.0481943,-0.0757339,-0.0068849,-0.002236630036602,-0.024117460317157998,0.002791452991418,0.004794566544666001,-0.0019661172161580002,-0.000327686202693,0.02705549851693848,2.089071999762382,0.3179790001013316,0.10614699976940756,0.0
pd,00:06:31.481,1290,-90.0,-89.998,40.001,-89.96,0.08,0.003,0.0,0.0,0.0,0.0,0.0,0.0,-90.0,-89.997,40.0,-89.987,0.079,0.003,-90.0,-89.9975,40.0005,-89.9735,0.0795,0.003,0.0,0.09590049387278277,-0.09590049387210135,-2.589313334552869,-0.09590049387232494,0.0,0.0,0.0005000000000023874,-0.000499999999995282,-0.013500000000007617,-0.0005000000000000004,0.0,-0.0413094,-0.0481943,-0.0275396,-0.0481943,-0.0757339,-0.0068849,-0.002236630036602,-0.024117460317157998,0.002791452991418,0.004794566544666001,-0.0019661172161580002,-0.000327686202693,0.02705549851693848,1.8044270000245888,0.1770909998413117,0.07388799986074446,0.0
pd,00:06:31.484,1291,-90.0,-89.998,40.001,-89.96,0.08,0.003,0.0,0.0,0.0,0.0,0.0,0.0,-90.0,-89.997,40.0,-89.987,0.079,0.003,-90.0,-89.9975,40.0005,-89.9735,0.0795,0.003,0.0,0.0734245501018841,-0.07342455010136238,-1.9824628527414798,-0.07342455010153356,0.0,0.0,0.0005000000000023874,-0.000499999999995282,-0.013500000000007617,-0.0005000000000000004,0.0,-0.0137698,-0.0068849,-0.0550792,-0.0068849,-0.0206547,0.0413094,-0.002288644688616,-0.025261782661466,0.00164713064711,0.004346153846244,-0.0025697496948030004,0.00034493284494,0.02705549851693848,4.2041629999403085,0.27560899980016984,0.16031299992391723,0.0
pd,00:06:31.489,1292,-90.0,-89.998,40.001,-89.96,0.08,0.003,0.0,0.0,0.0,0.0,0.0,0.0,-90.0,-89.997,40.0,-89.987,0.079,0.003,-90.0,-89.9975,40.0005,-89.9735,0.0795,0.003,0.0,0.05239474341702927,-0.05239474341665698,-1.414658072253089,-0.05239474341677914,0.0,0.0,0.0005000000000023874,-0.000499999999995282,-0.013500000000007617,-0.0005000000000000004,0.0,-0.0137698,-0.0068849,-0.0550792,-0.0068849,-0.0206547,0.0413094,-0.002288644688616,-0.025261782661466,0.00164713064711,0.004346153846244,-0.0025697496948030004,0.00034493284494,0.02705549851693848,1.8632780002008076,0.2905709998231032,0.12612799991984502,0.0
pd,00:06:31.491,1293,-90.0,-89.998,40.001,-89.96,0.08,0.003,0.0,0.0,0.0,0.0,0.0,0.0,-90.0,-89.997,40.0,-89.987,0.079,0.003,-90.0,-89.9975,40.0005,-89.9735,0.0795,0.003,0.0,0.0948937556565617,-0.09489375565588744,-2.5621314027150293,-0.09489375565610868,0.0,0.0,0.0005000000000023874,-0.000499999999995282,-0.013500000000007617,-0.0005000000000000004,0.0,-0.0137698,-0.0068849,-0.0550792,-0.0068849,-0.0206547,0.0413094,-0.002288644688616,-0.025261782661466,0.00164713064711,0.004346153846244,-0.0025697496948030004,0.00034493284494,0.02705549851693848,1.8404080001346301,0.17899900012707803,0.07942500042190659,0.0
pd,00:06:31.494,1294,-90.0,-89.998,40.001,-89.96,0.08,0.003,0.0,0.0,0.0,0.0,0.0,0.0,-90.0,-89.997,40.0,-89.987,0.079,0.003,-90.0,-89.9975,40.0005,-89.9735,0.0795,0.003,0.0,0.11476151909872023,-0.1147615190979048,-3.098561015650769,-0.11476151909817237,0.0,0.0,0.0005000000000023874,-0.000499999999995282,-0.013500000000007617,-0.0005000000000000004,0.0,-0.0137698,-0.0068849,-0.0550792,-0.0068849,-0.0206547,0.0413094,-0.002288644688616,-0.025261782661466,0.00164713064711,0.004346153846244,-0.0025697496948030004,0.00034493284494,0.02705549851693848,1.740168000196718,0.13635100003739353,0.059702999806177104,0.0
pd,00:06:31.496,1295,-90.0,-89.998,40.001,-89.96,0.08,0.003,0.0,0.0,0.0,0.0,0.0,0.0,-90.0,-89.997,40.0,-89.987,0.079,0.003,-90.0,-89.9975,40.0005,-89.9735,0.0795,0.003,0.0,0.12496436658384064,-0.12496436658295271,-3.3740378977477143,-0.12496436658324406,0.0,0.0,0.0005000000000023874,-0.000499999999995282,-0.013500000000007617,-0.0005000000000000004,0.0,-0.0137698,-0.0068849,-0.0550792,-0.0068849,-0.0206547,0.0413094,-0.002288644688616,-0.025261782661466,0.00164713064711,0.004346153846244,-0.0025697496948030004,0.00034493284494,0.02705549851693848,2.108108999891556,0.24392399973294232,0.12122099997213809,0.0
pd,00:06:31.498,1296,-90.0,-89.998,40.001,-89.96,0.08,0.003,0.0,0.0,0.0,0.0,0.0,0.0,-90.0,-89.997,40.0,-89.987,0.079,0.003,-90.0,-89.9975,40.0005,-89.9735,0.0795,0.003,0.0,0.09709037037083396,-0.09709037037014409,-2.6214400000000992,-0.09709037037037045,0.0,0.0,0.0005000000000023874,-0.000499999999995282,-0.013500000000007617,-0.0005000000000000004,0.0,-0.0137698,-0.0068849,-0.0550792,-0.0068849,-0.0206547,0.0413094,-0.002288644688616,-0.025261782661466,0.00164713064711,0.004346153846244,-0.0025697496948030004,0.00034493284494,0.02705549851693848,1.7769460000636172,0.1715350003905769,0.07996200019988464,0.0
pd,00:06:31.500,1297,-90.0,-89.998,40.001,-89.963,0.08,0.003,0.0,0.0,0.0,-1.4250183465459203,0.0,0.0,-90.0,-89.997,40.0,-89.987,0.079,0.003,-90.0,-89.9975,40.0005,-89.8324981653454,0.0795,0.003,0.0,0.11875152887938922,-0.11875152887854544,30.994584773448025,-0.1187515288788223,0.0,0.0,0.0005000000000023874,-0.000499999999995282,0.13050183465459497,-0.0005000000000000004,0.0,-0.0137698,-0.0068849,-0.0550792,-0.0068849,-0.0206547,0.0413094,-0.002288644688616,-0.025261782661466,0.00164713064711,0.004346153846244,-0.0025697496948030004,0.00034493284494,0.02406241883103294,1.7646500000410015,0.1445540001441259,0.06642500011366792,0.0
pd,00:06:31.502,1298,-90.0,-89.998,40.001,-89.963,0.08,0.003,0.0,0.0,0.0,0.0,0.0,0.0,-90.0,-89.997,40.0,-89.987,0.079,0.003,-90.0,-89.9975,40.0005,-89.975,0.0795,0.003,0.0,0.12226865671700173,-0.12226865671613295,-2.934447761194141,-0.12226865671641803,0.0,0.0,0.0005000000000023874,-0.000499999999995282,-0.012000000000000455,-0.0005000000000000004,0.0,0.0068849,0.0619641,-0.0,0.6953749,0.0206547,0.0137698,-0.002375335775306,-0.025001709401396,0.0019418803418559999,0.002793956044014,-0.0025007631258150004,-0.000258699633705,0.02406241883103294,3.217284000129439,0.4102000002603745,0.1104989996747463,0.0
pd,00:06:31.506,1299,-90.0,-89.998,40.001,-89.963,0.08,0.003,0.0,0.0,0.0,0.0,0.0,0.0,-90.0,-89.997,40.0,-89.987,0.079,0.003,-90.0,-89.9975,40.0005,-89.975,0.0795,0.003,0.0,0.06524240915909699,-0.06524240915863341,-1.5658178198109105,-0.06524240915878553,0.0,0.0,0.0005000000000023874,-0.000499999999995282,-0.012000000000000455,-0.0005000000000000004,0.0,0.0068849,0.0619641,-0.0,0.6953749,0.0206547,0.0137698,-0.002375335775306,-0.025001709401396,0.0019418803418559999,0.002793956044014,-0.0025007631258150004,-0.000258699633705,0.02406241883103294,2.705492000131926,0.1940160000231117,0.09396200039191172,0.0
pd,00:06:31.509,1300,-90.0,-89.998,40.001,-89.963,0.08,0.003,0.0,0.0,0.0,0.0,0.0,0.0,-90.0,-89.997,40.0,-89.987,0.079,0.003,-90.0,-89.9975,40.0005,-89.975,0.0795,0.003,0.0,0.08109009357397005,-0.08109009357339388,-1.9461622457660626,-0.08109009357358293,0.0,0.0,0.0005000000000023874,-0.000499999999995282,-0.012000000000000455,-0.0005000000000000004,0.0,0.0068849,0.0619641,-0.0,0.6953749,0.0206547,0.0137698,-0.002375335775306,-0.025001709401396,0.0019418803418559999,0.002793956044014,-0.0025007631258150004,-0.000258699633705,0.02406241883103294,1.892500000394648,0.17301700017924304,0.06757400024071103,0.0
pd,00:06:31.512,1301,-90.0,-89.998,40.001,-89.963,0.08,0.003,0.0,0.0,0.0,0.0,0.0,0.0,-90.0,-89.997,40.0,-89.987,0.079,0.003,-90.0,-89.9975,40.0005,-89.975,0.0795,0.003,0.0,0.07840406759421316,-0.07840406759365606,-1.8816976222522024,-0.07840406759383886,0.0,0.0,0.0005000000000023874,-0.000499999999995282,-0.012000000000000455,-0.0005000000000000004,0.0,0.0068849,0.0619641,-0.0,0.6953749,0.0206547,0.0137698,-0.002375335775306,-0.025001709401396,0.0019418803418559999,0.002793956044014,-0.0025007631258150004,-0.000258699633705,0.02406241883103294,1.9082220001109818,0.23314600002777297,0.10637000013957731,0.0
pd,00:06:31.515,1302,-90.0,-89.998,40.001,-89.963,0.08,0.003,0.0,0.0,0.0,0.0,0.0,0.0,-90.0,-89.997,40.0,-89.987,0.079,0.003,-90.0,-89.9975,40.0005,-89.975,0.0795,0.003,0.0,0.1060131432620571,-0.10601314326130383,-2.544315438277318,-0.106013143261551,0.0,0.0,0.0005000000000023874,-0.000499999999995282,-0.012000000000000455,-0.0005000000000000004,0.0,0.0068849,0.0619641,-0.0,0.6953749,0.0206547,0.0137698,-0.002375335775306,-0.025001709401396,0.0019418803418559999,0.002793956044014,-0.0025007631258150004,-0.000258699633705,0.02406241883103294,1.7872420003186562,0.282998000329826,0.1195729996652517,0.0
pd,00:06:31.517,1303,-90.0,-89.998,40.001,-89.963,0.08,0.003,0.0,0.0,0.0,0.0,0.0,0.0,-90.0,-89.997,40.0,-89.987,0.079,0.003,-90.0,-89.9975,40.0005,-89.975,0.0795,0.003,0.0,0.1090903037874539,-0.10909030378667876,-2.618167290886491,-0.1090903037869331,0.0,0.0,0.0005000000000023874,-0.000499999999995282,-0.012000000000000455,-0.0005000000000000004,0.0,0.0068849,0.0619641,-0.0,0.6953749,0.0206547,0.0137698,-0.002375335775306,-0.025001709401396,0.0019418803418559999,0.002793956044014,-0.0025007631258150004,-0.000258699633705,0.02406241883103294,1.8213530001958134,0.25755300021046423,0.1714420000098471,0.0
pd,00:06:31.520,1304,-90.0,-89.998,40.001,-89.963,0.08,0.003,0.0,0.0,0.0,0.0,0.0,0.0,-90.0,-89.997,40.0,-89.987,0.079,0.003,-90.0,-89.9975,40.0005,-89.975,0.0795,0.003,0.0,0.0935727288956815,-0.09357272889501661,-2.245745493485718,-0.09357272889523478,0.0,0.0,0.0005000000000023874,-0.000499999999995282,-0.012000000000000455,-0.0005000000000000004,0.0,0.0068849,0.0619641,-0.0,0.6953749,0.0206547,0.0137698,-0.002375335775306,-0.025001709401396,0.0019418803418559999,0.002793956044014,-0.0025007631258150004,-0.000258699633705,0.02406241883103294,1.8649079997885565,0.21396000011009164,0.07899999991423101,0.0
pd,00:06:31.522,1305,-90.0,-89.998,40.001,-89.963,0.08,0.003,0.0,0.0,0.0,0.0,0.0,0.0,-90.0,-89.997,40.0,-89.987,0.079,0.003,-90.0,-89.9975,40.0005,-89.975,0.0795,0.003,0.0,0.11181232672264947,-0.111812326721855,-2.683495841330876,-0.11181232672211569,0.0,0.0,0.0005000000000023874,-0.000499999999995282,-0.012000000000000455,-0.0005000000000000004,0.0,0.0068849,0.0619641,0.0068849,-0.1170433,-0.0275396,-0.0068849,-0.002375335775306,-0.02418681318651,0.00164713064711,0.00310439560446,-0.002345543345592,-0.00020695970696400003,0.02406241883103294,3.0052120000618743,0.44836600000053295,0.1766459999998915,0.0
pd,00:06:31.526,1306,-90.0,-89.998,40.001,-89.963,0.08,0.003,0.0,0.0,0.0,0.0,0.0,0.0,-90.0,-89.997,40.0,-89.987,0.079,0.003,-90.0,-89.9975,40.0005,-89.975,0.0795,0.003,0.0,0.06518157518524316,-0.06518157518478002,-1.5643578044384256,-0.06518157518493199,0.0,0.0,0.0005000000000023874,-0.000499999999995282,-0.012000000000000455,-0.0005000000000000004,0.0,-0.0481943,-0.0137698,0.0068849,-0.1170433,-0.0275396,-0.0068849,-0.002410012209982,-0.02418681318651,0.00164713064711,0.00310439560446,-0.002345543345592,-0.00020695970696400003,0.02406241883103294,2.6782889999594772,0.21949699976175907,0.0953879998633056,0.0
pd,00:06:31.529,1307,-90.0,-89.998,40.001,-89.963,0.08,0.003,0.0,0.0,0.0,0.0,0.0,0.0,-90.0,-89.997,40.0,-89.987,0.079,0.003,-90.0,-89.9975,40.0005,-89.975,0.0795,0.003,0.0,0.08124717185843847,-0.08124717185786116,-1.9499321245932864,-0.0812471718580506,0.0,0.0,0.0005000000000023874,-0.000499999999995282,-0.012000000000000455,-0.0005000000000000004,0.0,-0.0481943,-0.0137698,0.0068849,-0.1170433,-0.0275396,-0.0068849,-0.002410012209982,-0.02418681318651,0.00164713064711,0.00310439560446,-0.002345543345592,-0.00020695970696400003,0.02406241883103294,2.1017199997004354,0.1960530003088934,0.0912770001377794,0.0
pd,00:06:31.531,1308,-90.0,-89.998,40.001,-89.963,0.08,0.003,0.0,0.0,0.0,0.0,0.0,0.0,-90.0,-89.997,40.0,-89.987,0.079,0.003,-90.0,-89.9975,40.0005,-89.975,0.0795,0.003,0.0,0.10096052378249631,-0.10096052378177896,-2.4230525707684336,-0.10096052378201434,0.0,0.0,0.0005000000000023874,-0.000499999999995282,-0.012000000000000455,-0.0005000000000000004,0.0,-0.0481943,-0.0137698,0.0068849,-0.1170433,-0.0275396,-0.0068849,-0.002410012209982,-0.02418681318651,0.00164713064711,0.00310439560446,-0.002345543345592,-0.00020695970696400003,0.02406241883103294,1.7968530000871397,0.17020199993567076,0.07846199969208101,0.0
pd,00:06:31.533,1309,-90.0,-89.998,40.001,-89.963,0.08,0.003,0.0,0.0,0.0,0.0,0.0,0.0,-90.0,-89.997,40.0,-89.987,0.079,0.003,-90.0,-89.9975,40.0005,-89.975,0.0795,0.003,0.0,0.11771171980298684,-0.11771171980215045,-2.825081275258302,-0.1177117198024249,0.0,0.0,0.0005000000000023874,-0.000499999999995282,-0.012000000000000455,-0.0005000000000000004,0.0,-0.0481943,-0.0137698,0.0068849,-0.1170433,-0.0275396,-0.0068849,-0.002410012209982,-0.02418681318651,0.00164713064711,0.00310439560446,-0.002345543345592,-0.00020695970696400003,0.02406241883103294,2.0333140000730054,0.33905200007211533,0.12164700001449091,0.0
pd,00:06:31.536,1310,-90.0,-89.998,40.001,-89.963,0.08,0.003,0.0,0.0,0.0,0.0,0.0,0.0,-90.0,-89.997,40.0,-89.987,0.079,0.003,-90.0,-89.9975,40.0005,-89.975,0.0795,0.003,0.0,0.09606743014246512,-0.09606743014178253,-2.3056183234082415,-0.0960674301420065,0.0,0.0,0.0005000000000023874,-0.000499999999995282,-0.012000000000000455,-0.0005000000000000004,0.0,-0.0481943,-0.0137698,0.0068849,-0.1170433,-0.0275396,-0.0068849,-0.002410012209982,-0.02418681318651,0.00164713064711,0.00310439560446,-0.002345543345592,-0.00020695970696400003,0.02406241883103294,1.8118520001735305,0.17559099978825543,0.06812900028307922,0.0
pd,00:06:31.539,1311,-90.0,-89.998,40.001,-89.95,0.08,0.003,0.0,0.0,0.0,4.155941463411763,0.0,0.0,-90.0,-89.997,40.0,-89.987,0.079,0.003,-90.0,-89.9975,40.0005,-90.38409414634117,0.0795,0.003,0.0,0.07992195121989382,-0.07992195121932594,-69.38730237710992,-0.07992195121951226,0.0,0.0,0.0005000000000023874,-0.000499999999995282,-0.4340941463411667,-0.0005000000000000004,0.0,-0.0481943,-0.0137698,0.0068849,-0.1170433,-0.0275396,-0.0068849,-0.002410012209982,-0.02418681318651,0.00164713064711,0.00310439560446,-0.002345543345592,-0.00020695970696400003,0.03704051835489627,1.965981000012107,0.22905300011188956,0.0888699996721698,0.0
pd,00:06:31.542,1312,-90.0,-89.998,40.001,-89.95,0.08,0.003,0.0,0.0,0.0,0.0,0.0,0.0,-90.0,-89.997,40.0,-89.987,0.079,0.003,-90.0,-89.9975,40.0005,-89.9685,0.0795,0.003,0.0,0.1047737809757201,-0.10477378097497564,-3.876629896082288,-0.10477378097521992,0.0,0.0,0.0005000000000023874,-0.000499999999995282,-0.01850000000000307,-0.0005000000000000004,0.0,-0.0481943,-0.0137698,0.0068849,-0.1170433,-0.0275396,-0.0068849,-0.002410012209982,-0.02418681318651,0.00164713064711,0.00310439560446,-0.002345543345592,-0.00020695970696400003,0.03704051835489627,1.7448170001443941,0.17631300033826847,0.36714499992740457,0.0
pd,00:06:31.544,1313,-90.0,-89.998,40.001,-89.95,0.08,0.003,0.0,0.0,0.0,0.0,0.0,0.0,-90.0,-89.997,40.0,-89.987,0.079,0.003,-90.0,-89.9975,40.0005,-89.9685,0.0795,0.003,0.0,0.10047681103919191,-0.10047681103847798,-3.7176420084315387,-0.10047681103871224,0.0,0.0,0.0005000000000023874,-0.000499999999995282,-0.01850000000000307,-0.0005000000000000004,0.0,-0.0275396,0.0275396,0.0275396,1.7143401,0.0068849,-0.0068849,-0.0029128205127839997,-0.023840048839749998,0.00164713064711,0.0028801892552490003,-0.002724969475026,-0.000741605616621,0.03704051835489627,4.139589999795135,0.24914599998737685,0.1830719997997221,0.0
pd,00:06:31.549,1314,-90.0,-89.998,40.001,-89.95,0.08,0.003,0.0,0.0,0.0,0.0,0.0,0.0,-90.0,-89.997,40.0,-89.987,0.079,0.003,-90.0,-89.9975,40.0005,-89.9685,0.0795,0.003,0.0,0.053294841169250665,-0.05329484116887198,-1.9719091232524288,-0.053294841168996236,0.0,0.0,0.0005000000000023874,-0.000499999999995282,-0.01850000000000307,-0.0005000000000000004,0.0,-0.0275396,0.0275396,0.0275396,1.7143401,0.0068849,-0.0068849,-0.0029128205127839997,-0.023840048839749998,0.00164713064711,0.0028801892552490003,-0.002724969475026,-0.000741605616621,0.03704051835489627,1.7703530002108891,0.1749240000208374,0.07238800026243553,0.0
pd,00:06:31.551,1315,-90.0,-89.998,40.001,-89.95,0.08,0.003,0.0,0.0,0.0,0.0,0.0,0.0,-90.0,-89.997,40.0,-89.987,0.079,0.003,-90.0,-89.9975,40.0005,-89.9685,0.0795,0.003,0.0,0.11949584045641103,-0.11949584045556196,-4.421346096865133,-0.11949584045584057,0.0,0.0,0.0005000000000023874,-0.000499999999995282,-0.01850000000000307,-0.0005000000000000004,0.0,-0.0275396,0.0275396,0.0275396,1.7143401,0.0068849,-0.0068849,-0.0029128205127839997,-0.023840048839749998,0.00164713064711,0.0028801892552490003,-0.002724969475026,-0.000741605616621,0.03704051835489627,1.8492410004000703,0.25277500026277266,0.1766469999893161,0.0
pd,00:06:31.553,1316,-90.0,-89.998,40.001,-89.95,0.08,0.003,0.0,0.0,0.0,0.0,0.0,0.0,-90.0,-89.997,40.0,-89.987,0.079,0.003,-90.0,-89.9975,40.0005,-89.9685,0.0795,0.003,0.0,0.10260039138992239,-0.10260039138919337,-3.7962144814081737,-0.10260039138943258,0.0,0.0,0.0005000000000023874,-0.000499999999995282,-0.01850000000000307,-0.0005000000000000004,0.0,-0.0275396,0.0275396,0.0275396,1.7143401,0.0068849,-0.0068849,-0.0029128205127839997,-0.023840048839749998,0.00164713064711,0.0028801892552490003,-0.002724969475026,-0.000741605616621,0.03704051835489627,1.8865179999920656,0.22446100001616287,0.09561000024405075,0.0
pd,00:06:31.556,1317,-90.0,-89.998,40.001,-89.95,0.08,0.003,0.0,0.0,0.0,0.0,0.0,0.0,-90.0,-89.997,40.0,-89.987,0.079,0.003,-90.0,-89.9975,40.0005,-89.9685,0.0795,0.003,0.0,0.0966875057634861,-0.0966875057627991,-3.5774377132311237,-0.09668750576302453,0.0,0.0,0.0005000000000023874,-0.000499999999995282,-0.01850000000000307,-0.0005000000000000004,0.0,-0.0275396,0.0275396,0.0275396,1.7143401,0.0068849,-0.0068849,-0.0029128205127839997,-0.023840048839749998,0.00164713064711,0.0028801892552490003,-0.002724969475026,-0.000741605616621,0.03704051835489627,1.8280939998476242,0.19799799974862253,0.08422100017924095,0.0
pd,00:06:31.558,1318,-90.0,-89.998,40.001,-89.95,0.08,0.003,0.0,0.0,0.0,0.0,0.0,0.0,-90.0,-89.997,40.0,-89.987,0.079,0.003,-90.0,-89.9975,40.0005,-89.9685,0.0795,0.003,0.0,0.11388899750244454,-0.1138889975016353,-4.213892907569408,-0.11388899750190083,0.0,0.0,0.0005000000000023874,-0.000499999999995282,-0.01850000000000307,-0.0005000000000000004,0.0,-0.0275396,0.0275396,0.0275396,1.7143401,0.0068849,-0.0068849,-0.0029128205127839997,-0.023840048839749998,0.00164713064711,0.0028801892552490003,-0.002724969475026,-0.000741605616621,0.03704051835489627,1.6741320000619453,0.15410900005008443,0.0721850001355051,0.0
pd,00:06:31.560,1319,-90.0,-89.998,40.001,-89.953,0.08,0.003,0.0,0.0,0.0,-1.521145067698317,0.0,0.0,-90.0,-89.997,40.0,-89.987,0.079,0.003,-90.0,-89.9975,40.0005,-89.81788549323016,0.0795,0.003,0.0,0.1267620889754602,-0.1267620889745595,34.25479425790313,-0.12676208897485505,0.0,0.0,0.0005000000000023874,-0.000499999999995282,0.13511450676983827,-0.0005000000000000004,0.0,-0.0275396,0.0275396,0.0275396,1.7143401,0.0068849,-0.0068849,-0.0029128205127839997,-0.023840048839749998,0.00164713064711,0.0028801892552490003,-0.002724969475026,-0.000741605616621,0.0340440890610903,1.9217770000068413,0.17536800032758038,0.07711099988227943,0.0
pd,00:06:31.562,1320,-90.0,-89.998,40.001,-89.953,0.08,0.003,0.0,0.0,0.0,0.0,0.0,0.0,-90.0,-89.997,40.0,-89.987,0.079,0.003,-90.0,-89.9975,40.0005,-89.97,0.0795,0.003,0.0,0.11113683094912631,-0.11113683094833664,-3.7786522522513426,-0.11113683094859575,0.0,0.0,0.0005000000000023874,-0.000499999999995282,-0.016999999999995907,-0.0005000000000000004,0.0,0.0137698,-0.0068849,-0.0275396,0.1032735,0.0275396,0.0068849,-0.0029474969474599997,-0.024672283271974,0.0019418803418559999,0.0048807997559010005,-0.0019661172161580002,-3.4493284494e-05,0.0340440890610903,2.9156380001040816,0.47829200002524885,0.10286999986419687,0.0
pd,00:06:31.568,1321,-90.0,-89.998,40.001,-89.953,0.08,0.003,0.0,0.0,0.0,0.0,0.0,0.0,-90.0,-89.997,40.0,-89.987,0.079,0.003,-90.0,-89.9975,40.0005,-89.97,0.0795,0.003,0.0,0.04602247191033211,-0.0460224719100051,-1.5647640449434435,-0.0460224719101124,0.0,0.0,0.0005000000000023874,-0.000499999999995282,-0.016999999999995907,-0.0005000000000000004,0.0,0.0137698,-0.0068849,-0.0275396,0.1032735,0.0275396,0.0068849,-0.0029474969474599997,-0.024672283271974,0.0019418803418559999,0.0048807997559010005,-0.0019661172161580002,-3.4493284494e-05,0.0340440890610903,1.9750920000660699,0.23436800029230653,0.09542500038151047,0.0
pd,00:06:31.570,1322,-90.0,-89.998,40.001,-89.953,0.08,0.003,0.0,0.0,0.0,0.0,0.0,0.0,-90.0,-89.997,40.0,-89.987,0.079,0.003,-90.0,-89.9975,40.0005,-89.97,0.0795,0.003,0.0,0.10383996831105237,-0.10383996831031454,-3.5305589225580727,-0.10383996831055664,0.0,0.0,0.0005000000000023874,-0.000499999999995282,-0.016999999999995907,-0.0005000000000000004,0.0,0.0137698,-0.0068849,-0.0275396,0.1032735,0.0275396,0.0068849,-0.0029474969474599997,-0.024672283271974,0.0019418803418559999,0.0048807997559010005,-0.0019661172161580002,-3.4493284494e-05,0.0340440890610903,1.7488160001448705,0.3667370001494419,0.1986839997698553,0.0
pd,00:06:31.573,1323,-90.0,-89.998,40.001,-89.953,0.08,0.003,0.0,0.0,0.0,0.0,0.0,0.0,-90.0,-89.997,40.0,-89.987,0.079,0.003,-90.0,-89.9975,40.0005,-89.97,0.0795,0.003,0.0,0.10139005995020371,-0.10139005994948329,-3.447262038289636,-0.10139005994971968,0.0,0.0,0.0005000000000023874,-0.000499999999995282,-0.016999999999995907,-0.0005000000000000004,0.0,0.0137698,-0.0068849,-0.0275396,0.1032735,0.0275396,0.0068849,-0.0029474969474599997,-0.024672283271974,0.0019418803418559999,0.0048807997559010005,-0.0019661172161580002,-3.4493284494e-05,0.0340440890610903,1.9551300001694472,0.27201599959880696,0.14327700000649202,0.0
pd,00:06:31.575,1324,-90.0,-89.998,40.001,-89.953,0.08,0.003,0.0,0.0,0.0,0.0,0.0,0.0,-90.0,-89.997,40.0,-89.987,0.079,0.003,-90.0,-89.9975,40.0005,-89.97,0.0795,0.003,0.0,0.0911488178029387,-0.09114881780229105,-3.099059805284372,-0.09114881780250356,0.0,0.0,0.0005000000000023874,-0.000499999999995282,-0.016999999999995907,-0.0005000000000000004,0.0,0.0137698,-0.0068849,-0.0275396,0.1032735,0.0275396,0.0068849,-0.0029474969474599997,-0.024672283271974,0.0019418803418559999,0.0048807997559010005,-0.0019661172161580002,-3.4493284494e-05,0.0340440890610903,1.8550750000940752,0.20958999994036276,0.07696200009377208,0.0
pd,00:06:31.578,1325,-90.0,-89.998,40.001,-89.953,0.08,0.003,0.0,0.0,0.0,0.0,0.0,0.0,-90.0,-89.997,40.0,-89.987,0.079,0.003,-90.0,-89.9975,40.0005,-89.97,0.0795,0.003,0.0,0.11268952176303136,-0.11268952176223065,-3.831443739923849,-0.11268952176249339,0.0,0.0,0.0005000000000023874,-0.000499999999995282,-0.016999999999995907,-0.0005000000000000004,0.0,0.0137698,-0.0068849,-0.0275396,0.1032735,0.0275396,0.0068849,-0.0029474969474599997,-0.024672283271974,0.0019418803418559999,0.0048807997559010005,-0.0019661172161580002,-3.4493284494e-05,0.0340440890610903,1.7301679999945918,0.18870199983211933,0.0880909997249546,0.0
pd,00:06:31.580,1326,-90.0,-89.998,40.001,-89.931,0.08,0.003,0.0,0.0,0.0,10.51443573382217,0.0,0.0,-90.0,-89.997,40.0,-89.987,0.079,0.003,-90.0,-89.9975,40.0005,-91.01044357338222,0.0795,0.003,0.0,0.11948222424851947,-0.1194822242476705,-257.9486381957225,-0.11948222424794906,0.0,0.0,0.0005000000000023874,-0.000499999999995282,-1.0794435733822212,-0.0005000000000000004,0.0,0.0137698,-0.0068849,-0.0275396,0.1032735,0.0275396,0.0068849,-0.0029474969474599997,-0.024672283271974,0.0019418803418559999,0.0048807997559010005,-0.0019661172161580002,-3.4493284494e-05,0.05602677931132319,2.043554000010772,0.19864699970639776,0.10507300021345145,0.0
pd,00:06:31.582,1327,-90.0,-89.998,40.001,-89.931,0.08,0.003,0.0,0.0,0.0,0.0,0.0,0.0,-90.0,-89.997,40.0,-89.987,0.079,0.003,-90.0,-89.9975,40.0005,-89.959,0.0795,0.003,0.0,0.10137045630365495,-0.10137045630293468,-5.676745552977306,-0.10137045630317101,0.0,0.0,0.0005000000000023874,-0.000499999999995282,-0.028000000000005798,-0.0005000000000000004,0.0,0.0137698,-0.0068849,-0.0068849,-3.717846,0.034424500000000004,0.0206547,-0.0029474969474599997,-0.024672283271974,0.006553846153764,0.005242979243088,-0.002276556776604,0.000137973137976,0.05602677931132319,2.6241589998790005,0.4383289997349493,0.3054409999094787,0.0
pd,00:06:31.586,1328,-90.0,-89.998,40.001,-89.931,0.08,0.003,0.0,0.0,0.0,0.0,0.0,0.0,-90.0,-89.997,40.0,-89.987,0.079,0.003,-90.0,-89.9975,40.0005,-89.959,0.0795,0.003,0.0,0.06872753490234035,-0.06872753490185202,-3.848741954512503,-0.06872753490201225,0.0,0.0,0.0005000000000023874,-0.000499999999995282,-0.028000000000005798,-0.0005000000000000004,0.0,0.0068849,-0.0068849,-0.0068849,-3.717846,0.034424500000000004,0.0206547,-0.001976556776532,-0.024429548229242,0.006553846153764,0.005242979243088,-0.002276556776604,0.000137973137976,0.05602677931132319,2.7097519996459596,0.25184900005115196,0.0970180003605492,0.0
pd,00:06:31.589,1329,-90.0,-89.998,40.001,-89.931,0.08,0.003,0.0,0.0,0.0,0.0,0.0,0.0,-90.0,-89.997,40.0,-89.987,0.079,0.003,-90.0,-89.9975,40.0005,-89.959,0.0795,0.003,0.0,0.07946767715081522,-0.07946767715025056,-4.4501899204241955,-0.07946767715043584,0.0,0.0,0.0005000000000023874,-0.000499999999995282,-0.028000000000005798,-0.0005000000000000004,0.0,0.0068849,-0.0068849,-0.0068849,-3.717846,0.034424500000000004,0.0206547,-0.001976556776532,-0.024429548229242,0.006553846153764,0.005242979243088,-0.002276556776604,0.000137973137976,0.05602677931132319,1.7224829998667701,0.1876470000752306,0.10359199995946256,0.0
pd,00:06:31.591,1330,-90.0,-89.998,40.001,-89.931,0.08,0.003,0.0,0.0,0.0,0.0,0.0,0.0,-90.0,-89.997,40.0,-89.987,0.079,0.003,-90.0,-89.9975,40.0005,-89.959,0.0795,0.003,0.0,0.11884574407854548,-0.11884574407770103,-6.655361668366458,-0.11884574407797811,0.0,0.0,0.0005000000000023874,-0.000499999999995282,-0.028000000000005798,-0.0005000000000000004,0.0,0.0068849,-0.0068849,-0.0068849,-3.717846,0.034424500000000004,0.0206547,-0.001976556776532,-0.024429548229242,0.006553846153764,0.005242979243088,-0.002276556776604,0.000137973137976,0.05602677931132319,1.9517400000950147,0.2486829998815665,0.11820200006695813,0.0
pd,00:06:31.594,1331,-90.0,-89.998,40.001,-89.931,0.08,0.003,0.0,0.0,0.0,0.0,0.0,0.0,-90.0,-89.997,40.0,-89.987,0.079,0.003,-90.0,-89.9975,40.0005,-89.959,0.0795,0.003,0.0,0.07274705147807733,-0.07274705147756044,-4.073834882752689,-0.07274705147773004,0.0,0.0,0.0005000000000023874,-0.000499999999995282,-0.028000000000005798,-0.0005000000000000004,0.0,0.0068849,-0.0068849,-0.0068849,-3.717846,0.034424500000000004,0.0206547,-0.001976556776532,-0.024429548229242,0.006553846153764,0.005242979243088,-0.002276556776604,0.000137973137976,0.05602677931132319,1.9179810001332953,0.30771900037507294,0.08368500039068749,0.0
pd,00:06:31.597,1332,-90.0,-89.998,40.001,-89.931,0.08,0.003,0.0,0.0,0.0,0.0,0.0,0.0,-90.0,-89.997,40.0,-89.987,0.079,0.003,-90.0,-89.9975,40.0005,-89.959,0.0795,0.003,0.0,0.10358352267163952,-0.10358352267090351,-5.800677269583844,-0.10358352267114501,0.0,0.0,0.0005000000000023874,-0.000499999999995282,-0.028000000000005798,-0.0005000000000000004,0.0,0.0068849,-0.0068849,-0.0068849,-3.717846,0.034424500000000004,0.0206547,-0.001976556776532,-0.024429548229242,0.006553846153764,0.005242979243088,-0.002276556776604,0.000137973137976,0.05602677931132319,1.703613000245241,0.14340600000650738,0.06938799970157561,0.0
pd,00:06:31.599,1333,-90.0,-89.998,40.001,-89.931,0.08,0.003,0.0,0.0,0.0,0.0,0.0,0.0,-90.0,-89.997,40.0,-89.987,0.079,0.003,-90.0,-89.9975,40.0005,-89.959,0.0795,0.003,0.0,0.125457765016153,-0.12545776501526157,-7.025634840870694,-0.12545776501555408,0.0,0.0,0.0005000000000023874,-0.000499999999995282,-0.028000000000005798,-0.0005000000000000004,0.0,0.0068849,-0.0068849,-0.0068849,-3.717846,0.034424500000000004,0.0206547,-0.001976556776532,-0.024429548229242,0.006553846153764,0.005242979243088,-0.002276556776604,0.000137973137976,0.05602677931132319,1.833296999848244,0.25688599998829886,0.12727699959214078,0.0
pd,00:06:31.601,1334,-90.0,-89.998,40.001,-89.924,0.08,0.003,0.0,0.0,0.0,3.002672121084207,0.0,0.0,-90.0,-89.997,40.0,-89.987,0.079,0.003,-90.0,-89.9975,40.0005,-90.25576721210842,0.0795,0.003,0.0,0.1072382900393748,-0.10723829003861282,-71.15629703493417,-0.10723829003886284,0.0,0.0,0.0005000000000023874,-0.000499999999995282,-0.3317672121084172,-0.0005000000000000004,0.0,0.0068849,-0.0068849,-0.0068849,-3.717846,0.034424500000000004,0.0206547,-0.001976556776532,-0.024429548229242,0.006553846153764,0.005242979243088,-0.002276556776604,0.000137973137976,0.06302380502634314,2.1135350002623454,0.23546000011265278,0.6167159999677096,0.0
pd,00:06:31.604,1335,-90.0,-89.998,40.001,-89.924,0.08,0.003,0.0,0.0,0.0,0.0,0.0,0.0,-90.0,-89.997,40.0,-89.987,0.079,0.003,-90.0,-89.9975,40.0005,-89.9555,0.0795,0.003,0.0,0.07627671491998303,-0.07627671491944106,-4.805433039935084,-0.07627671491961889,0.0,0.0,0.0005000000000023874,-0.000499999999995282,-0.03149999999999409,-0.0005000000000000004,0.0,0.0413094,-0.0413094,-0.0068849,0.2340866,-0.0137698,0.0068849,-0.002288644688616,-0.024689621489312,0.001352380952364,0.002897435897496,-0.002966422466484,0.000137973137976,0.06302380502634314,5.124561000229733,0.2712010000323062,0.1355350000267208,0.0
pd,00:06:31.610,1336,-90.0,-89.998,40.001,-89.924,0.08,0.003,0.0,0.0,0.0,0.0,0.0,0.0,-90.0,-89.997,40.0,-89.987,0.079,0.003,-90.0,-89.9975,40.0005,-89.9555,0.0795,0.003,0.0,0.044294174798504914,-0.044294174798190186,-2.7905330122919616,-0.04429417479829345,0.0,0.0,0.0005000000000023874,-0.000499999999995282,-0.03149999999999409,-0.0005000000000000004,0.0,0.0413094,-0.0413094,-0.0068849,0.2340866,-0.0137698,0.0068849,-0.002288644688616,-0.024689621489312,0.001352380952364,0.002897435897496,-0.002966422466484,0.000137973137976,0.06302380502634314,1.97772100000293,0.25110799970207154,0.12146100016252603,0.0
pd,00:06:31.613,1337,-90.0,-89.998,40.001,-89.924,0.08,0.003,0.0,0.0,0.0,0.0,0.0,0.0,-90.0,-89.997,40.0,-89.987,0.079,0.003,-90.0,-89.9975,40.0005,-89.9555,0.0795,0.003,0.0,0.10176397515576541,-0.10176397515504233,-6.4111304347814055,-0.10176397515527959,0.0,0.0,0.0005000000000023874,-0.000499999999995282,-0.03149999999999409,-0.0005000000000000004,0.0,0.0413094,-0.0413094,-0.0068849,0.2340866,-0.0137698,0.0068849,-0.002288644688616,-0.024689621489312,0.001352380952364,0.002897435897496,-0.002966422466484,0.000137973137976,0.06302380502634314,1.8958340001518081,0.1859429999058193,0.08255500006271177,0.0
pd,00:06:31.615,1338,-90.0,-89.998,40.001,-89.924,0.08,0.003,0.0,0.0,0.0,0.0,0.0,0.0,-90.0,-89.997,40.0,-89.987,0.079,0.003,-90.0,-89.9975,40.0005,-89.9555,0.0795,0.003,0.0,0.11137291556080794,-0.11137291556001659,-7.016493680296081,-0.11137291556027626,0.0,0.0,0.0005000000000023874,-0.000499999999995282,-0.03149999999999409,-0.0005000000000000004,0.0,0.0413094,-0.0413094,-0.0068849,0.2340866,-0.0137698,0.0068849,-0.002288644688616,-0.024689621489312,0.001352380952364,0.002897435897496,-0.002966422466484,0.000137973137976,0.06302380502634314,1.697909999620606,0.19877600016116048,0.06861000019853236,0.0
pd,00:06:31.617,1339,-90.0,-89.998,40.001,-89.924,0.08,0.003,0.0,0.0,0.0,0.0,0.0,0.0,-90.0,-89.997,40.0,-89.987,0.079,0.003,-90.0,-89.9975,40.0005,-89.9555,0.0795,0.003,0.0,0.12304341703884145,-0.12304341703796717,-7.751735273408543,-0.12304341703825404,0.0,0.0,0.0005000000000023874,-0.000499999999995282,-0.03149999999999409,-0.0005000000000000004,0.0,0.0413094,-0.0413094,-0.0068849,0.2340866,-0.0137698,0.0068849,-0.002288644688616,-0.024689621489312,0.001352380952364,0.002897435897496,-0.002966422466484,0.000137973137976,0.06302380502634314,1.6838729998198687,0.13164699976186967,0.056537000091338996,0.0
pd,00:06:31.619,1340,-90.0,-89.998,40.001,-89.924,0.08,0.003,0.0,0.0,0.0,0.0,0.0,0.0,-90.0,-89.997,40.0,-89.987,0.079,0.003,-90.0,-89.9975,40.0005,-89.9555,0.0795,0.003,0.0,0.12927826408642668,-0.1292782640855081,-8.144530637404463,-0.1292782640858095,0.0,0.0,0.0005000000000023874,-0.000499999999995282,-0.03149999999999409,-0.0005000000000000004,0.0,0.0413094,-0.0413094,-0.0068849,0.2340866,-0.0137698,0.0068849,-0.002288644688616,-0.024689621489312,0.001352380952364,0.002897435897496,-0.002966422466484,0.000137973137976,0.06302380502634314,1.6923349999160564,0.17673999991529854,0.08235099994635675,0.0
pd,00:06:31.622,1341,-90.0,-89.998,40.001,-89.962,0.08,0.003,0.0,0.0,0.0,-12.733366781176494,0.0,0.0,-90.0,-89.997,40.0,-89.987,0.079,0.003,-90.0,-89.9975,40.0005,-88.70116332188235,0.0795,0.003,0.0,0.0837721498765684,-0.08377214987597317,211.24599833728482,-0.08377214987616849,0.0,0.0,0.0005000000000023874,-0.000499999999995282,1.2608366781176557,-0.0005000000000000004,0.0,0.0413094,-0.0413094,-0.0068849,0.2340866,-0.0137698,0.0068849,-0.002288644688616,-0.024689621489312,0.001352380952364,0.002897435897496,-0.0037425213675990002,-0.00010347985348200002,0.02505992817227493,2.4979200002235302,0.5935869999120769,0.22879500011185883,0.0
pd,00:06:31.625,1342,-90.0,-89.998,40.001,-89.962,0.08,0.003,0.0,0.0,0.0,0.0,0.0,0.0,-90.0,-89.997,40.0,-89.987,0.079,0.003,-90.0,-89.9975,40.0005,-89.9745,0.0795,0.003,0.0,0.06716904746685073,-0.06716904746637346,-1.6792261866626776,-0.06716904746653007,0.0,0.0,0.0005000000000023874,-0.000499999999995282,-0.012500000000002842,-0.0005000000000000004,0.0,0.0068849,0.0550792,-0.0481943,-3.9175081,-0.0275396,0.0068849,-0.002288644688616,-0.022938461538174,0.001421733821716,0.007743742368903001,-0.0037425213675990002,-0.00010347985348200002,0.02505992817227493,2.9604710002786305,0.6220309996933793,0.20184999993944075,0.0
pd,00:06:31.629,1343,-90.0,-89.998,40.001,-89.962,0.08,0.003,0.0,0.0,0.0,0.0,0.0,0.0,-90.0,-89.997,40.0,-89.987,0.079,0.003,-90.0,-89.9975,40.0005,-89.9745,0.0795,0.003,0.0,0.0634193782511798,-0.06341937825072917,-1.5854844562713837,-0.06341937825087704,0.0,0.0,0.0005000000000023874,-0.000499999999995282,-0.012500000000002842,-0.0005000000000000004,0.0,0.0068849,0.0550792,-0.0481943,-3.9175081,-0.0275396,0.0068849,-0.002288644688616,-0.022938461538174,0.001421733821716,0.007743742368903001,-0.0037425213675990002,-0.00010347985348200002,0.02505992817227493,1.9773330000134592,0.2403859998594271,0.10529600012887386,0.0
pd,00:06:31.632,1344,-90.0,-89.998,40.001,-89.962,0.08,0.003,0.0,0.0,0.0,0.0,0.0,0.0,-90.0,-89.997,40.0,-89.987,0.079,0.003,-90.0,-89.9975,40.0005,-89.9745,0.0795,0.003,0.0,0.10322661941376322,-0.10322661941302975,-2.580665485330878,-0.10322661941327042,0.0,0.0,0.0005000000000023874,-0.000499999999995282,-0.012500000000002842,-0.0005000000000000004,0.0,0.0068849,0.0550792,-0.0481943,-3.9175081,-0.0275396,0.0068849,-0.002288644688616,-0.022938461538174,0.001421733821716,0.007743742368903001,-0.0037425213675990002,-0.00010347985348200002,0.02505992817227493,1.8071119998239737,0.48006999986682786,0.10622099989632261,0.0
pd,00:06:31.634,1345,-90.0,-89.998,40.001,-89.962,0.08,0.003,0.0,0.0,0.0,0.0,0.0,0.0,-90.0,-89.997,40.0,-89.987,0.079,0.003,-90.0,-89.9975,40.0005,-89.9745,0.0795,0.003,0.0,0.10056353697180462,-0.10056353697109008,-2.514088424282254,-0.10056353697132453,0.0,0.0,0.0005000000000023874,-0.000499999999995282,-0.012500000000002842,-0.0005000000000000004,0.0,0.0068849,0.0550792,-0.0481943,-3.9175081,-0.0275396,0.0068849,-0.002288644688616,-0.022938461538174,0.001421733821716,0.007743742368903001,-0.0037425213675990002,-0.00010347985348200002,0.02505992817227493,1.7380569997840212,0.16286900017803418,0.06262899978537462,0.0
pd,00:06:31.636,1346,-90.0,-89.998,40.001,-89.962,0.08,0.003,0.0,0.0,0.0,0.0,0.0,0.0,-90.0,-89.997,40.0,-89.987,0.079,0.003,-90.0,-89.9975,40.0005,-89.9745,0.0795,0.003,0.0,0.12307230047007121,-0.12307230046919673,-3.07680751173604,-0.12307230046948368,0.0,0.0,0.0005000000000023874,-0.000499999999995282,-0.012500000000002842,-0.0005000000000000004,0.0,0.0068849,0.0550792,-0.0481943,-3.9175081,-0.0275396,0.0068849,-0.002288644688616,-0.022938461538174,0.001421733821716,0.007743742368903001,-0.0037425213675990002,-0.00010347985348200002,0.02505992817227493,1.7567609997968248,0.15366500019808882,0.0730549995751062,0.0
pd,00:06:31.638,1347,-90.0,-89.998,40.001,-89.962,0.08,0.003,0.0,0.0,0.0,0.0,0.0,0.0,-90.0,-89.997,40.0,-89.987,0.079,0.003,-90.0,-89.9975,40.0005,-89.9745,0.0795,0.003,0.0,0.12155993508057115,-0.12155993507970742,-3.0389983769987317,-0.12155993507999083,0.0,0.0,0.0005000000000023874,-0.000499999999995282,-0.012500000000002842,-0.0005000000000000004,0.0,0.0068849,0.0550792,-0.0481943,-3.9175081,-0.0275396,0.0068849,-0.002288644688616,-0.022938461538174,0.001421733821716,0.007743742368903001,-0.0037425213675990002,-0.00010347985348200002,0.02505992817227493,1.7600569999558502,0.1799789997676271,0.08657300031700288,0.0
pd,00:06:31.641,1348,-90.0,-89.998,40.001,-89.992,0.08,0.003,0.0,0.0,0.0,-14.248569810893983,0.0,0.0,-90.0,-89.997,40.0,-89.987,0.079,0.003,-90.0,-89.9975,40.0005,-88.5646430189106,0.0795,0.003,0.0,0.11873808175801231,-0.11873808175716863,338.9632598353079,-0.11873808175744546,0.0,0.0,0.0005000000000023874,-0.000499999999995282,1.4273569810894031,-0.0005000000000000004,0.0,0.0068849,0.0550792,-0.0481943,-3.9175081,-0.0275396,0.0068849,-0.002288644688616,-0.022938461538174,0.001421733821716,0.007743742368903001,-0.0037425213675990002,-0.00010347985348200002,0.005291502622138774,1.834982000218588,0.16705400003047544,0.07446200015692739,0.0
pd,00:06:31.643,1349,-90.0,-89.998,40.001,-89.992,0.08,0.003,0.0,0.0,0.0,0.0,0.0,0.0,-90.0,-89.997,40.0,-89.987,0.079,0.003,-90.0,-89.9975,40.0005,-89.98949999999999,0.0795,0.003,0.0,0.11621145960379106,-0.11621145960296533,0.5810572980173039,-0.11621145960323628,0.0,0.0,0.0005000000000023874,-0.000499999999995282,0.002500000000011937,-0.0005000000000000004,0.0,0.0275396,-0.0206547,-0.0,-0.7504541,-0.0068849,-0.0206547,-0.001803174603152,-0.02470695970665,0.001352380952364,0.0028456959707550003,-0.0027422161172730003,0.00048290598291600006,0.005291502622138774,3.1922100001793297,0.3743859997484833,0.10501799988560379,0.0
pd,00:06:31.646,1350,-90.0,-89.998,40.001,-89.992,0.08,0.003,0.0,0.0,0.0,0.0,0.0,0.0,-90.0,-89.997,40.0,-89.987,0.079,0.003,-90.0,-89.9975,40.0005,-89.98949999999999,0.0795,0.003,0.0,0.06630262409136939,-0.06630262409089828,0.3315131204559047,-0.06630262409105285,0.0,0.0,0.0005000000000023874,-0.000499999999995282,0.002500000000011937,-0.0005000000000000004,0.0,0.0275396,-0.0206547,-0.0,-0.7504541,-0.0068849,-0.0206547,-0.001803174603152,-0.02470695970665,0.001352380952364,0.0028456959707550003,-0.0027422161172730003,0.00048290598291600006,0.005291502622138774,2.6557149999462126,0.25055299965970335,0.12253599970790674,0.0
pd,00:06:31.651,1351,-90.0,-89.998,40.001,-89.992,0.08,0.003,0.0,0.0,0.0,0.0,0.0,0.0,-90.0,-89.997,40.0,-89.987,0.079,0.003,-90.0,-89.9975,40.0005,-89.98949999999999,0.0795,0.003,0.0,0.060018087116078464,-0.06001808711565201,0.3000904355795394,-0.060018087115791936,0.0,0.0,0.0005000000000023874,-0.000499999999995282,0.002500000000011937,-0.0005000000000000004,0.0,0.0275396,-0.0206547,-0.0,-0.7504541,-0.0068849,-0.0206547,-0.001803174603152,-0.02470695970665,0.001352380952364,0.0028456959707550003,-0.0027422161172730003,0.00048290598291600006,0.005291502622138774,1.942166999924666,0.26421899974593543,0.09742499969433993,0.0
pd,00:06:31.653,1352,-90.0,-89.998,40.001,-89.992,0.08,0.003,0.0,0.0,0.0,0.0,0.0,0.0,-90.0,-89.997,40.0,-89.987,0.079,0.003,-90.0,-89.9975,40.0005,-89.98949999999999,0.0795,0.003,0.0,0.1035119447191517,-0.10351194471841621,0.5175597235942876,-0.10351194471865754,0.0,0.0,0.0005000000000023874,-0.000499999999995282,0.002500000000011937,-0.0005000000000000004,0.0,0.0275396,-0.0206547,-0.0,-0.7504541,-0.0068849,-0.0206547,-0.001803174603152,-0.02470695970665,0.001352380952364,0.0028456959707550003,-0.0027422161172730003,0.00048290598291600006,0.005291502622138774,1.7363719998684246,0.17009099974529818,0.08588799983044737,0.0
pd,00:06:31.655,1353,-90.0,-89.998,40.001,-89.992,0.08,0.003,0.0,0.0,0.0,0.0,0.0,0.0,-90.0,-89.997,40.0,-89.987,0.079,0.003,-90.0,-89.9975,40.0005,-89.98949999999999,0.0795,0.003,0.0,0.12026333295160073,-0.1202633329507462,0.6013166647562946,-0.1202633329510266,0.0,0.0,0.0005000000000023874,-0.000499999999995282,0.002500000000011937,-0.0005000000000000004,0.0,0.0275396,-0.0206547,-0.0,-0.7504541,-0.0068849,-0.0206547,-0.001803174603152,-0.02470695970665,0.001352380952364,0.0028456959707550003,-0.0027422161172730003,0.00048290598291600006,0.005291502622138774,2.1643119998771,0.24081199990177993,0.11509200021464494,0.0
pd,00:06:31.658,1354,-90.0,-89.998,40.001,-89.992,0.08,0.003,0.0,0.0,0.0,0.0,0.0,0.0,-90.0,-89.997,40.0,-89.987,0.079,0.003,-90.0,-89.9975,40.0005,-89.98949999999999,0.0795,0.003,0.0,0.09536844020054631,-0.09536844019986869,0.4768422010013763,-0.09536844020009104,0.0,0.0,0.0005000000000023874,-0.000499999999995282,0.002500000000011937,-0.0005000000000000004,0.0,0.0275396,-0.0206547,-0.0,-0.7504541,-0.0068849,-0.0206547,-0.001803174603152,-0.02470695970665,0.001352380952364,0.0028456959707550003,-0.0027422161172730003,0.00048290598291600006,0.005291502622138774,2.011461999700259,0.21384999990914366,0.1073140001608408,0.0
pd,00:06:31.660,1355,-90.0,-89.998,40.001,-90.03,0.08,0.003,0.0,0.0,0.0,-15.633501912700948,0.0,0.0,-90.0,-89.997,40.0,-89.987,0.079,0.003,-90.0,-89.9975,40.0005,-88.44514980872991,0.0795,0.003,0.0,0.10285198626826943,-0.10285198626753862,326.009980217996,-0.10285198626777842,0.0,0.0,0.0005000000000023874,-0.000499999999995282,1.5848501912700925,-0.0005000000000000004,0.0,0.0275396,-0.0206547,-0.0,-0.7504541,-0.0068849,-0.0206547,-0.001803174603152,-0.02470695970665,0.001352380952364,0.0028456959707550003,-0.0027422161172730003,0.00048290598291600006,0.04303486958270644,1.8727419997048855,0.1760170002853556,0.0735180001356639,0.0
pd,00:06:31.662,1356,-90.0,-89.998,40.001,-90.03,0.08,0.003,0.0,0.0,0.0,0.0,0.0,0.0,-90.0,-89.997,40.0,-89.987,0.079,0.003,-90.0,-89.9975,40.0005,-90.0085,0.0795,0.003,0.0,0.11364213720656842,-0.11364213720576094,4.886611899859832,-0.1136421372060259,0.0,0.0,0.0005000000000023874,-0.000499999999995282,0.021500000000003183,-0.0005000000000000004,0.0,0.034424500000000004,0.0275396,-0.0137698,-0.9707709,0.0068849,-0.0275396,-0.003051526251488,-0.024169474969172,0.001109645909632,0.0016556776557120003,-0.0026732295482850004,-0.000258699633705,0.04303486958270644,2.9731189997619367,0.49336599977323203,0.10233199964204687,0.0
pd,00:06:31.666,1357,-90.0,-89.998,40.001,-90.03,0.08,0.003,0.0,0.0,0.0,0.0,0.0,0.0,-90.0,-89.997,40.0,-89.987,0.079,0.003,-90.0,-89.9975,40.0005,-90.0085,0.0795,0.003,0.0,0.06816902873521043,-0.06816902873472605,2.931268235600486,-0.06816902873488499,0.0,0.0,0.0005000000000023874,-0.000499999999995282,0.021500000000003183,-0.0005000000000000004,0.0,0.034424500000000004,0.0275396,-0.0137698,-0.9707709,0.0068849,-0.0275396,-0.003051526251488,-0.024169474969172,0.001109645909632,0.0016556776557120003,-0.0026732295482850004,-0.000258699633705,0.04303486958270644,2.8189539998493274,0.24516400026186602,0.12301700007810723,0.0
pd,00:06:31.669,1358,-90.0,-89.998,40.001,-90.03,0.08,0.003,0.0,0.0,0.0,0.0,0.0,0.0,-90.0,-89.997,40.0,-89.987,0.079,0.003,-90.0,-89.9975,40.0005,-90.0085,0.0795,0.003,0.0,0.07593974507568126,-0.07593974507514167,3.2654090382391856,-0.07593974507531873,0.0,0.0,0.0005000000000023874,-0.000499999999995282,0.021500000000003183,-0.0005000000000000004,0.0,0.034424500000000004,0.0275396,-0.0137698,-0.9707709,0.0068849,-0.0275396,-0.003051526251488,-0.024169474969172,0.001109645909632,0.0016556776557120003,-0.0026732295482850004,-0.000258699633705,0.04303486958270644,1.7399270000169054,0.1652390001254389,0.07486899994546548,0.0
pd,00:06:31.671,1359,-90.0,-89.998,40.001,-90.03,0.08,0.003,0.0,0.0,0.0,0.0,0.0,0.0,-90.0,-89.997,40.0,-89.987,0.079,0.003,-90.0,-89.9975,40.0005,-90.0085,0.0795,0.003,0.0,0.12177168737719275,-0.12177168737632751,5.236182557195062,-0.12177168737661143,0.0,0.0,0.0005000000000023874,-0.000499999999995282,0.021500000000003183,-0.0005000000000000004,0.0,0.034424500000000004,0.0275396,-0.0137698,-0.9707709,0.0068849,-0.0275396,-0.003051526251488,-0.024169474969172,0.001109645909632,0.0016556776557120003,-0.0026732295482850004,-0.000258699633705,0.04303486958270644,1.7558350000399514,0.16257300012512133,0.07372100026259432,0.0
pd,00:06:31.673,1360,-90.0,-89.998,40.001,-90.03,0.08,0.003,0.0,0.0,0.0,0.0,0.0,0.0,-90.0,-89.997,40.0,-89.987,0.079,0.003,-90.0,-89.9975,40.0005,-90.0085,0.0795,0.003,0.0,0.12091512915186886,-0.12091512915100971,5.199350553506305,-0.12091512915129161,0.0,0.0,0.0005000000000023874,-0.000499999999995282,0.021500000000003183,-0.0005000000000000004,0.0,0.034424500000000004,0.0275396,-0.0137698,-0.9707709,0.0068849,-0.0275396,-0.003051526251488,-0.024169474969172,0.001109645909632,0.0016556776557120003,-0.0026732295482850004,-0.000258699633705,0.04303486958270644,1.7139090000455326,0.14394299978448544,0.06357299980663811,0.0
pd,00:06:31.676,1361,-90.0,-89.998,40.001,-90.03,0.08,0.003,0.0,0.0,0.0,0.0,0.0,0.0,-90.0,-89.997,40.0,-89.987,0.079,0.003,-90.0,-89.9975,40.0005,-90.0085,0.0795,0.003,0.0,0.0854515524411219,-0.08545155244051472,3.674416754951241,-0.08545155244071395,0.0,0.0,0.0005000000000023874,-0.000499999999995282,0.021500000000003183,-0.0005000000000000004,0.0,0.034424500000000004,0.0275396,-0.0137698,-0.9707709,0.0068849,-0.0275396,-0.003051526251488,-0.024169474969172,0.001109645909632,0.0016556776557120003,-0.0026732295482850004,-0.000258699633705,0.04303486958270644,1.9609620003393502,0.22597899987886194,0.08492500001011649,0.0
pd,00:06:31.679,1362,-90.0,-89.998,40.001,-90.03,0.08,0.003,0.0,0.0,0.0,0.0,0.0,0.0,-90.0,-89.997,40.0,-89.987,0.079,0.003,-90.0,-89.9975,40.0005,-90.0085,0.0795,0.003,0.0,0.1053739322686169,-0.10537393226786818,4.531079087529562,-0.10537393226811385,0.0,0.0,0.0005000000000023874,-0.000499999999995282,0.021500000000003183,-0.0005000000000000004,0.0,0.034424500000000004,0.0275396,-0.0137698,-0.9707709,0.0068849,-0.0275396,-0.003051526251488,-0.024169474969172,0.001109645909632,0.0016556776557120003,-0.0026732295482850004,-0.000258699633705,0.04303486958270644,1.713186999950267,0.20012799996038666,0.08238800000981428,0.0
pd,00:06:31.681,1363,-90.0,-89.998,40.001,-90.074,0.08,0.003,0.0,0.0,0.0,-21.16391926605357,0.0,0.0,-90.0,-89.997,40.0,-89.987,0.079,0.003,-90.0,-89.9975,40.0005,-87.91410807339464,0.0795,0.003,0.0,0.12024954128497785,-0.12024954128412342,519.4520267963625,-0.12024954128440378,0.0,0.0,0.0005000000000023874,-0.000499999999995282,2.1598919266053542,-0.0005000000000000004,0.0,0.034424500000000004,0.0275396,-0.0137698,-0.9707709,0.0068849,-0.0275396,-0.003051526251488,-0.024169474969172,0.001109645909632,0.0016556776557120003,-0.0026732295482850004,-0.000258699633705,0.08701723967123169,1.8120380000254954,0.24505300007149344,0.11736899978131987,0.0
pd,00:06:31.683,1364,-90.0,-89.998,40.001,-90.074,0.08,0.003,0.0,0.0,0.0,0.0,0.0,0.0,-90.0,-89.997,40.0,-89.987,0.079,0.003,-90.0,-89.9975,40.0005,-90.03049999999999,0.0795,0.003,0.0,0.10966074043139581,-0.10966074043061663,9.540484417486244,-0.1096607404308723,0.0,0.0,0.0005000000000023874,-0.000499999999995282,0.043500000000008754,-0.0005000000000000004,0.0,0.0137698,0.0137698,0.0068849,2.6713412,-0.034424500000000004,0.0275396,-0.0017164835164619999,-0.023874725274426,0.000988278388266,-0.004156440781527,-0.0025697496948030004,0.000379426129434,0.08701723967123169,4.787693999787734,0.25883099988277536,0.12862800031143706,0.0
pd,00:06:31.688,1365,-90.0,-89.998,40.001,-90.074,0.08,0.003,0.0,0.0,0.0,0.0,0.0,0.0,-90.0,-89.997,40.0,-89.987,0.079,0.003,-90.0,-89.9975,40.0005,-90.03049999999999,0.0795,0.003,0.0,0.046566124878097824,-0.04656612487776695,4.05125286437532,-0.046566124877875516,0.0,0.0,0.0005000000000023874,-0.000499999999995282,0.043500000000008754,-0.0005000000000000004,0.0,0.0137698,0.0137698,0.0068849,2.6713412,-0.034424500000000004,0.0275396,-0.0017164835164619999,-0.023874725274426,0.000988278388266,-0.004156440781527,-0.0025697496948030004,0.000379426129434,0.08701723967123169,1.8395940001028066,0.18009099994742428,0.08086999969236786,0.0
pd,00:06:31.691,1366,-90.0,-89.998,40.001,-90.074,0.08,0.003,0.0,0.0,0.0,0.0,0.0,0.0,-90.0,-89.997,40.0,-89.987,0.079,0.003,-90.0,-89.9975,40.0005,-90.03049999999999,0.0795,0.003,0.0,0.11457342657397364,-0.11457342657315955,9.96788811188849,-0.11457342657342667,0.0,0.0,0.0005000000000023874,-0.000499999999995282,0.043500000000008754,-0.0005000000000000004,0.0,0.0137698,0.0137698,0.0068849,2.6713412,-0.034424500000000004,0.0275396,-0.0017164835164619999,-0.023874725274426,0.000988278388266,-0.004156440781527,-0.0025697496948030004,0.000379426129434,0.08701723967123169,1.820555999984208,0.20864700036327122,0.07455499962816248,0.0
pd,00:06:31.693,1367,-90.0,-89.998,40.001,-90.074,0.08,0.003,0.0,0.0,0.0,0.0,0.0,0.0,-90.0,-89.997,40.0,-89.987,0.079,0.003,-90.0,-89.9975,40.0005,-90.03049999999999,0.0795,0.003,0.0,0.11468620802854718,-0.11468620802773227,9.97770009843634,-0.11468620802799967,0.0,0.0,0.0005000000000023874,-0.000499999999995282,0.043500000000008754,-0.0005000000000000004,0.0,0.0137698,0.0137698,0.0068849,2.6713412,-0.034424500000000004,0.0275396,-0.0017164835164619999,-0.023874725274426,0.000988278388266,-0.004156440781527,-0.0025697496948030004,0.000379426129434,0.08701723967123169,1.720019999993383,0.16229499988185125,0.06462900000769878,0.0
pd,00:06:31.695,1368,-90.0,-89.998,40.001,-90.074,0.08,0.003,0.0,0.0,0.0,0.0,0.0,0.0,-90.0,-89.997,40.0,-89.987,0.079,0.003,-90.0,-89.9975,40.0005,-90.03049999999999,0.0795,0.003,0.0,0.12393050466907066,-0.12393050466819007,10.781953906158073,-0.12393050466847902,0.0,0.0,0.0005000000000023874,-0.000499999999995282,0.043500000000008754,-0.0005000000000000004,0.0,0.0137698,0.0137698,0.0068849,2.6713412,-0.034424500000000004,0.0275396,-0.0017164835164619999,-0.023874725274426,0.000988278388266,-0.004156440781527,-0.0025697496948030004,0.000379426129434,0.08701723967123169,1.6889279995666584,0.15712799995526439,0.06244399992283434,0.0
pd,00:06:31.697,1369,-90.0,-89.998,40.001,-90.074,0.08,0.003,0.0,0.0,0.0,0.0,0.0,0.0,-90.0,-89.997,40.0,-89.987,0.079,0.003,-90.0,-89.9975,40.0005,-90.03049999999999,0.0795,0.003,0.0,0.12651737451797862,-0.12651737451707964,11.007011583012,-0.12651737451737463,0.0,0.0,0.0005000000000023874,-0.000499999999995282,0.043500000000008754,-0.0005000000000000004,0.0,0.0137698,0.0137698,0.0068849,2.6713412,-0.034424500000000004,0.0275396,-0.0017164835164619999,-0.023874725274426,0.000988278388266,-0.004156440781527,-0.0025697496948030004,0.000379426129434,0.08701723967123169,1.6767239999353478,0.13023999963479582,0.056165999922086485,0.0
pd,00:06:31.699,1370,-90.0,-89.998,40.001,-90.074,0.08,0.003,0.0,0.0,0.0,0.0,0.0,0.0,-90.0,-89.997,40.0,-89.987,0.079,0.003,-90.0,-89.9975,40.0005,-90.03049999999999,0.0795,0.003,0.0,0.129854613003716,-0.12985461300279333,11.297351331269779,-0.1298546130030961,0.0,0.0,0.0005000000000023874,-0.000499999999995282,0.043500000000008754,-0.0005000000000000004,0.0,0.0137698,0.0137698,0.0068849,2.6713412,-0.034424500000000004,0.0275396,-0.0017164835164619999,-0.023874725274426,0.000988278388266,-0.004156440781527,-0.0025697496948030004,0.000379426129434,0.08701723967123169,1.6933350002545922,0.15305399983844836,0.08116600020002807,0.0
pd,00:06:31.702,1371,-90.0,-89.998,40.001,-90.094,0.08,0.003,0.0,0.0,0.0,-6.696956730000264,0.0,0.0,-90.0,-89.997,40.0,-89.987,0.079,0.003,-90.0,-89.9975,40.0005,-89.37080432699997,0.0795,0.003,0.0,0.08371195912541968,-0.08371195912482486,121.08025323513897,-0.08371195912502004,0.0,0.0,0.0005000000000023874,-0.000499999999995282,0.7231956730000206,-0.0005000000000000004,0.0,0.0137698,0.0137698,0.0068849,2.6713412,-0.034424500000000004,-0.0137698,-0.0017164835164619999,-0.023874725274426,0.000988278388266,-0.004156440781527,-0.0025697496948030004,3.4493284494e-05,0.10701401777337331,2.326772999822424,1.0908780000136176,0.46060699969530106,0.0
pd,00:06:31.706,1372,-90.0,-89.998,40.001,-90.094,0.08,0.003,0.0,0.0,0.0,0.0,0.0,0.0,-90.0,-89.997,40.0,-89.987,0.079,0.003,-90.0,-89.9975,40.0005,-90.0405,0.0795,0.003,0.0,0.058743753501681054,-0.05874375350126365,6.2855816246498195,-0.05874375350140061,0.0,0.0,0.0005000000000023874,-0.000499999999995282,0.05349999999999966,-0.0005000000000000004,0.0,-0.0481943,0.0137698,0.0619641,7.8900954,-0.0068849,-0.0137698,-0.002149938949912,-0.023597313797018,0.0014737484737299999,-0.003242368742436,-0.0025697496948030004,3.4493284494e-05,0.10701401777337331,3.0835259999548725,0.29860800032111,0.11959199991906644,0.0
pd,00:06:31.710,1373,-90.0,-89.998,40.001,-90.094,0.08,0.003,0.0,0.0,0.0,0.0,0.0,0.0,-90.0,-89.997,40.0,-89.987,0.079,0.003,-90.0,-89.9975,40.0005,-90.0405,0.0795,0.003,0.0,0.0691809724882897,-0.06918097248779813,7.402364056211604,-0.06918097248795942,0.0,0.0,0.0005000000000023874,-0.000499999999995282,0.05349999999999966,-0.0005000000000000004,0.0,-0.0481943,0.0137698,0.0619641,7.8900954,-0.0068849,-0.0137698,-0.002149938949912,-0.023597313797018,0.0014737484737299999,-0.003242368742436,-0.0025697496948030004,3.4493284494e-05,0.10701401777337331,2.0335909998721036,0.20370200036268216,0.09740699988469714,0.0
pd,00:06:31.712,1374,-90.0,-89.998,40.001,-90.094,0.08,0.003,0.0,0.0,0.0,0.0,0.0,0.0,-90.0,-89.997,40.0,-89.987,0.079,0.003,-90.0,-89.9975,40.0005,-90.0405,0.0795,0.003,0.0,0.10325711472230495,-0.10325711472157127,11.048511275233805,-0.10325711472181201,0.0,0.0,0.0005000000000023874,-0.000499999999995282,0.05349999999999966,-0.0005000000000000004,0.0,-0.0481943,0.0137698,0.0619641,7.8900954,-0.0068849,-0.0137698,-0.002149938949912,-0.023597313797018,0.0014737484737299999,-0.003242368742436,-0.0025697496948030004,3.4493284494e-05,0.10701401777337331,1.8070750002152636,0.16860999994605663,0.11690600013025687,0.0
pd,00:06:31.714,1375,-90.0,-89.998,40.001,-90.094,0.08,0.003,0.0,0.0,0.0,0.0,0.0,0.0,-90.0,-89.997,40.0,-89.987,0.079,0.003,-90.0,-89.9975,40.0005,-90.0405,0.0795,0.003,0.0,0.11525346229995678,-0.11525346229913785,12.332120466036413,-0.11525346229940657,0.0,0.0,0.0005000000000023874,-0.000499999999995282,0.05349999999999966,-0.0005000000000000004,0.0,-0.0481943,0.0137698,0.0619641,7.8900954,-0.0068849,-0.0137698,-0.002149938949912,-0.023597313797018,0.0014737484737299999,-0.003242368742436,-0.0025697496948030004,3.4493284494e-05,0.10701401777337331,1.7094280001401785,0.14348000013342244,0.12851699966631713,0.0
pd,00:06:31.716,1376,-90.0,-89.998,40.001,-90.094,0.08,0.003,0.0,0.0,0.0,0.0,0.0,0.0,-90.0,-89.997,40.0,-89.987,0.079,0.003,-90.0,-89.9975,40.0005,-90.0405,0.0795,0.003,0.0,0.12178583043031438,-0.12178583042944904,13.031083855981334,-0.12178583042973298,0.0,0.0,0.0005000000000023874,-0.000499999999995282,0.05349999999999966,-0.0005000000000000004,0.0,-0.0481943,0.0137698,0.0619641,7.8900954,-0.0068849,-0.0137698,-0.002149938949912,-0.023597313797018,0.0014737484737299999,-0.003242368742436,-0.0025697496948030004,3.4493284494e-05,0.10701401777337331,1.7517419996693206,0.15172099983828957,0.06329600000753999,0.0
pd,00:06:31.718,1377,-90.0,-89.998,40.001,-90.094,0.08,0.003,0.0,0.0,0.0,0.0,0.0,0.0,-90.0,-89.997,40.0,-89.987,0.079,0.003,-90.0,-89.9975,40.0005,-90.0405,0.0795,0.003,0.0,0.12284161199683773,-0.12284161199596488,13.144052483598792,-0.12284161199625128,0.0,0.0,0.0005000000000023874,-0.000499999999995282,0.05349999999999966,-0.0005000000000000004,0.0,-0.0481943,0.0137698,0.0619641,7.8900954,-0.0068849,-0.0137698,-0.002149938949912,-0.023597313797018,0.0014737484737299999,-0.003242368742436,-0.0025697496948030004,3.4493284494e-05,0.10701401777337331,1.6816500001368695,0.128239999867219,0.055406999763363274,0.0
pd,00:06:31.720,1378,-90.0,-89.998,40.001,-90.094,0.08,0.003,0.0,0.0,0.0,0.0,0.0,0.0,-90.0,-89.997,40.0,-89.987,0.079,0.003,-90.0,-89.9975,40.0005,-90.0405,0.0795,0.003,0.0,0.12969400123747765,-0.1296940012365561,13.877258132343758,-0.1296940012368585,0.0,0.0,0.0005000000000023874,-0.000499999999995282,0.05349999999999966,-0.0005000000000000004,0.0,-0.0481943,0.0137698,0.0619641,7.8900954,-0.0068849,-0.0137698,-0.002149938949912,-0.023597313797018,0.0014737484737299999,-0.003242368742436,-0.0025697496948030004,3.4493284494e-05,0.10701401777337331,1.717465000183438,0.16390600012528012,0.0759990002734412,0.0
pd,00:06:31.722,1379,-90.0,-89.998,40.001,-90.074,0.08,0.003,0.0,0.0,0.0,9.851565472693284,0.0,0.0,-90.0,-89.997,40.0,-89.987,0.079,0.003,-90.0,-89.9975,40.0005,-91.01565654726933,0.0795,0.003,0.0,0.12314456840927854,-0.12314456840840354,-231.9197782053979,-0.12314456840869066,0.0,0.0,0.0005000000000023874,-0.000499999999995282,-0.9416565472693321,-0.0005000000000000004,0.0,-0.0481943,-0.0275396,-0.0068849,3.7040762000000003,0.0068849,-0.0206547,-0.002149938949912,-0.024152136751834,0.0008669108669,0.0039322344323160004,-0.0034320818071530003,6.8986568988e-05,0.08701723967123169,3.3111719999396882,0.4314580000936985,0.1266280000891129,0.0
pd,00:06:31.726,1380,-90.0,-89.998,40.001,-90.074,0.08,0.003,0.0,0.0,0.0,0.0,0.0,0.0,-90.0,-89.997,40.0,-89.987,0.079,0.003,-90.0,-89.9975,40.0005,-90.03049999999999,0.0795,0.003,0.0,0.061045351342202174,-0.061045351341768424,5.310945566746431,-0.06104535134191075,0.0,0.0,0.0005000000000023874,-0.000499999999995282,0.043500000000008754,-0.0005000000000000004,0.0,0.034424500000000004,-0.0275396,-0.0068849,3.7040762000000003,0.0068849,-0.0206547,-0.002288644688616,-0.024152136751834,0.0008669108669,0.0039322344323160004,-0.0034320818071530003,6.8986568988e-05,0.08701723967123169,2.7178999998795916,0.17516500020064996,0.07990700032678433,0.0
pd,00:06:31.730,1381,-90.0,-89.998,40.001,-90.074,0.08,0.003,0.0,0.0,0.0,0.0,0.0,0.0,-90.0,-89.997,40.0,-89.987,0.079,0.003,-90.0,-89.9975,40.0005,-90.03049999999999,0.0795,0.003,0.0,0.06268388330972063,-0.06268388330927524,5.453497847919862,-0.06268388330942139,0.0,0.0,0.0005000000000023874,-0.000499999999995282,0.043500000000008754,-0.0005000000000000004,0.0,0.034424500000000004,-0.0275396,-0.0068849,3.7040762000000003,0.0068849,-0.0206547,-0.002288644688616,-0.024152136751834,0.0008669108669,0.0039322344323160004,-0.0034320818071530003,6.8986568988e-05,0.08701723967123169,1.9555369999579852,0.2335710000807012,0.13003599997318815,0.0
pd,00:06:31.733,1382,-90.0,-89.998,40.001,-90.074,0.08,0.003,0.0,0.0,0.0,0.0,0.0,0.0,-90.0,-89.997,40.0,-89.987,0.079,0.003,-90.0,-89.9975,40.0005,-90.03049999999999,0.0795,0.003,0.0,0.10317583390780348,-0.10317583390707037,8.976297549936383,-0.10317583390731093,0.0,0.0,0.0005000000000023874,-0.000499999999995282,0.043500000000008754,-0.0005000000000000004,0.0,0.034424500000000004,-0.0275396,-0.0068849,3.7040762000000003,0.0068849,-0.0206547,-0.002288644688616,-0.024152136751834,0.0008669108669,0.0039322344323160004,-0.0034320818071530003,6.8986568988e-05,0.08701723967123169,1.7514460000711551,0.16975700009425054,0.07279600004039821,0.0
pd,00:06:31.735,1383,-90.0,-89.998,40.001,-90.074,0.08,0.003,0.0,0.0,0.0,0.0,0.0,0.0,-90.0,-89.997,40.0,-89.987,0.079,0.003,-90.0,-89.9975,40.0005,-90.03049999999999,0.0795,0.003,0.0,0.12074804237736145,-0.12074804237650348,10.505079686780684,-0.120748042376785,0.0,0.0,0.0005000000000023874,-0.000499999999995282,0.043500000000008754,-0.0005000000000000004,0.0,0.034424500000000004,-0.0275396,-0.0068849,3.7040762000000003,0.0068849,-0.0206547,-0.002288644688616,-0.024152136751834,0.0008669108669,0.0039322344323160004,-0.0034320818071530003,6.8986568988e-05,0.08701723967123169,2.091628000016499,0.2621819999149011,0.15257299992299522,0.0
pd,00:06:31.738,1384,-90.0,-89.998,40.001,-90.074,0.08,0.003,0.0,0.0,0.0,0.0,0.0,0.0,-90.0,-89.997,40.0,-89.987,0.079,0.003,-90.0,-89.9975,40.0005,-90.03049999999999,0.0795,0.003,0.0,0.08793827574681372,-0.08793827574618888,7.650629989936553,-0.0879382757463939,0.0,0.0,0.0005000000000023874,-0.000499999999995282,0.043500000000008754,-0.0005000000000000004,0.0,0.034424500000000004,-0.0275396,-0.0068849,3.7040762000000003,0.0068849,-0.0206547,-0.002288644688616,-0.024152136751834,0.0008669108669,0.0039322344323160004,-0.0034320818071530003,6.8986568988e-05,0.08701723967123169,1.8101119999300863,0.2086829999825568,0.0659810002616723,0.0
pd,00:06:31.740,1385,-90.0,-89.998,40.001,-90.074,0.08,0.003,0.0,0.0,0.0,0.0,0.0,0.0,-90.0,-89.997,40.0,-89.987,0.079,0.003,-90.0,-89.9975,40.0005,-90.03049999999999,0.0795,0.003,0.0,0.11582635590467323,-0.11582635590385024,10.076892963658837,-0.11582635590412028,0.0,0.0,0.0005000000000023874,-0.000499999999995282,0.043500000000008754,-0.0005000000000000004,0.0,0.034424500000000004,-0.0275396,-0.0068849,3.7040762000000003,0.0068849,-0.0206547,-0.002288644688616,-0.024152136751834,0.0008669108669,0.0039322344323160004,-0.0034320818071530003,6.8986568988e-05,0.08701723967123169,1.8649640001058287,0.19081299979006872,0.08970299995780806,0.0
pd,00:06:31.742,1386,-90.0,-89.998,40.001,-89.966,0.08,0.003,0.0,0.0,0.0,48.4475756149751,0.0,0.0,-90.0,-89.997,40.0,-89.987,0.079,0.003,-90.0,-89.9975,40.0005,-94.8212575614975,0.0795,0.003,0.0,0.11214716577593656,-0.1121471657751397,-1089.0067492630617,-0.11214716577540117,0.0,0.0,0.0005000000000023874,-0.000499999999995282,-4.85525756149751,-0.0005000000000000004,0.0,0.034424500000000004,-0.0275396,-0.0068849,0.6609504,0.0206547,-0.0137698,-0.002288644688616,-0.024152136751834,0.001421733821716,0.0009830586080790001,-0.002966422466484,0.00020695970696400003,0.021071307505706387,2.8560650002873444,0.581586999942374,0.28971999972782214,0.0
pd,00:06:31.746,1387,-90.0,-89.998,40.001,-89.966,0.08,0.003,0.0,0.0,0.0,0.0,0.0,0.0,-90.0,-89.997,40.0,-89.987,0.079,0.003,-90.0,-89.9975,40.0005,-89.97649999999999,0.0795,0.003,0.0,0.06320149478663172,-0.06320149478618264,-1.327231390512979,-0.06320149478633,0.0,0.0,0.0005000000000023874,-0.000499999999995282,-0.010499999999993292,-0.0005000000000000004,0.0,-0.0275396,0.0068849,0.0206547,0.6609504,0.0206547,-0.0137698,-0.002410012209982,-0.024117460317157998,0.001421733821716,0.0009830586080790001,-0.002966422466484,0.00020695970696400003,0.021071307505706387,2.648067000336596,0.20605300005627214,0.09203599984175526,0.0
pd,00:06:31.749,1388,-90.0,-89.998,40.001,-89.966,0.08,0.003,0.0,0.0,0.0,0.0,0.0,0.0,-90.0,-89.997,40.0,-89.987,0.079,0.003,-90.0,-89.9975,40.0005,-89.97649999999999,0.0795,0.003,0.0,0.08249358823106025,-0.08249358823047409,-1.732365352844059,-0.08249358823066642,0.0,0.0,0.0005000000000023874,-0.000499999999995282,-0.010499999999993292,-0.0005000000000000004,0.0,-0.0275396,0.0068849,0.0206547,0.6609504,0.0206547,-0.0137698,-0.002410012209982,-0.024117460317157998,0.001421733821716,0.0009830586080790001,-0.002966422466484,0.00020695970696400003,0.021071307505706387,1.7080569996323902,0.16607199995632982,0.07633199993506423,0.0
pd,00:06:31.751,1389,-90.0,-89.998,40.001,-89.966,0.08,0.003,0.0,0.0,0.0,0.0,0.0,0.0,-90.0,-89.997,40.0,-89.987,0.079,0.003,-90.0,-89.9975,40.0005,-89.97649999999999,0.0795,0.003,0.0,0.12334737089813043,-0.12334737089725399,-2.590294788848469,-0.12334737089754158,0.0,0.0,0.0005000000000023874,-0.000499999999995282,-0.010499999999993292,-0.0005000000000000004,0.0,-0.0275396,0.0068849,0.0206547,0.6609504,0.0206547,-0.0137698,-0.002410012209982,-0.024117460317157998,0.001421733821716,0.0009830586080790001,-0.002966422466484,0.00020695970696400003,0.021071307505706387,1.7967969997698674,0.20160900021437556,0.09222100015904289,0.0
pd,00:06:31.753,1390,-90.0,-89.998,40.001,-89.966,0.08,0.003,0.0,0.0,0.0,0.0,0.0,0.0,-90.0,-89.997,40.0,-89.987,0.079,0.003,-90.0,-89.9975,40.0005,-89.97649999999999,0.0795,0.003,0.0,0.1123875669887467,-0.11238756698794815,-2.360138906752501,-0.11238756698821017,0.0,0.0,0.0005000000000023874,-0.000499999999995282,-0.010499999999993292,-0.0005000000000000004,0.0,-0.0275396,0.0068849,0.0206547,0.6609504,0.0206547,-0.0137698,-0.002410012209982,-0.024117460317157998,0.001421733821716,0.0009830586080790001,-0.002966422466484,0.00020695970696400003,0.021071307505706387,1.6711499997654755,0.1440719997845008,0.06359200006045285,0.0
pd,00:06:31.756,1391,-90.0,-89.998,40.001,-89.966,0.08,0.003,0.0,0.0,0.0,0.0,0.0,0.0,-90.0,-89.997,40.0,-89.987,0.079,0.003,-90.0,-89.9975,40.0005,-89.97649999999999,0.0795,0.003,0.0,0.08651617161757481,-0.08651617161696008,-1.8168396039604648,-0.0865161716171618,0.0,0.0,0.0005000000000023874,-0.000499999999995282,-0.010499999999993292,-0.0005000000000000004,0.0,-0.0275396,0.0068849,0.0206547,0.6609504,0.0206547,-0.0137698,-0.002410012209982,-0.024117460317157998,0.001421733821716,0.0009830586080790001,-0.002966422466484,0.00020695970696400003,0.021071307505706387,1.9671099998959107,0.2293679999638698,0.09336999983133865,0.0
pd,00:06:31.759,1392,-90.0,-89.998,40.001,-89.966,0.08,0.003,0.0,0.0,0.0,0.0,0.0,0.0,-90.0,-89.997,40.0,-89.987,0.079,0.003,-90.0,-89.9975,40.0005,-89.97649999999999,0.0795,0.003,0.0,0.10447105708927037,-0.10447105708852807,-2.1938921988642854,-0.10447105708877163,0.0,0.0,0.0005000000000023874,-0.000499999999995282,-0.010499999999993292,-0.0005000000000000004,0.0,-0.0275396,0.0068849,0.0206547,0.6609504,0.0206547,-0.0137698,-0.002410012209982,-0.024117460317157998,0.001421733821716,0.0009830586080790001,-0.002966422466484,0.00020695970696400003,0.021071307505706387,1.7924820003827335,0.4138660001444805,0.1449979999961215,0.0
pd,00:06:31.761,1393,-90.0,-89.998,40.001,-89.849,0.08,0.003,0.0,0.0,0.0,47.24952512997872,0.0,0.0,-90.0,-89.997,40.0,-89.987,0.079,0.003,-90.0,-89.9975,40.0005,-94.64295251299787,0.0795,0.003,0.0,0.10096052378249631,-0.10096052378177896,-967.9999133967365,-0.10096052378201434,0.0,0.0,0.0005000000000023874,-0.000499999999995282,-4.793952512997862,-0.0005000000000000004,0.0,-0.0275396,0.0068849,0.0206547,0.6609504,0.0206547,-0.0137698,-0.002410012209982,-0.024117460317157998,0.001421733821716,0.0009830586080790001,-0.002966422466484,0.00020695970696400003,0.13801086913717167,2.6441229997544724,0.9565650002514303,0.39736600001560873,0.0
pd,00:06:31.766,1394,-90.0,-89.998,40.001,-89.849,0.08,0.003,0.0,0.0,0.0,0.0,0.0,0.0,-90.0,-89.997,40.0,-89.987,0.079,0.003,-90.0,-89.9975,40.0005,-89.918,0.0795,0.003,0.0,0.05570716676433123,-0.05570716676393541,-7.687589013440503,-0.055707166764065286,0.0,0.0,0.0005000000000023874,-0.000499999999995282,-0.06900000000000261,-0.0005000000000000004,0.0,-0.0137698,0.0,-0.0,1.0189652,-0.0,-0.0275396,-0.001751159951138,-0.02470695970665,0.00104029304028,0.0033803418804120005,-0.002345543345592,-0.000655372405386,0.13801086913717167,3.416948000449338,0.23981200001799152,0.1061660000232223,0.0
pd,00:06:31.769,1395,-90.0,-89.998,40.001,-89.849,0.08,0.003,0.0,0.0,0.0,0.0,0.0,0.0,-90.0,-89.997,40.0,-89.987,0.079,0.003,-90.0,-89.9975,40.0005,-89.918,0.0795,0.003,0.0,0.06473890226616082,-0.06473890226570082,-8.933968512686953,-0.06473890226585176,0.0,0.0,0.0005000000000023874,-0.000499999999995282,-0.06900000000000261,-0.0005000000000000004,0.0,-0.0137698,0.0,-0.0,1.0189652,-0.0,-0.0275396,-0.001751159951138,-0.02470695970665,0.00104029304028,0.0033803418804120005,-0.002345543345592,-0.000655372405386,0.13801086913717167,1.7429459999220853,0.1901470000120753,0.08701799970367574,0.0
pd,00:06:31.771,1396,-90.0,-89.998,40.001,-89.849,0.08,0.003,0.0,0.0,0.0,0.0,0.0,0.0,-90.0,-89.997,40.0,-89.987,0.079,0.003,-90.0,-89.9975,40.0005,-89.918,0.0795,0.003,0.0,0.11881881019886763,-0.11881881019802337,-16.396995807364373,-0.11881881019830039,0.0,0.0,0.0005000000000023874,-0.000499999999995282,-0.06900000000000261,-0.0005000000000000004,0.0,-0.0137698,0.0,-0.0,1.0189652,-0.0,-0.0275396,-0.001751159951138,-0.02470695970665,0.00104029304028,0.0033803418804120005,-0.002345543345592,-0.000655372405386,0.13801086913717167,1.7994449999605422,0.16840500029502437,0.075906999882136,0.0
pd,00:06:31.774,1397,-90.0,-89.998,40.001,-89.849,0.08,0.003,0.0,0.0,0.0,0.0,0.0,0.0,-90.0,-89.997,40.0,-89.987,0.079,0.003,-90.0,-89.9975,40.0005,-89.918,0.0795,0.003,0.0,0.11777782769909095,-0.1177778276982541,-16.253340222395888,-0.1177778276985287,0.0,0.0,0.0005000000000023874,-0.000499999999995282,-0.06900000000000261,-0.0005000000000000004,0.0,-0.0137698,0.0,-0.0,1.0189652,-0.0,-0.0275396,-0.001751159951138,-0.02470695970665,0.00104029304028,0.0033803418804120005,-0.002345543345592,-0.000655372405386,0.13801086913717167,1.6980949999378936,0.14025800010131206,0.06057399968995014,0.0
pd,00:06:31.776,1398,-90.0,-89.998,40.001,-89.849,0.08,0.003,0.0,0.0,0.0,0.0,0.0,0.0,-90.0,-89.997,40.0,-89.987,0.079,0.003,-90.0,-89.9975,40.0005,-89.918,0.0795,0.003,0.0,0.12720805532027257,-0.1272080553193687,-17.55471163411265,-0.12720805531966528,0.0,0.0,0.0005000000000023874,-0.000499999999995282,-0.06900000000000261,-0.0005000000000000004,0.0,-0.0137698,0.0,-0.0,1.0189652,-0.0,-0.0275396,-0.001751159951138,-0.02470695970665,0.00104029304028,0.0033803418804120005,-0.002345543345592,-0.000655372405386,0.13801086913717167,1.6586320002716093,0.13753499979429762,0.06011100003888714,0.0
pd,00:06:31.777,1399,-90.0,-89.998,40.001,-89.849,0.08,0.003,0.0,0.0,0.0,0.0,0.0,0.0,-90.0,-89.997,40.0,-89.987,0.079,0.003,-90.0,-89.9975,40.0005,-89.918,0.0795,0.003,0.0,0.13024170910508096,-0.13024170910415553,-17.973355856414184,-0.1302417091044592,0.0,0.0,0.0005000000000023874,-0.000499999999995282,-0.06900000000000261,-0.0005000000000000004,0.0,-0.0137698,0.0,-0.0,1.0189652,-0.0,-0.0275396,-0.001751159951138,-0.02470695970665,0.00104029304028,0.0033803418804120005,-0.002345543345592,-0.000655372405386,0.13801086913717167,1.6359650003323623,0.12675800007855287,0.05312899975251639,0.0
pd,00:06:31.779,1400,-90.0,-89.998,40.001,-89.849,0.08,0.003,0.0,0.0,0.0,0.0,0.0,0.0,-90.0,-89.997,40.0,-89.987,0.079,0.003,-90.0,-89.9975,40.0005,-89.918,0.0795,0.003,0.0,0.13328791152980893,-0.13328791152886185,-18.393731791024607,-0.1332879115291726,0.0,0.0,0.0005000000000023874,-0.000499999999995282,-0.06900000000000261,-0.0005000000000000004,0.0,-0.0137698,0.0,-0.0,1.0189652,-0.0,-0.0275396,-0.001751159951138,-0.02470695970665,0.00104029304028,0.0033803418804120005,-0.002345543345592,-0.000655372405386,0.13801086913717167,1.712354000119376,0.3047379996132804,0.19151699962094426,0.0
pd,00:06:31.783,1401,-90.0,-89.998,40.001,-89.816,0.079,0.003,0.0,0.0,0.0,8.701875518672528,-0.2636931975355214,0.0,-90.0,-89.997,40.0,-89.987,0.079,0.003,-90.0,-89.9975,40.0005,-90.77168755186725,0.10536931975355214,0.003,0.0,0.06592329938419507,-0.06592329938372665,-126.00415319838457,3.476705121325373,0.0,0.0,0.0005000000000023874,-0.000499999999995282,-0.9556875518672427,0.02636931975355214,0.0,0.0137698,0.0275396,-0.0068849,0.4544034,-0.0137698,0.0206547,-0.002236630036602,-0.023909401709102,0.000190720390718,0.00258699633705,-0.002207570207616,-3.4493284494e-05,0.1710058478532163,3.9967020002222853,0.46169899997039465,0.11062800012950902,0.0
pd,00:06:31.788,1402,-90.0,-89.998,40.001,-89.816,0.079,0.003,0.0,0.0,0.0,0.0,0.0,0.0,-90.0,-89.997,40.0,-89.987,0.079,0.003,-90.0,-89.9975,40.0005,-89.9015,0.079,0.003,0.0,0.052652573437359115,-0.052652573436985,-9.003590057745011,0.0,0.0,0.0,0.0005000000000023874,-0.000499999999995282,-0.08549999999999613,0.0,0.0,0.0137698,0.0275396,-0.0068849,0.4544034,-0.0137698,0.0206547,-0.002236630036602,-0.023909401709102,0.000190720390718,0.00258699633705,-0.002207570207616,-3.4493284494e-05,0.1710058478532163,1.8525010000303155,0.23721999968984164,0.11425899992900668,0.0
pd,00:06:31.790,1403,-90.0,-89.998,40.001,-89.816,0.079,0.003,0.0,0.0,0.0,0.0,0.0,0.0,-90.0,-89.997,40.0,-89.987,0.079,0.003,-90.0,-89.9975,40.0005,-89.9015,0.079,0.003,0.0,0.10842477510133458,-0.10842477510056418,-18.540636542238847,0.0,0.0,0.0,0.0005000000000023874,-0.000499999999995282,-0.08549999999999613,0.0,0.0,0.0137698,0.0275396,-0.0068849,0.4544034,-0.0137698,0.0206547,-0.002236630036602,-0.023909401709102,0.000190720390718,0.00258699633705,-0.002207570207616,-3.4493284494e-05,0.1710058478532163,2.1039420003035048,0.3101449997302552,0.11627699996097363,0.0
pd,00:06:31.793,1404,-90.0,-89.998,40.001,-89.816,0.079,0.003,0.0,0.0,0.0,0.0,0.0,0.0,-90.0,-89.997,40.0,-89.987,0.079,0.003,-90.0,-89.9975,40.0005,-89.9015,0.079,0.003,0.0,0.0950485859322885,-0.09504858593161314,-16.253308194342992,0.0,0.0,0.0,0.0005000000000023874,-0.000499999999995282,-0.08549999999999613,0.0,0.0,0.0137698,0.0275396,-0.0068849,0.4544034,-0.0137698,0.0206547,-0.002236630036602,-0.023909401709102,0.000190720390718,0.00258699633705,-0.002207570207616,-3.4493284494e-05,0.1710058478532163,1.850055999966571,0.19161000000167405,0.08790600031716167,0.0
pd,00:06:31.795,1405,-90.0,-89.998,40.001,-89.816,0.079,0.003,0.0,0.0,0.0,0.0,0.0,0.0,-90.0,-89.997,40.0,-89.987,0.079,0.003,-90.0,-89.9975,40.0005,-89.9015,0.079,0.003,0.0,0.11304182837483902,-0.11304182837403581,-19.3301526520043,0.0,0.0,0.0,0.0005000000000023874,-0.000499999999995282,-0.08549999999999613,0.0,0.0,0.0137698,0.0275396,-0.0068849,0.4544034,-0.0137698,0.0206547,-0.002236630036602,-0.023909401709102,0.000190720390718,0.00258699633705,-0.002207570207616,-3.4493284494e-05,0.1710058478532163,1.8379640000603104,0.1802019996830495,0.07957299976624199,0.0
pd,00:06:31.797,1406,-90.0,-89.998,40.001,-89.816,0.079,0.003,0.0,0.0,0.0,0.0,0.0,0.0,-90.0,-89.997,40.0,-89.987,0.079,0.003,-90.0,-89.9975,40.0005,-89.9015,0.079,0.003,0.0,0.11172892914278176,-0.11172892914198787,-19.10564688332359,0.0,0.0,0.0,0.0005000000000023874,-0.000499999999995282,-0.08549999999999613,0.0,0.0,0.0137698,0.0275396,-0.0068849,0.4544034,-0.0137698,0.0206547,-0.002236630036602,-0.023909401709102,0.000190720390718,0.00258699633705,-0.002207570207616,-3.4493284494e-05,0.1710058478532163,1.714298000024428,0.13818399975207285,0.05868500011274591,0.0
pd,00:06:31.799,1407,-90.0,-89.998,40.001,-89.816,0.079,0.003,0.0,0.0,0.0,0.0,0.0,0.0,-90.0,-89.997,40.0,-89.987,0.079,0.003,-90.0,-89.9975,40.0005,-89.9015,0.079,0.003,0.0,0.1263496806850231,-0.12634968068412533,-21.60579539703481,0.0,0.0,0.0,0.0005000000000023874,-0.000499999999995282,-0.08549999999999613,0.0,0.0,0.0137698,0.0275396,-0.0068849,0.4544034,-0.0137698,0.0206547,-0.002236630036602,-0.023909401709102,0.000190720390718,0.00258699633705,-0.002207570207616,-3.4493284494e-05,0.1710058478532163,1.9089439997515,0.2606829998512694,0.1237579999724403,0.0
pd,00:06:31.802,1408,-90.0,-89.998,40.001,-89.797,0.079,0.003,0.0,0.0,0.0,7.865354915122669,0.0,0.0,-90.0,-89.997,40.0,-89.987,0.079,0.003,-90.0,-89.9975,40.0005,-90.67853549151226,0.079,0.003,0.0,0.10349151204155219,-0.10349151204081684,-182.46288186892335,0.0,0.0,0.0,0.0005000000000023874,-0.000499999999995282,-0.8815354915122668,0.0,0.0,0.0137698,0.0275396,-0.0068849,0.4544034,-0.0137698,0.0206547,-0.002236630036602,-0.023909401709102,0.000190720390718,0.00258699633705,-0.002207570207616,-3.4493284494e-05,0.19000526308499754,1.795298000160983,0.9675460000835301,0.2453679999234737,0.0
pd,00:06:31.805,1409,-90.0,-89.998,40.001,-89.797,0.079,0.003,0.0,0.0,0.0,0.0,0.0,0.0,-90.0,-89.997,40.0,-89.987,0.079,0.003,-90.0,-89.9975,40.0005,-89.892,0.079,0.003,0.0,0.07754592515937042,-0.07754592515881942,-14.733725780209852,0.0,0.0,0.0,0.0005000000000023874,-0.000499999999995282,-0.09499999999999886,0.0,0.0,-0.0068849,0.0206547,0.0137698,0.0068849,-0.0,-0.0206547,-0.002115262515236,-0.02297313797285,0.000572161172154,0.0030871489622130003,-0.002897435897496,-0.000327686202693,0.19000526308499754,3.30182000016066,0.22236799986785627,0.10311000005458482,0.0
pd,00:06:31.809,1410,-90.0,-89.998,40.001,-89.797,0.079,0.003,0.0,0.0,0.0,0.0,0.0,0.0,-90.0,-89.997,40.0,-89.987,0.079,0.003,-90.0,-89.9975,40.0005,-89.892,0.079,0.003,0.0,0.06618962252272483,-0.06618962252225452,-12.57602827925752,0.0,0.0,0.0,0.0005000000000023874,-0.000499999999995282,-0.09499999999999886,0.0,0.0,-0.0068849,0.0206547,0.0137698,0.0068849,-0.0,-0.0206547,-0.002115262515236,-0.02297313797285,0.000572161172154,0.0030871489622130003,-0.002897435897496,-0.000327686202693,0.19000526308499754,1.696075999916502,0.15810899958523805,0.06242600011319155,0.0
pd,00:06:31.812,1411,-90.0,-89.998,40.001,-89.797,0.079,0.003,0.0,0.0,0.0,0.0,0.0,0.0,-90.0,-89.997,40.0,-89.987,0.079,0.003,-90.0,-89.9975,40.0005,-89.892,0.079,0.003,0.0,0.08340566337933557,-0.08340566337874293,-15.847076041997902,0.0,0.0,0.0,0.0005000000000023874,-0.000499999999995282,-0.09499999999999886,0.0,0.0,-0.0068849,0.0206547,0.0137698,0.0068849,-0.0,-0.0206547,-0.002115262515236,-0.02297313797285,0.000572161172154,0.0030871489622130003,-0.002897435897496,-0.000327686202693,0.19000526308499754,2.028794999660022,0.2354430002924346,0.09883300026558572,0.0
pd,00:06:31.814,1412,-90.0,-89.998,40.001,-89.797,0.079,0.003,0.0,0.0,0.0,0.0,0.0,0.0,-90.0,-89.997,40.0,-89.987,0.079,0.003,-90.0,-89.9975,40.0005,-89.892,0.079,0.003,0.0,0.1012725516713354,-0.10127255167061582,-19.24178481746162,0.0,0.0,0.0,0.0005000000000023874,-0.000499999999995282,-0.09499999999999886,0.0,0.0,-0.0068849,0.0206547,0.0137698,0.0068849,-0.0,-0.0206547,-0.002115262515236,-0.02297313797285,0.000572161172154,0.0030871489622130003,-0.002897435897496,-0.000327686202693,0.19000526308499754,1.6832619999149756,0.15051699983814615,0.0639069999124331,0.0
pd,00:06:31.816,1413,-90.0,-89.998,40.001,-89.797,0.079,0.003,0.0,0.0,0.0,0.0,0.0,0.0,-90.0,-89.997,40.0,-89.987,0.079,0.003,-90.0,-89.9975,40.0005,-89.892,0.079,0.003,0.0,0.12703852677550362,-0.12703852677460095,-24.137320087230144,0.0,0.0,0.0,0.0005000000000023874,-0.000499999999995282,-0.09499999999999886,0.0,0.0,-0.0068849,0.0206547,0.0137698,0.0068849,-0.0,-0.0206547,-0.002115262515236,-0.02297313797285,0.000572161172154,0.0030871489622130003,-0.002897435897496,-0.000327686202693,0.19000526308499754,1.784889999726147,0.2242760001536226,0.10888799988606479,0.0
pd,00:06:31.818,1414,-90.0,-89.998,40.001,-89.797,0.079,0.003,0.0,0.0,0.0,0.0,0.0,0.0,-90.0,-89.997,40.0,-89.987,0.079,0.003,-90.0,-89.9975,40.0005,-89.892,0.079,0.003,0.0,0.11290793582480961,-0.11290793582400735,-21.452507806611134,0.0,0.0,0.0,0.0005000000000023874,-0.000499999999995282,-0.09499999999999886,0.0,0.0,-0.0068849,0.0206547,0.0137698,0.0068849,-0.0,-0.0206547,-0.002115262515236,-0.02297313797285,0.000572161172154,0.0030871489622130003,-0.002897435897496,-0.000327686202693,0.19000526308499754,2.2004979996381735,0.2919419998761441,0.12483199998314376,0.0
pd,00:06:31.821,1415,-90.0,-89.998,40.001,-89.797,0.079,0.003,0.0,0.0,0.0,0.0,0.0,0.0,-90.0,-89.997,40.0,-89.987,0.079,0.003,-90.0,-89.9975,40.0005,-89.892,0.079,0.003,0.0,0.09181122493695883,-0.09181122493630647,-17.444132737938677,0.0,0.0,0.0,0.0005000000000023874,-0.000499999999995282,-0.09499999999999886,0.0,0.0,-0.0068849,0.0206547,0.0137698,0.0068849,-0.0,-0.0206547,-0.002115262515236,-0.02297313797285,0.000572161172154,0.0030871489622130003,-0.002897435897496,-0.000327686202693,0.19000526308499754,1.8078339999192394,0.20862700012003188,0.10140700032934546,0.0
pd,00:06:31.823,1416,-90.0,-89.998,40.001,-89.784,0.079,0.003,0.0,0.0,0.0,5.8737425401230565,0.0,0.0,-90.0,-89.997,40.0,-89.987,0.079,0.003,-90.0,-89.9975,40.0005,-90.47287425401231,0.079,0.003,0.0,0.11295658731067616,-0.11295658730987355,-155.62576963809147,0.0,0.0,0.0,0.0005000000000023874,-0.000499999999995282,-0.6888742540123047,0.0,0.0,-0.0206547,0.0413094,0.0275396,-0.4062091,-0.034424500000000004,0.0481943,-0.0026007326007,-0.023631990231694,0.0007282051281959999,0.005587912088028,-0.002052350427393,3.4493284494e-05,0.20300492604859477,3.5903170000892715,0.7128999995984486,0.10222200035059359,0.0
pd,00:06:31.828,1417,-90.0,-89.998,40.001,-89.784,0.079,0.003,0.0,0.0,0.0,0.0,0.0,0.0,-90.0,-89.997,40.0,-89.987,0.079,0.003,-90.0,-89.9975,40.0005,-89.88550000000001,0.079,0.003,0.0,0.05459058725557095,-0.05459058725518306,-11.081889212827374,0.0,0.0,0.0,0.0005000000000023874,-0.000499999999995282,-0.10150000000000148,0.0,0.0,-0.0206547,0.0413094,0.0275396,-0.4062091,-0.034424500000000004,0.0481943,-0.0026007326007,-0.023631990231694,0.0007282051281959999,0.005587912088028,-0.002052350427393,3.4493284494e-05,0.20300492604859477,1.7712980002215772,0.16592400015724706,0.06829599988122936,0.0
pd,00:06:31.830,1418,-90.0,-89.998,40.001,-89.784,0.079,0.003,0.0,0.0,0.0,0.0,0.0,0.0,-90.0,-89.997,40.0,-89.987,0.079,0.003,-90.0,-89.9975,40.0005,-89.88550000000001,0.079,0.003,0.0,0.12038760045981708,-0.12038760045896167,-24.438682893224822,0.0,0.0,0.0,0.0005000000000023874,-0.000499999999995282,-0.10150000000000148,0.0,0.0,-0.0206547,0.0413094,0.0275396,-0.4062091,-0.034424500000000004,0.0481943,-0.0026007326007,-0.023631990231694,0.0007282051281959999,0.005587912088028,-0.002052350427393,3.4493284494e-05,0.20300492604859477,1.7080580000765622,0.16222100020968355,0.07657299966012943,0.0
pd,00:06:31.832,1419,-90.0,-89.998,40.001,-89.784,0.079,0.003,0.0,0.0,0.0,0.0,0.0,0.0,-90.0,-89.997,40.0,-89.987,0.079,0.003,-90.0,-89.9975,40.0005,-89.88550000000001,0.079,0.003,0.0,0.12395980612424717,-0.12395980612336638,-25.163840643100627,0.0,0.0,0.0,0.0005000000000023874,-0.000499999999995282,-0.10150000000000148,0.0,0.0,-0.0206547,0.0413094,0.0275396,-0.4062091,-0.034424500000000004,0.0481943,-0.0026007326007,-0.023631990231694,0.0007282051281959999,0.005587912088028,-0.002052350427393,3.4493284494e-05,0.20300492604859477,2.0404990000315593,0.19894300021405797,0.09318499996879837,0.0
pd,00:06:31.834,1420,-90.0,-89.998,40.001,-89.784,0.079,0.003,0.0,0.0,0.0,0.0,0.0,0.0,-90.0,-89.997,40.0,-89.987,0.079,0.003,-90.0,-89.9975,40.0005,-89.88550000000001,0.079,0.003,0.0,0.10337927634871406,-0.10337927634797951,-20.985993098687587,0.0,0.0,0.0,0.0005000000000023874,-0.000499999999995282,-0.10150000000000148,0.0,0.0,-0.0206547,0.0413094,0.0275396,-0.4062091,-0.034424500000000004,0.0481943,-0.0026007326007,-0.023631990231694,0.0007282051281959999,0.005587912088028,-0.002052350427393,3.4493284494e-05,0.20300492604859477,1.710298000034527,0.1446090000172262,0.06329600000753999,0.0
pd,00:06:31.837,1421,-90.0,-89.998,40.001,-89.784,0.079,0.003,0.0,0.0,0.0,0.0,0.0,0.0,-90.0,-89.997,40.0,-89.987,0.079,0.003,-90.0,-89.9975,40.0005,-89.88550000000001,0.079,0.003,0.0,0.08170297646914498,-0.08170297646856445,-16.58570422315632,0.0,0.0,0.0,0.0005000000000023874,-0.000499999999995282,-0.10150000000000148,0.0,0.0,-0.0206547,0.0413094,0.0275396,-0.4062091,-0.034424500000000004,0.0481943,-0.0026007326007,-0.023631990231694,0.0007282051281959999,0.005587912088028,-0.002052350427393,3.4493284494e-05,0.20300492604859477,1.9896469998457178,0.25320099985037814,0.12090700010958244,0.0
pd,00:06:31.840,1422,-90.0,-89.998,40.001,-89.784,0.079,0.003,0.0,0.0,0.0,0.0,0.0,0.0,-90.0,-89.997,40.0,-89.987,0.079,0.003,-90.0,-89.9975,40.0005,-89.88550000000001,0.079,0.003,0.0,0.10080522976398834,-0.10080522976327208,-20.46346164199079,0.0,0.0,0.0,0.0005000000000023874,-0.000499999999995282,-0.10150000000000148,0.0,0.0,-0.0206547,0.0413094,0.0275396,-0.4062091,-0.034424500000000004,0.0481943,-0.0026007326007,-0.023631990231694,0.0007282051281959999,0.005587912088028,-0.002052350427393,3.4493284494e-05,0.20300492604859477,1.8001859998548753,0.2104420000250684,0.11077700037276372,0.0
pd,00:06:31.842,1423,-90.0,-89.998,40.001,-89.785,0.079,0.003,0.0,0.0,0.0,-0.44983955383530916,0.0,0.0,-90.0,-89.997,40.0,-89.987,0.079,0.003,-90.0,-89.9975,40.0005,-89.84101604461647,0.079,0.003,0.0,0.11245988846042544,-0.11245988845962636,-12.599116259064292,0.0,0.0,0.0,0.0005000000000023874,-0.000499999999995282,-0.05601604461647014,0.0,0.0,-0.0206547,0.0068849,0.0550792,-0.5921014,-0.0,-0.0,-0.0026007326007,-0.02297313797285,0.00104029304028,0.006743437118577,-0.002276556776604,0.000137973137976,0.2020049504343873,3.423523000037676,0.44386600029611145,0.16746099981901352,0.0
pd,00:06:31.846,1424,-90.0,-89.998,40.001,-89.785,0.079,0.003,0.0,0.0,0.0,0.0,0.0,0.0,-90.0,-89.997,40.0,-89.987,0.079,0.003,-90.0,-89.9975,40.0005,-89.886,0.079,0.003,0.0,0.05877338714225698,-0.05877338714183937,-11.872224202679115,0.0,0.0,0.0,0.0005000000000023874,-0.000499999999995282,-0.10099999999999909,0.0,0.0,-0.0137698,0.0068849,0.0550792,-0.5921014,-0.0,-0.0,-0.0029474969474599997,-0.02297313797285,0.00104029304028,0.006743437118577,-0.002276556776604,0.000137973137976,0.2020049504343873,2.6920110003629816,0.19468399977995432,0.09520300000076531,0.0
pd,00:06:31.849,1425,-90.0,-89.998,40.001,-89.785,0.079,0.003,0.0,0.0,0.0,0.0,0.0,0.0,-90.0,-89.997,40.0,-89.987,0.079,0.003,-90.0,-89.9975,40.0005,-89.886,0.079,0.003,0.0,0.08144279611689373,-0.08144279611631504,-16.451444815533833,0.0,0.0,0.0,0.0005000000000023874,-0.000499999999995282,-0.10099999999999909,0.0,0.0,-0.0137698,0.0068849,0.0550792,-0.5921014,-0.0,-0.0,-0.0029474969474599997,-0.02297313797285,0.00104029304028,0.006743437118577,-0.002276556776604,0.000137973137976,0.2020049504343873,1.750705000176822,0.1539249997222214,0.062277999859361444,0.0
pd,00:06:31.851,1426,-90.0,-89.998,40.001,-89.785,0.079,0.003,0.0,0.0,0.0,0.0,0.0,0.0,-90.0,-89.997,40.0,-89.987,0.079,0.003,-90.0,-89.9975,40.0005,-89.886,0.079,0.003,0.0,0.12288480018809408,-0.12288480018722094,-24.822729637876257,0.0,0.0,0.0,0.0005000000000023874,-0.000499999999995282,-0.10099999999999909,0.0,0.0,-0.0137698,0.0068849,0.0550792,-0.5921014,-0.0,-0.0,-0.0029474969474599997,-0.02297313797285,0.00104029304028,0.006743437118577,-0.002276556776604,0.000137973137976,0.2020049504343873,1.7554829996697663,0.17916499973580358,0.08370300020033028,0.0
pd,00:06:31.854,1427,-90.0,-89.998,40.001,-89.785,0.079,0.003,0.0,0.0,0.0,0.0,0.0,0.0,-90.0,-89.997,40.0,-89.987,0.079,0.003,-90.0,-89.9975,40.0005,-89.886,0.079,0.003,0.0,0.11906165550187428,-0.11906165550102829,-24.05045441126355,0.0,0.0,0.0,0.0005000000000023874,-0.000499999999995282,-0.10099999999999909,0.0,0.0,-0.0137698,0.0068849,0.0550792,-0.5921014,-0.0,-0.0,-0.0029474969474599997,-0.02297313797285,0.00104029304028,0.006743437118577,-0.002276556776604,0.000137973137976,0.2020049504343873,1.7350200000691984,0.14094300013312022,0.06605500038858736,0.0
pd,00:06:31.856,1428,-90.0,-89.998,40.001,-89.785,0.079,0.003,0.0,0.0,0.0,0.0,0.0,0.0,-90.0,-89.997,40.0,-89.987,0.079,0.003,-90.0,-89.9975,40.0005,-89.886,0.079,0.003,0.0,0.12444528839366328,-0.12444528839277905,-25.137948255399728,0.0,0.0,0.0,0.0005000000000023874,-0.000499999999995282,-0.10099999999999909,0.0,0.0,-0.0137698,0.0068849,0.0550792,-0.5921014,-0.0,-0.0,-0.0029474969474599997,-0.02297313797285,0.00104029304028,0.006743437118577,-0.002276556776604,0.000137973137976,0.2020049504343873,1.7874089999168064,0.3691439997055568,0.1357769997412106,0.0
pd,00:06:31.858,1429,-90.0,-89.998,40.001,-89.785,0.079,0.003,0.0,0.0,0.0,0.0,0.0,0.0,-90.0,-89.997,40.0,-89.987,0.079,0.003,-90.0,-89.9975,40.0005,-89.886,0.079,0.003,0.0,0.10364495403825312,-0.10364495403751668,-20.936280715626975,0.0,0.0,0.0,0.0005000000000023874,-0.000499999999995282,-0.10099999999999909,0.0,0.0,-0.0137698,0.0068849,0.0550792,-0.5921014,-0.0,-0.0,-0.0029474969474599997,-0.02297313797285,0.00104029304028,0.006743437118577,-0.002276556776604,0.000137973137976,0.2020049504343873,2.090054000291275,0.21822000007887254,0.10127699988515815,0.0
pd,00:06:31.860,1430,-90.0,-89.998,40.001,-89.785,0.079,0.003,0.0,0.0,0.0,0.0,0.0,0.0,-90.0,-89.997,40.0,-89.987,0.079,0.003,-90.0,-89.9975,40.0005,-89.886,0.079,0.003,0.0,0.09993100162060486,-0.09993100161989481,-20.186062327265613,0.0,0.0,0.0,0.0005000000000023874,-0.000499999999995282,-0.10099999999999909,0.0,0.0,-0.0137698,0.0068849,0.0550792,-0.5921014,-0.0,-0.0,-0.0029474969474599997,-0.02297313797285,0.00104029304028,0.006743437118577,-0.002276556776604,0.000137973137976,0.2020049504343873,1.8399450000288198,0.1873690002867079,0.08744399974602857,0.0
pd,00:06:31.864,1431,-90.0,-89.998,40.001,-89.796,0.079,0.003,0.0,0.0,0.0,-3.13475635276814,0.0,0.0,-90.0,-89.997,40.0,-89.987,0.079,0.003,-90.0,-89.9975,40.0005,-89.57802436472319,0.079,0.003,0.0,0.0712444625631884,-0.07124446256268217,31.059113974184896,0.0,0.0,0.0,0.0005000000000023874,-0.000499999999995282,0.21797563527681518,0.0,0.0,0.0137698,-0.0137698,-0.0137698,-0.9707709,-0.0206547,0.0413094,-0.002635409035376,-0.023614652014356,0.0009709401709279999,0.004984279609383,-0.002052350427393,-0.000258699633705,0.19100523553032656,4.024554000352509,0.24133100032486254,0.09673999966253177,0.0
pd,00:06:31.868,1432,-90.0,-89.998,40.001,-89.796,0.079,0.003,0.0,0.0,0.0,0.0,0.0,0.0,-90.0,-89.997,40.0,-89.987,0.079,0.003,-90.0,-89.9975,40.0005,-89.89150000000001,0.079,0.003,0.0,0.05587934985371739,-0.05587934985332034,-10.672955822008404,0.0,0.0,0.0,0.0005000000000023874,-0.000499999999995282,-0.09550000000000125,0.0,0.0,0.0137698,-0.0137698,-0.0137698,-0.9707709,-0.0206547,0.0413094,-0.002635409035376,-0.023614652014356,0.0009709401709279999,0.004984279609383,-0.002052350427393,-0.000258699633705,0.19100523553032656,1.8567600000096718,0.2553309996073949,0.1304990000789985,0.0
pd,00:06:31.871,1433,-90.0,-89.998,40.001,-89.796,0.079,0.003,0.0,0.0,0.0,0.0,0.0,0.0,-90.0,-89.997,40.0,-89.987,0.079,0.003,-90.0,-89.9975,40.0005,-89.89150000000001,0.079,0.003,0.0,0.09546394756054323,-0.09546394755986491,-18.233613983975577,0.0,0.0,0.0,0.0005000000000023874,-0.000499999999995282,-0.09550000000000125,0.0,0.0,0.0137698,-0.0137698,-0.0137698,-0.9707709,-0.0206547,0.0413094,-0.002635409035376,-0.023614652014356,0.0009709401709279999,0.004984279609383,-0.002052350427393,-0.000258699633705,0.19100523553032656,1.8732600001385435,0.22581199982596445,0.09047999992617406,0.0
pd,00:06:31.873,1434,-90.0,-89.998,40.001,-89.796,0.079,0.003,0.0,0.0,0.0,0.0,0.0,0.0,-90.0,-89.997,40.0,-89.987,0.079,0.003,-90.0,-89.9975,40.0005,-89.89150000000001,0.079,0.003,0.0,0.10963780844887147,-0.10963780844809246,-20.940821413633177,0.0,0.0,0.0,0.0005000000000023874,-0.000499999999995282,-0.09550000000000125,0.0,0.0,0.0137698,-0.0137698,-0.0137698,-0.9707709,-0.0206547,0.0413094,-0.002635409035376,-0.023614652014356,0.0009709401709279999,0.004984279609383,-0.002052350427393,-0.000258699633705,0.19100523553032656,1.7300569998042192,0.13994299979458447,0.05981399999654968,0.0
pd,00:06:31.875,1435,-90.0,-89.998,40.001,-89.796,0.079,0.003,0.0,0.0,0.0,0.0,0.0,0.0,-90.0,-89.997,40.0,-89.987,0.079,0.003,-90.0,-89.9975,40.0005,-89.89150000000001,0.079,0.003,0.0,0.12538275738431265,-0.12538275738342175,-23.948106660287902,0.0,0.0,0.0,0.0005000000000023874,-0.000499999999995282,-0.09550000000000125,0.0,0.0,0.0137698,-0.0137698,-0.0137698,-0.9707709,-0.0206547,0.0413094,-0.002635409035376,-0.023614652014356,0.0009709401709279999,0.004984279609383,-0.002052350427393,-0.000258699633705,0.19100523553032656,1.840593999986595,0.24110899994411739,0.12153600027886569,0.0
pd,00:06:31.878,1436,-90.0,-89.998,40.001,-89.796,0.079,0.003,0.0,0.0,0.0,0.0,0.0,0.0,-90.0,-89.997,40.0,-89.987,0.079,0.003,-90.0,-89.9975,40.0005,-89.89150000000001,0.079,0.003,0.0,0.10833515859128079,-0.10833515859051103,-20.69201529083456,0.0,0.0,0.0,0.0005000000000023874,-0.000499999999995282,-0.09550000000000125,0.0,0.0,0.0137698,-0.0137698,-0.0137698,-0.9707709,-0.0206547,0.0413094,-0.002635409035376,-0.023614652014356,0.0009709401709279999,0.004984279609383,-0.002052350427393,-0.000258699633705,0.19100523553032656,1.772297000115941,0.16385099979743245,0.06625900005019503,0.0
pd,00:06:31.880,1437,-90.0,-89.998,40.001,-89.796,0.079,0.003,0.0,0.0,0.0,0.0,0.0,0.0,-90.0,-89.997,40.0,-89.987,0.079,0.003,-90.0,-89.9975,40.0005,-89.89150000000001,0.079,0.003,0.0,0.12063690750172651,-0.12063690750086933,-23.04164933271833,0.0,0.0,0.0,0.0005000000000023874,-0.000499999999995282,-0.09550000000000125,0.0,0.0,0.0137698,-0.0137698,-0.0137698,-0.9707709,-0.0206547,0.0413094,-0.002635409035376,-0.023614652014356,0.0009709401709279999,0.004984279609383,-0.002052350427393,-0.000258699633705,0.19100523553032656,1.7321310001534584,0.13825700034431065,0.07194399995569256,0.0
pd,00:06:31.882,1438,-90.0,-89.998,40.001,-89.796,0.079,0.003,0.0,0.0,0.0,0.0,0.0,0.0,-90.0,-89.997,40.0,-89.987,0.079,0.003,-90.0,-89.9975,40.0005,-89.89150000000001,0.079,0.003,0.0,0.12401845062152653,-0.12401845062064533,-23.68752406859701,0.0,0.0,0.0,0.0005000000000023874,-0.000499999999995282,-0.09550000000000125,0.0,0.0,0.0206547,-0.0137698,-0.034424500000000004,-0.7711088,-0.0137698,-0.0137698,-0.0029474969474599997,-0.02392673992644,0.00043345543345,0.006467490842625,-0.0033458485959180005,-0.000258699633705,0.19100523553032656,5.628112000067631,0.4799030002686777,0.1274239998565463,0.0
pd,00:06:31.888,1439,-90.0,-89.998,40.001,-89.806,0.079,0.003,0.0,0.0,0.0,-1.5387423875545474,0.0,0.0,-90.0,-89.997,40.0,-89.987,0.079,0.003,-90.0,-89.9975,40.0005,-89.74262576124454,0.079,0.003,0.0,0.03846855968908235,-0.038468559688809016,4.875831372605553,0.0,0.0,0.0,0.0005000000000023874,-0.000499999999995282,0.06337423875545767,0.0,0.0,0.0206547,-0.0137698,-0.034424500000000004,-0.7711088,-0.0137698,-0.0137698,-0.0029474969474599997,-0.02392673992644,0.00043345543345,0.006467490842625,-0.0033458485959180005,-0.000258699633705,0.1810055247775577,1.884037999843713,0.2242760001536226,0.08216500009439187,0.0
pd,00:06:31.891,1440,-90.0,-89.998,40.001,-89.806,0.079,0.003,0.0,0.0,0.0,0.0,0.0,0.0,-90.0,-89.997,40.0,-89.987,0.079,0.003,-90.0,-89.9975,40.0005,-89.8965,0.079,0.003,0.0,0.11017925817011735,-0.11017925816933448,-19.94244572869573,0.0,0.0,0.0,0.0005000000000023874,-0.000499999999995282,-0.0905000000000058,0.0,0.0,0.0206547,-0.0137698,-0.034424500000000004,-0.7711088,-0.0137698,-0.0137698,-0.0029474969474599997,-0.02392673992644,0.00043345543345,0.006467490842625,-0.0033458485959180005,-0.000258699633705,0.1810055247775577,1.8097420002050058,0.1750170004015672,0.15142500024012406,0.0
pd,00:06:31.894,1441,-90.0,-89.998,40.001,-89.806,0.079,0.003,0.0,0.0,0.0,0.0,0.0,0.0,-90.0,-89.997,40.0,-89.987,0.079,0.003,-90.0,-89.9975,40.0005,-89.8965,0.079,0.003,0.0,0.0781004022050504,-0.07810040220449548,-14.136172799046422,0.0,0.0,0.0,0.0005000000000023874,-0.000499999999995282,-0.0905000000000058,0.0,0.0,0.0206547,-0.0137698,-0.034424500000000004,-0.7711088,-0.0137698,-0.0137698,-0.0029474969474599997,-0.02392673992644,0.00043345543345,0.006467490842625,-0.0033458485959180005,-0.000258699633705,0.1810055247775577,2.1367020003708603,0.2692940001907118,0.1277760002267314,0.0
pd,00:06:31.896,1442,-90.0,-89.998,40.001,-89.806,0.079,0.003,0.0,0.0,0.0,0.0,0.0,0.0,-90.0,-89.997,40.0,-89.987,0.079,0.003,-90.0,-89.9975,40.0005,-89.8965,0.079,0.003,0.0,0.09419475386318782,-0.09419475386251852,-17.04925044915534,0.0,0.0,0.0,0.0005000000000023874,-0.000499999999995282,-0.0905000000000058,0.0,0.0,0.0206547,-0.0137698,-0.034424500000000004,-0.7711088,-0.0137698,-0.0137698,-0.0029474969474599997,-0.02392673992644,0.00043345543345,0.006467490842625,-0.0033458485959180005,-0.000258699633705,0.1810055247775577,1.8495560002520506,0.23940500022945344,0.12435000007826602,0.0
pd,00:06:31.899,1443,-90.0,-89.998,40.001,-89.806,0.079,0.003,0.0,0.0,0.0,0.0,0.0,0.0,-90.0,-89.997,40.0,-89.987,0.079,0.003,-90.0,-89.9975,40.0005,-89.8965,0.079,0.003,0.0,0.10754625641076992,-0.10754625641000576,-19.46587241025613,0.0,0.0,0.0,0.0005000000000023874,-0.000499999999995282,-0.0905000000000058,0.0,0.0,0.0206547,-0.0137698,-0.034424500000000004,-0.7711088,-0.0137698,-0.0137698,-0.0029474969474599997,-0.02392673992644,0.00043345543345,0.006467490842625,-0.0033458485959180005,-0.000258699633705,0.1810055247775577,2.16173799981334,0.24955299977591494,0.1208879998557677,0.0
pd,00:06:31.901,1444,-90.0,-89.998,40.001,-89.806,0.079,0.003,0.0,0.0,0.0,0.0,0.0,0.0,-90.0,-89.997,40.0,-89.987,0.079,0.003,-90.0,-89.9975,40.0005,-89.8965,0.079,0.003,0.0,0.09446630630675737,-0.09446630630608614,-17.098401441441194,0.0,0.0,0.0,0.0005000000000023874,-0.000499999999995282,-0.0905000000000058,0.0,0.0,0.0206547,-0.0137698,-0.034424500000000004,-0.7711088,-0.0137698,-0.0137698,-0.0029474969474599997,-0.02392673992644,0.00043345543345,0.006467490842625,-0.0033458485959180005,-0.000258699633705,0.1810055247775577,1.9149260001540824,0.2444239999022102,0.4509770001277502,0.0
pd,00:06:31.904,1445,-90.0,-89.998,40.001,-89.821,0.079,0.003,0.0,0.0,0.0,-4.869547987616284,0.0,0.0,-90.0,-89.997,40.0,-89.987,0.079,0.003,-90.0,-89.9975,40.0005,-89.41704520123837,0.079,0.003,0.0,0.08115913312732251,-0.08115913312674583,65.56924257991872,0.0,0.0,0.0,0.0005000000000023874,-0.000499999999995282,0.40395479876163165,0.0,0.0,0.0275396,0.0068849,-0.0137698,-0.7022598,0.0068849,-0.034424500000000004,-0.00268742368739,-0.023874725274426,0.001352380952364,0.006984890110035001,-0.002052350427393,3.4493284494e-05,0.1660060239870799,3.39618900034111,0.20529399989754893,0.0903320001270913,0.0
pd,00:06:31.908,1446,-90.0,-89.998,40.001,-89.821,0.079,0.003,0.0,0.0,0.0,0.0,0.0,0.0,-90.0,-89.997,40.0,-89.987,0.079,0.003,-90.0,-89.9975,40.0005,-89.904,0.079,0.003,0.0,0.06616038866837068,-0.06616038866790057,-10.98262451889688,0.0,0.0,0.0,0.0005000000000023874,-0.000499999999995282,-0.08299999999999841,0.0,0.0,0.0275396,0.0068849,-0.0137698,-0.7022598,0.0068849,-0.034424500000000004,-0.00268742368739,-0.023874725274426,0.001352380952364,0.006984890110035001,-0.002052350427393,3.4493284494e-05,0.1660060239870799,1.863703999788413,0.16599899981883937,0.0754620000407158,0.0
pd,00:06:31.910,1447,-90.0,-89.998,40.001,-89.821,0.079,0.003,0.0,0.0,0.0,0.0,0.0,0.0,-90.0,-89.997,40.0,-89.987,0.079,0.003,-90.0,-89.9975,40.0005,-89.904,0.079,0.003,0.0,0.11484950711993502,-0.11484950711911897,-19.065018181817816,0.0,0.0,0.0,0.0005000000000023874,-0.000499999999995282,-0.08299999999999841,0.0,0.0,0.0275396,0.0068849,-0.0137698,-0.7022598,0.0068849,-0.034424500000000004,-0.00268742368739,-0.023874725274426,0.001352380952364,0.006984890110035001,-0.002052350427393,3.4493284494e-05,0.1660060239870799,1.982944000246789,0.26957199997923453,0.10435100011818577,0.0
pd,00:06:31.913,1448,-90.0,-89.998,40.001,-89.821,0.079,0.003,0.0,0.0,0.0,0.0,0.0,0.0,-90.0,-89.997,40.0,-89.987,0.079,0.003,-90.0,-89.9975,40.0005,-89.904,0.079,0.003,0.0,0.10186283271857459,-0.10186283271785081,-16.90923023120232,0.0,0.0,0.0,0.0005000000000023874,-0.000499999999995282,-0.08299999999999841,0.0,0.0,0.0275396,0.0068849,-0.0137698,-0.7022598,0.0068849,-0.034424500000000004,-0.00268742368739,-0.023874725274426,0.001352380952364,0.006984890110035001,-0.002052350427393,3.4493284494e-05,0.1660060239870799,1.9528510001691757,0.25940499972421094,0.12188699975013151,0.0
pd,00:06:31.915,1449,-90.0,-89.998,40.001,-89.821,0.079,0.003,0.0,0.0,0.0,0.0,0.0,0.0,-90.0,-89.997,40.0,-89.987,0.079,0.003,-90.0,-89.9975,40.0005,-89.904,0.079,0.003,0.0,0.10204126119161218,-0.10204126119088713,-16.93884935772642,0.0,0.0,0.0,0.0005000000000023874,-0.000499999999995282,-0.08299999999999841,0.0,0.0,0.0275396,0.0068849,-0.0137698,-0.7022598,0.0068849,-0.034424500000000004,-0.00268742368739,-0.023874725274426,0.001352380952364,0.006984890110035001,-0.002052350427393,3.4493284494e-05,0.1660060239870799,1.97496200007663,0.19816500025626738,0.09112900033869664,0.0
pd,00:06:31.918,1450,-90.0,-89.998,40.001,-89.821,0.079,0.003,0.0,0.0,0.0,0.0,0.0,0.0,-90.0,-89.997,40.0,-89.987,0.079,0.003,-90.0,-89.9975,40.0005,-89.904,0.079,0.003,0.0,0.10646522489643688,-0.10646522489568039,-17.673227332723794,0.0,0.0,0.0,0.0005000000000023874,-0.000499999999995282,-0.08299999999999841,0.0,0.0,0.0275396,0.0068849,-0.0137698,-0.7022598,0.0068849,-0.034424500000000004,-0.00268742368739,-0.023874725274426,0.001352380952364,0.006984890110035001,-0.002052350427393,3.4493284494e-05,0.1660060239870799,1.7275760001211893,0.13549899995268788,0.0970910000432923,0.0
pd,00:06:31.921,1451,-90.0,-89.998,40.001,-89.821,0.079,0.003,0.0,0.0,0.0,0.0,0.0,0.0,-90.0,-89.997,40.0,-89.987,0.079,0.003,-90.0,-89.9975,40.0005,-89.904,0.079,0.003,0.0,0.08151243781133448,-0.0815124378107553,-13.531064676616657,0.0,0.0,0.0,0.0005000000000023874,-0.000499999999995282,-0.08299999999999841,0.0,0.0,0.0275396,0.0068849,-0.0137698,-0.7022598,0.0068849,-0.034424500000000004,-0.00268742368739,-0.023874725274426,0.001352380952364,0.006984890110035001,-0.002052350427393,3.4493284494e-05,0.1660060239870799,1.947924999967654,0.245756999902369,0.10207299965259153,0.0
pd,00:06:31.923,1452,-90.0,-89.998,40.001,-89.84,0.079,0.003,0.0,0.0,0.0,-7.891837591604564,0.0,0.0,-90.0,-89.997,40.0,-89.987,0.079,0.003,-90.0,-89.9975,40.0005,-89.12431624083955,0.079,0.003,0.0,0.10383996831105237,-0.10383996831031454,148.63315774320446,0.0,0.0,0.0,0.0005000000000023874,-0.000499999999995282,0.7156837591604557,0.0,0.0,-0.0275396,0.0137698,0.0137698,-1.1842028,-0.0137698,-0.0068849,-0.002652747252714,-0.023527960927666,8.669108669e-05,0.006174297924426001,-0.0031906288156950003,-0.000569139194151,0.1470068025636823,3.4147999999731837,0.8034550000957097,0.14403600016521523,0.0
pd,00:06:31.928,1453,-90.0,-89.998,40.001,-89.84,0.079,0.003,0.0,0.0,0.0,0.0,0.0,0.0,-90.0,-89.997,40.0,-89.987,0.079,0.003,-90.0,-89.9975,40.0005,-89.9135,0.079,0.003,0.0,0.04951952774521874,-0.049519527744866884,-7.279370578511969,0.0,0.0,0.0,0.0005000000000023874,-0.000499999999995282,-0.07349999999999568,0.0,0.0,-0.0275396,0.0137698,0.0137698,-1.1842028,-0.0137698,-0.0068849,-0.002652747252714,-0.023527960927666,8.669108669e-05,0.006174297924426001,-0.0031906288156950003,-0.000569139194151,0.1470068025636823,1.873129000159679,0.21822000007887254,0.07885100012572366,0.0
pd,00:06:31.930,1454,-90.0,-89.998,40.001,-89.84,0.079,0.003,0.0,0.0,0.0,0.0,0.0,0.0,-90.0,-89.997,40.0,-89.987,0.079,0.003,-90.0,-89.9975,40.0005,-89.9135,0.079,0.003,0.0,0.11108973408253064,-0.1110897340817413,-16.330190910053073,0.0,0.0,0.0,0.0005000000000023874,-0.000499999999995282,-0.07349999999999568,0.0,0.0,-0.0275396,0.0137698,0.0137698,-1.1842028,-0.0137698,-0.0068849,-0.002652747252714,-0.023527960927666,8.669108669e-05,0.006174297924426001,-0.0031906288156950003,-0.000569139194151,0.1470068025636823,1.712205999865546,0.14921999991202028,0.06540699996548938,0.0
pd,00:06:31.932,1455,-90.0,-89.998,40.001,-89.84,0.079,0.003,0.0,0.0,0.0,0.0,0.0,0.0,-90.0,-89.997,40.0,-89.987,0.079,0.003,-90.0,-89.9975,40.0005,-89.9135,0.079,0.003,0.0,0.12530783938874365,-0.12530783938785328,-18.42025239005628,0.0,0.0,0.0,0.0005000000000023874,-0.000499999999995282,-0.07349999999999568,0.0,0.0,-0.0275396,0.0137698,0.0137698,-1.1842028,-0.0137698,-0.0068849,-0.002652747252714,-0.023527960927666,8.669108669e-05,0.006174297924426001,-0.0031906288156950003,-0.000569139194151,0.1470068025636823,1.8707409999478841,0.25042400011443533,0.1229810000040743,0.0
pd,00:06:31.937,1456,-90.0,-89.998,40.001,-89.84,0.079,0.003,0.0,0.0,0.0,0.0,0.0,0.0,-90.0,-89.997,40.0,-89.987,0.079,0.003,-90.0,-89.9975,40.0005,-89.9135,0.079,0.003,0.0,0.05530464135047504,-0.055304641350082076,-8.129782278480535,0.0,0.0,0.0,0.0005000000000023874,-0.000499999999995282,-0.07349999999999568,0.0,0.0,-0.0275396,0.0137698,0.0137698,-1.1842028,-0.0137698,-0.0068849,-0.002652747252714,-0.023527960927666,8.669108669e-05,0.006174297924426001,-0.0031906288156950003,-0.000569139194151,0.1470068025636823,1.865777999682905,0.22764599998481572,0.1349429999208951,0.0
pd,00:06:31.939,1457,-90.0,-89.998,40.001,-89.84,0.079,0.003,0.0,0.0,0.0,0.0,0.0,0.0,-90.0,-89.997,40.0,-89.987,0.079,0.003,-90.0,-89.9975,40.0005,-89.9135,0.079,0.003,0.0,0.1077451705718256,-0.10774517057106003,-15.838540073981806,0.0,0.0,0.0,0.0005000000000023874,-0.000499999999995282,-0.07349999999999568,0.0,0.0,-0.0275396,0.0137698,0.0137698,-1.1842028,-0.0137698,-0.0068849,-0.002652747252714,-0.023527960927666,8.669108669e-05,0.006174297924426001,-0.0031906288156950003,-0.000569139194151,0.1470068025636823,1.7725560001053964,0.17714700015858398,0.07959200002005673,0.0
pd,00:06:31.941,1458,-90.0,-89.998,40.001,-89.84,0.079,0.003,0.0,0.0,0.0,0.0,0.0,0.0,-90.0,-89.997,40.0,-89.987,0.079,0.003,-90.0,-89.9975,40.0005,-89.9135,0.079,0.003,0.0,0.11867089180681381,-0.1186708918059706,-17.44462109551731,0.0,0.0,0.0,0.0005000000000023874,-0.000499999999995282,-0.07349999999999568,0.0,0.0,-0.0275396,0.0137698,0.0137698,-1.1842028,-0.0137698,-0.0068849,-0.002652747252714,-0.023527960927666,8.669108669e-05,0.006174297924426001,-0.0031906288156950003,-0.000569139194151,0.1470068025636823,1.8328520000068238,0.1934609999807435,0.14929400003893534,0.0
pd,00:06:31.944,1459,-90.0,-89.998,40.001,-89.854,0.079,0.003,0.0,0.0,0.0,-5.5977365109611394,0.0,0.0,-90.0,-89.997,40.0,-89.987,0.079,0.003,-90.0,-89.9975,40.0005,-89.36072634890388,0.079,0.003,0.0,0.09995958055338482,-0.09995958055267457,98.61485452273807,0.0,0.0,0.0,0.0005000000000023874,-0.000499999999995282,0.49327365109611776,0.0,0.0,-0.0068849,-0.034424500000000004,-0.0137698,-0.8124182,0.0206547,0.034424500000000004,-0.0025140415140099998,-0.023025152624864,0.00104029304028,0.006950396825541,-0.002276556776604,0.00051739926741,0.1330075185844726,3.665426999759802,0.4162370000813098,0.09292499998991843,0.0
pd,00:06:31.948,1460,-90.0,-89.998,40.001,-89.854,0.079,0.003,0.0,0.0,0.0,0.0,0.0,0.0,-90.0,-89.997,40.0,-89.987,0.079,0.003,-90.0,-89.9975,40.0005,-89.9205,0.079,0.003,0.0,0.058661594405874505,-0.05866159440545769,-7.801992055943796,0.0,0.0,0.0,0.0005000000000023874,-0.000499999999995282,-0.06650000000000489,0.0,0.0,-0.0068849,-0.034424500000000004,-0.0137698,-0.8124182,0.0206547,0.034424500000000004,-0.0025140415140099998,-0.023025152624864,0.00104029304028,0.006950396825541,-0.002276556776604,0.00051739926741,0.1330075185844726,1.8461299996488378,0.230461000228388,0.11086900030932156,0.0
pd,00:06:31.951,1461,-90.0,-89.998,40.001,-89.854,0.079,0.003,0.0,0.0,0.0,0.0,0.0,0.0,-90.0,-89.997,40.0,-89.987,0.079,0.003,-90.0,-89.9975,40.0005,-89.9205,0.079,0.003,0.0,0.0763433563891523,-0.07634335638860984,-10.153666399708435,0.0,0.0,0.0,0.0005000000000023874,-0.000499999999995282,-0.06650000000000489,0.0,0.0,-0.0068849,-0.034424500000000004,-0.0137698,-0.8124182,0.0206547,0.034424500000000004,-0.0025140415140099998,-0.023025152624864,0.00104029304028,0.006950396825541,-0.002276556776604,0.00051739926741,0.1330075185844726,2.0492029998422367,0.2640530001372099,0.16555399997741915,0.0
pd,00:06:31.954,1462,-90.0,-89.998,40.001,-89.854,0.079,0.003,0.0,0.0,0.0,0.0,0.0,0.0,-90.0,-89.997,40.0,-89.987,0.079,0.003,-90.0,-89.9975,40.0005,-89.9205,0.079,0.003,0.0,0.0963233510936071,-0.09632335109292267,-12.811005695388145,0.0,0.0,0.0,0.0005000000000023874,-0.000499999999995282,-0.06650000000000489,0.0,0.0,-0.0068849,-0.034424500000000004,-0.0137698,-0.8124182,0.0206547,0.034424500000000004,-0.0025140415140099998,-0.023025152624864,0.00104029304028,0.006950396825541,-0.002276556776604,0.00051739926741,0.1330075185844726,1.725039000120887,0.15629400013494887,0.06214700033524423,0.0
pd,00:06:31.956,1463,-90.0,-89.998,40.001,-89.854,0.079,0.003,0.0,0.0,0.0,0.0,0.0,0.0,-90.0,-89.997,40.0,-89.987,0.079,0.003,-90.0,-89.9975,40.0005,-89.9205,0.079,0.003,0.0,0.12425358454852552,-0.12425358454764264,-16.525726744874433,0.0,0.0,0.0,0.0005000000000023874,-0.000499999999995282,-0.06650000000000489,0.0,0.0,-0.0068849,-0.034424500000000004,-0.0137698,-0.8124182,0.0206547,0.034424500000000004,-0.0025140415140099998,-0.023025152624864,0.00104029304028,0.006950396825541,-0.002276556776604,0.00051739926741,0.1330075185844726,1.8428529997436272,0.2295350000167673,0.12207200006741914,0.0
pd,00:06:31.958,1464,-90.0,-89.998,40.001,-89.854,0.079,0.003,0.0,0.0,0.0,0.0,0.0,0.0,-90.0,-89.997,40.0,-89.987,0.079,0.003,-90.0,-89.9975,40.0005,-89.9205,0.079,0.003,0.0,0.10862695535118687,-0.10862695535041503,-14.447385061638387,0.0,0.0,0.0,0.0005000000000023874,-0.000499999999995282,-0.06650000000000489,0.0,0.0,-0.0068849,-0.034424500000000004,-0.0137698,-0.8124182,0.0206547,0.034424500000000004,-0.0025140415140099998,-0.023025152624864,0.00104029304028,0.006950396825541,-0.002276556776604,0.00051739926741,0.1330075185844726,2.0651280001402483,0.34434799999871757,0.11266499996054335,0.0
pd,00:06:31.961,1465,-90.0,-89.998,40.001,-89.854,0.079,0.003,0.0,0.0,0.0,0.0,0.0,0.0,-90.0,-89.997,40.0,-89.987,0.079,0.003,-90.0,-89.9975,40.0005,-89.9205,0.079,0.003,0.0,0.09536844020054631,-0.09536844019986869,-12.684002546611673,0.0,0.0,0.0,0.0005000000000023874,-0.000499999999995282,-0.06650000000000489,0.0,0.0,-0.0068849,-0.034424500000000004,-0.0137698,-0.8124182,0.0206547,0.034424500000000004,-0.0025140415140099998,-0.023025152624864,0.00104029304028,0.006950396825541,-0.002276556776604,0.00051739926741,0.1330075185844726,2.0385550001265074,0.22822000028099865,0.11714699985532206,0.0
pd,00:06:31.963,1466,-90.0,-89.998,40.001,-89.854,0.079,0.003,0.0,0.0,0.0,0.0,0.0,0.0,-90.0,-89.997,40.0,-89.987,0.079,0.003,-90.0,-89.9975,40.0005,-89.9205,0.079,0.003,0.0,0.10052497363675647,-0.10052497363604221,-13.369821493624327,0.0,0.0,0.0,0.0005000000000023874,-0.000499999999995282,-0.06650000000000489,0.0,0.0,0.034424500000000004,0.0137698,-0.0068849,-0.9707709,-0.0,-0.0,-0.002739438339404,-0.023840048839749998,0.000797557997548,0.005932844932968,-0.002276556776604,-3.4493284494e-05,0.1330075185844726,4.108868000002985,0.22414600016418262,0.1025169999593345,0.0
pd,00:06:31.968,1467,-90.0,-89.998,40.001,-89.854,0.079,0.003,0.0,0.0,0.0,0.0,0.0,0.0,-90.0,-89.997,40.0,-89.987,0.079,0.003,-90.0,-89.9975,40.0005,-89.9205,0.079,0.003,0.0,0.054355709916800936,-0.05435570991641471,-7.229309418899764,0.0,0.0,0.0,0.0005000000000023874,-0.000499999999995282,-0.06650000000000489,0.0,0.0,0.034424500000000004,0.0137698,-0.0068849,-0.9707709,-0.0,-0.0,-0.002739438339404,-0.023840048839749998,0.000797557997548,0.005932844932968,-0.002276556776604,-3.4493284494e-05,0.1330075185844726,1.884554999833199,0.16373900007238262,0.07192599969130242,0.0
pd,00:06:31.970,1468,-90.0,-89.998,40.001,-89.854,0.079,0.003,0.0,0.0,0.0,0.0,0.0,0.0,-90.0,-89.997,40.0,-89.987,0.079,0.003,-90.0,-89.9975,40.0005,-89.9205,0.079,0.003,0.0,0.11407484769419134,-0.11407484769338079,-15.1719547432545,0.0,0.0,0.0,0.0005000000000023874,-0.000499999999995282,-0.06650000000000489,0.0,0.0,0.034424500000000004,0.0137698,-0.0068849,-0.9707709,-0.0,-0.0,-0.002739438339404,-0.023840048839749998,0.000797557997548,0.005932844932968,-0.002276556776604,-3.4493284494e-05,0.1330075185844726,1.8804629999067402,0.25255400032619946,0.12296199975025957,0.0
pd,00:06:31.973,1469,-90.0,-89.998,40.001,-89.854,0.079,0.003,0.0,0.0,0.0,0.0,0.0,0.0,-90.0,-89.997,40.0,-89.987,0.079,0.003,-90.0,-89.9975,40.0005,-89.9205,0.079,0.003,0.0,0.10586330136345348,-0.10586330136270128,-14.079819081271616,0.0,0.0,0.0,0.0005000000000023874,-0.000499999999995282,-0.06650000000000489,0.0,0.0,0.034424500000000004,0.0137698,-0.0068849,-0.9707709,-0.0,-0.0,-0.002739438339404,-0.023840048839749998,0.000797557997548,0.005932844932968,-0.002276556776604,-3.4493284494e-05,0.1330075185844726,1.8464080003468553,0.19862699991790578,0.08810999997876934,0.0
pd,00:06:31.975,1470,-90.0,-89.998,40.001,-89.895,0.079,0.003,0.0,0.0,0.0,-18.493006129689928,0.0,0.0,-90.0,-89.997,40.0,-89.987,0.079,0.003,-90.0,-89.9975,40.0005,-88.091699387031,0.079,0.003,0.0,0.1127622324986565,-0.11276223249785527,406.68840596721697,0.0,0.0,0.0,0.0005000000000023874,-0.000499999999995282,1.8033006129689966,0.0,0.0,0.034424500000000004,0.0137698,-0.0068849,-0.9707709,-0.0,-0.0,-0.002739438339404,-0.023840048839749998,0.000797557997548,0.005932844932968,-0.002276556776604,-3.4493284494e-05,0.09201086892318633,1.7227979997187504,0.18068300005325,0.06651800003965036,0.0
pd,00:06:31.978,1471,-90.0,-89.998,40.001,-89.895,0.079,0.003,0.0,0.0,0.0,0.0,0.0,0.0,-90.0,-89.997,40.0,-89.987,0.079,0.003,-90.0,-89.9975,40.0005,-89.941,0.079,0.003,0.0,0.08233812328268604,-0.082338123282101,-7.575107341970844,0.0,0.0,0.0,0.0005000000000023874,-0.000499999999995282,-0.04600000000000648,0.0,0.0,0.034424500000000004,0.0137698,-0.0068849,-0.9707709,-0.0,-0.0,-0.002739438339404,-0.023840048839749998,0.000797557997548,0.005932844932968,-0.002276556776604,-3.4493284494e-05,0.09201086892318633,1.9770549997701892,0.22599800013267668,0.08174000004146365,0.0
pd,00:06:31.980,1472,-90.0,-89.998,40.001,-89.895,0.079,0.003,0.0,0.0,0.0,0.0,0.0,0.0,-90.0,-89.997,40.0,-89.987,0.079,0.003,-90.0,-89.9975,40.0005,-89.941,0.079,0.003,0.0,0.10484711528897178,-0.1048471152882268,-9.645934606539216,0.0,0.0,0.0,0.0005000000000023874,-0.000499999999995282,-0.04600000000000648,0.0,0.0,0.034424500000000004,0.0137698,-0.0068849,-0.9707709,-0.0,-0.0,-0.002739438339404,-0.023840048839749998,0.000797557997548,0.005932844932968,-0.002276556776604,-3.4493284494e-05,0.09201086892318633,1.7643160003899538,0.16985100000965758,0.09594399989509839,0.0
pd,00:06:31.982,1473,-90.0,-89.998,40.001,-89.895,0.079,0.003,0.0,0.0,0.0,0.0,0.0,0.0,-90.0,-89.997,40.0,-89.987,0.079,0.003,-90.0,-89.9975,40.0005,-89.941,0.079,0.003,0.0,0.1179765976603293,-0.11797659765949102,-10.853846984698322,0.0,0.0,0.0,0.0005000000000023874,-0.000499999999995282,-0.04600000000000648,0.0,0.0,0.0137698,-0.06884900000000001,-0.0275396,-0.6402957,-0.0895037,-0.0137698,-0.001976556776532,-0.022487667887386,0.00026007326007,0.005898351648474001,-0.002276556776604,3.4493284494e-05,0.09201086892318633,3.681204999793408,0.41394000027139555,0.26034899974547443,0.0
pd,00:06:31.987,1474,-90.0,-89.998,40.001,-89.895,0.079,0.003,0.0,0.0,0.0,0.0,0.0,0.0,-90.0,-89.997,40.0,-89.987,0.079,0.003,-90.0,-89.9975,40.0005,-89.941,0.079,0.003,0.0,0.05587041773257709,-0.05587041773218011,-5.140078431372479,0.0,0.0,0.0,0.0005000000000023874,-0.000499999999995282,-0.04600000000000648,0.0,0.0,0.0137698,-0.06884900000000001,-0.0275396,-0.6402957,-0.0895037,-0.0137698,-0.001976556776532,-0.022487667887386,0.00026007326007,0.005898351648474001,-0.002276556776604,3.4493284494e-05,0.09201086892318633,2.508494000267092,0.21531299989874242,0.10894400020333705,0.0
pd,00:06:31.990,1475,-90.0,-89.998,40.001,-89.895,0.079,0.003,0.0,0.0,0.0,0.0,0.0,0.0,-90.0,-89.997,40.0,-89.987,0.079,0.003,-90.0,-89.9975,40.0005,-89.941,0.079,0.003,0.0,0.08521544087809889,-0.08521544087749339,-7.839820560747557,0.0,0.0,0.0,0.0005000000000023874,-0.000499999999995282,-0.04600000000000648,0.0,0.0,0.0137698,-0.06884900000000001,-0.0275396,-0.6402957,-0.0895037,-0.0137698,-0.001976556776532,-0.022487667887386,0.00026007326007,0.005898351648474001,-0.002276556776604,3.4493284494e-05,0.09201086892318633,1.8565929999567743,0.2513130002625985,0.12242499997228151,0.0
pd,00:06:31.992,1476,-90.0,-89.998,40.001,-89.895,0.079,0.003,0.0,0.0,0.0,0.0,0.0,0.0,-90.0,-89.997,40.0,-89.987,0.079,0.003,-90.0,-89.9975,40.0005,-89.941,0.079,0.003,0.0,0.10686669384478259,-0.10686669384402325,-9.83173583367292,0.0,0.0,0.0,0.0005000000000023874,-0.000499999999995282,-0.04600000000000648,0.0,0.0,0.0137698,-0.06884900000000001,-0.0275396,-0.6402957,-0.0895037,-0.0137698,-0.001976556776532,-0.022487667887386,0.00026007326007,0.005898351648474001,-0.002276556776604,3.4493284494e-05,0.09201086892318633,1.8756669996946584,0.2656460001162486,0.09379499988426687,0.0
pd,00:06:31.994,1477,-90.0,-89.998,40.001,-89.912,0.079,0.003,0.0,0.0,0.0,-7.330437750595501,0.0,0.0,-90.0,-89.997,40.0,-89.987,0.079,0.003,-90.0,-89.9975,40.0005,-89.21645622494044,0.079,0.003,0.0,0.10780055515626676,-0.1078005551555008,149.96001017309527,0.0,0.0,0.0,0.0005000000000023874,-0.000499999999995282,0.6955437750595621,0.0,0.0,0.0137698,-0.06884900000000001,-0.0275396,-0.6402957,-0.0895037,-0.0137698,-0.001976556776532,-0.022487667887386,0.00026007326007,0.005898351648474001,-0.002276556776604,3.4493284494e-05,0.07501333214834746,1.7294459998993261,0.1447760000701237,0.06214699988049688,0.0
pd,00:06:31.996,1478,-90.0,-89.998,40.001,-89.912,0.079,0.003,0.0,0.0,0.0,0.0,0.0,0.0,-90.0,-89.997,40.0,-89.987,0.079,0.003,-90.0,-89.9975,40.0005,-89.9495,0.079,0.003,0.0,0.12488994759468876,-0.12488994759380136,-9.366746069555512,0.0,0.0,0.0,0.0005000000000023874,-0.000499999999995282,-0.037499999999994316,0.0,0.0,0.0137698,-0.06884900000000001,-0.0275396,-0.6402957,-0.0895037,-0.0137698,-0.001976556776532,-0.022487667887386,0.00026007326007,0.005898351648474001,-0.002276556776604,3.4493284494e-05,0.07501333214834746,1.7709829999148496,0.1505909999650612,0.06649900024058297,0.0
pd,00:06:31.998,1479,-90.0,-89.998,40.001,-89.912,0.079,0.003,0.0,0.0,0.0,0.0,0.0,0.0,-90.0,-89.997,40.0,-89.987,0.079,0.003,-90.0,-89.9975,40.0005,-89.9495,0.079,0.003,0.0,0.12139106274658565,-0.1213910627457231,-9.104329705949072,0.0,0.0,0.0,0.0005000000000023874,-0.000499999999995282,-0.037499999999994316,0.0,0.0,0.0137698,-0.06884900000000001,-0.0275396,-0.6402957,-0.0895037,-0.0137698,-0.001976556776532,-0.022487667887386,0.00026007326007,0.005898351648474001,-0.002276556776604,3.4493284494e-05,0.07501333214834746,1.6973540000435605,0.13035000029049115,0.05718500005968963,0.0
pd,00:06:32.000,1480,-90.0,-89.998,40.001,-89.912,0.079,0.003,0.0,0.0,0.0,0.0,0.0,0.0,-90.0,-89.997,40.0,-89.987,0.079,0.003,-90.0,-89.9975,40.0005,-89.9495,0.079,0.003,0.0,0.12837610186153364,-0.12837610186062148,-9.62820763956759,0.0,0.0,0.0,0.0005000000000023874,-0.000499999999995282,-0.037499999999994316,0.0,0.0,0.0137698,-0.06884900000000001,-0.0275396,-0.6402957,-0.0895037,-0.0137698,-0.001976556776532,-0.022487667887386,0.00026007326007,0.005898351648474001,-0.002276556776604,3.4493284494e-05,0.07501333214834746,1.7236500002582034,0.1319980001426302,0.06057399968995014,0.0
pd,00:06:32.004,1481,-90.0,-89.998,40.001,-89.912,0.079,0.003,0.0,0.0,0.0,0.0,0.0,0.0,-90.0,-89.997,40.0,-89.987,0.079,0.003,-90.0,-89.9975,40.0005,-89.9495,0.079,0.003,0.0,0.08065348819360102,-0.08065348819302794,-6.049011614490276,0.0,0.0,0.0,0.0005000000000023874,-0.000499999999995282,-0.037499999999994316,0.0,0.0,0.0,0.0068849,0.034424500000000004,-0.5714467,-0.0137698,0.0206547,-0.0024620268619959997,-0.022661050060766,1.7338217338e-05,0.006691697191836001,-0.0027422161172730003,-0.000396672771681,0.07501333214834746,4.243533000135358,0.25551599992468255,0.12714699960270082,0.0
pd,00:06:32.008,1482,-90.0,-89.998,40.001,-89.912,0.079,0.003,0.0,0.0,0.0,0.0,0.0,0.0,-90.0,-89.997,40.0,-89.987,0.079,0.003,-90.0,-89.9975,40.0005,-89.9495,0.079,0.003,0.0,0.05263143100963744,-0.05263143100926348,-3.947357325703362,0.0,0.0,0.0,0.0005000000000023874,-0.000499999999995282,-0.037499999999994316,0.0,0.0,0.0,0.0068849,0.034424500000000004,-0.5714467,-0.0137698,0.0206547,-0.0024620268619959997,-0.022661050060766,1.7338217338e-05,0.006691697191836001,-0.0027422161172730003,-0.000396672771681,0.07501333214834746,1.9747030000871746,0.5679759997292422,0.13618399998449604,0.0
pd,00:06:32.011,1483,-90.0,-89.998,40.001,-89.912,0.079,0.003,0.0,0.0,0.0,0.0,0.0,0.0,-90.0,-89.997,40.0,-89.987,0.079,0.003,-90.0,-89.9975,40.0005,-89.9495,0.079,0.003,0.0,0.08902079972875514,-0.08902079972812262,-6.676559979623744,0.0,0.0,0.0,0.0005000000000023874,-0.000499999999995282,-0.037499999999994316,0.0,0.0,0.0,0.0068849,0.034424500000000004,-0.5714467,-0.0137698,0.0206547,-0.0024620268619959997,-0.022661050060766,1.7338217338e-05,0.006691697191836001,-0.0027422161172730003,-0.000396672771681,0.07501333214834746,2.126664000115852,0.22497999998449814,0.11257300002398551,0.0
pd,00:06:32.014,1484,-90.0,-89.998,40.001,-89.928,0.079,0.003,0.0,0.0,0.0,-6.238622664308154,0.0,0.0,-90.0,-89.997,40.0,-89.987,0.079,0.003,-90.0,-89.9975,40.0005,-89.33363773356918,0.079,0.003,0.0,0.09747847913033436,-0.09747847912964173,115.87505956771591,0.0,0.0,0.0,0.0005000000000023874,-0.000499999999995282,0.5943622664308208,0.0,0.0,0.0,0.0068849,0.034424500000000004,-0.5714467,-0.0137698,0.0206547,-0.0024620268619959997,-0.022661050060766,1.7338217338e-05,0.006691697191836001,-0.0027422161172730003,-0.000396672771681,0.059016946718715546,1.7127430000982713,0.17712799990476924,0.07766599992464762,0.0
pd,00:06:32.016,1485,-90.0,-89.998,40.001,-89.928,0.079,0.003,0.0,0.0,0.0,0.0,0.0,0.0,-90.0,-89.997,40.0,-89.987,0.079,0.003,-90.0,-89.9975,40.0005,-89.9575,0.079,0.003,0.0,0.12212625203878485,-0.1221262520379171,-7.205448870253596,0.0,0.0,0.0,0.0005000000000023874,-0.000499999999995282,-0.02949999999999875,0.0,0.0,0.0,0.0068849,0.034424500000000004,-0.5714467,-0.0137698,0.0206547,-0.0024620268619959997,-0.022661050060766,1.7338217338e-05,0.006691697191836001,-0.0027422161172730003,-0.000396672771681,0.059016946718715546,1.7397419996996177,0.16311000035784673,0.07544299978690105,0.0
pd,00:06:32.018,1486,-90.0,-89.998,40.001,-89.928,0.079,0.003,0.0,0.0,0.0,0.0,0.0,0.0,-90.0,-89.997,40.0,-89.987,0.079,0.003,-90.0,-89.9975,40.0005,-89.9575,0.079,0.003,0.0,0.11933265050699975,-0.11933265050615184,-7.040626379879069,0.0,0.0,0.0,0.0005000000000023874,-0.000499999999995282,-0.02949999999999875,0.0,0.0,0.0,0.0068849,0.034424500000000004,-0.5714467,-0.0137698,0.0206547,-0.0024620268619959997,-0.022661050060766,1.7338217338e-05,0.006691697191836001,-0.0027422161172730003,-0.000396672771681,0.059016946718715546,1.776352999968367,0.15199800009213504,0.06381399998645065,0.0
pd,00:06:32.020,1487,-90.0,-89.998,40.001,-89.928,0.079,0.003,0.0,0.0,0.0,0.0,0.0,0.0,-90.0,-89.997,40.0,-89.987,0.079,0.003,-90.0,-89.9975,40.0005,-89.9575,0.079,0.003,0.0,0.12143323682744722,-0.12143323682658438,-7.164560972784873,0.0,0.0,0.0,0.0005000000000023874,-0.000499999999995282,-0.02949999999999875,0.0,0.0,0.0,0.0068849,0.034424500000000004,-0.5714467,-0.0137698,0.0206547,-0.0024620268619959997,-0.022661050060766,1.7338217338e-05,0.006691697191836001,-0.0027422161172730003,-0.000396672771681,0.059016946718715546,1.7531500002405664,0.1418870001543837,0.06223999980647932,0.0
pd,00:06:32.022,1488,-90.0,-89.998,40.001,-89.928,0.079,0.003,0.0,0.0,0.0,0.0,0.0,0.0,-90.0,-89.997,40.0,-89.987,0.079,0.003,-90.0,-89.9975,40.0005,-89.9575,0.079,0.003,0.0,0.12369659077562897,-0.12369659077475005,-7.298098855726953,0.0,0.0,0.0,0.0005000000000023874,-0.000499999999995282,-0.02949999999999875,0.0,0.0,0.0,0.0068849,0.034424500000000004,-0.5714467,-0.0137698,0.0206547,-0.0024620268619959997,-0.022661050060766,1.7338217338e-05,0.006691697191836001,-0.0027422161172730003,-0.000396672771681,0.059016946718715546,1.715315999717859,0.9046019999914279,0.42034700027215877,0.0
pd,00:06:32.025,1489,-90.0,-89.998,40.001,-89.928,0.079,0.003,0.0,0.0,0.0,0.0,0.0,0.0,-90.0,-89.997,40.0,-89.987,0.079,0.003,-90.0,-89.9975,40.0005,-89.9575,0.079,0.003,0.0,0.07954604764110201,-0.07954604764053681,-4.693216810802411,0.0,0.0,0.0,0.0005000000000023874,-0.000499999999995282,-0.02949999999999875,0.0,0.0,-0.0413094,-0.0275396,-0.0481943,-0.5714467,0.034424500000000004,-0.0068849,-0.0025140415140099998,-0.023614652014356,0.000190720390718,0.005829365079486001,-0.0025697496948030004,-0.000396672771681,0.059016946718715546,3.1085810001059144,0.4038849997414218,0.14162799971018103,0.0
pd,00:06:32.029,1490,-90.0,-89.998,40.001,-89.928,0.079,0.003,0.0,0.0,0.0,0.0,0.0,0.0,-90.0,-89.997,40.0,-89.987,0.079,0.003,-90.0,-89.9975,40.0005,-89.9575,0.079,0.003,0.0,0.06422343357659134,-0.064223433576135,-3.7891825810006354,0.0,0.0,0.0,0.0005000000000023874,-0.000499999999995282,-0.02949999999999875,0.0,0.0,-0.0413094,-0.0275396,-0.0481943,-0.5714467,0.034424500000000004,-0.0068849,-0.0025140415140099998,-0.023614652014356,0.000190720390718,0.005829365079486001,-0.0025697496948030004,-0.000396672771681,0.059016946718715546,1.800816000013583,0.19929400014007115,0.08135100006256835,0.0
pd,00:06:32.032,1491,-90.0,-89.998,40.001,-89.928,0.079,0.003,0.0,0.0,0.0,0.0,0.0,0.0,-90.0,-89.997,40.0,-89.987,0.079,0.003,-90.0,-89.9975,40.0005,-89.9575,0.079,0.003,0.0,0.07889962377765287,-0.07889962377709227,-4.655077802859095,0.0,0.0,0.0,0.0005000000000023874,-0.000499999999995282,-0.02949999999999875,0.0,0.0,-0.0413094,-0.0275396,-0.0481943,-0.5714467,0.034424500000000004,-0.0068849,-0.0025140415140099998,-0.023614652014356,0.000190720390718,0.005829365079486001,-0.0025697496948030004,-0.000396672771681,0.059016946718715546,2.008129000387271,0.2386649998697976,0.10364700028731022,0.0
pd,00:06:32.035,1492,-90.0,-89.998,40.001,-89.938,0.079,0.003,0.0,0.0,0.0,-4.067795558143871,0.0,0.0,-90.0,-89.997,40.0,-89.987,0.079,0.003,-90.0,-89.9975,40.0005,-89.55572044418561,0.079,0.003,0.0,0.10169488895403034,-0.10169488895330775,77.7517539555098,0.0,0.0,0.0,0.0005000000000023874,-0.000499999999995282,0.3822795558143923,0.0,0.0,-0.0413094,-0.0275396,-0.0481943,-0.5714467,0.034424500000000004,-0.0068849,-0.0025140415140099998,-0.023614652014356,0.000190720390718,0.005829365079486001,-0.0025697496948030004,-0.000396672771681,0.049020403915097016,1.6750950003370235,0.1421279998794489,0.062961999901745,0.0
pd,00:06:32.036,1493,-90.0,-89.998,40.001,-89.938,0.079,0.003,0.0,0.0,0.0,0.0,0.0,0.0,-90.0,-89.997,40.0,-89.987,0.079,0.003,-90.0,-89.9975,40.0005,-89.9625,0.079,0.003,0.0,0.12817210610011084,-0.12817210609920013,-6.280433198874467,0.0,0.0,0.0,0.0005000000000023874,-0.000499999999995282,-0.024500000000003297,0.0,0.0,-0.0413094,-0.0275396,-0.0481943,-0.5714467,0.034424500000000004,-0.0068849,-0.0025140415140099998,-0.023614652014356,0.000190720390718,0.005829365079486001,-0.0025697496948030004,-0.000396672771681,0.049020403915097016,2.1559240003625746,0.26366399970356724,0.3521260000525217,0.0
pd,00:06:32.039,1494,-90.0,-89.998,40.001,-89.938,0.079,0.003,0.0,0.0,0.0,0.0,0.0,0.0,-90.0,-89.997,40.0,-89.987,0.079,0.003,-90.0,-89.9975,40.0005,-89.9625,0.079,0.003,0.0,0.08648049484577376,-0.08648049484515928,-4.237544247422021,0.0,0.0,0.0,0.0005000000000023874,-0.000499999999995282,-0.024500000000003297,0.0,0.0,-0.0413094,-0.0275396,-0.0481943,-0.5714467,0.034424500000000004,-0.0068849,-0.0025140415140099998,-0.023614652014356,0.000190720390718,0.005829365079486001,-0.0025697496948030004,-0.000396672771681,0.049020403915097016,1.8493900001885777,0.20555299988700426,0.07327699995585135,0.0
pd,00:06:32.042,1495,-90.0,-89.998,40.001,-89.938,0.079,0.003,0.0,0.0,0.0,0.0,0.0,0.0,-90.0,-89.997,40.0,-89.987,0.079,0.003,-90.0,-89.9975,40.0005,-89.9625,0.079,0.003,0.0,0.11333506268968944,-0.11333506268888416,-5.553418071767403,0.0,0.0,0.0,0.0005000000000023874,-0.000499999999995282,-0.024500000000003297,0.0,0.0,-0.0413094,-0.0275396,-0.0481943,-0.5714467,0.034424500000000004,-0.0068849,-0.0025140415140099998,-0.023614652014356,0.000190720390718,0.005829365079486001,-0.0025697496948030004,-0.000396672771681,0.049020403915097016,1.6827429999466403,0.7056409999677271,0.397884999983944,0.0
pd,00:06:32.045,1496,-90.0,-89.998,40.001,-89.938,0.079,0.003,0.0,0.0,0.0,0.0,0.0,0.0,-90.0,-89.997,40.0,-89.987,0.079,0.003,-90.0,-89.9975,40.0005,-89.9625,0.079,0.003,0.0,0.07666710535972851,-0.07666710535918375,-3.7566881626081754,0.0,0.0,0.0,0.0005000000000023874,-0.000499999999995282,-0.024500000000003297,0.0,0.0,0.0619641,0.06884900000000001,-0.0550792,-0.6127561,-0.0137698,-0.0,-0.002115262515236,-0.02219291819264,-0.00012136752136599999,0.0056396520147690005,-0.0025697496948030004,0.00048290598291600006,0.049020403915097016,3.3359859999109176,0.26247899995723856,0.15346199961641105,0.0
pd,00:06:32.049,1497,-90.0,-89.998,40.001,-89.938,0.079,0.003,0.0,0.0,0.0,0.0,0.0,0.0,-90.0,-89.997,40.0,-89.987,0.079,0.003,-90.0,-89.9975,40.0005,-89.9625,0.079,0.003,0.0,0.06468698334392392,-0.06468698334346429,-3.1696621838366448,0.0,0.0,0.0,0.0005000000000023874,-0.000499999999995282,-0.024500000000003297,0.0,0.0,0.0619641,0.06884900000000001,-0.0550792,-0.6127561,-0.0137698,-0.0,-0.002115262515236,-0.02219291819264,-0.00012136752136599999,0.0056396520147690005,-0.0025697496948030004,0.00048290598291600006,0.049020403915097016,1.7708340001263423,0.16375799987145,0.06477699980678153,0.0
pd,00:06:32.051,1498,-90.0,-89.998,40.001,-89.938,0.079,0.003,0.0,0.0,0.0,0.0,0.0,0.0,-90.0,-89.997,40.0,-89.987,0.079,0.003,-90.0,-89.9975,40.0005,-89.9625,0.079,0.003,0.0,0.12087331412161462,-0.12087331412075576,-5.9227923919299155,0.0,0.0,0.0,0.0005000000000023874,-0.000499999999995282,-0.024500000000003297,0.0,0.0,0.0619641,0.06884900000000001,-0.0550792,-0.6127561,-0.0137698,-0.0,-0.002115262515236,-0.02219291819264,-0.00012136752136599999,0.0056396520147690005,-0.0025697496948030004,0.00048290598291600006,0.049020403915097016,1.6897430000426539,0.12886900003650226,0.06003699991197209,0.0
pd,00:06:32.053,1499,-90.0,-89.998,40.001,-89.938,0.079,0.003,0.0,0.0,0.0,0.0,0.0,0.0,-90.0,-89.997,40.0,-89.987,0.079,0.003,-90.0,-89.9975,40.0005,-89.9625,0.079,0.003,0.0,0.12697699200835635,-0.12697699200745413,-6.221872608378786,0.0,0.0,0.0,0.0005000000000023874,-0.000499999999995282,-0.024500000000003297,0.0,0.0,0.0619641,0.06884900000000001,-0.0550792,-0.6127561,-0.0137698,-0.0,-0.002115262515236,-0.02219291819264,-0.00012136752136599999,0.0056396520147690005,-0.0025697496948030004,0.00048290598291600006,0.049020403915097016,1.7894830002660456,0.18012699956670986,0.08131399999911082,0.0
pd,00:06:32.055,1500,-90.0,-89.998,40.001,-89.948,0.079,0.003,0.0,0.0,0.0,-4.702661733373905,0.0,0.0,-90.0,-89.997,40.0,-89.987,0.079,0.003,-90.0,-89.9975,40.0005,-89.49723382666261,0.079,0.003,0.0,0.1175665433350159,-0.11756654333418054,105.99004170275296,0.0,0.0,0.0,0.0005000000000023874,-0.000499999999995282,0.4507661733373851,0.0,0.0,0.0619641,0.06884900000000001,-0.0550792,-0.6127561,-0.0137698,-0.0,-0.002115262515236,-0.02219291819264,-0.00012136752136599999,0.0056396520147690005,-0.0025697496948030004,0.00048290598291600006,0.03902563260217726,1.7233909998140007,0.15668299965909682,0.06731399980708375,0.0
pd,00:06:32.058,1501,-90.0,-89.998,40.001,-89.948,0.079,0.003,0.0,0.0,0.0,0.0,0.0,0.0,-90.0,-89.997,40.0,-89.987,0.079,0.003,-90.0,-89.9975,40.0005,-89.9675,0.079,0.003,0.0,0.07242047102735043,-0.07242047102683584,-2.8243983700532875,0.0,0.0,0.0,0.0005000000000023874,-0.000499999999995282,-0.019500000000007844,0.0,0.0,0.0619641,0.06884900000000001,-0.0550792,-0.6127561,-0.0137698,-0.0,-0.002115262515236,-0.02219291819264,-0.00012136752136599999,0.0056396520147690005,-0.0025697496948030004,0.00048290598291600006,0.03902563260217726,1.8832589998964977,0.2369049998378614,0.10229500003333669,0.0
pd,00:06:32.061,1502,-90.0,-89.998,40.001,-89.948,0.079,0.003,0.0,0.0,0.0,0.0,0.0,0.0,-90.0,-89.997,40.0,-89.987,0.079,0.003,-90.0,-89.9975,40.0005,-89.9675,0.079,0.003,0.0,0.10431516116245591,-0.1043151611617147,-4.068291285316509,0.0,0.0,0.0,0.0005000000000023874,-0.000499999999995282,-0.019500000000007844,0.0,0.0,0.0619641,0.06884900000000001,-0.0550792,-0.6127561,-0.0137698,-0.0,-0.002115262515236,-0.02219291819264,-0.00012136752136599999,0.0056396520147690005,-0.0025697496948030004,0.00048290598291600006,0.03902563260217726,1.7328910003016063,0.23423900029229117,0.12603499999386258,0.0
pd,00:06:32.063,1503,-90.0,-89.998,40.001,-89.948,0.079,0.003,0.0,0.0,0.0,0.0,0.0,0.0,-90.0,-89.997,40.0,-89.987,0.079,0.003,-90.0,-89.9975,40.0005,-89.9675,0.079,0.003,0.0,0.11317603885644974,-0.11317603885564557,-4.413865515380631,0.0,0.0,0.0,0.0005000000000023874,-0.000499999999995282,-0.019500000000007844,0.0,0.0,0.0413094,0.0481943,-0.0137698,-0.344245,-0.0275396,-0.0,-0.00268742368739,-0.022695726495442,0.00043345543345,0.0059155982907210004,-0.0018971306471700002,-0.000500152625163,0.03902563260217726,4.981507000138663,0.5168659999981173,0.19707199999174918,0.0
pd,00:06:32.069,1504,-90.0,-89.998,40.001,-89.948,0.079,0.003,0.0,0.0,0.0,0.0,0.0,0.0,-90.0,-89.997,40.0,-89.987,0.079,0.003,-90.0,-89.9975,40.0005,-89.9675,0.079,0.003,0.0,0.04281649652940003,-0.042816496529095804,-1.6698433646386912,0.0,0.0,0.0,0.0005000000000023874,-0.000499999999995282,-0.019500000000007844,0.0,0.0,0.0413094,0.0481943,-0.0137698,-0.344245,-0.0275396,-0.0,-0.00268742368739,-0.022695726495442,0.00043345543345,0.0059155982907210004,-0.0018971306471700002,-0.000500152625163,0.03902563260217726,1.899555999898439,0.487847999920632,0.16994299994621542,0.0
pd,00:06:32.071,1505,-90.0,-89.998,40.001,-89.948,0.079,0.003,0.0,0.0,0.0,0.0,0.0,0.0,-90.0,-89.997,40.0,-89.987,0.079,0.003,-90.0,-89.9975,40.0005,-89.9675,0.079,0.003,0.0,0.09354768489651234,-0.09354768489584764,-3.648359710946699,0.0,0.0,0.0,0.0005000000000023874,-0.000499999999995282,-0.019500000000007844,0.0,0.0,0.0413094,0.0481943,-0.0137698,-0.344245,-0.0275396,-0.0,-0.00268742368739,-0.022695726495442,0.00043345543345,0.0059155982907210004,-0.0018971306471700002,-0.000500152625163,0.03902563260217726,2.2220710002329724,0.21496099998330465,0.11757299989767489,0.0
pd,00:06:32.074,1506,-90.0,-89.998,40.001,-89.96,0.079,0.003,0.0,0.0,0.0,-4.524193078651857,0.0,0.0,-90.0,-89.997,40.0,-89.987,0.079,0.003,-90.0,-89.9975,40.0005,-89.5210806921348,0.079,0.003,0.0,0.09425402247236016,-0.09425402247169044,82.7398206137608,0.0,0.0,0.0,0.0005000000000023874,-0.000499999999995282,0.4389193078651914,0.0,0.0,0.0413094,0.0481943,-0.0137698,-0.344245,-0.0275396,-0.0,-0.00268742368739,-0.022695726495442,0.00043345543345,0.0059155982907210004,-0.0018971306471700002,-0.000500152625163,0.027037011669192663,1.773259999936272,0.18225699977847398,0.12753600003634347,0.0
pd,00:06:32.076,1507,-90.0,-89.998,40.001,-89.96,0.079,0.003,0.0,0.0,0.0,0.0,0.0,0.0,-90.0,-89.997,40.0,-89.987,0.079,0.003,-90.0,-89.9975,40.0005,-89.9735,0.079,0.003,0.0,0.11549465800253407,-0.11549465800171342,-3.1183557660536483,0.0,0.0,0.0,0.0005000000000023874,-0.000499999999995282,-0.013500000000007617,0.0,0.0,0.0413094,0.0481943,-0.0137698,-0.344245,-0.0275396,-0.0,-0.00268742368739,-0.022695726495442,0.00043345543345,0.0059155982907210004,-0.0018971306471700002,-0.000500152625163,0.027037011669192663,1.7611120001674863,0.16955399996732012,0.08105400002023089,0.0
pd,00:06:32.078,1508,-90.0,-89.998,40.001,-89.96,0.079,0.003,0.0,0.0,0.0,0.0,0.0,0.0,-90.0,-89.997,40.0,-89.987,0.079,0.003,-90.0,-89.9975,40.0005,-89.9735,0.079,0.003,0.0,0.11970045662157612,-0.11970045662072559,-3.2319123287672458,0.0,0.0,0.0,0.0005000000000023874,-0.000499999999995282,-0.013500000000007617,0.0,0.0,0.0413094,0.0481943,-0.0137698,-0.344245,-0.0275396,-0.0,-0.00268742368739,-0.022695726495442,0.00043345543345,0.0059155982907210004,-0.0018971306471700002,-0.000500152625163,0.027037011669192663,1.7110020003201498,0.1438509998479276,0.06222100000741193,0.0
pd,00:06:32.080,1509,-90.0,-89.998,40.001,-89.96,0.079,0.003,0.0,0.0,0.0,0.0,0.0,0.0,-90.0,-89.997,40.0,-89.987,0.079,0.003,-90.0,-89.9975,40.0005,-89.9735,0.079,0.003,0.0,0.12604591898124856,-0.12604591898035294,-3.40323981247759,0.0,0.0,0.0,0.0005000000000023874,-0.000499999999995282,-0.013500000000007617,0.0,0.0,0.0413094,0.0481943,-0.0137698,-0.344245,-0.0275396,-0.0,-0.00268742368739,-0.022695726495442,0.00043345543345,0.0059155982907210004,-0.0018971306471700002,-0.000500152625163,0.027037011669192663,1.6619280004306347,0.13473900025928742,0.060352000218699686,0.0
pd,00:06:32.082,1510,-90.0,-89.998,40.001,-89.96,0.079,0.003,0.0,0.0,0.0,0.0,0.0,0.0,-90.0,-89.997,40.0,-89.987,0.079,0.003,-90.0,-89.9975,40.0005,-89.9735,0.079,0.003,0.0,0.130047873000745,-0.13004787299982093,-3.511292571003482,0.0,0.0,0.0,0.0005000000000023874,-0.000499999999995282,-0.013500000000007617,0.0,0.0,0.0275396,0.0619641,-0.0137698,-0.1790074,0.0137698,0.0275396,-0.002826129426094,-0.023337240536948,-0.000277411477408,0.006398504273637,-0.002966422466484,3.4493284494e-05,0.027037011669192663,3.67759400023715,0.2599049998934788,0.45358799980022013,0.0
pd,00:06:32.088,1511,-90.0,-89.998,40.001,-89.96,0.079,0.003,0.0,0.0,0.0,0.0,0.0,0.0,-90.0,-89.997,40.0,-89.987,0.079,0.003,-90.0,-89.9975,40.0005,-89.9735,0.079,0.003,0.0,0.04046212618194122,-0.04046212618165372,-1.092477406907238,0.0,0.0,0.0,0.0005000000000023874,-0.000499999999995282,-0.013500000000007617,0.0,0.0,0.0275396,0.0619641,-0.0137698,-0.1790074,0.0137698,0.0275396,-0.002826129426094,-0.023337240536948,-0.000277411477408,0.006398504273637,-0.002966422466484,3.4493284494e-05,0.027037011669192663,1.9975360000898945,0.23662700004933868,0.09335099957752391,0.0
pd,00:06:32.091,1512,-90.0,-89.998,40.001,-89.96,0.079,0.003,0.0,0.0,0.0,0.0,0.0,0.0,-90.0,-89.997,40.0,-89.987,0.079,0.003,-90.0,-89.9975,40.0005,-89.9735,0.079,0.003,0.0,0.10113580246961872,-0.1011358024689001,-2.73066666666677,0.0,0.0,0.0,0.0005000000000023874,-0.000499999999995282,-0.013500000000007617,0.0,0.0,0.0275396,0.0619641,-0.0137698,-0.1790074,0.0137698,0.0275396,-0.002826129426094,-0.023337240536948,-0.000277411477408,0.006398504273637,-0.002966422466484,3.4493284494e-05,0.027037011669192663,1.7460210001445375,0.14864699960526195,0.09125900032813661,0.0
pd,00:06:32.093,1513,-90.0,-89.998,40.001,-89.96,0.079,0.003,0.0,0.0,0.0,0.0,0.0,0.0,-90.0,-89.997,40.0,-89.987,0.079,0.003,-90.0,-89.9975,40.0005,-89.9735,0.079,0.003,0.0,0.1207341393212443,-0.12073413932038644,-3.2598217616581544,0.0,0.0,0.0,0.0005000000000023874,-0.000499999999995282,-0.013500000000007617,0.0,0.0,0.0275396,0.0619641,-0.0137698,-0.1790074,0.0137698,0.0275396,-0.002826129426094,-0.023337240536948,-0.000277411477408,0.006398504273637,-0.002966422466484,3.4493284494e-05,0.027037011669192663,1.8233339997095754,0.251608999860764,0.3693110002132016,0.0
pd,00:06:32.096,1514,-90.0,-89.998,40.001,-89.967,0.079,0.003,0.0,0.0,0.0,-2.7122520092398137,0.0,0.0,-90.0,-89.997,40.0,-89.987,0.079,0.003,-90.0,-89.9975,40.0005,-89.70577479907601,0.079,0.003,0.0,0.0968661431875295,-0.09686614318684122,50.607755433545826,0.0,0.0,0.0,0.0005000000000023874,-0.000499999999995282,0.26122520092398815,0.0,0.0,0.0275396,0.0619641,-0.0137698,-0.1790074,0.0137698,0.0275396,-0.002826129426094,-0.023337240536948,-0.000277411477408,0.006398504273637,-0.002966422466484,3.4493284494e-05,0.020049937655759575,1.9365549997019116,0.21583099987765308,0.07540599972344353,0.0
pd,00:06:32.098,1515,-90.0,-89.998,40.001,-89.967,0.079,0.003,0.0,0.0,0.0,0.0,0.0,0.0,-90.0,-89.997,40.0,-89.987,0.079,0.003,-90.0,-89.9975,40.0005,-89.977,0.079,0.003,0.0,0.10821217750309668,-0.10821217750232778,-2.164243550051169,0.0,0.0,0.0,0.0005000000000023874,-0.000499999999995282,-0.010000000000005116,0.0,0.0,0.0275396,0.0619641,-0.0137698,-0.1790074,0.0137698,0.0275396,-0.002826129426094,-0.023337240536948,-0.000277411477408,0.006398504273637,-0.002966422466484,3.4493284494e-05,0.020049937655759575,1.7064470002878807,0.1471099999434955,0.06262899978537462,0.0
pd,00:06:32.100,1516,-90.0,-89.998,40.001,-89.967,0.079,0.003,0.0,0.0,0.0,0.0,0.0,0.0,-90.0,-89.997,40.0,-89.987,0.079,0.003,-90.0,-89.9975,40.0005,-89.977,0.079,0.003,0.0,0.12589458518489696,-0.12589458518400243,-2.517891703685416,0.0,0.0,0.0,0.0005000000000023874,-0.000499999999995282,-0.010000000000005116,0.0,0.0,0.0275396,0.0619641,-0.0137698,-0.1790074,0.0137698,0.0275396,-0.002826129426094,-0.023337240536948,-0.000277411477408,0.006398504273637,-0.002966422466484,3.4493284494e-05,0.020049937655759575,1.7744829997354827,0.17871999989438336,0.08140699992509326,0.0
pd,00:06:32.102,1517,-90.0,-89.998,40.001,-89.967,0.079,0.003,0.0,0.0,0.0,0.0,0.0,0.0,-90.0,-89.997,40.0,-89.987,0.079,0.003,-90.0,-89.9975,40.0005,-89.977,0.079,0.003,0.0,0.1182826847157368,-0.11828268471489636,-2.36565369430297,0.0,0.0,0.0,0.0005000000000023874,-0.000499999999995282,-0.010000000000005116,0.0,0.0,0.0275396,0.0619641,-0.0137698,-0.1790074,0.0137698,-0.0206547,-0.002826129426094,-0.023337240536948,-0.000277411477408,0.006398504273637,-0.002966422466484,3.4493284494e-05,0.020049937655759575,2.27664400017602,0.7446780000464059,0.2686089997041563,0.0
pd,00:06:32.106,1518,-90.0,-89.998,40.001,-89.967,0.079,0.003,0.0,0.0,0.0,0.0,0.0,0.0,-90.0,-89.997,40.0,-89.987,0.079,0.003,-90.0,-89.9975,40.0005,-89.977,0.079,0.003,0.0,0.06354235850230316,-0.06354235850185166,-1.2708471700397423,0.0,0.0,0.0,0.0005000000000023874,-0.000499999999995282,-0.010000000000005116,0.0,0.0,-0.0275396,0.0068849,-0.0206547,-0.1239282,0.0137698,-0.0206547,-0.0020632478632219998,-0.022123565323288,1.7338217338e-05,0.006381257631390001,-0.002724969475026,3.4493284494e-05,0.020049937655759575,2.702863000195066,0.49103199989986024,0.10436999991725315,0.0
pd,00:06:32.109,1519,-90.0,-89.998,40.001,-89.967,0.079,0.003,0.0,0.0,0.0,0.0,0.0,0.0,-90.0,-89.997,40.0,-89.987,0.079,0.003,-90.0,-89.9975,40.0005,-89.977,0.079,0.003,0.0,0.07310716028759721,-0.07310716028707775,-1.4621432057446717,0.0,0.0,0.0,0.0005000000000023874,-0.000499999999995282,-0.010000000000005116,0.0,0.0,-0.0275396,0.0068849,-0.0206547,-0.1239282,0.0137698,-0.0206547,-0.0020632478632219998,-0.022123565323288,1.7338217338e-05,0.006381257631390001,-0.002724969475026,3.4493284494e-05,0.020049937655759575,1.7356489997837343,0.16001699987100437,0.0650550000500516,0.0
pd,00:06:32.111,1520,-90.0,-89.998,40.001,-89.967,0.079,0.003,0.0,0.0,0.0,0.0,0.0,0.0,-90.0,-89.997,40.0,-89.987,0.079,0.003,-90.0,-89.9975,40.0005,-89.977,0.079,0.003,0.0,0.12307230047007121,-0.12307230046919673,-2.4614460093891815,0.0,0.0,0.0,0.0005000000000023874,-0.000499999999995282,-0.010000000000005116,0.0,0.0,-0.0275396,0.0068849,-0.0206547,-0.1239282,0.0137698,-0.0206547,-0.0020632478632219998,-0.022123565323288,1.7338217338e-05,0.006381257631390001,-0.002724969475026,3.4493284494e-05,0.020049937655759575,1.7727230001582939,0.17836900042311754,0.08509200006301398,0.0
pd,00:06:32.115,1521,-90.0,-89.998,40.001,-89.971,0.078,0.003,0.0,0.0,0.0,-1.247933353170225,-0.3119833382921752,0.0,-90.0,-89.997,40.0,-89.987,0.079,0.003,-90.0,-89.9975,40.0005,-89.85420666468298,0.10969833382921752,0.003,0.0,0.07799583457341616,-0.07799583457286197,18.21878732124172,4.944676003169532,0.0,0.0,0.0005000000000023874,-0.000499999999995282,0.11679333531702696,0.03169833382921752,0.0,-0.0275396,0.0068849,-0.0206547,-0.1239282,0.0137698,-0.0206547,-0.0020632478632219998,-0.022123565323288,1.7338217338e-05,0.006381257631390001,-0.002724969475026,3.4493284494e-05,0.016093476939422417,1.93259300021964,0.3034410001419019,0.09127699968303205,0.0
pd,00:06:32.117,1522,-90.0,-89.998,40.001,-89.971,0.078,0.003,0.0,0.0,0.0,0.0,0.0,0.0,-90.0,-89.997,40.0,-89.987,0.079,0.003,-90.0,-89.9975,40.0005,-89.979,0.0785,0.003,0.0,0.10280156862794185,-0.10280156862721139,-1.6448250980383041,0.10280156862745107,0.0,0.0,0.0005000000000023874,-0.000499999999995282,-0.007999999999995566,0.0005000000000000004,0.0,-0.0275396,0.0068849,-0.0206547,-0.1239282,0.0137698,-0.0206547,-0.0020632478632219998,-0.022123565323288,1.7338217338e-05,0.006381257631390001,-0.002724969475026,3.4493284494e-05,0.016093476939422417,1.7195580003317446,0.141757999699621,0.06609199999729753,0.0
pd,00:06:32.119,1523,-90.0,-89.998,40.001,-89.971,0.078,0.003,0.0,0.0,0.0,0.0,0.0,0.0,-90.0,-89.997,40.0,-89.987,0.079,0.003,-90.0,-89.9975,40.0005,-89.979,0.0785,0.003,0.0,0.12497926102562655,-0.12497926102473852,-1.9996681763993684,0.1249792610250299,0.0,0.0,0.0005000000000023874,-0.000499999999995282,-0.007999999999995566,0.0005000000000000004,0.0,-0.0275396,0.0068849,-0.0206547,-0.1239282,0.0137698,-0.0206547,-0.0020632478632219998,-0.022123565323288,1.7338217338e-05,0.006381257631390001,-0.002724969475026,3.4493284494e-05,0.016093476939422417,2.1922010000707814,0.2408680002190522,0.11675799987642677,0.0
pd,00:06:32.122,1524,-90.0,-89.998,40.001,-89.971,0.078,0.003,0.0,0.0,0.0,0.0,0.0,0.0,-90.0,-89.997,40.0,-89.987,0.079,0.003,-90.0,-89.9975,40.0005,-89.979,0.0785,0.003,0.0,0.09433882141295608,-0.09433882141228576,-1.5094211425992534,0.09433882141250571,0.0,0.0,0.0005000000000023874,-0.000499999999995282,-0.007999999999995566,0.0005000000000000004,0.0,-0.0275396,0.0068849,-0.0206547,-0.1239282,0.0137698,-0.0206547,-0.0020632478632219998,-0.022123565323288,1.7338217338e-05,0.006381257631390001,-0.002724969475026,3.4493284494e-05,0.016093476939422417,1.8388339999546588,1.0481200001777324,0.4466810000849364,0.0
pd,00:06:32.125,1525,-90.0,-89.998,40.001,-89.971,0.078,0.003,0.0,0.0,0.0,0.0,0.0,0.0,-90.0,-89.997,40.0,-89.987,0.079,0.003,-90.0,-89.9975,40.0005,-89.979,0.0785,0.003,0.0,0.06829334375439669,-0.06829334375391144,-1.092693500064524,0.06829334375407066,0.0,0.0,0.0005000000000023874,-0.000499999999995282,-0.007999999999995566,0.0005000000000000004,0.0,0.0,0.0206547,0.0275396,-0.13769800000000001,-0.0068849,-0.0206547,-0.0029128205127839997,-0.022782417582131998,0.000797557997548,0.00655372405386,-0.0018108974359350002,-0.00010347985348200002,0.016093476939422417,3.109525000127178,0.248515999828669,0.08566599990444956,0.0
pd,00:06:32.129,1526,-90.0,-89.998,40.001,-89.971,0.078,0.003,0.0,0.0,0.0,0.0,0.0,0.0,-90.0,-89.997,40.0,-89.987,0.079,0.003,-90.0,-89.9975,40.0005,-89.979,0.0785,0.003,0.0,0.07082101850634924,-0.07082101850584602,-1.1331362960955491,0.07082101850601114,0.0,0.0,0.0005000000000023874,-0.000499999999995282,-0.007999999999995566,0.0005000000000000004,0.0,0.0,0.0206547,0.0275396,-0.13769800000000001,-0.0068849,-0.0206547,-0.0029128205127839997,-0.022782417582131998,0.000797557997548,0.00655372405386,-0.0018108974359350002,-0.00010347985348200002,0.016093476939422417,1.731928000026528,0.1509060002717888,0.06059199995434028,0.0
pd,00:06:32.131,1527,-90.0,-89.998,40.001,-89.971,0.078,0.003,0.0,0.0,0.0,0.0,0.0,0.0,-90.0,-89.997,40.0,-89.987,0.079,0.003,-90.0,-89.9975,40.0005,-89.979,0.0785,0.003,0.0,0.12425358454852552,-0.12425358454764264,-1.9880573527658136,0.12425358454793232,0.0,0.0,0.0005000000000023874,-0.000499999999995282,-0.007999999999995566,0.0005000000000000004,0.0,0.0,0.0206547,0.0275396,-0.13769800000000001,-0.0068849,-0.0206547,-0.0029128205127839997,-0.022782417582131998,0.000797557997548,0.00655372405386,-0.0018108974359350002,-0.00010347985348200002,0.016093476939422417,1.6490769999109034,0.15986900007192162,0.0600919997850724,0.0
pd,00:06:32.133,1528,-90.0,-89.998,40.001,-89.971,0.078,0.003,0.0,0.0,0.0,0.0,0.0,0.0,-90.0,-89.997,40.0,-89.987,0.079,0.003,-90.0,-89.9975,40.0005,-89.979,0.0785,0.003,0.0,0.12926232741679078,-0.12926232741587232,-2.068197238657631,0.1292623274161737,0.0,0.0,0.0005000000000023874,-0.000499999999995282,-0.007999999999995566,0.0005000000000000004,0.0,0.0,0.0206547,0.0275396,-0.13769800000000001,-0.0068849,-0.0206547,-0.0029128205127839997,-0.022782417582131998,0.000797557997548,0.00655372405386,-0.0018108974359350002,-0.00010347985348200002,0.016093476939422417,1.9606109999585897,0.25070199990295805,0.10190699958911864,0.0
pd,00:06:32.135,1529,-90.0,-89.998,40.001,-89.974,0.078,0.003,0.0,0.0,0.0,-1.2475621653777986,0.0,0.0,-90.0,-89.997,40.0,-89.987,0.079,0.003,-90.0,-89.9975,40.0005,-89.85574378346222,0.0785,0.003,0.0,0.10396351378197569,-0.10396351378123699,24.588663595543082,0.10396351378147937,0.0,0.0,0.0005000000000023874,-0.000499999999995282,0.1182562165377874,0.0005000000000000004,0.0,0.0,0.0206547,0.0275396,-0.13769800000000001,-0.0068849,-0.0206547,-0.0029128205127839997,-0.022782417582131998,0.000797557997548,0.00655372405386,-0.0018108974359350002,-0.00010347985348200002,0.013114877048595285,1.7898899995998363,0.15742499999760184,0.06681400009256322,0.0
pd,00:06:32.137,1530,-90.0,-89.998,40.001,-89.974,0.078,0.003,0.0,0.0,0.0,0.0,0.0,0.0,-90.0,-89.997,40.0,-89.987,0.079,0.003,-90.0,-89.9975,40.0005,-89.9805,0.0785,0.003,0.0,0.119796184166001,-0.1197961841651498,-1.557350394149501,0.1197961841654291,0.0,0.0,0.0005000000000023874,-0.000499999999995282,-0.006500000000002615,0.0005000000000000004,0.0,0.0,0.0206547,0.0275396,-0.13769800000000001,-0.0068849,-0.0206547,-0.0029128205127839997,-0.022782417582131998,0.000797557997548,0.00655372405386,-0.0018108974359350002,-0.00010347985348200002,0.013114877048595285,1.7075760001716844,0.1592939997863141,0.0691659997755778,0.0
pd,00:06:32.140,1531,-90.0,-89.998,40.001,-89.974,0.078,0.003,0.0,0.0,0.0,0.0,0.0,0.0,-90.0,-89.997,40.0,-89.987,0.079,0.003,-90.0,-89.9975,40.0005,-89.9805,0.0785,0.003,0.0,0.08119684063845492,-0.08119684063787798,-1.0555589282941444,0.08119684063806729,0.0,0.0,0.0005000000000023874,-0.000499999999995282,-0.006500000000002615,0.0005000000000000004,0.0,0.0,0.0206547,0.0275396,-0.13769800000000001,-0.0068849,-0.0206547,-0.0029128205127839997,-0.022782417582131998,0.000797557997548,0.00655372405386,-0.0018108974359350002,-0.00010347985348200002,0.013114877048595285,1.9935919999625185,0.36877500042464817,0.15233200019793003,0.0
pd,00:06:32.143,1532,-90.0,-89.998,40.001,-89.974,0.078,0.003,0.0,0.0,0.0,0.0,0.0,0.0,-90.0,-89.997,40.0,-89.987,0.079,0.003,-90.0,-89.9975,40.0005,-89.9805,0.0785,0.003,0.0,0.09310744095231813,-0.09310744095165656,-1.21039673237352,0.09310744095187364,0.0,0.0,0.0005000000000023874,-0.000499999999995282,-0.006500000000002615,0.0005000000000000004,0.0,0.0,-0.0068849,-0.0,-0.1858923,-0.0275396,-0.034424500000000004,-0.00268742368739,-0.023042490842201998,0.000138705738704,0.006070818070944,-0.0031906288156950003,0.000275946275952,0.013114877048595285,3.4405039996272535,0.8489360002386093,0.42836599959628074,0.0
pd,00:06:32.148,1533,-90.0,-89.998,40.001,-89.974,0.078,0.003,0.0,0.0,0.0,0.0,0.0,0.0,-90.0,-89.997,40.0,-89.987,0.079,0.003,-90.0,-89.9975,40.0005,-89.9805,0.0785,0.003,0.0,0.0515574786117124,-0.05155747861134606,-0.6702472219485979,0.05155747861146626,0.0,0.0,0.0005000000000023874,-0.000499999999995282,-0.006500000000002615,0.0005000000000000004,0.0,0.0,-0.0068849,-0.0,-0.1858923,-0.0275396,-0.034424500000000004,-0.00268742368739,-0.023042490842201998,0.000138705738704,0.006070818070944,-0.0031906288156950003,0.000275946275952,0.013114877048595285,2.190646000144625,0.2391460002399981,0.11425799993958208,0.0
pd,00:06:32.151,1534,-90.0,-89.998,40.001,-89.974,0.078,0.003,0.0,0.0,0.0,0.0,0.0,0.0,-90.0,-89.997,40.0,-89.987,0.079,0.003,-90.0,-89.9975,40.0005,-89.9805,0.0785,0.003,0.0,0.09461974372902064,-0.09461974372834833,-1.2300566684705452,0.09461974372856893,0.0,0.0,0.0005000000000023874,-0.000499999999995282,-0.006500000000002615,0.0005000000000000004,0.0,0.0,-0.0068849,-0.0,-0.1858923,-0.0275396,-0.034424500000000004,-0.00268742368739,-0.023042490842201998,0.000138705738704,0.006070818070944,-0.0031906288156950003,0.000275946275952,0.013114877048595285,1.693112999873847,0.17412699980923207,0.07892599978731596,0.0
pd,00:06:32.153,1535,-90.0,-89.998,40.001,-89.974,0.078,0.003,0.0,0.0,0.0,0.0,0.0,0.0,-90.0,-89.997,40.0,-89.987,0.079,0.003,-90.0,-89.9975,40.0005,-89.9805,0.0785,0.003,0.0,0.12355084246553633,-0.12355084246465844,-1.6061609520431934,0.12355084246494649,0.0,0.0,0.0005000000000023874,-0.000499999999995282,-0.006500000000002615,0.0005000000000000004,0.0,0.0,-0.0068849,-0.0,-0.1858923,-0.0275396,-0.034424500000000004,-0.00268742368739,-0.023042490842201998,0.000138705738704,0.006070818070944,-0.0031906288156950003,0.000275946275952,0.013114877048595285,1.7782979998628434,0.23835000001781737,0.09722100003273226,0.0
pd,00:06:32.155,1536,-90.0,-89.998,40.001,-89.977,0.078,0.003,0.0,0.0,0.0,-1.3597268208342854,0.0,0.0,-90.0,-89.997,40.0,-89.987,0.079,0.003,-90.0,-89.9975,40.0005,-89.84602731791657,0.0785,0.003,0.0,0.11331056840339386,-0.11331056840258874,29.681178104239883,0.11331056840285292,0.0,0.0,0.0005000000000023874,-0.000499999999995282,0.13097268208343849,0.0005000000000000004,0.0,0.0,-0.0068849,-0.0,-0.1858923,-0.0275396,-0.034424500000000004,-0.00268742368739,-0.023042490842201998,0.000138705738704,0.006070818070944,-0.0031906288156950003,0.000275946275952,0.0101488915650835,1.742354000271007,0.22166400003698072,0.07479499981855042,0.0
pd,00:06:32.157,1537,-90.0,-89.998,40.001,-89.977,0.078,0.003,0.0,0.0,0.0,0.0,0.0,0.0,-90.0,-89.997,40.0,-89.987,0.079,0.003,-90.0,-89.9975,40.0005,-89.982,0.0785,0.003,0.0,0.11830937605833317,-0.11830937605749252,-1.1830937605766065,0.11830937605776835,0.0,0.0,0.0005000000000023874,-0.000499999999995282,-0.0049999999999954525,0.0005000000000000004,0.0,0.0,-0.0068849,-0.0,-0.1858923,-0.0275396,-0.034424500000000004,-0.00268742368739,-0.023042490842201998,0.000138705738704,0.006070818070944,-0.0031906288156950003,0.000275946275952,0.0101488915650835,1.6960210000434017,0.14070199995330768,0.0590170002396917,0.0
pd,00:06:32.159,1538,-90.0,-89.998,40.001,-89.977,0.078,0.003,0.0,0.0,0.0,0.0,0.0,0.0,-90.0,-89.997,40.0,-89.987,0.079,0.003,-90.0,-89.9975,40.0005,-89.982,0.0785,0.003,0.0,0.12762609542417316,-0.12762609542326633,-1.276260954234477,0.1276260954235639,0.0,0.0,0.0005000000000023874,-0.000499999999995282,-0.0049999999999954525,0.0005000000000000004,0.0,0.0,-0.0068849,-0.0,-0.1858923,-0.0275396,-0.034424500000000004,-0.00268742368739,-0.023042490842201998,0.000138705738704,0.006070818070944,-0.0031906288156950003,0.000275946275952,0.0101488915650835,2.0643500001824577,0.2259049997519469,0.12072100025761756,0.0
pd,00:06:32.161,1539,-90.0,-89.998,40.001,-89.977,0.078,0.003,0.0,0.0,0.0,0.0,0.0,0.0,-90.0,-89.997,40.0,-89.987,0.079,0.003,-90.0,-89.9975,40.0005,-89.982,0.0785,0.003,0.0,0.0992030274366137,-0.09920302743590882,-0.992030274360498,0.09920302743614011,0.0,0.0,0.0005000000000023874,-0.000499999999995282,-0.0049999999999954525,0.0005000000000000004,0.0,0.0,-0.0068849,-0.0,-0.1858923,-0.0275396,-0.034424500000000004,-0.00268742368739,-0.023042490842201998,0.000138705738704,0.006070818070944,-0.0031906288156950003,0.000275946275952,0.0101488915650835,1.9556110000849003,0.26647799995771493,0.724401000297803,0.0
pd,00:06:32.165,1540,-90.0,-89.998,40.001,-89.977,0.078,0.003,0.0,0.0,0.0,0.0,0.0,0.0,-90.0,-89.997,40.0,-89.987,0.079,0.003,-90.0,-89.9975,40.0005,-89.982,0.0785,0.003,0.0,0.07812367754470323,-0.07812367754414813,-0.7812367754425915,0.07812367754433028,0.0,0.0,0.0005000000000023874,-0.000499999999995282,-0.0049999999999954525,0.0005000000000000004,0.0,0.0137698,-0.0068849,0.0275396,-0.2822809,-0.0,-0.0068849,-0.002548717948686,-0.022487667887386,0.0005028083028019999,0.005605158730275001,-0.002345543345592,-0.000137973137976,0.0101488915650835,3.5952240000369784,0.21894199971939088,0.09823899972616346,0.0
pd,00:06:32.170,1541,-90.0,-89.998,40.001,-89.977,0.078,0.003,0.0,0.0,0.0,0.0,0.0,0.0,-90.0,-89.997,40.0,-89.987,0.079,0.003,-90.0,-89.9975,40.0005,-89.982,0.0785,0.003,0.0,0.048848225100391635,-0.048848225100044544,-0.4884822510011396,0.04884822510015843,0.0,0.0,0.0005000000000023874,-0.000499999999995282,-0.0049999999999954525,0.0005000000000000004,0.0,0.0137698,-0.0068849,0.0275396,-0.2822809,-0.0,-0.0068849,-0.002548717948686,-0.022487667887386,0.0005028083028019999,0.005605158730275001,-0.002345543345592,-0.000137973137976,0.0101488915650835,1.9747589999496995,0.2284419997522491,0.0894059999154706,0.0
pd,00:06:32.172,1542,-90.0,-89.998,40.001,-89.977,0.078,0.003,0.0,0.0,0.0,0.0,0.0,0.0,-90.0,-89.997,40.0,-89.987,0.079,0.003,-90.0,-89.9975,40.0005,-89.982,0.0785,0.003,0.0,0.10434630311523602,-0.1043463031144946,-1.0434630311464288,0.10434630311473787,0.0,0.0,0.0005000000000023874,-0.000499999999995282,-0.0049999999999954525,0.0005000000000000004,0.0,0.0137698,-0.0068849,0.0275396,-0.2822809,-0.0,-0.0068849,-0.002548717948686,-0.022487667887386,0.0005028083028019999,0.005605158730275001,-0.002345543345592,-0.000137973137976,0.0101488915650835,1.9003150000571623,0.2519049999136769,0.11694299973896705,0.0
pd,00:06:32.174,1543,-90.0,-89.998,40.001,-89.977,0.078,0.003,0.0,0.0,0.0,0.0,0.0,0.0,-90.0,-89.997,40.0,-89.987,0.079,0.003,-90.0,-89.9975,40.0005,-89.982,0.0785,0.003,0.0,0.10559677744259888,-0.10559677744184856,-1.0559677744199862,0.10559677744209475,0.0,0.0,0.0005000000000023874,-0.000499999999995282,-0.0049999999999954525,0.0005000000000000004,0.0,0.0137698,-0.0068849,0.0275396,-0.2822809,-0.0,-0.0068849,-0.002548717948686,-0.022487667887386,0.0005028083028019999,0.005605158730275001,-0.002345543345592,-0.000137973137976,0.0101488915650835,1.8482600003153493,0.2626640002745262,0.4063480000695563,0.0
pd,00:06:32.177,1544,-90.0,-89.998,40.001,-89.98,0.078,0.003,0.0,0.0,0.0,-1.1372841648590453,0.0,0.0,-90.0,-89.997,40.0,-89.987,0.079,0.003,-90.0,-89.9975,40.0005,-89.8697715835141,0.0785,0.003,0.0,0.09477368040536938,-0.09477368040469597,20.89350543115124,0.09477368040491693,0.0,0.0,0.0005000000000023874,-0.000499999999995282,0.11022841648590997,0.0005000000000000004,0.0,0.0137698,-0.0068849,0.0275396,-0.2822809,-0.0,-0.0068849,-0.002548717948686,-0.022487667887386,0.0005028083028019999,0.005605158730275001,-0.002345543345592,-0.000137973137976,0.007211102550919378,1.8210379998890858,0.25381299974469584,0.06801799963795929,0.0
pd,00:06:32.179,1545,-90.0,-89.998,40.001,-89.98,0.078,0.003,0.0,0.0,0.0,0.0,0.0,0.0,-90.0,-89.997,40.0,-89.987,0.079,0.003,-90.0,-89.9975,40.0005,-89.98349999999999,0.0785,0.003,0.0,0.11273798516342402,-0.11273798516262297,-0.7891658961391618,0.11273798516288581,0.0,0.0,0.0005000000000023874,-0.000499999999995282,-0.0034999999999882903,0.0005000000000000004,0.0,0.0137698,-0.0068849,0.0275396,-0.2822809,-0.0,-0.0068849,-0.002548717948686,-0.022487667887386,0.0005028083028019999,0.005605158730275001,-0.002345543345592,-0.000137973137976,0.007211102550919378,1.8798889996105572,0.247738999860303,0.12323900000410504,0.0
pd,00:06:32.182,1546,-90.0,-89.998,40.001,-89.98,0.078,0.003,0.0,0.0,0.0,0.0,0.0,0.0,-90.0,-89.997,40.0,-89.987,0.079,0.003,-90.0,-89.9975,40.0005,-89.98349999999999,0.0785,0.003,0.0,0.10560741263017492,-0.10560741262942454,-0.7392518884067222,0.10560741262967076,0.0,0.0,0.0005000000000023874,-0.000499999999995282,-0.0034999999999882903,0.0005000000000000004,0.0,0.0137698,-0.0068849,0.0275396,-0.2822809,-0.0,-0.0068849,-0.002548717948686,-0.022487667887386,0.0005028083028019999,0.005605158730275001,-0.002345543345592,-0.000137973137976,0.007211102550919378,1.7355390000375337,0.23342400027104304,0.47364300007757265,0.0
pd,00:06:32.184,1547,-90.0,-89.998,40.001,-89.98,0.078,0.003,0.0,0.0,0.0,0.0,0.0,0.0,-90.0,-89.997,40.0,-89.987,0.079,0.003,-90.0,-89.9975,40.0005,-89.98349999999999,0.0785,0.003,0.0,0.09212581268713818,-0.0921258126864836,-0.6448806888060398,0.09212581268669838,0.0,0.0,0.0005000000000023874,-0.000499999999995282,-0.0034999999999882903,0.0005000000000000004,0.0,0.0206547,0.0550792,-0.0206547,-0.3029356,0.06884900000000001,0.0206547,-0.0024620268619959997,-0.022782417582131998,-0.000901587301576,0.004967032967136,-0.002052350427393,-0.00010347985348200002,0.007211102550919378,3.648779000286595,0.22636899984718184,0.10601800022413954,0.0
pd,00:06:32.188,1548,-90.0,-89.998,40.001,-89.98,0.078,0.003,0.0,0.0,0.0,0.0,0.0,0.0,-90.0,-89.997,40.0,-89.987,0.079,0.003,-90.0,-89.9975,40.0005,-89.98349999999999,0.0785,0.003,0.0,0.061284395090882925,-0.06128439509044747,-0.42899076563356775,0.06128439509059035,0.0,0.0,0.0005000000000023874,-0.000499999999995282,-0.0034999999999882903,0.0005000000000000004,0.0,0.0206547,0.0550792,-0.0206547,-0.3029356,0.06884900000000001,0.0206547,-0.0024620268619959997,-0.022782417582131998,-0.000901587301576,0.004967032967136,-0.002052350427393,-0.00010347985348200002,0.007211102550919378,1.8845559998226236,0.17596099996808334,0.08079600002020015,0.0
pd,00:06:32.191,1549,-90.0,-89.998,40.001,-89.98,0.078,0.003,0.0,0.0,0.0,0.0,0.0,0.0,-90.0,-89.997,40.0,-89.987,0.079,0.003,-90.0,-89.9975,40.0005,-89.98349999999999,0.0785,0.003,0.0,0.11256854535748866,-0.11256854535668881,-0.7879798174976215,0.11256854535695125,0.0,0.0,0.0005000000000023874,-0.000499999999995282,-0.0034999999999882903,0.0005000000000000004,0.0,0.0206547,0.0550792,-0.0206547,-0.3029356,0.06884900000000001,0.0206547,-0.0024620268619959997,-0.022782417582131998,-0.000901587301576,0.004967032967136,-0.002052350427393,-0.00010347985348200002,0.007211102550919378,1.7697419998512487,0.29020100009802263,0.11216499979127548,0.0
pd,00:06:32.193,1550,-90.0,-89.998,40.001,-89.98,0.078,0.003,0.0,0.0,0.0,0.0,0.0,0.0,-90.0,-89.997,40.0,-89.987,0.079,0.003,-90.0,-89.9975,40.0005,-89.98349999999999,0.0785,0.003,0.0,0.11002896117576147,-0.11002896117497966,-0.7702027282256395,0.1100289611752362,0.0,0.0,0.0005000000000023874,-0.000499999999995282,-0.0034999999999882903,0.0005000000000000004,0.0,0.0206547,0.0550792,-0.0206547,-0.3029356,0.06884900000000001,0.0206547,-0.0024620268619959997,-0.022782417582131998,-0.000901587301576,0.004967032967136,-0.002052350427393,-0.00010347985348200002,0.007211102550919378,1.8298519999007112,0.17892500000016298,0.07498100012526265,0.0
pd,00:06:32.196,1551,-90.0,-89.998,40.001,-89.984,0.078,0.003,0.0,0.0,0.0,-1.2494203157552055,0.0,0.0,-90.0,-89.997,40.0,-89.987,0.079,0.003,-90.0,-89.9975,40.0005,-89.86055796842447,0.0785,0.003,0.0,0.07808876973525519,-0.07808876973470034,19.27887275861379,0.07808876973488241,0.0,0.0,0.0005000000000023874,-0.000499999999995282,0.12344203157552158,0.0005000000000000004,0.0,0.0206547,0.0550792,-0.0206547,-0.3029356,0.06884900000000001,0.0206547,-0.0024620268619959997,-0.022782417582131998,-0.000901587301576,0.004967032967136,-0.002052350427393,-0.00010347985348200002,0.0034641016151385593,1.9924429998354753,0.22884999998495914,0.08749900007387623,0.0
pd,00:06:32.199,1552,-90.0,-89.998,40.001,-89.984,0.078,0.003,0.0,0.0,0.0,0.0,0.0,0.0,-90.0,-89.997,40.0,-89.987,0.079,0.003,-90.0,-89.9975,40.0005,-89.9855,0.0785,0.003,0.0,0.10195196888721506,-0.10195196888649063,-0.30585590666019635,0.10195196888672833,0.0,0.0,0.0005000000000023874,-0.000499999999995282,-0.0015000000000071623,0.0005000000000000004,0.0,0.0206547,0.0550792,-0.0206547,-0.3029356,0.06884900000000001,0.0206547,-0.0024620268619959997,-0.022782417582131998,-0.000901587301576,0.004967032967136,-0.002052350427393,-0.00010347985348200002,0.0034641016151385593,1.778353000190691,0.2955899999506073,0.13959200032331864,0.0
pd,00:06:32.201,1553,-90.0,-89.998,40.001,-89.984,0.078,0.003,0.0,0.0,0.0,0.0,0.0,0.0,-90.0,-89.997,40.0,-89.987,0.079,0.003,-90.0,-89.9975,40.0005,-89.9855,0.0785,0.003,0.0,0.10708496732077276,-0.10708496732001187,-0.3212549019607965,0.10708496732026153,0.0,0.0,0.0005000000000023874,-0.000499999999995282,-0.0015000000000071623,0.0005000000000000004,0.0,0.0206547,0.0550792,-0.0206547,-0.3029356,0.06884900000000001,0.0206547,-0.0024620268619959997,-0.022782417582131998,-0.000901587301576,0.004967032967136,-0.002052350427393,-0.00010347985348200002,0.0034641016151385593,1.8024080000031972,0.514160999955493,0.17807299991545733,0.0
pd,00:06:32.204,1554,-90.0,-89.998,40.001,-89.984,0.078,0.003,0.0,0.0,0.0,0.0,0.0,0.0,-90.0,-89.997,40.0,-89.987,0.079,0.003,-90.0,-89.9975,40.0005,-89.9855,0.0785,0.003,0.0,0.0955161231558578,-0.0955161231551791,-0.286548369466216,0.0955161231554018,0.0,0.0,0.0005000000000023874,-0.000499999999995282,-0.0015000000000071623,0.0005000000000000004,0.0,0.0275396,-0.0206547,-0.0137698,-0.3511299,-0.0206547,0.034424500000000004,-0.0026007326007,-0.023354578754286,-0.001421733821716,0.004846306471407,-0.0025007631258150004,0.00020695970696400003,0.0034641016151385593,4.088644999683311,0.29736800024693366,0.10518399994907668,0.0
pd,00:06:32.208,1555,-90.0,-89.998,40.001,-89.984,0.078,0.003,0.0,0.0,0.0,0.0,0.0,0.0,-90.0,-89.997,40.0,-89.987,0.079,0.003,-90.0,-89.9975,40.0005,-89.9855,0.0785,0.003,0.0,0.054528133125585375,-0.05452813312519793,-0.16358439937598124,0.05452813312532506,0.0,0.0,0.0005000000000023874,-0.000499999999995282,-0.0015000000000071623,0.0005000000000000004,0.0,0.0275396,-0.0206547,-0.0137698,-0.3511299,-0.0206547,0.034424500000000004,-0.0026007326007,-0.023354578754286,-0.001421733821716,0.004846306471407,-0.0025007631258150004,0.00020695970696400003,0.0034641016151385593,2.086295000026439,0.2032570000665146,0.09623999994801125,0.0
pd,00:06:32.211,1556,-90.0,-89.998,40.001,-89.984,0.078,0.003,0.0,0.0,0.0,0.0,0.0,0.0,-90.0,-89.997,40.0,-89.987,0.079,0.003,-90.0,-89.9975,40.0005,-89.9855,0.0785,0.003,0.0,0.1010091513346505,-0.10100915133393278,-0.3030274540025161,0.10100915133416828,0.0,0.0,0.0005000000000023874,-0.000499999999995282,-0.0015000000000071623,0.0005000000000000004,0.0,0.0275396,-0.0206547,-0.0137698,-0.3511299,-0.0206547,0.034424500000000004,-0.0026007326007,-0.023354578754286,-0.001421733821716,0.004846306471407,-0.0025007631258150004,0.00020695970696400003,0.0034641016151385593,1.73703900009059,0.14379499998540268,0.06109200012360816,0.0
pd,00:06:32.213,1557,-90.0,-89.998,40.001,-89.984,0.078,0.003,0.0,0.0,0.0,0.0,0.0,0.0,-90.0,-89.997,40.0,-89.987,0.079,0.003,-90.0,-89.9975,40.0005,-89.9855,0.0785,0.003,0.0,0.1244748338087615,-0.12447483380787704,-0.37342450142451555,0.12447483380816725,0.0,0.0,0.0005000000000023874,-0.000499999999995282,-0.0015000000000071623,0.0005000000000000004,0.0,0.0275396,-0.0206547,-0.0137698,-0.3511299,-0.0206547,0.034424500000000004,-0.0026007326007,-0.023354578754286,-0.001421733821716,0.004846306471407,-0.0025007631258150004,0.00020695970696400003,0.0034641016151385593,1.7786499997782812,0.158886999997776,0.06635099998675287,0.0
pd,00:06:32.215,1558,-90.0,-89.998,40.001,-89.984,0.078,0.003,0.0,0.0,0.0,0.0,0.0,0.0,-90.0,-89.997,40.0,-89.987,0.079,0.003,-90.0,-89.9975,40.0005,-89.9855,0.0785,0.003,0.0,0.12042908005110908,-0.12042908005025338,-0.36128724015161584,0.12042908005053415,0.0,0.0,0.0005000000000023874,-0.000499999999995282,-0.0015000000000071623,0.0005000000000000004,0.0,0.0275396,-0.0206547,-0.0137698,-0.3511299,-0.0206547,0.034424500000000004,-0.0026007326007,-0.023354578754286,-0.001421733821716,0.004846306471407,-0.0025007631258150004,0.00020695970696400003,0.0034641016151385593,1.849240999945323,0.22184900035426836,0.08262900018962682,0.0
pd,00:06:32.217,1559,-90.0,-89.998,40.001,-89.989,0.078,0.003,0.0,0.0,0.0,-2.242943315512356,0.0,0.0,-90.0,-89.997,40.0,-89.987,0.079,0.003,-90.0,-89.9975,40.0005,-89.76370566844876,0.0785,0.003,0.0,0.11214716577593656,-0.1121471657751397,50.53224149747026,0.11214716577540117,0.0,0.0,0.0005000000000023874,-0.000499999999995282,0.22529433155123968,0.0005000000000000004,0.0,0.0275396,-0.0206547,-0.0137698,-0.3511299,-0.0206547,0.034424500000000004,-0.0026007326007,-0.023354578754286,-0.001421733821716,0.004846306471407,-0.0025007631258150004,0.00020695970696400003,0.0026457513110727335,1.869519000138098,0.25203499990311684,0.12016500022582477,0.0
pd,00:06:32.219,1560,-90.0,-89.998,40.001,-89.989,0.078,0.003,0.0,0.0,0.0,0.0,0.0,0.0,-90.0,-89.997,40.0,-89.987,0.079,0.003,-90.0,-89.9975,40.0005,-89.988,0.0785,0.003,0.0,0.10621717990326243,-0.10621717990250772,0.21243435980652486,0.10621717990275537,0.0,0.0,0.0005000000000023874,-0.000499999999995282,0.0010000000000047748,0.0005000000000000004,0.0,0.0275396,-0.0206547,-0.0137698,-0.3511299,-0.0206547,0.034424500000000004,-0.0026007326007,-0.023354578754286,-0.001421733821716,0.004846306471407,-0.0025007631258150004,0.00020695970696400003,0.0026457513110727335,1.8231859999104927,0.18692399999054032,0.07888800018918118,0.0
pd,00:06:32.222,1561,-90.0,-89.998,40.001,-89.989,0.078,0.003,0.0,0.0,0.0,0.0,0.0,0.0,-90.0,-89.997,40.0,-89.987,0.079,0.003,-90.0,-89.9975,40.0005,-89.988,0.0785,0.003,0.0,0.07731150925348425,-0.07731150925293491,0.1546230185069685,0.07731150925311515,0.0,0.0,0.0005000000000023874,-0.000499999999995282,0.0010000000000047748,0.0005000000000000004,0.0,0.0206547,0.0275396,0.0550792,-0.2272017,0.0206547,-0.0206547,-0.002288644688616,-0.02245299145271,-0.001421733821716,0.004708333333431,-0.002052350427393,-0.00020695970696400003,0.0026457513110727335,3.446151999924041,0.2435720002722519,0.25529399999868474,0.0
pd,00:06:32.227,1562,-90.0,-89.998,40.001,-89.989,0.078,0.003,0.0,0.0,0.0,0.0,0.0,0.0,-90.0,-89.997,40.0,-89.987,0.079,0.003,-90.0,-89.9975,40.0005,-89.988,0.0785,0.003,0.0,0.059406039318169325,-0.059406039317747225,0.11881207863633865,0.059406039317885725,0.0,0.0,0.0005000000000023874,-0.000499999999995282,0.0010000000000047748,0.0005000000000000004,0.0,0.0206547,0.0275396,0.0550792,-0.2272017,0.0206547,-0.0206547,-0.002288644688616,-0.02245299145271,-0.001421733821716,0.004708333333431,-0.002052350427393,-0.00020695970696400003,0.0026457513110727335,2.4843090000103984,0.5324389999259438,0.13349900018511107,0.0
pd,00:06:32.230,1563,-90.0,-89.998,40.001,-89.989,0.078,0.003,0.0,0.0,0.0,0.0,0.0,0.0,-90.0,-89.997,40.0,-89.987,0.079,0.003,-90.0,-89.9975,40.0005,-89.988,0.0785,0.003,0.0,0.07639341395927486,-0.07639341395873206,0.15278682791854972,0.07639341395891017,0.0,0.0,0.0005000000000023874,-0.000499999999995282,0.0010000000000047748,0.0005000000000000004,0.0,0.0206547,0.0275396,0.0550792,-0.2272017,0.0206547,-0.0206547,-0.002288644688616,-0.02245299145271,-0.001421733821716,0.004708333333431,-0.002052350427393,-0.00020695970696400003,0.0026457513110727335,1.7958899998120614,0.1758879998305929,0.06809099977544975,0.0
pd,00:06:32.232,1564,-90.0,-89.998,40.001,-89.989,0.078,0.003,0.0,0.0,0.0,0.0,0.0,0.0,-90.0,-89.997,40.0,-89.987,0.079,0.003,-90.0,-89.9975,40.0005,-89.988,0.0785,0.003,0.0,0.11840289069613898,-0.11840289069529768,0.23680578139227795,0.11840289069557373,0.0,0.0,0.0005000000000023874,-0.000499999999995282,0.0010000000000047748,0.0005000000000000004,0.0,0.0206547,0.0275396,0.0550792,-0.2272017,0.0206547,-0.0206547,-0.002288644688616,-0.02245299145271,-0.001421733821716,0.004708333333431,-0.002052350427393,-0.00020695970696400003,0.0026457513110727335,1.7781120000108785,0.16086899995571002,0.06807300042055431,0.0
pd,00:06:32.234,1565,-90.0,-89.998,40.001,-89.989,0.078,0.003,0.0,0.0,0.0,0.0,0.0,0.0,-90.0,-89.997,40.0,-89.987,0.079,0.003,-90.0,-89.9975,40.0005,-89.988,0.0785,0.003,0.0,0.12040142381501973,-0.12040142381416422,0.24080284763003945,0.12040142381444494,0.0,0.0,0.0005000000000023874,-0.000499999999995282,0.0010000000000047748,0.0005000000000000004,0.0,0.0206547,0.0275396,0.0550792,-0.2272017,0.0206547,-0.0206547,-0.002288644688616,-0.02245299145271,-0.001421733821716,0.004708333333431,-0.002052350427393,-0.00020695970696400003,0.0026457513110727335,2.005833000112034,0.19988699978057411,0.09764700007508509,0.0
pd,00:06:32.237,1566,-90.0,-89.998,40.001,-89.996,0.078,0.003,0.0,0.0,0.0,-2.926939288202709,0.0,0.0,-90.0,-89.997,40.0,-89.987,0.079,0.003,-90.0,-89.9975,40.0005,-89.69880607117972,0.0785,0.003,0.0,0.10453354600787626,-0.10453354600713351,62.13347046289395,0.10453354600737723,0.0,0.0,0.0005000000000023874,-0.000499999999995282,0.2971939288202776,0.0005000000000000004,0.0,0.0206547,0.0275396,0.0550792,-0.2272017,0.0206547,-0.0206547,-0.002288644688616,-0.02245299145271,-0.001421733821716,0.004708333333431,-0.002052350427393,-0.00020695970696400003,0.009165151389912281,1.911461999952735,0.2524230003473349,0.11935100019400124,0.0
pd,00:06:32.239,1567,-90.0,-89.998,40.001,-89.996,0.078,0.003,0.0,0.0,0.0,0.0,0.0,0.0,-90.0,-89.997,40.0,-89.987,0.079,0.003,-90.0,-89.9975,40.0005,-89.9915,0.0785,0.003,0.0,0.10470054917673557,-0.10470054917599163,0.9423049425861565,0.10470054917623574,0.0,0.0,0.0005000000000023874,-0.000499999999995282,0.004499999999993065,0.0005000000000000004,0.0,0.0206547,0.0275396,0.0550792,-0.2272017,0.0206547,-0.0206547,-0.002288644688616,-0.02245299145271,-0.001421733821716,0.004708333333431,-0.002052350427393,-0.00020695970696400003,0.009165151389912281,1.8601669999043224,0.1765910001267912,0.08031400011532241,0.0
pd,00:06:32.241,1568,-90.0,-89.998,40.001,-89.996,0.078,0.003,0.0,0.0,0.0,0.0,0.0,0.0,-90.0,-89.997,40.0,-89.987,0.079,0.003,-90.0,-89.9975,40.0005,-89.9915,0.0785,0.003,0.0,0.11370375189817901,-0.11370375189737109,1.0233337670787637,0.1137037518976362,0.0,0.0,0.0005000000000023874,-0.000499999999995282,0.004499999999993065,0.0005000000000000004,0.0,0.0206547,0.0275396,0.0550792,-0.2272017,0.0206547,-0.0206547,-0.002288644688616,-0.02245299145271,-0.001421733821716,0.004708333333431,-0.002052350427393,-0.00020695970696400003,0.009165151389912281,1.6811499999676016,0.15690600002926658,0.06890699978612247,0.0
pd,00:06:32.243,1569,-90.0,-89.998,40.001,-89.996,0.078,0.003,0.0,0.0,0.0,0.0,0.0,0.0,-90.0,-89.997,40.0,-89.987,0.079,0.003,-90.0,-89.9975,40.0005,-89.9915,0.0785,0.003,0.0,0.12659374622781683,-0.12659374622691733,1.1393437160449544,0.12659374622721248,0.0,0.0,0.0005000000000023874,-0.000499999999995282,0.004499999999993065,0.0005000000000000004,0.0,0.0137698,-0.0550792,-0.0068849,-0.1514678,-0.0137698,-0.0206547,-0.001976556776532,-0.02245299145271,-5.2014652013999995e-05,0.004190934066021001,-0.002345543345592,0.000275946275952,0.009165151389912281,3.203432000191242,0.3694970000651665,0.3948300000047311,0.0
pd,00:06:32.248,1570,-90.0,-89.998,40.001,-89.996,0.078,0.003,0.0,0.0,0.0,0.0,0.0,0.0,-90.0,-89.997,40.0,-89.987,0.079,0.003,-90.0,-89.9975,40.0005,-89.9915,0.0785,0.003,0.0,0.05941613780626739,-0.059416137805845204,0.5347452402538734,0.05941613780598373,0.0,0.0,0.0005000000000023874,-0.000499999999995282,0.004499999999993065,0.0005000000000000004,0.0,0.0137698,-0.0550792,-0.0068849,-0.1514678,-0.0137698,-0.0206547,-0.001976556776532,-0.02245299145271,-5.2014652013999995e-05,0.004190934066021001,-0.002345543345592,0.000275946275952,0.009165151389912281,2.1198499998718034,0.17264600000999053,0.07573999982923851,0.0
pd,00:06:32.251,1571,-90.0,-89.998,40.001,-89.996,0.078,0.003,0.0,0.0,0.0,0.0,0.0,0.0,-90.0,-89.997,40.0,-89.987,0.079,0.003,-90.0,-89.9975,40.0005,-89.9915,0.0785,0.003,0.0,0.07195333836581395,-0.0719533383653027,0.647580045289258,0.07195333836547045,0.0,0.0,0.0005000000000023874,-0.000499999999995282,0.004499999999993065,0.0005000000000000004,0.0,0.0137698,-0.0550792,-0.0068849,-0.1514678,-0.0137698,-0.0206547,-0.001976556776532,-0.02245299145271,-5.2014652013999995e-05,0.004190934066021001,-0.002345543345592,0.000275946275952,0.009165151389912281,1.9994060003227787,0.2474420002727129,0.09675799992692191,0.0
pd,00:06:32.253,1572,-90.0,-89.998,40.001,-89.996,0.078,0.003,0.0,0.0,0.0,0.0,0.0,0.0,-90.0,-89.997,40.0,-89.987,0.079,0.003,-90.0,-89.9975,40.0005,-89.9915,0.0785,0.003,0.0,0.10206112517082021,-0.10206112517009502,0.9185501265330307,0.10206112517033297,0.0,0.0,0.0005000000000023874,-0.000499999999995282,0.004499999999993065,0.0005000000000000004,0.0,0.0137698,-0.0550792,-0.0068849,-0.1514678,-0.0137698,-0.0206547,-0.001976556776532,-0.02245299145271,-5.2014652013999995e-05,0.004190934066021001,-0.002345543345592,0.000275946275952,0.009165151389912281,1.7330569999103318,0.14366499999596272,0.07749900032649748,0.0
pd,00:06:32.255,1573,-90.0,-89.998,40.001,-89.996,0.078,0.003,0.0,0.0,0.0,0.0,0.0,0.0,-90.0,-89.997,40.0,-89.987,0.079,0.003,-90.0,-89.9975,40.0005,-89.9915,0.0785,0.003,0.0,0.12311565105142735,-0.12311565105055257,1.1080408594575974,0.1231156510508396,0.0,0.0,0.0005000000000023874,-0.000499999999995282,0.004499999999993065,0.0005000000000000004,0.0,0.0137698,-0.0550792,-0.0068849,-0.1514678,-0.0137698,-0.0206547,-0.001976556776532,-0.02245299145271,-5.2014652013999995e-05,0.004190934066021001,-0.002345543345592,0.000275946275952,0.009165151389912281,1.9869439997819427,0.27977600029771565,0.14448000001721084,0.0
pd,00:06:32.258,1574,-90.0,-89.998,40.001,-90.001,0.078,0.003,0.0,0.0,0.0,-1.9630740428756464,0.0,0.0,-90.0,-89.997,40.0,-89.987,0.079,0.003,-90.0,-89.9975,40.0005,-89.79769259571243,0.0785,0.003,0.0,0.09815370214406129,-0.09815370214336387,39.91074880805816,0.09815370214359272,0.0,0.0,0.0005000000000023874,-0.000499999999995282,0.2033074042875711,0.0005000000000000004,0.0,0.0137698,-0.0550792,-0.0068849,-0.1514678,-0.0137698,-0.0206547,-0.001976556776532,-0.02245299145271,-5.2014652013999995e-05,0.004190934066021001,-0.002345543345592,0.000275946275952,0.014106735979675987,2.098369000123057,0.22657199997411226,0.35242200010543456,0.0
pd,00:06:32.261,1575,-90.0,-89.998,40.001,-90.001,0.078,0.003,0.0,0.0,0.0,0.0,0.0,0.0,-90.0,-89.997,40.0,-89.987,0.079,0.003,-90.0,-89.9975,40.0005,-89.994,0.0785,0.003,0.0,0.09022336947212242,-0.09022336947148135,1.2631271726045854,0.0902233694716917,0.0,0.0,0.0005000000000023874,-0.000499999999995282,0.007000000000005002,0.0005000000000000004,0.0,0.0137698,-0.0550792,-0.0068849,-0.1514678,-0.0137698,-0.0206547,-0.001976556776532,-0.02245299145271,-5.2014652013999995e-05,0.004190934066021001,-0.002345543345592,0.000275946275952,0.014106735979675987,1.8229819997941377,0.1973499997802719,0.0767780002206564,0.0
pd,00:06:32.263,1576,-90.0,-89.998,40.001,-90.001,0.078,0.003,0.0,0.0,0.0,0.0,0.0,0.0,-90.0,-89.997,40.0,-89.987,0.079,0.003,-90.0,-89.9975,40.0005,-89.994,0.0785,0.003,0.0,0.1148243539208286,-0.11482435392001272,1.6075409548850734,0.11482435392028044,0.0,0.0,0.0005000000000023874,-0.000499999999995282,0.007000000000005002,0.0005000000000000004,0.0,0.0068849,0.0206547,0.0068849,-0.13769800000000001,-0.034424500000000004,-0.0137698,-0.002375335775306,-0.021880830280556,-0.000641514041506,0.0052947191698290005,-0.002207570207616,3.4493284494e-05,0.014106735979675987,3.2985790003294824,0.37053300002298784,0.2587379999567929,0.0
pd,00:06:32.267,1577,-90.0,-89.998,40.001,-90.001,0.078,0.003,0.0,0.0,0.0,0.0,0.0,0.0,-90.0,-89.997,40.0,-89.987,0.079,0.003,-90.0,-89.9975,40.0005,-89.994,0.0785,0.003,0.0,0.05992205268901119,-0.059922052688585414,0.8389087376427504,0.05992205268872512,0.0,0.0,0.0005000000000023874,-0.000499999999995282,0.007000000000005002,0.0005000000000000004,0.0,0.0068849,0.0206547,0.0068849,-0.13769800000000001,-0.034424500000000004,-0.0137698,-0.002375335775306,-0.021880830280556,-0.000641514041506,0.0052947191698290005,-0.002207570207616,3.4493284494e-05,0.014106735979675987,2.2608670001318387,0.19492399997034227,0.09133200001087971,0.0
pd,00:06:32.270,1578,-90.0,-89.998,40.001,-90.001,0.078,0.003,0.0,0.0,0.0,0.0,0.0,0.0,-90.0,-89.997,40.0,-89.987,0.079,0.003,-90.0,-89.9975,40.0005,-89.994,0.0785,0.003,0.0,0.09498831415934476,-0.09498831415866983,1.329836398225427,0.0949883141588913,0.0,0.0,0.0005000000000023874,-0.000499999999995282,0.007000000000005002,0.0005000000000000004,0.0,0.0068849,0.0206547,0.0068849,-0.13769800000000001,-0.034424500000000004,-0.0137698,-0.002375335775306,-0.021880830280556,-0.000641514041506,0.0052947191698290005,-0.002207570207616,3.4493284494e-05,0.014106735979675987,1.7278909999731695,0.1677390000622836,0.0777770001150202,0.0
pd,00:06:32.272,1579,-90.0,-89.998,40.001,-90.001,0.078,0.003,0.0,0.0,0.0,0.0,0.0,0.0,-90.0,-89.997,40.0,-89.987,0.079,0.003,-90.0,-89.9975,40.0005,-89.994,0.0785,0.003,0.0,0.12188492386435043,-0.12188492386348439,1.7063889340939777,0.12188492386376856,0.0,0.0,0.0005000000000023874,-0.000499999999995282,0.007000000000005002,0.0005000000000000004,0.0,0.0068849,0.0206547,0.0068849,-0.13769800000000001,-0.034424500000000004,-0.0137698,-0.002375335775306,-0.021880830280556,-0.000641514041506,0.0052947191698290005,-0.002207570207616,3.4493284494e-05,0.014106735979675987,1.7897050001920434,0.16955399996732012,0.07498100012526265,0.0
pd,00:06:32.274,1580,-90.0,-89.998,40.001,-90.001,0.078,0.003,0.0,0.0,0.0,0.0,0.0,0.0,-90.0,-89.997,40.0,-89.987,0.079,0.003,-90.0,-89.9975,40.0005,-89.994,0.0785,0.003,0.0,0.11855014132334729,-0.11855014132250494,1.6597019785201232,0.11855014132278134,0.0,0.0,0.0005000000000023874,-0.000499999999995282,0.007000000000005002,0.0005000000000000004,0.0,0.0068849,0.0206547,0.0068849,-0.13769800000000001,-0.034424500000000004,-0.0137698,-0.002375335775306,-0.021880830280556,-0.000641514041506,0.0052947191698290005,-0.002207570207616,3.4493284494e-05,0.014106735979675987,1.7749270000422257,0.31877500032351236,0.14442500014411053,0.0
pd,00:06:32.277,1581,-90.0,-89.998,40.001,-90.005,0.078,0.003,0.0,0.0,0.0,-1.1159515764241652,0.0,0.0,-90.0,-89.997,40.0,-89.987,0.079,0.003,-90.0,-89.9975,40.0005,-89.88440484235758,0.0785,0.003,0.0,0.0697469735270059,-0.06974697352651033,16.822294535061182,0.06974697352667293,0.0,0.0,0.0005000000000023874,-0.000499999999995282,0.12059515764241269,0.0005000000000000004,0.0,0.0068849,0.0206547,0.0068849,-0.13769800000000001,-0.034424500000000004,-0.0137698,-0.002375335775306,-0.021880830280556,-0.000641514041506,0.0052947191698290005,-0.002207570207616,3.4493284494e-05,0.01808314132002594,1.9642590000330529,0.2283680000800814,0.08590600009483751,0.0
pd,00:06:32.280,1582,-90.0,-89.998,40.001,-90.005,0.078,0.003,0.0,0.0,0.0,0.0,0.0,0.0,-90.0,-89.997,40.0,-89.987,0.079,0.003,-90.0,-89.9975,40.0005,-89.996,0.0785,0.003,0.0,0.10510986367331664,-0.10510986367256979,1.8919775461107373,0.10510986367281484,0.0,0.0,0.0005000000000023874,-0.000499999999995282,0.009000000000000341,0.0005000000000000004,0.0,0.0068849,0.0206547,0.0068849,-0.13769800000000001,-0.034424500000000004,-0.0137698,-0.002375335775306,-0.021880830280556,-0.000641514041506,0.0052947191698290005,-0.002207570207616,3.4493284494e-05,0.01808314132002594,1.7513709999548155,0.15662800024074386,0.12694299994109315,0.0
pd,00:06:32.282,1583,-90.0,-89.998,40.001,-90.005,0.078,0.003,0.0,0.0,0.0,0.0,0.0,0.0,-90.0,-89.997,40.0,-89.987,0.079,0.003,-90.0,-89.9975,40.0005,-89.996,0.0785,0.003,0.0,0.11820268289989931,-0.11820268289905943,2.127648292188109,0.11820268289933501,0.0,0.0,0.0005000000000023874,-0.000499999999995282,0.009000000000000341,0.0005000000000000004,0.0,0.0068849,0.0206547,0.0068849,-0.13769800000000001,-0.034424500000000004,-0.0137698,-0.002375335775306,-0.021880830280556,-0.000641514041506,0.0052947191698290005,-0.002207570207616,3.4493284494e-05,0.01808314132002594,1.7993350002143416,1.4775780000491068,0.4180329997325316,0.0
pd,00:06:32.286,1584,-90.0,-89.998,40.001,-90.005,0.078,0.003,0.0,0.0,0.0,0.0,0.0,0.0,-90.0,-89.997,40.0,-89.987,0.079,0.003,-90.0,-89.9975,40.0005,-89.996,0.0785,0.003,0.0,0.059754729884032756,-0.05975472988360817,1.0755851379074945,0.05975472988374749,0.0,0.0,0.0005000000000023874,-0.000499999999995282,0.009000000000000341,0.0005000000000000004,0.0,0.0550792,-0.0137698,-0.034424500000000004,0.034424500000000004,-0.0550792,-0.0,-0.002635409035376,-0.023944078143778,-0.00012136752136599999,0.004622100122196,-0.0033458485959180005,0.000379426129434,0.01808314132002594,2.7979910000794916,0.22531200011144392,0.09807300011743791,0.0
pd,00:06:32.289,1585,-90.0,-89.998,40.001,-90.005,0.078,0.003,0.0,0.0,0.0,0.0,0.0,0.0,-90.0,-89.997,40.0,-89.987,0.079,0.003,-90.0,-89.9975,40.0005,-89.996,0.0785,0.003,0.0,0.0777933081092816,-0.07779330810872885,1.4002795459604358,0.07779330810891022,0.0,0.0,0.0005000000000023874,-0.000499999999995282,0.009000000000000341,0.0005000000000000004,0.0,0.0550792,-0.0137698,-0.034424500000000004,0.034424500000000004,-0.0550792,-0.0,-0.002635409035376,-0.023944078143778,-0.00012136752136599999,0.004622100122196,-0.0033458485959180005,0.000379426129434,0.01808314132002594,1.8645189998096612,0.1948499998434272,0.08768399993641651,0.0
pd,00:06:32.291,1586,-90.0,-89.998,40.001,-90.005,0.078,0.003,0.0,0.0,0.0,0.0,0.0,0.0,-90.0,-89.997,40.0,-89.987,0.079,0.003,-90.0,-89.9975,40.0005,-89.996,0.0785,0.003,0.0,0.10826804336654691,-0.10826804336577761,1.9488247805886127,0.10826804336603003,0.0,0.0,0.0005000000000023874,-0.000499999999995282,0.009000000000000341,0.0005000000000000004,0.0,0.0550792,-0.0137698,-0.034424500000000004,0.034424500000000004,-0.0550792,-0.0,-0.002635409035376,-0.023944078143778,-0.00012136752136599999,0.004622100122196,-0.0033458485959180005,0.000379426129434,0.01808314132002594,1.8095939999511756,0.17234999995707767,0.07268499985002563,0.0
pd,00:06:32.294,1587,-90.0,-89.998,40.001,-90.005,0.078,0.003,0.0,0.0,0.0,0.0,0.0,0.0,-90.0,-89.997,40.0,-89.987,0.079,0.003,-90.0,-89.9975,40.0005,-89.996,0.0785,0.003,0.0,0.11747434461180896,-0.11747434461097425,2.114538203002545,0.11747434461124814,0.0,0.0,0.0005000000000023874,-0.000499999999995282,0.009000000000000341,0.0005000000000000004,0.0,0.0550792,-0.0137698,-0.034424500000000004,0.034424500000000004,-0.0550792,-0.0,-0.002635409035376,-0.023944078143778,-0.00012136752136599999,0.004622100122196,-0.0033458485959180005,0.000379426129434,0.01808314132002594,1.8213350003861706,0.24375599969062023,0.1191839996863564,0.0
pd,00:06:32.296,1588,-90.0,-89.998,40.001,-90.005,0.078,0.003,0.0,0.0,0.0,0.0,0.0,0.0,-90.0,-89.997,40.0,-89.987,0.079,0.003,-90.0,-89.9975,40.0005,-89.996,0.0785,0.003,0.0,0.10929497602720521,-0.10929497602642863,1.9673095684803747,0.10929497602668344,0.0,0.0,0.0005000000000023874,-0.000499999999995282,0.009000000000000341,0.0005000000000000004,0.0,0.0550792,-0.0137698,-0.034424500000000004,0.034424500000000004,-0.0550792,-0.0,-0.002635409035376,-0.023944078143778,-0.00012136752136599999,0.004622100122196,-0.0033458485959180005,0.000379426129434,0.01808314132002594,1.8020379998233693,0.17268300007344806,0.07573999982923851,0.0
pd,00:06:32.298,1589,-90.0,-89.998,40.001,-90.008,0.078,0.003,0.0,0.0,0.0,-1.410324142568984,0.0,0.0,-90.0,-89.997,40.0,-89.987,0.079,0.003,-90.0,-89.9975,40.0005,-89.85646758574309,0.0785,0.003,0.0,0.1175270118813054,-0.11752701188047032,35.6183037013768,0.11752701188074433,0.0,0.0,0.0005000000000023874,-0.000499999999995282,0.15153241425690567,0.0005000000000000004,0.0,0.0550792,-0.0137698,-0.034424500000000004,0.034424500000000004,-0.0550792,-0.0,-0.002635409035376,-0.023944078143778,-0.00012136752136599999,0.004622100122196,-0.0033458485959180005,0.000379426129434,0.021071307505706387,1.7145759998129506,0.13636900030178367,0.05792600040877005,0.0
pd,00:06:32.300,1590,-90.0,-89.998,40.001,-90.008,0.078,0.003,0.0,0.0,0.0,0.0,0.0,0.0,-90.0,-89.997,40.0,-89.987,0.079,0.003,-90.0,-89.9975,40.0005,-89.9975,0.0785,0.003,0.0,0.12667021019630428,-0.12667021019540423,2.660074414109789,0.12667021019569955,0.0,0.0,0.0005000000000023874,-0.000499999999995282,0.010499999999993292,0.0005000000000000004,0.0,0.0550792,-0.0137698,-0.034424500000000004,0.034424500000000004,-0.0550792,-0.0,-0.002635409035376,-0.023944078143778,-0.00012136752136599999,0.004622100122196,-0.0033458485959180005,0.000379426129434,0.021071307505706387,1.7508529999759048,0.14334999968923512,0.06275800024013733,0.0
pd,00:06:32.303,1591,-90.0,-89.998,40.001,-90.008,0.078,0.003,0.0,0.0,0.0,0.0,0.0,0.0,-90.0,-89.997,40.0,-89.987,0.079,0.003,-90.0,-89.9975,40.0005,-89.9975,0.0785,0.003,0.0,0.0793054000911365,-0.079305400090573,1.6654134019059774,0.0793054000907579,0.0,0.0,0.0005000000000023874,-0.000499999999995282,0.010499999999993292,0.0005000000000000004,0.0,-0.0068849,-0.0206547,0.0275396,-0.0,0.0413094,0.0206547,-0.002201953601926,-0.022123565323288,-0.001976556776532,0.004397893772985001,-0.0034148351649060005,-0.000569139194151,0.021071307505706387,3.8952400000198395,0.698531000125513,0.1307210000049963,0.0
pd,00:06:32.308,1592,-90.0,-89.998,40.001,-90.008,0.078,0.003,0.0,0.0,0.0,0.0,0.0,0.0,-90.0,-89.997,40.0,-89.987,0.079,0.003,-90.0,-89.9975,40.0005,-89.9975,0.0785,0.003,0.0,0.05148406736411876,-0.051484067363752946,1.0811654146413725,0.051484067363872975,0.0,0.0,0.0005000000000023874,-0.000499999999995282,0.010499999999993292,0.0005000000000000004,0.0,-0.0068849,-0.0206547,0.0275396,-0.0,0.0413094,0.0206547,-0.002201953601926,-0.022123565323288,-0.001976556776532,0.004397893772985001,-0.0034148351649060005,-0.000569139194151,0.021071307505706387,2.226570999937394,0.255608999850665,0.12247999984538183,0.0
pd,00:06:32.311,1593,-90.0,-89.998,40.001,-90.008,0.078,0.003,0.0,0.0,0.0,0.0,0.0,0.0,-90.0,-89.997,40.0,-89.987,0.079,0.003,-90.0,-89.9975,40.0005,-89.9975,0.0785,0.003,0.0,0.09177908096323911,-0.09177908096258698,1.9273607002188915,0.09177908096280096,0.0,0.0,0.0005000000000023874,-0.000499999999995282,0.010499999999993292,0.0005000000000000004,0.0,-0.0068849,-0.0206547,0.0275396,-0.0,0.0413094,0.0206547,-0.002201953601926,-0.022123565323288,-0.001976556776532,0.004397893772985001,-0.0034148351649060005,-0.000569139194151,0.021071307505706387,2.1040900001025875,0.24234900001829374,0.12175800020486349,0.0
pd,00:06:32.313,1594,-90.0,-89.998,40.001,-90.008,0.078,0.003,0.0,0.0,0.0,0.0,0.0,0.0,-90.0,-89.997,40.0,-89.987,0.079,0.003,-90.0,-89.9975,40.0005,-89.9975,0.0785,0.003,0.0,0.09550742326304826,-0.09550742326236963,2.0056558885145126,0.0955074232625923,0.0,0.0,0.0005000000000023874,-0.000499999999995282,0.010499999999993292,0.0005000000000000004,0.0,-0.0068849,-0.0206547,0.0275396,-0.0,0.0413094,0.0206547,-0.002201953601926,-0.022123565323288,-0.001976556776532,0.004397893772985001,-0.0034148351649060005,-0.000569139194151,0.021071307505706387,1.885629999833327,0.24625600008221227,0.11734999998225248,0.0
pd,00:06:32.316,1595,-90.0,-89.998,40.001,-90.008,0.078,0.003,0.0,0.0,0.0,0.0,0.0,0.0,-90.0,-89.997,40.0,-89.987,0.079,0.003,-90.0,-89.9975,40.0005,-89.9975,0.0785,0.003,0.0,0.10621717990326243,-0.10621717990250772,2.2305607779579453,0.10621717990275537,0.0,0.0,0.0005000000000023874,-0.000499999999995282,0.010499999999993292,0.0005000000000000004,0.0,-0.0068849,-0.0206547,0.0275396,-0.0,0.0413094,0.0206547,-0.002201953601926,-0.022123565323288,-0.001976556776532,0.004397893772985001,-0.0034148351649060005,-0.000569139194151,0.021071307505706387,2.0002029996248893,0.18075700018016505,0.08636900020064786,0.0
pd,00:06:32.318,1596,-90.0,-89.998,40.001,-90.008,0.078,0.003,0.0,0.0,0.0,0.0,0.0,0.0,-90.0,-89.997,40.0,-89.987,0.079,0.003,-90.0,-89.9975,40.0005,-89.9975,0.0785,0.003,0.0,0.10658426509504033,-0.10658426509428301,2.2382695669852444,0.1065842650945315,0.0,0.0,0.0005000000000023874,-0.000499999999995282,0.010499999999993292,0.0005000000000000004,0.0,-0.0068849,-0.0206547,0.0275396,-0.0,0.0413094,0.0206547,-0.002201953601926,-0.022123565323288,-0.001976556776532,0.004397893772985001,-0.0034148351649060005,-0.000569139194151,0.021071307505706387,1.7252980001103424,0.1333879999947385,0.05748100011260249,0.0
pd,00:06:32.320,1597,-90.0,-89.998,40.001,-90.008,0.078,0.003,0.0,0.0,0.0,0.0,0.0,0.0,-90.0,-89.997,40.0,-89.987,0.079,0.003,-90.0,-89.9975,40.0005,-89.9975,0.0785,0.003,0.0,0.1263496806850231,-0.12634968068412533,2.6533432943729167,0.12634968068441993,0.0,0.0,0.0005000000000023874,-0.000499999999995282,0.010499999999993292,0.0005000000000000004,0.0,-0.0068849,-0.0206547,0.0275396,-0.0,0.0413094,0.0206547,-0.002201953601926,-0.022123565323288,-0.001976556776532,0.004397893772985001,-0.0034148351649060005,-0.000569139194151,0.021071307505706387,1.722668999718735,0.14031399996383698,0.06277700003920472,0.0
pd,00:06:32.322,1598,-90.0,-89.998,40.001,-90.008,0.078,0.003,0.0,0.0,0.0,0.0,0.0,0.0,-90.0,-89.997,40.0,-89.987,0.079,0.003,-90.0,-89.9975,40.0005,-89.9975,0.0785,0.003,0.0,0.1255930051509171,-0.1255930051500247,2.6374531081567656,0.12559300515031752,0.0,0.0,0.0005000000000023874,-0.000499999999995282,0.010499999999993292,0.0005000000000000004,0.0,-0.0068849,-0.0206547,0.0275396,-0.0,0.0137698,-0.0,-0.002201953601926,-0.022123565323288,-0.001976556776532,0.0019316239316640002,-0.002276556776604,-0.000327686202693,0.021071307505706387,2.4655869997332047,0.5621619998237293,0.2092760000778071,0.0
pd,00:06:32.325,1599,-90.0,-89.998,40.001,-90.008,0.078,0.003,0.0,0.0,0.0,0.0,0.0,0.0,-90.0,-89.997,40.0,-89.987,0.079,0.003,-90.0,-89.9975,40.0005,-89.9975,0.0785,0.003,0.0,0.07263618730985084,-0.07263618730933473,1.5253599334996422,0.07263618730950408,0.0,0.0,0.0005000000000023874,-0.000499999999995282,0.010499999999993292,0.0005000000000000004,0.0,0.0206547,0.0068849,-0.0275396,0.0275396,0.0137698,-0.0,-0.002739438339404,-0.021898168497894,-0.000589499389492,0.0019316239316640002,-0.002276556776604,-0.000327686202693,0.021071307505706387,2.84786099973644,0.19825700019282522,0.11907300040547852,0.0
pd,00:06:32.329,1600,-90.0,-89.998,40.001,-90.008,0.078,0.003,0.0,0.0,0.0,0.0,0.0,0.0,-90.0,-89.997,40.0,-89.987,0.079,0.003,-90.0,-89.9975,40.0005,-89.9975,0.0785,0.003,0.0,0.07694841124275385,-0.07694841124220711,1.6159166360901764,0.07694841124238651,0.0,0.0,0.0005000000000023874,-0.000499999999995282,0.010499999999993292,0.0005000000000000004,0.0,0.0206547,0.0068849,-0.0275396,0.0275396,0.0137698,-0.0,-0.002739438339404,-0.021898168497894,-0.000589499389492,0.0019316239316640002,-0.002276556776604,-0.000327686202693,0.021071307505706387,1.7478159998063347,0.1812949999475677,0.06361000032484299,0.0
pd,00:06:32.332,1601,-90.0,-89.998,40.001,-90.008,0.078,0.003,0.0,0.0,0.0,0.0,0.0,0.0,-90.0,-89.997,40.0,-89.987,0.079,0.003,-90.0,-89.9975,40.0005,-89.9975,0.0785,0.003,0.0,0.07310716028759721,-0.07310716028707775,1.535250366032269,0.0731071602872482,0.0,0.0,0.0005000000000023874,-0.000499999999995282,0.010499999999993292,0.0005000000000000004,0.0,0.0206547,0.0068849,-0.0275396,0.0275396,0.0137698,-0.0,-0.002739438339404,-0.021898168497894,-0.000589499389492,0.0019316239316640002,-0.002276556776604,-0.000327686202693,0.021071307505706387,2.1744599998783087,0.24870100014595664,0.11696199999278178,0.0
pd,00:06:32.335,1602,-90.0,-89.998,40.001,-90.008,0.078,0.003,0.0,0.0,0.0,0.0,0.0,0.0,-90.0,-89.997,40.0,-89.987,0.079,0.003,-90.0,-89.9975,40.0005,-89.9975,0.0785,0.003,0.0,0.09431336571370812,-0.09431336571303797,1.9805806799784884,0.09431336571325787,0.0,0.0,0.0005000000000023874,-0.000499999999995282,0.010499999999993292,0.0005000000000000004,0.0,0.0206547,0.0068849,-0.0275396,0.0275396,0.0137698,-0.0,-0.002739438339404,-0.021898168497894,-0.000589499389492,0.0019316239316640002,-0.002276556776604,-0.000327686202693,0.021071307505706387,1.744204999795329,0.22005299979355186,0.08729499995752121,0.0
pd,00:06:32.337,1603,-90.0,-89.998,40.001,-90.009,0.078,0.003,0.0,0.0,0.0,-0.46884685893360467,0.0,0.0,-90.0,-89.997,40.0,-89.987,0.079,0.003,-90.0,-89.9975,40.0005,-89.95111531410663,0.0785,0.003,0.0,0.11721171473340117,-0.11721171473256832,13.569526580666057,0.1172117147328416,0.0,0.0,0.0005000000000023874,-0.000499999999995282,0.05788468589337015,0.0005000000000000004,0.0,0.0206547,0.0068849,-0.0275396,0.0275396,0.0137698,-0.0,-0.002739438339404,-0.021898168497894,-0.000589499389492,0.0019316239316640002,-0.002276556776604,-0.000327686202693,0.022068076490719575,1.803168000151345,0.22875699960422935,0.10835100010808674,0.0
pd,00:06:32.339,1604,-90.0,-89.998,40.001,-90.009,0.078,0.003,0.0,0.0,0.0,0.0,0.0,0.0,-90.0,-89.997,40.0,-89.987,0.079,0.003,-90.0,-89.9975,40.0005,-89.99799999999999,0.0785,0.003,0.0,0.11170512410834205,-0.11170512410754833,2.457512730372413,0.11170512410780876,0.0,0.0,0.0005000000000023874,-0.000499999999995282,0.01100000000000989,0.0005000000000000004,0.0,0.0206547,0.0068849,-0.0275396,0.0275396,0.0137698,-0.0,-0.002739438339404,-0.021898168497894,-0.000589499389492,0.0019316239316640002,-0.002276556776604,-0.000327686202693,0.022068076490719575,2.151626999875589,0.2351269999962824,0.11710999979186454,0.0
pd,00:06:32.342,1605,-90.0,-89.998,40.001,-90.009,0.078,0.003,0.0,0.0,0.0,0.0,0.0,0.0,-90.0,-89.997,40.0,-89.987,0.079,0.003,-90.0,-89.9975,40.0005,-89.99799999999999,0.0785,0.003,0.0,0.09601465067347374,-0.09601465067279152,2.1123223148068715,0.09601465067301537,0.0,0.0,0.0005000000000023874,-0.000499999999995282,0.01100000000000989,0.0005000000000000004,0.0,0.0206547,0.0068849,-0.0275396,0.0275396,0.0137698,-0.0,-0.002739438339404,-0.021898168497894,-0.000589499389492,0.0019316239316640002,-0.002276556776604,-0.000327686202693,0.022068076490719575,1.7467239999859885,0.9463419996791345,0.229146000037872,0.0
pd,00:06:32.345,1606,-90.0,-89.998,40.001,-90.009,0.078,0.003,0.0,0.0,0.0,0.0,0.0,0.0,-90.0,-89.997,40.0,-89.987,0.079,0.003,-90.0,-89.9975,40.0005,-89.99799999999999,0.0785,0.003,0.0,0.07653280782461183,-0.07653280782406804,1.6837217721338473,0.07653280782424647,0.0,0.0,0.0005000000000023874,-0.000499999999995282,0.01100000000000989,0.0005000000000000004,0.0,0.0413094,0.0,-0.0068849,-0.0,0.0068849,-0.0206547,-0.002548717948686,-0.02279975579947,-5.2014652013999995e-05,0.0039322344323160004,-0.0031216422467070003,0.000638125763139,0.022068076490719575,3.059525000026042,0.21010899990869802,0.09481400002187002,0.0
pd,00:06:32.348,1607,-90.0,-89.998,40.001,-90.009,0.078,0.003,0.0,0.0,0.0,0.0,0.0,0.0,-90.0,-89.997,40.0,-89.987,0.079,0.003,-90.0,-89.9975,40.0005,-89.99799999999999,0.0785,0.003,0.0,0.07245550027674176,-0.07245550027622694,1.5940210060811113,0.07245550027639586,0.0,0.0,0.0005000000000023874,-0.000499999999995282,0.01100000000000989,0.0005000000000000004,0.0,0.0413094,0.0,-0.0068849,-0.0,0.0068849,-0.0206547,-0.002548717948686,-0.02279975579947,-5.2014652013999995e-05,0.0039322344323160004,-0.0031216422467070003,0.000638125763139,0.022068076490719575,1.7705569998724968,0.14646199997514486,0.06259200017666444,0.0
pd,00:06:32.351,1608,-90.0,-89.998,40.001,-90.009,0.078,0.003,0.0,0.0,0.0,0.0,0.0,0.0,-90.0,-89.997,40.0,-89.987,0.079,0.003,-90.0,-89.9975,40.0005,-89.99799999999999,0.0785,0.003,0.0,0.12221165501223856,-0.12221165501137018,2.688656410257091,0.12221165501165512,0.0,0.0,0.0005000000000023874,-0.000499999999995282,0.01100000000000989,0.0005000000000000004,0.0,0.0413094,0.0,-0.0068849,-0.0,0.0068849,-0.0206547,-0.002548717948686,-0.02279975579947,-5.2014652013999995e-05,0.0039322344323160004,-0.0031216422467070003,0.000638125763139,0.022068076490719575,1.8204269999841927,0.28236699972694623,0.12675800007855287,0.0
pd,00:06:32.353,1609,-90.0,-89.998,40.001,-90.009,0.078,0.003,0.0,0.0,0.0,0.0,0.0,0.0,-90.0,-89.997,40.0,-89.987,0.079,0.003,-90.0,-89.9975,40.0005,-89.99799999999999,0.0785,0.003,0.0,0.10645441624416313,-0.10645441624340672,2.341997157360999,0.10645441624365491,0.0,0.0,0.0005000000000023874,-0.000499999999995282,0.01100000000000989,0.0005000000000000004,0.0,0.0413094,0.0,-0.0068849,-0.0,0.0068849,-0.0206547,-0.002548717948686,-0.02279975579947,-5.2014652013999995e-05,0.0039322344323160004,-0.0031216422467070003,0.000638125763139,0.022068076490719575,1.794074999907025,0.2081279999401886,0.08857300008457969,0.0
pd,00:06:32.355,1610,-90.0,-89.998,40.001,-90.009,0.078,0.003,0.0,0.0,0.0,0.0,0.0,0.0,-90.0,-89.997,40.0,-89.987,0.079,0.003,-90.0,-89.9975,40.0005,-89.99799999999999,0.0785,0.003,0.0,0.11489984659270291,-0.1148998465918865,2.527796625028034,0.11489984659215438,0.0,0.0,0.0005000000000023874,-0.000499999999995282,0.01100000000000989,0.0005000000000000004,0.0,0.0413094,0.0,-0.0068849,-0.0,0.0068849,-0.0206547,-0.002548717948686,-0.02279975579947,-5.2014652013999995e-05,0.0039322344323160004,-0.0031216422467070003,0.000638125763139,0.022068076490719575,2.1263869998620066,0.21499799959201482,0.10633200008669519,0.0
pd,00:06:32.359,1611,-90.0,-89.998,40.001,-90.008,0.078,0.003,0.0,0.0,0.0,0.27411960002745095,0.0,0.0,-90.0,-89.997,40.0,-89.987,0.079,0.003,-90.0,-89.9975,40.0005,-90.02491196000274,0.0785,0.003,0.0,0.06852990000686274,-0.06852990000637581,-2.3179498558052445,0.06852990000653558,0.0,0.0,0.0005000000000023874,-0.000499999999995282,-0.01691196000274431,0.0005000000000000004,0.0,0.0413094,0.0,-0.0068849,-0.0,0.0068849,-0.0206547,-0.002548717948686,-0.02279975579947,-5.2014652013999995e-05,0.0039322344323160004,-0.0031216422467070003,0.000638125763139,0.021071307505706387,2.0082769997316063,0.23920199964777566,0.10140599988517351,0.0
pd,00:06:32.361,1612,-90.0,-89.998,40.001,-90.008,0.078,0.003,0.0,0.0,0.0,0.0,0.0,0.0,-90.0,-89.997,40.0,-89.987,0.079,0.003,-90.0,-89.9975,40.0005,-89.9975,0.0785,0.003,0.0,0.10165545322394637,-0.10165545322322406,2.1347645176927617,0.10165545322346108,0.0,0.0,0.0005000000000023874,-0.000499999999995282,0.010499999999993292,0.0005000000000000004,0.0,0.0413094,0.0,-0.0068849,-0.0,-0.0550792,-0.0619641,-0.002548717948686,-0.02279975579947,-5.2014652013999995e-05,0.004363400488491,-0.002724969475026,0.000137973137976,0.021071307505706387,3.8095919999250327,0.9544160002405988,0.1440719997845008,0.0
pd,00:06:32.366,1613,-90.0,-89.998,40.001,-90.008,0.078,0.003,0.0,0.0,0.0,0.0,0.0,0.0,-90.0,-89.997,40.0,-89.987,0.079,0.003,-90.0,-89.9975,40.0005,-89.9975,0.0785,0.003,0.0,0.048823206220841214,-0.048823206220494304,1.0252873306328087,0.04882320622060814,0.0,0.0,0.0005000000000023874,-0.000499999999995282,0.010499999999993292,0.0005000000000000004,0.0,-0.0068849,-0.0068849,0.0137698,0.0481943,-0.0550792,-0.0619641,-0.0020285714285459997,-0.021950183149908,-0.00112698412697,0.004363400488491,-0.002724969475026,0.000137973137976,0.021071307505706387,2.7848990002894425,0.23090600006980821,0.10203600004388136,0.0
pd,00:06:32.370,1614,-90.0,-89.998,40.001,-90.008,0.078,0.003,0.0,0.0,0.0,0.0,0.0,0.0,-90.0,-89.997,40.0,-89.987,0.079,0.003,-90.0,-89.9975,40.0005,-89.9975,0.0785,0.003,0.0,0.07793786234614292,-0.07793786234558914,1.6366951092612483,0.07793786234577084,0.0,0.0,0.0005000000000023874,-0.000499999999995282,0.010499999999993292,0.0005000000000000004,0.0,-0.0068849,-0.0068849,0.0137698,0.0481943,-0.0550792,-0.0619641,-0.0020285714285459997,-0.021950183149908,-0.00112698412697,0.004363400488491,-0.002724969475026,0.000137973137976,0.021071307505706387,1.8419080001876864,0.24645999974381994,0.12172100014140597,0.0
pd,00:06:32.372,1615,-90.0,-89.998,40.001,-90.008,0.078,0.003,0.0,0.0,0.0,0.0,0.0,0.0,-90.0,-89.997,40.0,-89.987,0.079,0.003,-90.0,-89.9975,40.0005,-89.9975,0.0785,0.003,0.0,0.10765667351180767,-0.10765667351104273,2.260790143737252,0.10765667351129372,0.0,0.0,0.0005000000000023874,-0.000499999999995282,0.010499999999993292,0.0005000000000000004,0.0,-0.0068849,-0.0068849,0.0137698,0.0481943,-0.0550792,-0.0619641,-0.0020285714285459997,-0.021950183149908,-0.00112698412697,0.004363400488491,-0.002724969475026,0.000137973137976,0.021071307505706387,1.8683530001908366,0.18829400005415664,0.07910999966043164,0.0
pd,00:06:32.374,1616,-90.0,-89.998,40.001,-90.008,0.078,0.003,0.0,0.0,0.0,0.0,0.0,0.0,-90.0,-89.997,40.0,-89.987,0.079,0.003,-90.0,-89.9975,40.0005,-89.9975,0.0785,0.003,0.0,0.11290793582480961,-0.11290793582400735,2.37106665230977,0.11290793582427058,0.0,0.0,0.0005000000000023874,-0.000499999999995282,0.010499999999993292,0.0005000000000000004,0.0,-0.0068849,-0.0068849,0.0137698,0.0481943,-0.0550792,-0.0619641,-0.0020285714285459997,-0.021950183149908,-0.00112698412697,0.004363400488491,-0.002724969475026,0.000137973137976,0.021071307505706387,1.6622429998278676,0.13477700031216955,0.05748100011260249,0.0
pd,00:06:32.376,1617,-90.0,-89.998,40.001,-90.008,0.078,0.003,0.0,0.0,0.0,0.0,0.0,0.0,-90.0,-89.997,40.0,-89.987,0.079,0.003,-90.0,-89.9975,40.0005,-89.9975,0.0785,0.003,0.0,0.13025788819937972,-0.13025788819845419,2.7354156521740167,0.1302578881987579,0.0,0.0,0.0005000000000023874,-0.000499999999995282,0.010499999999993292,0.0005000000000000004,0.0,-0.0068849,-0.0068849,0.0137698,0.0481943,-0.0550792,-0.0619641,-0.0020285714285459997,-0.021950183149908,-0.00112698412697,0.004363400488491,-0.002724969475026,0.000137973137976,0.021071307505706387,1.7450939999434922,0.16666500005158014,0.07766599992464762,0.0
pd,00:06:32.378,1618,-90.0,-89.998,40.001,-90.008,0.078,0.003,0.0,0.0,0.0,0.0,0.0,0.0,-90.0,-89.997,40.0,-89.987,0.079,0.003,-90.0,-89.9975,40.0005,-89.9975,0.0785,0.003,0.0,0.12111064911122739,-0.12111064911036686,2.5433236313237275,0.12111064911064921,0.0,0.0,0.0005000000000023874,-0.000499999999995282,0.010499999999993292,0.0005000000000000004,0.0,-0.0068849,-0.0068849,0.0137698,0.0481943,-0.0550792,-0.0619641,-0.0020285714285459997,-0.021950183149908,-0.00112698412697,0.004363400488491,-0.002724969475026,0.000137973137976,0.021071307505706387,1.6712800002096628,0.13501700004781014,0.05657300016537192,0.0
pd,00:06:32.380,1619,-90.0,-89.998,40.001,-90.008,0.078,0.003,0.0,0.0,0.0,0.0,0.0,0.0,-90.0,-89.997,40.0,-89.987,0.079,0.003,-90.0,-89.9975,40.0005,-89.9975,0.0785,0.003,0.0,0.1297581982434113,-0.12975819824248933,2.7249221630987295,0.12975819824279186,0.0,0.0,0.0005000000000023874,-0.000499999999995282,0.010499999999993292,0.0005000000000000004,0.0,-0.0068849,-0.0068849,0.0137698,0.0481943,-0.0550792,-0.0619641,-0.0020285714285459997,-0.021950183149908,-0.00112698412697,0.004363400488491,-0.002724969475026,0.000137973137976,0.021071307505706387,1.950813999883394,0.19729500036191894,0.09292499998991843,0.0
pd,00:06:32.382,1620,-90.0,-89.998,40.001,-90.008,0.078,0.003,0.0,0.0,0.0,0.0,0.0,0.0,-90.0,-89.997,40.0,-89.987,0.079,0.003,-90.0,-89.9975,40.0005,-89.9975,0.0785,0.003,0.0,0.10734807534858792,-0.10734807534782516,2.2543095823096677,0.10734807534807544,0.0,0.0,0.0005000000000023874,-0.000499999999995282,0.010499999999993292,0.0005000000000000004,0.0,-0.0481943,-0.0068849,-0.0,0.0413094,-0.0068849,-0.0,-0.00268742368739,-0.021846153845879998,-0.000641514041506,0.004466880341973001,-0.002345543345592,0.000137973137976,0.021071307505706387,3.0653779999738617,0.38114500011943164,0.09842500003287569,0.0
pd,00:06:32.388,1621,-90.0,-89.998,40.001,-90.008,0.078,0.003,0.0,0.0,0.0,0.0,0.0,0.0,-90.0,-89.997,40.0,-89.987,0.079,0.003,-90.0,-89.9975,40.0005,-89.9975,0.0785,0.003,0.0,0.04397466974229427,-0.04397466974198181,0.9234680645838051,0.04397466974208433,0.0,0.0,0.0005000000000023874,-0.000499999999995282,0.010499999999993292,0.0005000000000000004,0.0,-0.0481943,-0.0068849,-0.0,0.0413094,-0.0068849,-0.0,-0.00268742368739,-0.021846153845879998,-0.000641514041506,0.004466880341973001,-0.002345543345592,0.000137973137976,0.021071307505706387,2.2239590002754994,0.2678119999472983,0.1261469997189124,0.0
pd,00:06:32.391,1622,-90.0,-89.998,40.001,-90.008,0.078,0.003,0.0,0.0,0.0,0.0,0.0,0.0,-90.0,-89.997,40.0,-89.987,0.079,0.003,-90.0,-89.9975,40.0005,-89.9975,0.0785,0.003,0.0,0.09124399582361702,-0.09124399582296869,1.9161239122868807,0.09124399582318142,0.0,0.0,0.0005000000000023874,-0.000499999999995282,0.010499999999993292,0.0005000000000000004,0.0,-0.0481943,-0.0068849,-0.0,0.0413094,-0.0068849,-0.0,-0.00268742368739,-0.021846153845879998,-0.000641514041506,0.004466880341973001,-0.002345543345592,0.000137973137976,0.021071307505706387,1.8570940001154668,0.27901600014956784,0.12007299983451958,0.0
pd,00:06:32.393,1623,-90.0,-89.998,40.001,-90.008,0.078,0.003,0.0,0.0,0.0,0.0,0.0,0.0,-90.0,-89.997,40.0,-89.987,0.079,0.003,-90.0,-89.9975,40.0005,-89.9975,0.0785,0.003,0.0,0.10567126877002991,-0.10567126876927907,2.2190966441601163,0.10567126876952544,0.0,0.0,0.0005000000000023874,-0.000499999999995282,0.010499999999993292,0.0005000000000000004,0.0,-0.0481943,-0.0068849,-0.0,0.0413094,-0.0068849,-0.0,-0.00268742368739,-0.021846153845879998,-0.000641514041506,0.004466880341973001,-0.002345543345592,0.000137973137976,0.021071307505706387,2.1821819996148406,0.23431199997503427,0.11040700019293581,0.0
pd,00:06:32.396,1624,-90.0,-89.998,40.001,-90.008,0.078,0.003,0.0,0.0,0.0,0.0,0.0,0.0,-90.0,-89.997,40.0,-89.987,0.079,0.003,-90.0,-89.9975,40.0005,-89.9975,0.0785,0.003,0.0,0.09527312375113636,-0.0952731237504594,2.0007355987643862,0.09527312375068153,0.0,0.0,0.0005000000000023874,-0.000499999999995282,0.010499999999993292,0.0005000000000000004,0.0,-0.0481943,-0.0068849,-0.0,0.0413094,-0.0068849,-0.0,-0.00268742368739,-0.021846153845879998,-0.000641514041506,0.004466880341973001,-0.002345543345592,0.000137973137976,0.021071307505706387,1.80020500010869,0.17738699989422457,0.08298099965031724,0.0
pd,00:06:32.398,1625,-90.0,-89.998,40.001,-90.008,0.078,0.003,0.0,0.0,0.0,0.0,0.0,0.0,-90.0,-89.997,40.0,-89.987,0.079,0.003,-90.0,-89.9975,40.0005,-89.9975,0.0785,0.003,0.0,0.11659913265929131,-0.11659913265846283,2.4485817858335186,0.11659913265873467,0.0,0.0,0.0005000000000023874,-0.000499999999995282,0.010499999999993292,0.0005000000000000004,0.0,-0.0481943,-0.0068849,-0.0,0.0413094,-0.0068849,-0.0,-0.00268742368739,-0.021846153845879998,-0.000641514041506,0.004466880341973001,-0.002345543345592,0.000137973137976,0.021071307505706387,1.7604820000087784,0.16451700003017322,0.06846199994470226,0.0
pd,00:06:32.400,1626,-90.0,-89.998,40.001,-90.008,0.078,0.003,0.0,0.0,0.0,0.0,0.0,0.0,-90.0,-89.997,40.0,-89.987,0.079,0.003,-90.0,-89.9975,40.0005,-89.9975,0.0785,0.003,0.0,0.12098488519730088,-0.12098488519644124,2.5406825891312836,0.1209848851967233,0.0,0.0,0.0005000000000023874,-0.000499999999995282,0.010499999999993292,0.0005000000000000004,0.0,-0.0481943,-0.0068849,-0.0,0.0413094,-0.0068849,-0.0,-0.00268742368739,-0.021846153845879998,-0.000641514041506,0.004466880341973001,-0.002345543345592,0.000137973137976,0.021071307505706387,1.7347980001432006,0.15077699981702608,0.06442599988076836,0.0
pd,00:06:32.402,1627,-90.0,-89.998,40.001,-90.008,0.078,0.003,0.0,0.0,0.0,0.0,0.0,0.0,-90.0,-89.997,40.0,-89.987,0.079,0.003,-90.0,-89.9975,40.0005,-89.9975,0.0785,0.003,0.0,0.12381343724229624,-0.12381343724141648,2.6000821820759046,0.12381343724170515,0.0,0.0,0.0005000000000023874,-0.000499999999995282,0.010499999999993292,0.0005000000000000004,0.0,-0.0481943,-0.0068849,-0.0,0.0413094,-0.0068849,-0.0,-0.00268742368739,-0.021846153845879998,-0.000641514041506,0.004466880341973001,-0.002345543345592,-0.000155219780223,0.021071307505706387,1.9094809999842255,0.8690839999871969,0.21731199967689463,0.0
pd,00:06:32.405,1628,-90.0,-89.998,40.001,-90.008,0.078,0.003,0.0,0.0,0.0,0.0,0.0,0.0,-90.0,-89.997,40.0,-89.987,0.079,0.003,-90.0,-89.9975,40.0005,-89.9975,0.0785,0.003,0.0,0.07797843385178901,-0.07797843385123494,1.637547110879812,0.07797843385141674,0.0,0.0,0.0005000000000023874,-0.000499999999995282,0.010499999999993292,0.0005000000000000004,0.0,0.0550792,0.0068849,-0.0,0.034424500000000004,0.0275396,0.0206547,-0.002739438339404,-0.023354578754286,-0.000589499389492,0.004156440781527,-0.002276556776604,-0.000155219780223,0.021071307505706387,3.05232300024727,0.4290880001462938,0.19257300027675228,0.0
pd,00:06:32.409,1629,-90.0,-89.998,40.001,-90.008,0.078,0.003,0.0,0.0,0.0,0.0,0.0,0.0,-90.0,-89.997,40.0,-89.987,0.079,0.003,-90.0,-89.9975,40.0005,-89.9975,0.0785,0.003,0.0,0.06337721366001854,-0.06337721365956822,1.3309214868540848,0.06337721365971598,0.0,0.0,0.0005000000000023874,-0.000499999999995282,0.010499999999993292,0.0005000000000000004,0.0,0.0550792,0.0068849,-0.0,0.034424500000000004,0.0275396,0.0206547,-0.002739438339404,-0.023354578754286,-0.000589499389492,0.004156440781527,-0.002276556776604,-0.000155219780223,0.021071307505706387,1.8479079999451642,0.21807199982504244,0.08355499994650017,0.0
pd,00:06:32.411,1630,-90.0,-89.998,40.001,-90.008,0.078,0.003,0.0,0.0,0.0,0.0,0.0,0.0,-90.0,-89.997,40.0,-89.987,0.079,0.003,-90.0,-89.9975,40.0005,-89.9975,0.0785,0.003,0.0,0.11211119426975374,-0.11211119426895715,2.3543350796536764,0.11211119426921853,0.0,0.0,0.0005000000000023874,-0.000499999999995282,0.010499999999993292,0.0005000000000000004,0.0,0.0550792,0.0068849,-0.0,0.034424500000000004,0.0275396,0.0206547,-0.002739438339404,-0.023354578754286,-0.000589499389492,0.004156440781527,-0.002276556776604,-0.000155219780223,0.021071307505706387,1.8831670004146872,0.1839430001382425,0.08388800006287056,0.0
pd,00:06:32.415,1631,-90.0,-89.998,40.001,-90.008,0.078,0.003,0.0,0.0,0.0,0.0,0.0,0.0,-90.0,-89.997,40.0,-89.987,0.079,0.003,-90.0,-89.9975,40.0005,-89.9975,0.0785,0.003,0.0,0.0740258383342751,-0.07402583833374911,1.5545426050124134,0.0740258383339217,0.0,0.0,0.0005000000000023874,-0.000499999999995282,0.010499999999993292,0.0005000000000000004,0.0,0.0550792,0.0068849,-0.0,0.034424500000000004,0.0275396,0.0206547,-0.002739438339404,-0.023354578754286,-0.000589499389492,0.004156440781527,-0.002276556776604,-0.000155219780223,0.021071307505706387,1.9808510000984825,0.23166500022853143,0.08931399997891276,0.0
pd,00:06:32.417,1632,-90.0,-89.998,40.001,-90.008,0.078,0.003,0.0,0.0,0.0,0.0,0.0,0.0,-90.0,-89.997,40.0,-89.987,0.079,0.003,-90.0,-89.9975,40.0005,-89.9975,0.0785,0.003,0.0,0.10395320709874163,-0.103953207098003,2.1830173490632334,0.10395320709824536,0.0,0.0,0.0005000000000023874,-0.000499999999995282,0.010499999999993292,0.0005000000000000004,0.0,0.0550792,0.0068849,-0.0,0.034424500000000004,0.0275396,0.0206547,-0.002739438339404,-0.023354578754286,-0.000589499389492,0.004156440781527,-0.002276556776604,-0.000155219780223,0.021071307505706387,1.7380570002387685,0.16636899999866728,0.0952209998104081,0.0
pd,00:06:32.419,1633,-90.0,-89.998,40.001,-90.008,0.078,0.003,0.0,0.0,0.0,0.0,0.0,0.0,-90.0,-89.997,40.0,-89.987,0.079,0.003,-90.0,-89.9975,40.0005,-89.9975,0.0785,0.003,0.0,0.11982356302194112,-0.11982356302108972,2.516294823448844,0.1198235630213691,0.0,0.0,0.0005000000000023874,-0.000499999999995282,0.010499999999993292,0.0005000000000000004,0.0,0.0550792,0.0068849,-0.0,0.034424500000000004,0.0275396,0.0206547,-0.002739438339404,-0.023354578754286,-0.000589499389492,0.004156440781527,-0.002276556776604,-0.000155219780223,0.021071307505706387,1.8735740000010992,0.48288400012097554,0.13464699986798223,0.0
pd,00:06:32.422,1634,-90.0,-89.998,40.001,-90.008,0.078,0.003,0.0,0.0,0.0,0.0,0.0,0.0,-90.0,-89.997,40.0,-89.987,0.079,0.003,-90.0,-89.9975,40.0005,-89.9975,0.0785,0.003,0.0,0.09553352769724915,-0.09553352769657035,2.006204081632729,0.09553352769679309,0.0,0.0,0.0005000000000023874,-0.000499999999995282,0.010499999999993292,0.0005000000000000004,0.0,0.0550792,0.0068849,-0.0,0.034424500000000004,0.0275396,0.0206547,-0.002739438339404,-0.023354578754286,-0.000589499389492,0.004156440781527,-0.002276556776604,0.00020695970696400003,0.021071307505706387,1.8504079998820089,0.841584000227158,0.2118319998771767,0.0
pd,00:06:32.425,1635,-90.0,-89.998,40.001,-90.008,0.078,0.003,0.0,0.0,0.0,0.0,0.0,0.0,-90.0,-89.997,40.0,-89.987,0.079,0.003,-90.0,-89.9975,40.0005,-89.9975,0.0785,0.003,0.0,0.07458396756561682,-0.07458396756508687,1.5662633188705337,0.07458396756526076,0.0,0.0,0.0005000000000023874,-0.000499999999995282,0.010499999999993292,0.0005000000000000004,0.0,-0.0206547,0.0,-0.0275396,-0.0481943,0.0550792,0.0619641,-0.0024620268619959997,-0.022175579975302,-0.000277411477408,0.0033803418804120005,-0.002655982906038,0.00020695970696400003,0.021071307505706387,3.236227999877883,0.345756000115216,0.12462799986678874,0.0
pd,00:06:32.429,1636,-90.0,-89.998,40.001,-90.008,0.078,0.003,0.0,0.0,0.0,0.0,0.0,0.0,-90.0,-89.997,40.0,-89.987,0.079,0.003,-90.0,-89.9975,40.0005,-89.9975,0.0785,0.003,0.0,0.06548688483668541,-0.0654868848362201,1.3752245815638793,0.06548688483637277,0.0,0.0,0.0005000000000023874,-0.000499999999995282,0.010499999999993292,0.0005000000000000004,0.0,-0.0206547,0.0,-0.0275396,-0.0481943,0.0550792,0.0619641,-0.0024620268619959997,-0.022175579975302,-0.000277411477408,0.0033803418804120005,-0.002655982906038,0.00020695970696400003,0.021071307505706387,1.787724000223534,0.16727599995647324,0.06436900002881885,0.0
pd,00:06:32.431,1637,-90.0,-89.998,40.001,-90.008,0.078,0.003,0.0,0.0,0.0,0.0,0.0,0.0,-90.0,-89.997,40.0,-89.987,0.079,0.003,-90.0,-89.9975,40.0005,-89.9975,0.0785,0.003,0.0,0.11961852612423075,-0.11961852612338081,2.5119890485969467,0.1196185261236597,0.0,0.0,0.0005000000000023874,-0.000499999999995282,0.010499999999993292,0.0005000000000000004,0.0,-0.0206547,0.0,-0.0275396,-0.0481943,0.0550792,0.0619641,-0.0024620268619959997,-0.022175579975302,-0.000277411477408,0.0033803418804120005,-0.002655982906038,0.00020695970696400003,0.021071307505706387,2.0524430001387373,0.21103500012031873,0.1447200002075988,0.0
pd,00:06:32.434,1638,-90.0,-89.998,40.001,-90.008,0.078,0.003,0.0,0.0,0.0,0.0,0.0,0.0,-90.0,-89.997,40.0,-89.987,0.079,0.003,-90.0,-89.9975,40.0005,-89.9975,0.0785,0.003,0.0,0.10001678748617004,-0.10001678748545939,2.1003525371996217,0.10001678748569258,0.0,0.0,0.0005000000000023874,-0.000499999999995282,0.010499999999993292,0.0005000000000000004,0.0,-0.0206547,0.0,-0.0275396,-0.0481943,0.0550792,0.0619641,-0.0024620268619959997,-0.022175579975302,-0.000277411477408,0.0033803418804120005,-0.002655982906038,0.00020695970696400003,0.021071307505706387,1.6765400000622321,0.13540600002670544,0.05938899994362146,0.0
pd,00:06:32.435,1639,-90.0,-89.998,40.001,-90.008,0.078,0.003,0.0,0.0,0.0,0.0,0.0,0.0,-90.0,-89.997,40.0,-89.987,0.079,0.003,-90.0,-89.9975,40.0005,-89.9975,0.0785,0.003,0.0,0.12919862001047397,-0.12919862000955595,2.7131710202071013,0.12919862000985718,0.0,0.0,0.0005000000000023874,-0.000499999999995282,0.010499999999993292,0.0005000000000000004,0.0,-0.0206547,0.0,-0.0275396,-0.0481943,0.0550792,0.0619641,-0.0024620268619959997,-0.022175579975302,-0.000277411477408,0.0033803418804120005,-0.002655982906038,0.00020695970696400003,0.021071307505706387,1.7241870000361814,0.1559610000185785,0.06927699996595038,0.0
pd,00:06:32.438,1640,-90.0,-89.998,40.001,-90.008,0.078,0.003,0.0,0.0,0.0,0.0,0.0,0.0,-90.0,-89.997,40.0,-89.987,0.079,0.003,-90.0,-89.9975,40.0005,-89.9975,0.0785,0.003,0.0,0.11904813805688089,-0.119048138056035,2.500010899182656,0.11904813805631255,0.0,0.0,0.0005000000000023874,-0.000499999999995282,0.010499999999993292,0.0005000000000000004,0.0,-0.0206547,0.0,-0.0275396,-0.0481943,0.0550792,0.0619641,-0.0024620268619959997,-0.022175579975302,-0.000277411477408,0.0033803418804120005,-0.002655982906038,0.00020695970696400003,0.021071307505706387,1.7085199997382006,0.16296100011459203,0.06627700031458517,0.0
pd,00:06:32.441,1641,-90.0,-89.998,40.001,-90.009,0.078,0.003,0.0,0.0,0.0,-0.3146042604275448,0.0,0.0,-90.0,-89.997,40.0,-89.987,0.079,0.003,-90.0,-89.9975,40.0005,-89.96653957395725,0.0785,0.003,0.0,0.0786510651068862,-0.07865106510632734,6.679115466278164,0.07865106510651072,0.0,0.0,0.0005000000000023874,-0.000499999999995282,0.042460426042751465,0.0005000000000000004,0.0,-0.0206547,0.0,-0.0275396,-0.0481943,0.0550792,0.0619641,-0.0024620268619959997,-0.022175579975302,-0.000277411477408,0.0033803418804120005,-0.002655982906038,0.00020695970696400003,0.022068076490719575,1.9743689999813796,0.24018300018724403,0.09609099970475654,0.0
pd,00:06:32.443,1642,-90.0,-89.998,40.001,-90.009,0.078,0.003,0.0,0.0,0.0,0.0,0.0,0.0,-90.0,-89.997,40.0,-89.987,0.079,0.003,-90.0,-89.9975,40.0005,-89.99799999999999,0.0785,0.003,0.0,0.10180349514611717,-0.1018034951453938,2.2396768932044506,0.10180349514563115,0.0,0.0,0.0005000000000023874,-0.000499999999995282,0.01100000000000989,0.0005000000000000004,0.0,0.0,0.0275396,-0.0137698,0.034424500000000004,0.0206547,0.0068849,-0.002236630036602,-0.022175579975302,-0.001265689865674,0.0033975885226590003,-0.0016729242979590003,3.4493284494e-05,0.022068076490719575,4.511659999934636,0.3392930002519279,0.14831400039838627,0.0
pd,00:06:32.449,1643,-90.0,-89.998,40.001,-90.009,0.078,0.003,0.0,0.0,0.0,0.0,0.0,0.0,-90.0,-89.997,40.0,-89.987,0.079,0.003,-90.0,-89.9975,40.0005,-89.99799999999999,0.0785,0.003,0.0,0.04617446827271156,-0.046174468272383466,1.015838301995061,0.04617446827249112,0.0,0.0,0.0005000000000023874,-0.000499999999995282,0.01100000000000989,0.0005000000000000004,0.0,0.0,0.0275396,-0.0137698,0.034424500000000004,0.0206547,0.0068849,-0.002236630036602,-0.022175579975302,-0.001265689865674,0.0033975885226590003,-0.0016729242979590003,3.4493284494e-05,0.022068076490719575,1.8263530000695027,0.20740499985549832,0.06779600016670884,0.0
pd,00:06:32.451,1644,-90.0,-89.998,40.001,-90.009,0.078,0.003,0.0,0.0,0.0,0.0,0.0,0.0,-90.0,-89.997,40.0,-89.987,0.079,0.003,-90.0,-89.9975,40.0005,-89.99799999999999,0.0785,0.003,0.0,0.11489984659270291,-0.1148998465918865,2.527796625028034,0.11489984659215438,0.0,0.0,0.0005000000000023874,-0.000499999999995282,0.01100000000000989,0.0005000000000000004,0.0,0.0,0.0275396,-0.0137698,0.034424500000000004,0.0206547,0.0068849,-0.002236630036602,-0.022175579975302,-0.001265689865674,0.0033975885226590003,-0.0016729242979590003,3.4493284494e-05,0.022068076490719575,1.7116679996433959,0.17886900013763807,0.06844300014563487,0.0
pd,00:06:32.453,1645,-90.0,-89.998,40.001,-90.009,0.078,0.003,0.0,0.0,0.0,0.0,0.0,0.0,-90.0,-89.997,40.0,-89.987,0.079,0.003,-90.0,-89.9975,40.0005,-89.99799999999999,0.0785,0.003,0.0,0.12295684803060586,-0.1229568480297322,2.705050656661098,0.12295684803001887,0.0,0.0,0.0005000000000023874,-0.000499999999995282,0.01100000000000989,0.0005000000000000004,0.0,0.0,0.0275396,-0.0137698,0.034424500000000004,0.0206547,0.0068849,-0.002236630036602,-0.022175579975302,-0.001265689865674,0.0033975885226590003,-0.0016729242979590003,3.4493284494e-05,0.022068076490719575,1.7530939999232942,0.15257299992299522,0.05981399999654968,0.0
pd,00:06:32.455,1646,-90.0,-89.998,40.001,-90.009,0.078,0.003,0.0,0.0,0.0,0.0,0.0,0.0,-90.0,-89.997,40.0,-89.987,0.079,0.003,-90.0,-89.9975,40.0005,-89.99799999999999,0.0785,0.003,0.0,0.1230001173026401,-0.12300011730176612,2.7060025806458463,0.12300011730205289,0.0,0.0,0.0005000000000023874,-0.000499999999995282,0.01100000000000989,0.0005000000000000004,0.0,0.0,0.0275396,-0.0137698,0.034424500000000004,0.0206547,0.0068849,-0.002236630036602,-0.022175579975302,-0.001265689865674,0.0033975885226590003,-0.0016729242979590003,3.4493284494e-05,0.022068076490719575,1.686353999957646,0.1605910001671873,0.057405999996262835,0.0
pd,00:06:32.457,1647,-90.0,-89.998,40.001,-90.009,0.078,0.003,0.0,0.0,0.0,0.0,0.0,0.0,-90.0,-89.997,40.0,-89.987,0.079,0.003,-90.0,-89.9975,40.0005,-89.99799999999999,0.0785,0.003,0.0,0.1271001212127281,-0.12710012121182498,2.7962026666673747,0.12710012121212133,0.0,0.0,0.0005000000000023874,-0.000499999999995282,0.01100000000000989,0.0005000000000000004,0.0,0.0,0.0275396,-0.0137698,0.034424500000000004,0.0206547,0.0068849,-0.002236630036602,-0.022175579975302,-0.001265689865674,0.0033975885226590003,-0.0016729242979590003,3.4493284494e-05,0.022068076490719575,1.9943510001212417,0.19522000002325512,0.09797999973670812,0.0
pd,00:06:32.459,1648,-90.0,-89.998,40.001,-90.009,0.078,0.003,0.0,0.0,0.0,0.0,0.0,0.0,-90.0,-89.997,40.0,-89.987,0.079,0.003,-90.0,-89.9975,40.0005,-89.99799999999999,0.0785,0.003,0.0,0.1053739322686169,-0.10537393226786818,2.3182265098990897,0.10537393226811385,0.0,0.0,0.0005000000000023874,-0.000499999999995282,0.01100000000000989,0.0005000000000000004,0.0,0.0,0.0275396,-0.0137698,0.034424500000000004,0.0206547,0.0068849,-0.002236630036602,-0.022175579975302,-0.001265689865674,0.0033975885226590003,-0.0016729242979590003,3.4493284494e-05,0.022068076490719575,1.7877790000966343,0.15379500018752879,0.0685539998812601,0.0
pd,00:06:32.461,1649,-90.0,-89.998,40.001,-90.009,0.078,0.003,0.0,0.0,0.0,0.0,0.0,0.0,-90.0,-89.997,40.0,-89.987,0.079,0.003,-90.0,-89.9975,40.0005,-89.99799999999999,0.0785,0.003,0.0,0.12018063037306669,-0.12018063037221274,2.643973868195512,0.12018063037249295,0.0,0.0,0.0005000000000023874,-0.000499999999995282,0.01100000000000989,0.0005000000000000004,0.0,0.0,0.0275396,-0.0137698,0.034424500000000004,0.0206547,0.0068849,-0.002236630036602,-0.022175579975302,-0.001265689865674,0.0033975885226590003,-0.0016729242979590003,3.4493284494e-05,0.022068076490719575,1.7220390000147745,0.26666400026442716,0.09703599971544463,0.0
pd,00:06:32.463,1650,-90.0,-89.998,40.001,-90.009,0.078,0.003,0.0,0.0,0.0,0.0,0.0,0.0,-90.0,-89.997,40.0,-89.987,0.079,0.003,-90.0,-89.9975,40.0005,-89.99799999999999,0.0785,0.003,0.0,0.11508901328119929,-0.11508901328038154,2.5319582921749357,0.11508901328064987,0.0,0.0,0.0005000000000023874,-0.000499999999995282,0.01100000000000989,0.0005000000000000004,0.0,0.0068849,-0.0550792,-0.0137698,0.034424500000000004,-0.0137698,-0.0275396,-0.0025140415140099998,-0.02305982905954,-0.00048547008546399997,0.004052960928045001,-0.0025697496948030004,-0.000258699633705,0.022068076490719575,4.26006999987294,0.2648300001055759,0.12844299999414943,0.0
pd,00:06:32.469,1651,-90.0,-89.998,40.001,-90.009,0.078,0.003,0.0,0.0,0.0,0.0,0.0,0.0,-90.0,-89.997,40.0,-89.987,0.079,0.003,-90.0,-89.9975,40.0005,-89.99799999999999,0.0785,0.003,0.0,0.042481708058380536,-0.04248170805807869,0.9345975772801459,0.04248170805817773,0.0,0.0,0.0005000000000023874,-0.000499999999995282,0.01100000000000989,0.0005000000000000004,0.0,0.0068849,-0.0550792,-0.0137698,0.034424500000000004,-0.0137698,-0.0275396,-0.0025140415140099998,-0.02305982905954,-0.00048547008546399997,0.004052960928045001,-0.0025697496948030004,-0.000258699633705,0.022068076490719575,1.9539249997251318,0.22825699988970882,0.08235099994635675,0.0
pd,00:06:32.472,1652,-90.0,-89.998,40.001,-90.009,0.078,0.003,0.0,0.0,0.0,0.0,0.0,0.0,-90.0,-89.997,40.0,-89.987,0.079,0.003,-90.0,-89.9975,40.0005,-89.99799999999999,0.0785,0.003,0.0,0.10567126877002991,-0.10567126876927907,2.324767912930146,0.10567126876952544,0.0,0.0,0.0005000000000023874,-0.000499999999995282,0.01100000000000989,0.0005000000000000004,0.0,0.0068849,-0.0550792,-0.0137698,0.034424500000000004,-0.0137698,-0.0275396,-0.0025140415140099998,-0.02305982905954,-0.00048547008546399997,0.004052960928045001,-0.0025697496948030004,-0.000258699633705,0.022068076490719575,1.7730019999362412,0.17229400009455276,0.0895729999683681,0.0
pd,00:06:32.474,1653,-90.0,-89.998,40.001,-90.009,0.078,0.003,0.0,0.0,0.0,0.0,0.0,0.0,-90.0,-89.997,40.0,-89.987,0.079,0.003,-90.0,-89.9975,40.0005,-89.99799999999999,0.0785,0.003,0.0,0.11802971634455277,-0.11802971634371412,2.5966537595684196,0.1180297163439893,0.0,0.0,0.0005000000000023874,-0.000499999999995282,0.01100000000000989,0.0005000000000000004,0.0,0.0068849,-0.0550792,-0.0137698,0.034424500000000004,-0.0137698,-0.0275396,-0.0025140415140099998,-0.02305982905954,-0.00048547008546399997,0.004052960928045001,-0.0025697496948030004,-0.000258699633705,0.022068076490719575,1.803630999802408,0.2469060000294121,0.3619409999373602,0.0
pd,00:06:32.476,1654,-90.0,-89.998,40.001,-90.009,0.078,0.003,0.0,0.0,0.0,0.0,0.0,0.0,-90.0,-89.997,40.0,-89.987,0.079,0.003,-90.0,-89.9975,40.0005,-89.99799999999999,0.0785,0.003,0.0,0.09833780362046392,-0.09833780361976519,2.163431679640424,0.09833780361999446,0.0,0.0,0.0005000000000023874,-0.000499999999995282,0.01100000000000989,0.0005000000000000004,0.0,0.0068849,-0.0550792,-0.0137698,0.034424500000000004,-0.0137698,-0.0275396,-0.0025140415140099998,-0.02305982905954,-0.00048547008546399997,0.004052960928045001,-0.0025697496948030004,-0.000258699633705,0.022068076490719575,1.8830189997061098,0.22385000011126976,0.08703599996806588,0.0
pd,00:06:32.479,1655,-90.0,-89.998,40.001,-90.009,0.078,0.003,0.0,0.0,0.0,0.0,0.0,0.0,-90.0,-89.997,40.0,-89.987,0.079,0.003,-90.0,-89.9975,40.0005,-89.99799999999999,0.0785,0.003,0.0,0.10959197324467045,-0.10959197324389175,2.411023411371848,0.10959197324414725,0.0,0.0,0.0005000000000023874,-0.000499999999995282,0.01100000000000989,0.0005000000000000004,0.0,0.0068849,-0.0550792,-0.0137698,0.034424500000000004,-0.0137698,-0.0275396,-0.0025140415140099998,-0.02305982905954,-0.00048547008546399997,0.004052960928045001,-0.0025697496948030004,-0.000258699633705,0.022068076490719575,1.6906500000004598,0.14216499994290643,0.06090699980632053,0.0
pd,00:06:32.481,1656,-90.0,-89.998,40.001,-90.009,0.078,0.003,0.0,0.0,0.0,0.0,0.0,0.0,-90.0,-89.997,40.0,-89.987,0.079,0.003,-90.0,-89.9975,40.0005,-89.99799999999999,0.0785,0.003,0.0,0.12544275631116245,-0.1254427563102711,2.759740638833095,0.12544275631056356,0.0,0.0,0.0005000000000023874,-0.000499999999995282,0.01100000000000989,0.0005000000000000004,0.0,0.0068849,-0.0550792,-0.0137698,0.034424500000000004,-0.0137698,-0.0275396,-0.0025140415140099998,-0.02305982905954,-0.00048547008546399997,0.004052960928045001,-0.0025697496948030004,-0.000258699633705,0.022068076490719575,1.7130390001511842,0.14579500020772684,0.06409199977497337,0.0
pd,00:06:32.483,1657,-90.0,-89.998,40.001,-90.009,0.078,0.003,0.0,0.0,0.0,0.0,0.0,0.0,-90.0,-89.997,40.0,-89.987,0.079,0.003,-90.0,-89.9975,40.0005,-89.99799999999999,0.0785,0.003,0.0,0.12580395920875906,-0.12580395920786516,2.767687102580185,0.12580395920815848,0.0,0.0,0.0005000000000023874,-0.000499999999995282,0.01100000000000989,0.0005000000000000004,0.0,-0.0550792,-0.034424500000000004,0.0481943,0.0550792,-0.0206547,-0.0206547,-0.0026007326007,-0.02132600732574,-0.000901587301576,0.0035183150183880005,-0.002793956044014,-0.000741605616621,0.022068076490719575,3.733703999841964,0.43371799984015524,0.5715870001949952,0.0
pd,00:06:32.488,1658,-90.0,-89.998,40.001,-90.009,0.078,0.003,0.0,0.0,0.0,0.0,0.0,0.0,-90.0,-89.997,40.0,-89.987,0.079,0.003,-90.0,-89.9975,40.0005,-89.99799999999999,0.0785,0.003,0.0,0.049282135639658164,-0.04928213563930799,1.0842069840675772,0.049282135639422894,0.0,0.0,0.0005000000000023874,-0.000499999999995282,0.01100000000000989,0.0005000000000000004,0.0,-0.0550792,-0.034424500000000004,0.0481943,0.0550792,-0.0206547,-0.0206547,-0.0026007326007,-0.02132600732574,-0.000901587301576,0.0035183150183880005,-0.002793956044014,-0.000741605616621,0.022068076490719575,2.019220999954996,0.2172009999412694,0.09820300010687788,0.0
pd,00:06:32.490,1659,-90.0,-89.998,40.001,-90.009,0.078,0.003,0.0,0.0,0.0,0.0,0.0,0.0,-90.0,-89.997,40.0,-89.987,0.079,0.003,-90.0,-89.9975,40.0005,-89.99799999999999,0.0785,0.003,0.0,0.10319614211248959,-0.10319614211175634,2.2703151264645056,0.10319614211199694,0.0,0.0,0.0005000000000023874,-0.000499999999995282,0.01100000000000989,0.0005000000000000004,0.0,-0.0550792,-0.034424500000000004,0.0481943,0.0550792,-0.0206547,-0.0206547,-0.0026007326007,-0.02132600732574,-0.000901587301576,0.0035183150183880005,-0.002793956044014,-0.000741605616621,0.022068076490719575,1.732426999751624,0.141757999699621,0.09646199987400905,0.0
pd,00:06:32.492,1660,-90.0,-89.998,40.001,-90.009,0.078,0.003,0.0,0.0,0.0,0.0,0.0,0.0,-90.0,-89.997,40.0,-89.987,0.079,0.003,-90.0,-89.9975,40.0005,-89.99799999999999,0.0785,0.003,0.0,0.12276969909905243,-0.1227696990981801,2.7009333801669406,0.12276969909846633,0.0,0.0,0.0005000000000023874,-0.000499999999995282,0.01100000000000989,0.0005000000000000004,0.0,-0.0550792,-0.034424500000000004,0.0481943,0.0550792,-0.0206547,-0.0206547,-0.0026007326007,-0.02132600732574,-0.000901587301576,0.0035183150183880005,-0.002793956044014,-0.000741605616621,0.022068076490719575,1.7366679999213375,0.1594430000295688,0.07144400024117203,0.0
pd,00:06:32.495,1661,-90.0,-89.998,40.001,-90.009,0.078,0.003,0.0,0.0,0.0,0.0,0.0,0.0,-90.0,-89.997,40.0,-89.987,0.079,0.003,-90.0,-89.9975,40.0005,-89.99799999999999,0.0785,0.003,0.0,0.07958831119582595,-0.07958831119526043,1.7509428463002537,0.07958831119544599,0.0,0.0,0.0005000000000023874,-0.000499999999995282,0.01100000000000989,0.0005000000000000004,0.0,-0.0550792,-0.034424500000000004,0.0481943,0.0550792,-0.0206547,-0.0206547,-0.0026007326007,-0.02132600732574,-0.000901587301576,0.0035183150183880005,-0.002793956044014,-0.000741605616621,0.022068076490719575,1.9819809999717108,0.23479400033465936,0.09533200000078068,0.0
pd,00:06:32.498,1662,-90.0,-89.998,40.001,-90.009,0.078,0.003,0.0,0.0,0.0,0.0,0.0,0.0,-90.0,-89.997,40.0,-89.987,0.079,0.003,-90.0,-89.9975,40.0005,-89.99799999999999,0.0785,0.003,0.0,0.10348129872742591,-0.10348129872669064,2.2765885719930763,0.1034812987269319,0.0,0.0,0.0005000000000023874,-0.000499999999995282,0.01100000000000989,0.0005000000000000004,0.0,-0.0550792,-0.034424500000000004,0.0481943,0.0550792,-0.0206547,-0.0206547,-0.0026007326007,-0.02132600732574,-0.000901587301576,0.0035183150183880005,-0.002793956044014,-0.000741605616621,0.022068076490719575,1.686205999703816,0.16172000005099108,0.07240600007207831,0.0
pd,00:06:32.500,1663,-90.0,-89.998,40.001,-90.008,0.078,0.003,0.0,0.0,0.0,0.501831060064612,0.0,0.0,-90.0,-89.997,40.0,-89.987,0.079,0.003,-90.0,-89.9975,40.0005,-90.04768310600646,0.0785,0.003,0.0,0.125457765016153,-0.12545776501526157,-9.957107576891755,0.12545776501555408,0.0,0.0,0.0005000000000023874,-0.000499999999995282,-0.039683106006464186,0.0005000000000000004,0.0,-0.0550792,-0.034424500000000004,0.0481943,0.0550792,-0.0206547,-0.0206547,-0.0026007326007,-0.02132600732574,-0.000901587301576,0.0035183150183880005,-0.002793956044014,-0.000741605616621,0.021071307505706387,1.7710940001052222,0.39431100003639585,0.13257199998406577,0.0
pd,00:06:32.502,1664,-90.0,-89.998,40.001,-90.008,0.078,0.003,0.0,0.0,0.0,0.0,0.0,0.0,-90.0,-89.997,40.0,-89.987,0.079,0.003,-90.0,-89.9975,40.0005,-89.9975,0.0785,0.003,0.0,0.1031149572234248,-0.10311495722269212,2.1654141016816633,0.10311495722293253,0.0,0.0,0.0005000000000023874,-0.000499999999995282,0.010499999999993292,0.0005000000000000004,0.0,-0.0206547,0.034424500000000004,0.0137698,0.0137698,0.0137698,0.0206547,-0.002410012209982,-0.021048595848331998,-0.0008322344322239999,0.003242368742436,-0.0018281440781820002,-0.000258699633705,0.021071307505706387,4.045812999720511,0.2580349996605946,0.12472099979277118,0.0
pd,00:06:32.507,1665,-90.0,-89.998,40.001,-90.008,0.078,0.003,0.0,0.0,0.0,0.0,0.0,0.0,-90.0,-89.997,40.0,-89.987,0.079,0.003,-90.0,-89.9975,40.0005,-89.9975,0.0785,0.003,0.0,0.054226405337177784,-0.05422640533679248,1.1387545120753393,0.05422640533691891,0.0,0.0,0.0005000000000023874,-0.000499999999995282,0.010499999999993292,0.0005000000000000004,0.0,-0.0206547,0.034424500000000004,0.0137698,0.0137698,0.0137698,0.0206547,-0.002410012209982,-0.021048595848331998,-0.0008322344322239999,0.003242368742436,-0.0018281440781820002,-0.000258699633705,0.021071307505706387,3.029378000064753,0.21772000036435202,0.10523999981160159,0.0
pd,00:06:32.510,1666,-90.0,-89.998,40.001,-90.008,0.078,0.003,0.0,0.0,0.0,0.0,0.0,0.0,-90.0,-89.997,40.0,-89.987,0.079,0.003,-90.0,-89.9975,40.0005,-89.9975,0.0785,0.003,0.0,0.07256581314913542,-0.0725658131486198,1.5238820761246252,0.07256581314878899,0.0,0.0,0.0005000000000023874,-0.000499999999995282,0.010499999999993292,0.0005000000000000004,0.0,-0.0206547,0.034424500000000004,0.0137698,0.0137698,0.0137698,0.0206547,-0.002410012209982,-0.021048595848331998,-0.0008322344322239999,0.003242368742436,-0.0018281440781820002,-0.000258699633705,0.021071307505706387,1.756076000219764,0.1443870000912284,0.06759200005035382,0.0
pd,00:06:32.512,1667,-90.0,-89.998,40.001,-90.008,0.078,0.003,0.0,0.0,0.0,0.0,0.0,0.0,-90.0,-89.997,40.0,-89.987,0.079,0.003,-90.0,-89.9975,40.0005,-89.9975,0.0785,0.003,0.0,0.12266916237774998,-0.12266916237687836,2.576052409920547,0.12266916237716435,0.0,0.0,0.0005000000000023874,-0.000499999999995282,0.010499999999993292,0.0005000000000000004,0.0,-0.0206547,0.034424500000000004,0.0137698,0.0137698,0.0137698,0.0206547,-0.002410012209982,-0.021048595848331998,-0.0008322344322239999,0.003242368742436,-0.0018281440781820002,-0.000258699633705,0.021071307505706387,1.8485749997125822,0.19001700002263533,0.08910999986255774,0.0
pd,00:06:32.514,1668,-90.0,-89.998,40.001,-90.008,0.078,0.003,0.0,0.0,0.0,0.0,0.0,0.0,-90.0,-89.997,40.0,-89.987,0.079,0.003,-90.0,-89.9975,40.0005,-89.9975,0.0785,0.003,0.0,0.11299310344881539,-0.11299310344801253,2.372855172413883,0.11299310344827596,0.0,0.0,0.0005000000000023874,-0.000499999999995282,0.010499999999993292,0.0005000000000000004,0.0,-0.0206547,0.034424500000000004,0.0137698,0.0137698,0.0137698,0.0206547,-0.002410012209982,-0.021048595848331998,-0.0008322344322239999,0.003242368742436,-0.0018281440781820002,-0.000258699633705,0.021071307505706387,1.7275019999942742,0.15457200015589478,0.06820299995524692,0.0
pd,00:06:32.516,1669,-90.0,-89.998,40.001,-90.008,0.078,0.003,0.0,0.0,0.0,0.0,0.0,0.0,-90.0,-89.997,40.0,-89.987,0.079,0.003,-90.0,-89.9975,40.0005,-89.9975,0.0785,0.003,0.0,0.12371118452159117,-0.12371118452071216,2.5979348749411084,0.12371118452100058,0.0,0.0,0.0005000000000023874,-0.000499999999995282,0.010499999999993292,0.0005000000000000004,0.0,-0.0206547,0.034424500000000004,0.0137698,0.0137698,0.0137698,0.0206547,-0.002410012209982,-0.021048595848331998,-0.0008322344322239999,0.003242368742436,-0.0018281440781820002,-0.000258699633705,0.021071307505706387,1.7886129999169498,0.1569609999023669,0.08551800010536681,0.0
pd,00:06:32.519,1670,-90.0,-89.998,40.001,-90.008,0.078,0.003,0.0,0.0,0.0,0.0,0.0,0.0,-90.0,-89.997,40.0,-89.987,0.079,0.003,-90.0,-89.9975,40.0005,-89.9975,0.0785,0.003,0.0,0.11826934356023086,-0.1182693435593905,2.483656214753083,0.11826934355966624,0.0,0.0,0.0005000000000023874,-0.000499999999995282,0.010499999999993292,0.0005000000000000004,0.0,-0.0206547,0.034424500000000004,0.0137698,0.0137698,0.0137698,0.0206547,-0.002410012209982,-0.021048595848331998,-0.0008322344322239999,0.003242368742436,-0.0018281440781820002,-0.000258699633705,0.021071307505706387,1.8114089998562122,0.2764410000963835,0.11183199967490509,0.0
pd,00:06:32.522,1671,-90.0,-89.998,40.001,-90.008,0.078,0.003,0.0,0.0,0.0,0.0,0.0,0.0,-90.0,-89.997,40.0,-89.987,0.079,0.003,-90.0,-89.9975,40.0005,-89.9975,0.0785,0.003,0.0,0.07250058770690775,-0.0725005877063926,1.5225123418378508,0.07250058770656163,0.0,0.0,0.0005000000000023874,-0.000499999999995282,0.010499999999993292,0.0005000000000000004,0.0,0.0,0.0413094,-0.0,-0.0,-0.0068849,0.0068849,-0.002236630036602,-0.021655433455162,-0.001196336996322,0.0035528083028820005,-0.002121336996381,0.00020695970696400003,0.021071307505706387,3.085172999817587,0.6478089999291115,0.12525800002549659,0.0
pd,00:06:32.526,1672,-90.0,-89.998,40.001,-90.008,0.078,0.003,0.0,0.0,0.0,0.0,0.0,0.0,-90.0,-89.997,40.0,-89.987,0.079,0.003,-90.0,-89.9975,40.0005,-89.9975,0.0785,0.003,0.0,0.06280402491644746,-0.0628040249160012,1.318884523239149,0.06280402491614763,0.0,0.0,0.0005000000000023874,-0.000499999999995282,0.010499999999993292,0.0005000000000000004,0.0,0.0,0.0413094,-0.0,-0.0,-0.0068849,0.0068849,-0.002236630036602,-0.021655433455162,-0.001196336996322,0.0035528083028820005,-0.002121336996381,0.00020695970696400003,0.021071307505706387,2.865712999664538,0.5001439999432478,0.1327770000898454,0.0
pd,00:06:32.530,1673,-90.0,-89.998,40.001,-90.008,0.078,0.003,0.0,0.0,0.0,0.0,0.0,0.0,-90.0,-89.997,40.0,-89.987,0.079,0.003,-90.0,-89.9975,40.0005,-89.9975,0.0785,0.003,0.0,0.06912168754152978,-0.06912168754103865,1.4515554383652494,0.0691216875411998,0.0,0.0,0.0005000000000023874,-0.000499999999995282,0.010499999999993292,0.0005000000000000004,0.0,0.0,0.0413094,-0.0,-0.0,-0.0068849,0.0068849,-0.002236630036602,-0.021655433455162,-0.001196336996322,0.0035528083028820005,-0.002121336996381,0.00020695970696400003,0.021071307505706387,1.8210749999525433,0.16436799978691852,0.06618499992327997,0.0
pd,00:06:32.532,1674,-90.0,-89.998,40.001,-90.008,0.078,0.003,0.0,0.0,0.0,0.0,0.0,0.0,-90.0,-89.997,40.0,-89.987,0.079,0.003,-90.0,-89.9975,40.0005,-89.9975,0.0785,0.003,0.0,0.11781752809045021,-0.11781752808961306,2.4741680898877343,0.11781752808988774,0.0,0.0,0.0005000000000023874,-0.000499999999995282,0.010499999999993292,0.0005000000000000004,0.0,0.0,0.0413094,-0.0,-0.0,-0.0068849,0.0068849,-0.002236630036602,-0.021655433455162,-0.001196336996322,0.0035528083028820005,-0.002121336996381,0.00020695970696400003,0.021071307505706387,1.7778530000214232,0.46710600008736947,0.10479499997018138,0.0
pd,00:06:32.534,1675,-90.0,-89.998,40.001,-90.008,0.078,0.003,0.0,0.0,0.0,0.0,0.0,0.0,-90.0,-89.997,40.0,-89.987,0.079,0.003,-90.0,-89.9975,40.0005,-89.9975,0.0785,0.003,0.0,0.10254019166878611,-0.10254019166805751,2.153344025034308,0.10254019166829659,0.0,0.0,0.0005000000000023874,-0.000499999999995282,0.010499999999993292,0.0005000000000000004,0.0,0.0,0.0413094,-0.0,-0.0,-0.0068849,0.0068849,-0.002236630036602,-0.021655433455162,-0.001196336996322,0.0035528083028820005,-0.002121336996381,0.00020695970696400003,0.021071307505706387,1.7526500000712986,0.16277700024147634,0.06594399974346743,0.0
pd,00:06:32.536,1676,-90.0,-89.998,40.001,-90.008,0.078,0.003,0.0,0.0,0.0,0.0,0.0,0.0,-90.0,-89.997,40.0,-89.987,0.079,0.003,-90.0,-89.9975,40.0005,-89.9975,0.0785,0.003,0.0,0.11942779043337207,-0.11942779043252348,2.5079835990889334,0.11942779043280193,0.0,0.0,0.0005000000000023874,-0.000499999999995282,0.010499999999993292,0.0005000000000000004,0.0,0.0,0.0413094,-0.0,-0.0,-0.0068849,0.0068849,-0.002236630036602,-0.021655433455162,-0.001196336996322,0.0035528083028820005,-0.002121336996381,0.00020695970696400003,0.021071307505706387,1.7710380002426973,0.1457769999433367,0.0639069999124331,0.0
pd,00:06:32.538,1677,-90.0,-89.998,40.001,-90.008,0.078,0.003,0.0,0.0,0.0,0.0,0.0,0.0,-90.0,-89.997,40.0,-89.987,0.079,0.003,-90.0,-89.9975,40.0005,-89.9975,0.0785,0.003,0.0,0.12205517401990534,-0.12205517401903809,2.5631586544058704,0.12205517401932266,0.0,0.0,0.0005000000000023874,-0.000499999999995282,0.010499999999993292,0.0005000000000000004,0.0,0.0,0.0413094,-0.0,-0.0,-0.0068849,0.0068849,-0.002236630036602,-0.021655433455162,-0.001196336996322,0.0035528083028820005,-0.002121336996381,0.00020695970696400003,0.021071307505706387,1.7444459999751416,0.1680349996604491,0.08042499985094764,0.0
pd,00:06:32.540,1678,-90.0,-89.998,40.001,-90.008,0.078,0.003,0.0,0.0,0.0,0.0,0.0,0.0,-90.0,-89.997,40.0,-89.987,0.079,0.003,-90.0,-89.9975,40.0005,-89.9975,0.0785,0.003,0.0,0.1208315280024207,-0.12083152800156213,2.5374620880388146,0.12083152800184385,0.0,0.0,0.0005000000000023874,-0.000499999999995282,0.010499999999993292,0.0005000000000000004,0.0,0.0,0.0413094,-0.0,-0.0,-0.0068849,0.0068849,-0.002236630036602,-0.021655433455162,-0.001196336996322,0.0035528083028820005,-0.002121336996381,0.00020695970696400003,0.021071307505706387,2.026258000114467,0.2587009998933354,0.13401700016402174,0.0
pd,00:06:32.543,1679,-90.0,-89.998,40.001,-90.008,0.078,0.003,0.0,0.0,0.0,0.0,0.0,0.0,-90.0,-89.997,40.0,-89.987,0.079,0.003,-90.0,-89.9975,40.0005,-89.9975,0.0785,0.003,0.0,0.0986245297220661,-0.09862452972136533,2.0711151241535775,0.09862452972159527,0.0,0.0,0.0005000000000023874,-0.000499999999995282,0.010499999999993292,0.0005000000000000004,0.0,-0.0413094,-0.0275396,-0.0137698,-0.3098205,-0.034424500000000004,-0.0206547,-0.002115262515236,-0.02193284493257,-0.001421733821716,0.004121947497033001,-0.001603937728971,-0.0008450854701030001,0.021071307505706387,3.439077000166435,0.3135150000161957,0.45316200021261466,0.0
pd,00:06:32.547,1680,-90.0,-89.998,40.001,-90.008,0.078,0.003,0.0,0.0,0.0,0.0,0.0,0.0,-90.0,-89.997,40.0,-89.987,0.079,0.003,-90.0,-89.9975,40.0005,-89.9975,0.0785,0.003,0.0,0.05627219061956675,-0.05627219061916691,1.181716003005304,0.056272190619298106,0.0,0.0,0.0005000000000023874,-0.000499999999995282,0.010499999999993292,0.0005000000000000004,0.0,-0.0413094,-0.0275396,-0.0137698,-0.3098205,-0.034424500000000004,-0.0206547,-0.002115262515236,-0.02193284493257,-0.001421733821716,0.004121947497033001,-0.001603937728971,-0.0008450854701030001,0.021071307505706387,1.9191110000065237,0.19631299983302597,0.08664699998917058,0.0
pd,00:06:32.551,1681,-90.0,-89.998,40.001,-90.008,0.078,0.003,0.0,0.0,0.0,0.0,0.0,0.0,-90.0,-89.997,40.0,-89.987,0.079,0.003,-90.0,-89.9975,40.0005,-89.9975,0.0785,0.003,0.0,0.07380180180215419,-0.0738018018016298,1.5498378378378965,0.07380180180180186,0.0,0.0,0.0005000000000023874,-0.000499999999995282,0.010499999999993292,0.0005000000000000004,0.0,-0.0413094,-0.0275396,-0.0137698,-0.3098205,-0.034424500000000004,-0.0206547,-0.002115262515236,-0.02193284493257,-0.001421733821716,0.004121947497033001,-0.001603937728971,-0.0008450854701030001,0.021071307505706387,1.9979250000687898,0.24292399984915392,0.09657299960963428,0.0
pd,00:06:32.553,1682,-90.0,-89.998,40.001,-90.008,0.078,0.003,0.0,0.0,0.0,0.0,0.0,0.0,-90.0,-89.997,40.0,-89.987,0.079,0.003,-90.0,-89.9975,40.0005,-89.9975,0.0785,0.003,0.0,0.10230009756146408,-0.10230009756073719,2.148302048780569,0.1023000975609757,0.0,0.0,0.0005000000000023874,-0.000499999999995282,0.010499999999993292,0.0005000000000000004,0.0,-0.0413094,-0.0275396,-0.0137698,-0.3098205,-0.034424500000000004,-0.0206547,-0.002115262515236,-0.02193284493257,-0.001421733821716,0.004121947497033001,-0.001603937728971,-0.0008450854701030001,0.021071307505706387,1.7049090001819422,0.18547999980000895,0.08722200027477811,0.0
pd,00:06:32.555,1683,-90.0,-89.998,40.001,-90.008,0.078,0.003,0.0,0.0,0.0,0.0,0.0,0.0,-90.0,-89.997,40.0,-89.987,0.079,0.003,-90.0,-89.9975,40.0005,-89.9975,0.0785,0.003,0.0,0.12136296296354246,-0.12136296296268012,2.5486222222223187,0.12136296296296308,0.0,0.0,0.0005000000000023874,-0.000499999999995282,0.010499999999993292,0.0005000000000000004,0.0,-0.0413094,-0.0275396,-0.0137698,-0.3098205,-0.034424500000000004,-0.0206547,-0.002115262515236,-0.02193284493257,-0.001421733821716,0.004121947497033001,-0.001603937728971,-0.0008450854701030001,0.021071307505706387,1.8388339999546588,0.249831000019185,0.1266469998881803,0.0
pd,00:06:32.558,1684,-90.0,-89.998,40.001,-90.008,0.078,0.003,0.0,0.0,0.0,0.0,0.0,0.0,-90.0,-89.997,40.0,-89.987,0.079,0.003,-90.0,-89.9975,40.0005,-89.9975,0.0785,0.003,0.0,0.10740305234098195,-0.10740305234021881,2.255464099149937,0.10740305234046921,0.0,0.0,0.0005000000000023874,-0.000499999999995282,0.010499999999993292,0.0005000000000000004,0.0,-0.0413094,-0.0275396,-0.0137698,-0.3098205,-0.034424500000000004,-0.0206547,-0.002115262515236,-0.02193284493257,-0.001421733821716,0.004121947497033001,-0.001603937728971,-0.0008450854701030001,0.021071307505706387,2.3549589996036957,0.2341829999750189,0.12270300021555158,0.0
pd,00:06:32.560,1685,-90.0,-89.998,40.001,-90.008,0.078,0.003,0.0,0.0,0.0,0.0,0.0,0.0,-90.0,-89.997,40.0,-89.987,0.079,0.003,-90.0,-89.9975,40.0005,-89.9975,0.0785,0.003,0.0,0.08893020100118793,-0.08893020100055604,1.8675342210161,0.08893020100076338,0.0,0.0,0.0005000000000023874,-0.000499999999995282,0.010499999999993292,0.0005000000000000004,0.0,-0.0413094,-0.0275396,-0.0137698,-0.3098205,-0.034424500000000004,-0.0206547,-0.002115262515236,-0.02193284493257,-0.001421733821716,0.004121947497033001,-0.001603937728971,-0.0008450854701030001,0.021071307505706387,2.057295000213344,0.2480719999766734,0.12899900002594222,0.0
pd,00:06:32.563,1686,-90.0,-89.998,40.001,-90.008,0.078,0.003,0.0,0.0,0.0,0.0,0.0,0.0,-90.0,-89.997,40.0,-89.987,0.079,0.003,-90.0,-89.9975,40.0005,-89.9975,0.0785,0.003,0.0,0.09828250070344051,-0.09828250070274216,2.063932514762474,0.09828250070297131,0.0,0.0,0.0005000000000023874,-0.000499999999995282,0.010499999999993292,0.0005000000000000004,0.0,0.0206547,-0.0481943,-0.0275396,0.0619641,-0.0,-0.0,-0.002201953601926,-0.022262271061992,-0.000710866910858,0.0032251221001890003,-0.0025697496948030004,-0.00010347985348200002,0.021071307505706387,3.4138000000893953,0.4007370002909738,0.4646990000765072,0.0
pd,00:06:32.568,1687,-90.0,-89.998,40.001,-90.008,0.078,0.003,0.0,0.0,0.0,0.0,0.0,0.0,-90.0,-89.997,40.0,-89.987,0.079,0.003,-90.0,-89.9975,40.0005,-89.9975,0.0785,0.003,0.0,0.05532798649245498,-0.05532798649206185,1.1618877163360508,0.055327986492190846,0.0,0.0,0.0005000000000023874,-0.000499999999995282,0.010499999999993292,0.0005000000000000004,0.0,0.0206547,-0.0481943,-0.0275396,0.0619641,-0.0,-0.0,-0.002201953601926,-0.022262271061992,-0.000710866910858,0.0032251221001890003,-0.0025697496948030004,-0.00010347985348200002,0.021071307505706387,3.524483999626682,0.2502379998077231,0.1203499996336177,0.0
pd,00:06:32.571,1688,-90.0,-89.998,40.001,-90.008,0.078,0.003,0.0,0.0,0.0,0.0,0.0,0.0,-90.0,-89.997,40.0,-89.987,0.079,0.003,-90.0,-89.9975,40.0005,-89.9975,0.0785,0.003,0.0,0.06250825633412857,-0.06250825633368443,1.312673383010482,0.06250825633383016,0.0,0.0,0.0005000000000023874,-0.000499999999995282,0.010499999999993292,0.0005000000000000004,0.0,0.0206547,-0.0481943,-0.0275396,0.0619641,-0.0,-0.0,-0.002201953601926,-0.022262271061992,-0.000710866910858,0.0032251221001890003,-0.0025697496948030004,-0.00010347985348200002,0.021071307505706387,1.8199269998149248,0.17342399996778113,0.07603700032632332,0.0
pd,00:06:32.574,1689,-90.0,-89.998,40.001,-90.008,0.078,0.003,0.0,0.0,0.0,0.0,0.0,0.0,-90.0,-89.997,40.0,-89.987,0.079,0.003,-90.0,-89.9975,40.0005,-89.9975,0.0785,0.003,0.0,0.11641789719162948,-0.11641789719080228,2.4447758410126386,0.11641789719107372,0.0,0.0,0.0005000000000023874,-0.000499999999995282,0.010499999999993292,0.0005000000000000004,0.0,0.0206547,-0.0481943,-0.0275396,0.0619641,-0.0,-0.0,-0.002201953601926,-0.022262271061992,-0.000710866910858,0.0032251221001890003,-0.0025697496948030004,-0.00010347985348200002,0.021071307505706387,1.724760999877617,0.13981300025989185,0.06011000004946254,0.0
pd,00:06:32.576,1690,-90.0,-89.998,40.001,-90.008,0.078,0.003,0.0,0.0,0.0,0.0,0.0,0.0,-90.0,-89.997,40.0,-89.987,0.079,0.003,-90.0,-89.9975,40.0005,-89.9975,0.0785,0.003,0.0,0.125547892720906,-0.1255478927200139,2.6365057471265367,0.12554789272030661,0.0,0.0,0.0005000000000023874,-0.000499999999995282,0.010499999999993292,0.0005000000000000004,0.0,0.0206547,-0.0481943,-0.0275396,0.0619641,-0.0,-0.0,-0.002201953601926,-0.022262271061992,-0.000710866910858,0.0032251221001890003,-0.0025697496948030004,-0.00010347985348200002,0.021071307505706387,1.7192980003528646,0.13955400027043652,0.06329500001811539,0.0
pd,00:06:32.579,1691,-90.0,-89.998,40.001,-90.008,0.078,0.003,0.0,0.0,0.0,0.0,0.0,0.0,-90.0,-89.997,40.0,-89.987,0.079,0.003,-90.0,-89.9975,40.0005,-89.9975,0.0785,0.003,0.0,0.07992195121989382,-0.07992195121932594,1.6783609756098197,0.07992195121951226,0.0,0.0,0.0005000000000023874,-0.000499999999995282,0.010499999999993292,0.0005000000000000004,0.0,0.0206547,-0.0481943,-0.0275396,0.0619641,-0.0,-0.0,-0.002201953601926,-0.022262271061992,-0.000710866910858,0.0032251221001890003,-0.0025697496948030004,-0.00010347985348200002,0.021071307505706387,2.0812949996980024,0.25386799961779616,0.12333299991951208,0.0
pd,00:06:32.581,1692,-90.0,-89.998,40.001,-90.014,0.078,0.003,0.0,0.0,0.0,-2.332112315818826,0.0,0.0,-90.0,-89.997,40.0,-89.987,0.079,0.003,-90.0,-89.9975,40.0005,-89.76728876841811,0.0785,0.003,0.0,0.09717134649291138,-0.09717134649222095,47.9465251352432,0.09717134649244749,0.0,0.0,0.0005000000000023874,-0.000499999999995282,0.2467112315818838,0.0005000000000000004,0.0,0.0206547,-0.0481943,-0.0275396,0.0619641,-0.0,-0.0,-0.002201953601926,-0.022262271061992,-0.000710866910858,0.0032251221001890003,-0.0025697496948030004,-0.00010347985348200002,0.02705549851693848,1.732242000343831,0.174386999788112,0.07564699990325607,0.0
pd,00:06:32.583,1693,-90.0,-89.998,40.001,-90.014,0.078,0.003,0.0,0.0,0.0,0.0,0.0,0.0,-90.0,-89.997,40.0,-89.987,0.079,0.003,-90.0,-89.9975,40.0005,-90.00049999999999,0.0785,0.003,0.0,0.12105472177384054,-0.12105472177298039,3.268477487878212,0.12105472177326264,0.0,0.0,0.0005000000000023874,-0.000499999999995282,0.013500000000007617,0.0005000000000000004,0.0,-0.0550792,0.0068849,-0.0137698,-0.0275396,0.0413094,-0.034424500000000004,-0.0019245421245179999,-0.021378021977754,-0.001369719169702,0.0032251221001890003,-0.0050877594628650005,0.000379426129434,0.02705549851693848,4.734843000278488,0.24266500031444593,0.11951700025747414,0.0
pd,00:06:32.589,1694,-90.0,-89.998,40.001,-90.014,0.078,0.003,0.0,0.0,0.0,0.0,0.0,0.0,-90.0,-89.997,40.0,-89.987,0.079,0.003,-90.0,-89.9975,40.0005,-90.00049999999999,0.0785,0.003,0.0,0.04809099247867395,-0.04809099247833224,1.2984567969180458,0.04809099247844437,0.0,0.0,0.0005000000000023874,-0.000499999999995282,0.013500000000007617,0.0005000000000000004,0.0,-0.0550792,0.0068849,-0.0137698,-0.0275396,0.0413094,-0.034424500000000004,-0.0019245421245179999,-0.021378021977754,-0.001369719169702,0.0032251221001890003,-0.0050877594628650005,0.000379426129434,0.02705549851693848,1.9674810000651632,0.19316399993840605,0.09470300028624479,0.0
pd,00:06:32.591,1695,-90.0,-89.998,40.001,-90.014,0.078,0.003,0.0,0.0,0.0,0.0,0.0,0.0,-90.0,-89.997,40.0,-89.987,0.079,0.003,-90.0,-89.9975,40.0005,-90.00049999999999,0.0785,0.003,0.0,0.10676876081916371,-0.10676876081840507,2.8827565421037646,0.106768760818654,0.0,0.0,0.0005000000000023874,-0.000499999999995282,0.013500000000007617,0.0005000000000000004,0.0,-0.0550792,0.0068849,-0.0137698,-0.0275396,0.0413094,-0.034424500000000004,-0.0019245421245179999,-0.021378021977754,-0.001369719169702,0.0032251221001890003,-0.0050877594628650005,0.000379426129434,0.02705549851693848,1.8293339999218006,0.18823900018105633,0.08920199979911558,0.0
pd,00:06:32.593,1696,-90.0,-89.998,40.001,-90.014,0.078,0.003,0.0,0.0,0.0,0.0,0.0,0.0,-90.0,-89.997,40.0,-89.987,0.079,0.003,-90.0,-89.9975,40.0005,-90.00049999999999,0.0785,0.003,0.0,0.11409967355876026,-0.11409967355794953,3.080691186071934,0.11409967355821556,0.0,0.0,0.0005000000000023874,-0.000499999999995282,0.013500000000007617,0.0005000000000000004,0.0,-0.0550792,0.0068849,-0.0137698,-0.0275396,0.0413094,-0.034424500000000004,-0.0019245421245179999,-0.021378021977754,-0.001369719169702,0.0032251221001890003,-0.0050877594628650005,0.000379426129434,0.02705549851693848,1.8447789998390363,0.16681300030541024,0.07136899967008503,0.0
pd,00:06:32.595,1697,-90.0,-89.998,40.001,-90.014,0.078,0.003,0.0,0.0,0.0,0.0,0.0,0.0,-90.0,-89.997,40.0,-89.987,0.079,0.003,-90.0,-89.9975,40.0005,-90.00049999999999,0.0785,0.003,0.0,0.11598009069848543,-0.11598009069766134,3.1314624488442733,0.11598009069793175,0.0,0.0,0.0005000000000023874,-0.000499999999995282,0.013500000000007617,0.0005000000000000004,0.0,-0.0550792,0.0068849,-0.0137698,-0.0275396,0.0413094,-0.034424500000000004,-0.0019245421245179999,-0.021378021977754,-0.001369719169702,0.0032251221001890003,-0.0050877594628650005,0.000379426129434,0.02705549851693848,1.736704999984795,0.13892500010115327,0.061703000028501265,0.0
pd,00:06:32.597,1698,-90.0,-89.998,40.001,-90.014,0.078,0.003,0.0,0.0,0.0,0.0,0.0,0.0,-90.0,-89.997,40.0,-89.987,0.079,0.003,-90.0,-89.9975,40.0005,-90.00049999999999,0.0785,0.003,0.0,0.12483047619107224,-0.12483047619018527,3.370422857142985,0.1248304761904763,0.0,0.0,0.0005000000000023874,-0.000499999999995282,0.013500000000007617,0.0005000000000000004,0.0,-0.0550792,0.0068849,-0.0137698,-0.0275396,0.0413094,-0.034424500000000004,-0.0019245421245179999,-0.021378021977754,-0.001369719169702,0.0032251221001890003,-0.0050877594628650005,0.000379426129434,0.02705549851693848,1.8247049997626164,0.279701000181376,0.12551800000437652,0.0
pd,00:06:32.600,1699,-90.0,-89.998,40.001,-90.012,0.078,0.003,0.0,0.0,0.0,0.8535417175397283,0.0,0.0,-90.0,-89.997,40.0,-89.987,0.079,0.003,-90.0,-89.9975,40.0005,-90.08485417175397,0.0785,0.003,0.0,0.10669271469322414,-0.10669271469246604,-15.546018722240708,0.10669271469271478,0.0,0.0,0.0005000000000023874,-0.000499999999995282,-0.07285417175397413,0.0005000000000000004,0.0,-0.0550792,0.0068849,-0.0137698,-0.0275396,0.0413094,-0.034424500000000004,-0.0019245421245179999,-0.021378021977754,-0.001369719169702,0.0032251221001890003,-0.0050877594628650005,0.000379426129434,0.025059928172289105,1.8976110000039625,0.18846100010705413,0.08253600026364438,0.0
pd,00:06:32.602,1700,-90.0,-89.998,40.001,-90.012,0.078,0.003,0.0,0.0,0.0,0.0,0.0,0.0,-90.0,-89.997,40.0,-89.987,0.079,0.003,-90.0,-89.9975,40.0005,-89.9995,0.0785,0.003,0.0,0.1112901719385488,-0.11129017193775803,2.782254298451068,0.1112901719380175,0.0,0.0,0.0005000000000023874,-0.000499999999995282,0.012500000000002842,0.0005000000000000004,0.0,-0.0550792,0.0068849,-0.0137698,-0.0275396,0.0413094,-0.034424500000000004,-0.0019245421245179999,-0.021378021977754,-0.001369719169702,0.0032251221001890003,-0.0050877594628650005,-0.000569139194151,0.025059928172289105,1.7820940001911367,0.9368789997097338,0.21273799984555808,0.0
pd,00:06:32.608,1701,-90.0,-89.998,40.001,-90.012,0.078,0.003,0.0,0.0,0.0,0.0,0.0,0.0,-90.0,-89.997,40.0,-89.987,0.079,0.003,-90.0,-89.9975,40.0005,-89.9995,0.0785,0.003,0.0,0.04305382878279642,-0.043053828782490505,1.076345719565016,0.04305382878259088,0.0,0.0,0.0005000000000023874,-0.000499999999995282,0.012500000000002842,0.0005000000000000004,0.0,0.0068849,-0.0550792,-0.0137698,-0.0206547,0.0068849,-0.034424500000000004,-0.0029128205127839997,-0.021048595848331998,-0.00112698412697,0.0034665750916470003,-0.0019661172161580002,-0.000569139194151,0.025059928172289105,2.1109060003254854,0.24053499964793446,0.10397999994893325,0.0
pd,00:06:32.610,1702,-90.0,-89.998,40.001,-90.012,0.078,0.003,0.0,0.0,0.0,0.0,0.0,0.0,-90.0,-89.997,40.0,-89.987,0.079,0.003,-90.0,-89.9975,40.0005,-89.9995,0.0785,0.003,0.0,0.09756918209779536,-0.0975691820971021,2.4392295524337917,0.09756918209732958,0.0,0.0,0.0005000000000023874,-0.000499999999995282,0.012500000000002842,0.0005000000000000004,0.0,0.0068849,-0.0550792,-0.0137698,-0.0206547,0.0068849,-0.034424500000000004,-0.0029128205127839997,-0.021048595848331998,-0.00112698412697,0.0034665750916470003,-0.0019661172161580002,-0.000569139194151,0.025059928172289105,1.815314999930706,0.2527749998080253,0.1272579997930734,0.0
pd,00:06:32.613,1703,-90.0,-89.998,40.001,-90.012,0.078,0.003,0.0,0.0,0.0,0.0,0.0,0.0,-90.0,-89.997,40.0,-89.987,0.079,0.003,-90.0,-89.9975,40.0005,-89.9995,0.0785,0.003,0.0,0.10840235707691583,-0.10840235707614558,2.710058926910572,0.10840235707639832,0.0,0.0,0.0005000000000023874,-0.000499999999995282,0.012500000000002842,0.0005000000000000004,0.0,0.0068849,-0.0550792,-0.0137698,-0.0206547,0.0068849,-0.034424500000000004,-0.0029128205127839997,-0.021048595848331998,-0.00112698412697,0.0034665750916470003,-0.0019661172161580002,-0.000569139194151,0.025059928172289105,2.125534999777301,0.2476829999977781,0.11927700006708619,0.0
pd,00:06:32.615,1704,-90.0,-89.998,40.001,-90.012,0.078,0.003,0.0,0.0,0.0,0.0,0.0,0.0,-90.0,-89.997,40.0,-89.987,0.079,0.003,-90.0,-89.9975,40.0005,-89.9995,0.0785,0.003,0.0,0.09605862953508673,-0.0960586295344042,2.4014657383662477,0.09605862953462815,0.0,0.0,0.0005000000000023874,-0.000499999999995282,0.012500000000002842,0.0005000000000000004,0.0,0.0068849,-0.0550792,-0.0137698,-0.0206547,0.0068849,-0.034424500000000004,-0.0029128205127839997,-0.021048595848331998,-0.00112698412697,0.0034665750916470003,-0.0019661172161580002,-0.000569139194151,0.025059928172289105,1.7501130000709963,0.15375700013464666,0.06516600024042418,0.0
pd,00:06:32.617,1705,-90.0,-89.998,40.001,-90.012,0.078,0.003,0.0,0.0,0.0,0.0,0.0,0.0,-90.0,-89.997,40.0,-89.987,0.079,0.003,-90.0,-89.9975,40.0005,-89.9995,0.0785,0.003,0.0,0.12268351468410048,-0.12268351468322876,3.0670878670885644,0.1226835146835148,0.0,0.0,0.0005000000000023874,-0.000499999999995282,0.012500000000002842,0.0005000000000000004,0.0,0.0068849,-0.0550792,-0.0137698,-0.0206547,0.0068849,-0.034424500000000004,-0.0029128205127839997,-0.021048595848331998,-0.00112698412697,0.0034665750916470003,-0.0019661172161580002,-0.000569139194151,0.025059928172289105,1.783796999916376,0.2449789999445784,0.16792400037957123,0.0
pd,00:06:32.620,1706,-90.0,-89.998,40.001,-90.012,0.078,0.003,0.0,0.0,0.0,0.0,0.0,0.0,-90.0,-89.997,40.0,-89.987,0.079,0.003,-90.0,-89.9975,40.0005,-89.9995,0.0785,0.003,0.0,0.10841356493021162,-0.10841356492944129,2.7103391232429654,0.10841356492969406,0.0,0.0,0.0005000000000023874,-0.000499999999995282,0.012500000000002842,0.0005000000000000004,0.0,0.0068849,-0.0550792,-0.0137698,-0.0206547,0.0068849,-0.034424500000000004,-0.0029128205127839997,-0.021048595848331998,-0.00112698412697,0.0034665750916470003,-0.0019661172161580002,-0.000569139194151,0.025059928172289105,1.847018999797001,0.17488699995737989,0.07037000023046858,0.0
pd,00:06:32.622,1707,-90.0,-89.998,40.001,-90.012,0.078,0.003,0.0,0.0,0.0,0.0,0.0,0.0,-90.0,-89.997,40.0,-89.987,0.079,0.003,-90.0,-89.9975,40.0005,-89.9995,0.0785,0.003,0.0,0.11540567906724707,-0.11540567906642706,2.8851419766680566,0.11540567906669612,0.0,0.0,0.0005000000000023874,-0.000499999999995282,0.012500000000002842,0.0005000000000000004,0.0,0.0068849,-0.0550792,-0.0137698,-0.0206547,0.0068849,-0.034424500000000004,-0.0029128205127839997,-0.021048595848331998,-0.00112698412697,0.0034665750916470003,-0.0019661172161580002,-0.000569139194151,0.025059928172289105,1.712724000299204,0.16892500025278423,0.3640889999587671,0.0
pd,00:06:32.624,1708,-90.0,-89.998,40.001,-90.012,0.078,0.003,0.0,0.0,0.0,0.0,0.0,0.0,-90.0,-89.997,40.0,-89.987,0.079,0.003,-90.0,-89.9975,40.0005,-89.9995,0.0785,0.003,0.0,0.10256025039172602,-0.10256025039099728,2.5640062597814905,0.1025602503912364,0.0,0.0,0.0005000000000023874,-0.000499999999995282,0.012500000000002842,0.0005000000000000004,0.0,0.034424500000000004,0.0206547,-0.0619641,-0.0,0.034424500000000004,-0.0,-0.00242735042732,-0.021048595848331998,-0.001265689865674,0.003000915750978,-0.004001221001304,-0.00010347985348200002,0.025059928172289105,3.6878159999105264,0.19509000003381516,0.08590700008426211,0.0
pd,00:06:32.628,1709,-90.0,-89.998,40.001,-90.012,0.078,0.003,0.0,0.0,0.0,0.0,0.0,0.0,-90.0,-89.997,40.0,-89.987,0.079,0.003,-90.0,-89.9975,40.0005,-89.9995,0.0785,0.003,0.0,0.06169182796993627,-0.061691827969497924,1.5422956992413932,0.061691827969641753,0.0,0.0,0.0005000000000023874,-0.000499999999995282,0.012500000000002842,0.0005000000000000004,0.0,0.034424500000000004,0.0206547,-0.0619641,-0.0,0.034424500000000004,-0.0,-0.00242735042732,-0.021048595848331998,-0.001265689865674,0.003000915750978,-0.004001221001304,-0.00010347985348200002,0.025059928172289105,1.7618530000618193,0.17668300006334903,0.08283300030598184,0.0
pd,00:06:32.630,1710,-90.0,-89.998,40.001,-90.012,0.078,0.003,0.0,0.0,0.0,0.0,0.0,0.0,-90.0,-89.997,40.0,-89.987,0.079,0.003,-90.0,-89.9975,40.0005,-89.9995,0.0785,0.003,0.0,0.11915636363693259,-0.11915636363608594,2.9789090909097684,0.11915636363636374,0.0,0.0,0.0005000000000023874,-0.000499999999995282,0.012500000000002842,0.0005000000000000004,0.0,0.034424500000000004,0.0206547,-0.0619641,-0.0,0.034424500000000004,-0.0,-0.00242735042732,-0.021048595848331998,-0.001265689865674,0.003000915750978,-0.004001221001304,-0.00010347985348200002,0.025059928172289105,1.9965729998148163,0.19018300008610822,0.08972199975687545,0.0
pd,00:06:32.634,1711,-90.0,-89.998,40.001,-90.012,0.078,0.003,0.0,0.0,0.0,0.0,0.0,0.0,-90.0,-89.997,40.0,-89.987,0.079,0.003,-90.0,-89.9975,40.0005,-89.9995,0.0785,0.003,0.0,0.06922664554070158,-0.06922664554020969,1.7306661385096693,0.0692266455403711,0.0,0.0,0.0005000000000023874,-0.000499999999995282,0.012500000000002842,0.0005000000000000004,0.0,0.034424500000000004,0.0206547,-0.0619641,-0.0,0.034424500000000004,-0.0,-0.00242735042732,-0.021048595848331998,-0.001265689865674,0.003000915750978,-0.004001221001304,-0.00010347985348200002,0.025059928172289105,1.9464259999040223,0.2369049998378614,0.10559100019236212,0.0
pd,00:06:32.636,1712,-90.0,-89.998,40.001,-90.012,0.078,0.003,0.0,0.0,0.0,0.0,0.0,0.0,-90.0,-89.997,40.0,-89.987,0.079,0.003,-90.0,-89.9975,40.0005,-89.9995,0.0785,0.003,0.0,0.10425293298916354,-0.10425293298842277,2.606323324717236,0.10425293298866584,0.0,0.0,0.0005000000000023874,-0.000499999999995282,0.012500000000002842,0.0005000000000000004,0.0,0.034424500000000004,0.0206547,-0.0619641,-0.0,0.034424500000000004,-0.0,-0.00242735042732,-0.021048595848331998,-0.001265689865674,0.003000915750978,-0.004001221001304,-0.00010347985348200002,0.025059928172289105,1.9059629998992023,0.26146100026380736,0.13240599992059288,0.0
pd,00:06:32.639,1713,-90.0,-89.998,40.001,-90.012,0.078,0.003,0.0,0.0,0.0,0.0,0.0,0.0,-90.0,-89.997,40.0,-89.987,0.079,0.003,-90.0,-89.9975,40.0005,-89.9995,0.0785,0.003,0.0,0.10358352267163952,-0.10358352267090351,2.589588066779212,0.10358352267114501,0.0,0.0,0.0005000000000023874,-0.000499999999995282,0.012500000000002842,0.0005000000000000004,0.0,0.034424500000000004,0.0206547,-0.0619641,-0.0,0.034424500000000004,-0.0,-0.00242735042732,-0.021048595848331998,-0.001265689865674,0.003000915750978,-0.004001221001304,-0.00010347985348200002,0.025059928172289105,1.8731119998847134,0.5424209998636798,0.13131400010024663,0.0
pd,00:06:32.641,1714,-90.0,-89.998,40.001,-90.012,0.078,0.003,0.0,0.0,0.0,0.0,0.0,0.0,-90.0,-89.997,40.0,-89.987,0.079,0.003,-90.0,-89.9975,40.0005,-89.9995,0.0785,0.003,0.0,0.09381551400241628,-0.09381551400174969,2.3453878500497414,0.09381551400196841,0.0,0.0,0.0005000000000023874,-0.000499999999995282,0.012500000000002842,0.0005000000000000004,0.0,0.034424500000000004,0.0206547,-0.0619641,-0.0,0.034424500000000004,-0.0,-0.00242735042732,-0.021048595848331998,-0.001265689865674,0.003000915750978,-0.004001221001304,-0.00010347985348200002,0.025059928172289105,1.8221300001641794,0.2334980003979581,0.11985099990852177,0.0
pd,00:06:32.644,1715,-90.0,-89.998,40.001,-90.012,0.078,0.003,0.0,0.0,0.0,0.0,0.0,0.0,-90.0,-89.997,40.0,-89.987,0.079,0.003,-90.0,-89.9975,40.0005,-89.9995,0.0785,0.003,0.0,0.09572539711566613,-0.09572539711498596,2.3931349278807708,0.09572539711520914,0.0,0.0,0.0005000000000023874,-0.000499999999995282,0.012500000000002842,0.0005000000000000004,0.0,-0.0206547,-0.0206547,0.0068849,-0.6265259,-0.034424500000000004,-0.0137698,-0.0025140415140099998,-0.021967521367245998,-0.000641514041506,0.004415140415232,-0.00241452991458,-0.00043116605617500006,0.025059928172289105,3.9952019997144816,0.2393680001659959,0.11283300000286545,0.0
pd,00:06:32.648,1716,-90.0,-89.998,40.001,-90.012,0.078,0.003,0.0,0.0,0.0,0.0,0.0,0.0,-90.0,-89.997,40.0,-89.987,0.079,0.003,-90.0,-89.9975,40.0005,-89.9995,0.0785,0.003,0.0,0.056169702164399336,-0.056169702164000225,1.4042425541035977,0.05616970216413118,0.0,0.0,0.0005000000000023874,-0.000499999999995282,0.012500000000002842,0.0005000000000000004,0.0,-0.0206547,-0.0206547,0.0068849,-0.6265259,-0.034424500000000004,-0.0137698,-0.0025140415140099998,-0.021967521367245998,-0.000641514041506,0.004415140415232,-0.00241452991458,-0.00043116605617500006,0.025059928172289105,1.838852000219049,0.18505400021240348,0.08705499976713327,0.0
pd,00:06:32.651,1717,-90.0,-89.998,40.001,-90.012,0.078,0.003,0.0,0.0,0.0,0.0,0.0,0.0,-90.0,-89.997,40.0,-89.987,0.079,0.003,-90.0,-89.9975,40.0005,-89.9995,0.0785,0.003,0.0,0.11390136867314868,-0.11390136867233937,2.847534216815768,0.11390136867260492,0.0,0.0,0.0005000000000023874,-0.000499999999995282,0.012500000000002842,0.0005000000000000004,0.0,-0.0206547,-0.0206547,0.0068849,-0.6265259,-0.034424500000000004,-0.0137698,-0.0025140415140099998,-0.021967521367245998,-0.000641514041506,0.004415140415232,-0.00241452991458,-0.00043116605617500006,0.025059928172289105,1.692280000042956,0.14581400000679423,0.06174000009195879,0.0
pd,00:06:32.653,1718,-90.0,-89.998,40.001,-90.012,0.078,0.003,0.0,0.0,0.0,0.0,0.0,0.0,-90.0,-89.997,40.0,-89.987,0.079,0.003,-90.0,-89.9975,40.0005,-89.9995,0.0785,0.003,0.0,0.12713094083474863,-0.12713094083384532,3.1782735208542627,0.12713094083414173,0.0,0.0,0.0005000000000023874,-0.000499999999995282,0.012500000000002842,0.0005000000000000004,0.0,-0.0206547,-0.0206547,0.0068849,-0.6265259,-0.034424500000000004,-0.0137698,-0.0025140415140099998,-0.021967521367245998,-0.000641514041506,0.004415140415232,-0.00241452991458,-0.00043116605617500006,0.025059928172289105,1.7710940001052222,0.1590360002410307,0.07011099978626589,0.0
pd,00:06:32.655,1719,-90.0,-89.998,40.001,-90.012,0.078,0.003,0.0,0.0,0.0,0.0,0.0,0.0,-90.0,-89.997,40.0,-89.987,0.079,0.003,-90.0,-89.9975,40.0005,-89.9995,0.0785,0.003,0.0,0.12067855909828597,-0.1206785590974285,3.01696397744343,0.12067855909770986,0.0,0.0,0.0005000000000023874,-0.000499999999995282,0.012500000000002842,0.0005000000000000004,0.0,-0.0206547,-0.0206547,0.0068849,-0.6265259,-0.034424500000000004,-0.0137698,-0.0025140415140099998,-0.021967521367245998,-0.000641514041506,0.004415140415232,-0.00241452991458,-0.00043116605617500006,0.025059928172289105,2.291680999860546,0.2379980001023796,0.12172099968665862,0.0
pd,00:06:32.657,1720,-90.0,-89.998,40.001,-90.012,0.078,0.003,0.0,0.0,0.0,0.0,0.0,0.0,-90.0,-89.997,40.0,-89.987,0.079,0.003,-90.0,-89.9975,40.0005,-89.9995,0.0785,0.003,0.0,0.09069157585236177,-0.09069157585171737,2.2672893962987337,0.09069157585192882,0.0,0.0,0.0005000000000023874,-0.000499999999995282,0.012500000000002842,0.0005000000000000004,0.0,-0.0206547,-0.0206547,0.0068849,-0.6265259,-0.034424500000000004,-0.0137698,-0.0025140415140099998,-0.021967521367245998,-0.000641514041506,0.004415140415232,-0.00241452991458,-0.00043116605617500006,0.025059928172289105,1.717261000067083,0.14386900011231774,0.059592000070551876,0.0
pd,00:06:32.661,1721,-90.0,-89.998,40.001,-90.012,0.078,0.003,0.0,0.0,0.0,0.0,0.0,0.0,-90.0,-89.997,40.0,-89.987,0.079,0.003,-90.0,-89.9975,40.0005,-89.9995,0.0785,0.003,0.0,0.07611061914821854,-0.07611061914767774,1.9027654786968107,0.07611061914785519,0.0,0.0,0.0005000000000023874,-0.000499999999995282,0.012500000000002842,0.0005000000000000004,0.0,-0.0206547,-0.0206547,0.0068849,-0.6265259,-0.034424500000000004,-0.0137698,-0.0025140415140099998,-0.021967521367245998,-0.000641514041506,0.004415140415232,-0.00241452991458,-0.00043116605617500006,0.025059928172289105,1.9658700002764817,0.2380529999754799,0.09875800014924607,0.0
pd,00:06:32.663,1722,-90.0,-89.998,40.001,-90.012,0.078,0.003,0.0,0.0,0.0,0.0,0.0,0.0,-90.0,-89.997,40.0,-89.987,0.079,0.003,-90.0,-89.9975,40.0005,-89.9995,0.0785,0.003,0.0,0.10369620253214071,-0.1036962025314039,2.5924050632917286,0.10369620253164566,0.0,0.0,0.0005000000000023874,-0.000499999999995282,0.012500000000002842,0.0005000000000000004,0.0,-0.0068849,-0.0137698,0.034424500000000004,0.0068849,-0.0275396,-0.0068849,-0.002548717948686,-0.02193284493257,-0.000641514041506,0.003000915750978,-0.003035409035472,-0.000258699633705,0.025059928172289105,3.5785939999186667,0.8712139997442137,0.13831400019626017,0.0
pd,00:06:32.668,1723,-90.0,-89.998,40.001,-90.012,0.078,0.003,0.0,0.0,0.0,0.0,0.0,0.0,-90.0,-89.997,40.0,-89.987,0.079,0.003,-90.0,-89.9975,40.0005,-89.9995,0.0785,0.003,0.0,0.05211351324511738,-0.05211351324474709,1.30283783112201,0.05211351324486859,0.0,0.0,0.0005000000000023874,-0.000499999999995282,0.012500000000002842,0.0005000000000000004,0.0,-0.0068849,-0.0137698,0.034424500000000004,0.0068849,-0.0275396,-0.0068849,-0.002548717948686,-0.02193284493257,-0.000641514041506,0.003000915750978,-0.003035409035472,-0.000258699633705,0.025059928172289105,1.978944000256888,0.27770099995905184,0.13599900012195576,0.0
pd,00:06:32.670,1724,-90.0,-89.998,40.001,-90.012,0.078,0.003,0.0,0.0,0.0,0.0,0.0,0.0,-90.0,-89.997,40.0,-89.987,0.079,0.003,-90.0,-89.9975,40.0005,-89.9995,0.0785,0.003,0.0,0.0996177085317316,-0.09961770853102377,2.490442713281965,0.09961770853125602,0.0,0.0,0.0005000000000023874,-0.000499999999995282,0.012500000000002842,0.0005000000000000004,0.0,-0.0068849,-0.0137698,0.034424500000000004,0.0068849,-0.0275396,-0.0068849,-0.002548717948686,-0.02193284493257,-0.000641514041506,0.003000915750978,-0.003035409035472,-0.000258699633705,0.025059928172289105,1.8807779997587204,0.25655400031610043,0.21203500000410713,0.0
pd,00:06:32.673,1725,-90.0,-89.998,40.001,-90.012,0.078,0.003,0.0,0.0,0.0,0.0,0.0,0.0,-90.0,-89.997,40.0,-89.987,0.079,0.003,-90.0,-89.9975,40.0005,-89.9995,0.0785,0.003,0.0,0.10130190319824237,-0.10130190319752258,2.5325475799445427,0.10130190319775877,0.0,0.0,0.0005000000000023874,-0.000499999999995282,0.012500000000002842,0.0005000000000000004,0.0,-0.0068849,-0.0137698,0.034424500000000004,0.0068849,-0.0275396,-0.0068849,-0.002548717948686,-0.02193284493257,-0.000641514041506,0.003000915750978,-0.003035409035472,-0.000258699633705,0.025059928172289105,2.026924999881885,0.40142200032278197,0.14986899986979552,0.0
pd,00:06:32.676,1726,-90.0,-89.998,40.001,-90.012,0.078,0.003,0.0,0.0,0.0,0.0,0.0,0.0,-90.0,-89.997,40.0,-89.987,0.079,0.003,-90.0,-89.9975,40.0005,-89.9995,0.0785,0.003,0.0,0.09084872639100734,-0.09084872639036183,2.2712181597648553,0.09084872639057363,0.0,0.0,0.0005000000000023874,-0.000499999999995282,0.012500000000002842,0.0005000000000000004,0.0,-0.0068849,-0.0137698,0.034424500000000004,0.0068849,-0.0275396,-0.0068849,-0.002548717948686,-0.02193284493257,-0.000641514041506,0.003000915750978,-0.003035409035472,-0.000258699633705,0.025059928172289105,2.0078140000805433,0.2694230001907272,0.17403499987267423,0.0
pd,00:06:32.678,1727,-90.0,-89.998,40.001,-90.012,0.078,0.003,0.0,0.0,0.0,0.0,0.0,0.0,-90.0,-89.997,40.0,-89.987,0.079,0.003,-90.0,-89.9975,40.0005,-89.9995,0.0785,0.003,0.0,0.09724343874663886,-0.0972434387459479,2.431085968654916,0.09724343874617462,0.0,0.0,0.0005000000000023874,-0.000499999999995282,0.012500000000002842,0.0005000000000000004,0.0,-0.0068849,-0.0137698,0.034424500000000004,0.0068849,-0.0275396,-0.0068849,-0.002548717948686,-0.02193284493257,-0.000641514041506,0.003000915750978,-0.003035409035472,-0.000258699633705,0.025059928172289105,2.1577749998868967,0.29823799968653475,0.13584999987870106,0.0
pd,00:06:32.681,1728,-90.0,-89.998,40.001,-90.023,0.078,0.003,0.0,0.0,0.0,-4.063532147259282,0.0,0.0,-90.0,-89.997,40.0,-89.987,0.079,0.003,-90.0,-89.9975,40.0005,-89.59864678527407,0.0785,0.003,0.0,0.09235300334727908,-0.09235300334662289,78.38058771965045,0.0923530033468382,0.0,0.0,0.0005000000000023874,-0.000499999999995282,0.4243532147259259,0.0005000000000000004,0.0,-0.0068849,-0.0137698,0.034424500000000004,0.0068849,-0.0275396,-0.0068849,-0.002548717948686,-0.02193284493257,-0.000641514041506,0.003000915750978,-0.003035409035472,-0.000258699633705,0.03604164258188163,2.225738000106503,0.25894200007314794,0.14218399974197382,0.0
pd,00:06:32.684,1729,-90.0,-89.998,40.001,-90.023,0.078,0.003,0.0,0.0,0.0,0.0,0.0,0.0,-90.0,-89.997,40.0,-89.987,0.079,0.003,-90.0,-89.9975,40.0005,-90.005,0.0785,0.003,0.0,0.08985227078020623,-0.0898522707795678,3.234681748072102,0.08985227077977728,0.0,0.0,0.0005000000000023874,-0.000499999999995282,0.018000000000000682,0.0005000000000000004,0.0,0.0068849,-0.0275396,-0.0275396,-0.0137698,-0.0068849,0.0481943,-0.001976556776532,-0.021083272283008,-0.001421733821716,0.0030871489622130003,-0.002276556776604,-0.000569139194151,0.03604164258188163,4.479605000142328,0.27381200015952345,0.19947900000261143,0.0
pd,00:06:32.689,1730,-90.0,-89.998,40.001,-90.023,0.078,0.003,0.0,0.0,0.0,0.0,0.0,0.0,-90.0,-89.997,40.0,-89.987,0.079,0.003,-90.0,-89.9975,40.0005,-90.005,0.0785,0.003,0.0,0.04916890181023196,-0.04916890180988259,1.7700804651599658,0.04916890180999723,0.0,0.0,0.0005000000000023874,-0.000499999999995282,0.018000000000000682,0.0005000000000000004,0.0,0.0068849,-0.0275396,-0.0275396,-0.0137698,-0.0068849,0.0481943,-0.001976556776532,-0.021083272283008,-0.001421733821716,0.0030871489622130003,-0.002276556776604,-0.000569139194151,0.03604164258188163,1.9485550001263618,0.2709229997890361,0.13092400013192673,0.0
pd,00:06:32.692,1731,-90.0,-89.998,40.001,-90.023,0.078,0.003,0.0,0.0,0.0,0.0,0.0,0.0,-90.0,-89.997,40.0,-89.987,0.079,0.003,-90.0,-89.9975,40.0005,-90.005,0.0785,0.003,0.0,0.06783826098240324,-0.06783826098192121,2.442177395354948,0.06783826098207937,0.0,0.0,0.0005000000000023874,-0.000499999999995282,0.018000000000000682,0.0005000000000000004,0.0,0.0068849,-0.0275396,-0.0275396,-0.0137698,-0.0068849,0.0481943,-0.001976556776532,-0.021083272283008,-0.001421733821716,0.0030871489622130003,-0.002276556776604,-0.000569139194151,0.03604164258188163,2.3682739997639146,0.29381199965428095,0.152128000081575,0.0
pd,00:06:32.695,1732,-90.0,-89.998,40.001,-90.023,0.078,0.003,0.0,0.0,0.0,0.0,0.0,0.0,-90.0,-89.997,40.0,-89.987,0.079,0.003,-90.0,-89.9975,40.0005,-90.005,0.0785,0.003,0.0,0.08447401917385054,-0.08447401917325031,3.041064690244214,0.08447401917344727,0.0,0.0,0.0005000000000023874,-0.000499999999995282,0.018000000000000682,0.0005000000000000004,0.0,0.0068849,-0.0275396,-0.0275396,-0.0137698,-0.0068849,0.0481943,-0.001976556776532,-0.021083272283008,-0.001421733821716,0.0030871489622130003,-0.002276556776604,-0.000569139194151,0.03604164258188163,1.9845549995807232,0.3301450001345074,0.15971999982866691,0.0
pd,00:06:32.698,1733,-90.0,-89.998,40.001,-90.023,0.078,0.003,0.0,0.0,0.0,0.0,0.0,0.0,-90.0,-89.997,40.0,-89.987,0.079,0.003,-90.0,-89.9975,40.0005,-90.005,0.0785,0.003,0.0,0.0961026487036025,-0.09610264870291964,3.4596953533133012,0.09610264870314371,0.0,0.0,0.0005000000000023874,-0.000499999999995282,0.018000000000000682,0.0005000000000000004,0.0,0.0068849,-0.0275396,-0.0275396,-0.0137698,-0.0068849,0.0481943,-0.001976556776532,-0.021083272283008,-0.001421733821716,0.0030871489622130003,-0.002276556776604,-0.000569139194151,0.03604164258188163,2.1824419995937205,0.2847010000550654,0.16744300000937073,0.0
pd,00:06:32.701,1734,-90.0,-89.998,40.001,-90.023,0.078,0.003,0.0,0.0,0.0,0.0,0.0,0.0,-90.0,-89.997,40.0,-89.987,0.079,0.003,-90.0,-89.9975,40.0005,-90.005,0.0785,0.003,0.0,0.09010707226991552,-0.09010707226927527,3.2438546017015923,0.09010707226948535,0.0,0.0,0.0005000000000023874,-0.000499999999995282,0.018000000000000682,0.0005000000000000004,0.0,0.0068849,-0.0275396,-0.0275396,-0.0137698,-0.0068849,0.0481943,-0.001976556776532,-0.021083272283008,-0.001421733821716,0.0030871489622130003,-0.002276556776604,-0.000569139194151,0.03604164258188163,1.991351000015129,0.326848999975482,0.15077699981702608,0.0
pd,00:06:32.703,1735,-90.0,-89.998,40.001,-90.023,0.078,0.003,0.0,0.0,0.0,0.0,0.0,0.0,-90.0,-89.997,40.0,-89.987,0.079,0.003,-90.0,-89.9975,40.0005,-90.005,0.0785,0.003,0.0,0.09605862953508673,-0.0960586295344042,3.4581106632467415,0.09605862953462815,0.0,0.0,0.0005000000000023874,-0.000499999999995282,0.018000000000000682,0.0005000000000000004,0.0,0.0481943,-0.0068849,-0.0275396,0.0275396,0.0206547,-0.0275396,-0.00234065934063,-0.021378021977754,-0.0020459096458839998,0.0025352564103090004,-0.001276251526278,0.000275946275952,0.03604164258188163,4.563067000162846,0.27520100002220715,0.13816599994243006,0.0
pd,00:06:32.708,1736,-90.0,-89.998,40.001,-90.023,0.078,0.003,0.0,0.0,0.0,0.0,0.0,0.0,-90.0,-89.997,40.0,-89.987,0.079,0.003,-90.0,-89.9975,40.0005,-90.005,0.0785,0.003,0.0,0.049051597511578185,-0.04905159751122965,1.7658575104084497,0.04905159751134401,0.0,0.0,0.0005000000000023874,-0.000499999999995282,0.018000000000000682,0.0005000000000000004,0.0,0.0481943,-0.0068849,-0.0275396,0.0275396,0.0206547,-0.0275396,-0.00234065934063,-0.021378021977754,-0.0020459096458839998,0.0025352564103090004,-0.001276251526278,0.000275946275952,0.03604164258188163,1.983536999887292,0.2957570000035048,0.13907299990023603,0.0
pd,00:06:32.711,1737,-90.0,-89.998,40.001,-90.023,0.078,0.003,0.0,0.0,0.0,0.0,0.0,0.0,-90.0,-89.997,40.0,-89.987,0.079,0.003,-90.0,-89.9975,40.0005,-90.005,0.0785,0.003,0.0,0.09838393694924065,-0.09838393694854158,3.5418217301558856,0.09838393694877097,0.0,0.0,0.0005000000000023874,-0.000499999999995282,0.018000000000000682,0.0005000000000000004,0.0,0.0481943,-0.0068849,-0.0275396,0.0275396,0.0206547,-0.0275396,-0.00234065934063,-0.021378021977754,-0.0020459096458839998,0.0025352564103090004,-0.001276251526278,0.000275946275952,0.03604164258188163,2.2042190003048745,0.5151810000825208,0.185553999926924,0.0
pd,00:06:32.714,1738,-90.0,-89.998,40.001,-90.023,0.078,0.003,0.0,0.0,0.0,0.0,0.0,0.0,-90.0,-89.997,40.0,-89.987,0.079,0.003,-90.0,-89.9975,40.0005,-90.005,0.0785,0.003,0.0,0.08029527528945607,-0.08029527528888554,2.8906299104067257,0.08029527528907274,0.0,0.0,0.0005000000000023874,-0.000499999999995282,0.018000000000000682,0.0005000000000000004,0.0,0.0481943,-0.0068849,-0.0275396,0.0275396,0.0206547,-0.0275396,-0.00234065934063,-0.021378021977754,-0.0020459096458839998,0.0025352564103090004,-0.001276251526278,0.000275946275952,0.03604164258188163,1.9649989999379613,0.2644979999786301,0.12320199994064751,0.0
pd,00:06:32.717,1739,-90.0,-89.998,40.001,-90.023,0.078,0.003,0.0,0.0,0.0,0.0,0.0,0.0,-90.0,-89.997,40.0,-89.987,0.079,0.003,-90.0,-89.9975,40.0005,-90.005,0.0785,0.003,0.0,0.10152749806400144,-0.10152749806328004,3.654989930286738,0.10152749806351674,0.0,0.0,0.0005000000000023874,-0.000499999999995282,0.018000000000000682,0.0005000000000000004,0.0,0.0481943,-0.0068849,-0.0275396,0.0275396,0.0206547,-0.0275396,-0.00234065934063,-0.021378021977754,-0.0020459096458839998,0.0025352564103090004,-0.001276251526278,0.000275946275952,0.03604164258188163,1.7951859999811859,0.20129399990764796,0.08509100007358938,0.0
pd,00:06:32.719,1740,-90.0,-89.998,40.001,-90.023,0.078,0.003,0.0,0.0,0.0,0.0,0.0,0.0,-90.0,-89.997,40.0,-89.987,0.079,0.003,-90.0,-89.9975,40.0005,-90.005,0.0785,0.003,0.0,0.11559651637140413,-0.11559651637058276,4.161474589350836,0.11559651637085228,0.0,0.0,0.0005000000000023874,-0.000499999999995282,0.018000000000000682,0.0005000000000000004,0.0,0.0481943,-0.0068849,-0.0275396,0.0275396,0.0206547,-0.0275396,-0.00234065934063,-0.021378021977754,-0.0020459096458839998,0.0025352564103090004,-0.001276251526278,0.000275946275952,0.03604164258188163,1.6665020002619713,0.15672099971197895,0.10936900025626528,0.0
pd,00:06:32.722,1741,-90.0,-89.998,40.001,-90.023,0.078,0.003,0.0,0.0,0.0,0.0,0.0,0.0,-90.0,-89.997,40.0,-89.987,0.079,0.003,-90.0,-89.9975,40.0005,-90.005,0.0785,0.003,0.0,0.0770728408676962,-0.07707284086714856,2.77462227122392,0.07707284086732825,0.0,0.0,0.0005000000000023874,-0.000499999999995282,0.018000000000000682,0.0005000000000000004,0.0,0.0481943,0.0619641,-0.0275396,0.0413094,-0.0550792,-0.0137698,-0.003172893772854,-0.021031257630993998,0.000138705738704,0.002552503052556,-0.0025697496948030004,3.4493284494e-05,0.03604164258188163,3.1014880000839185,0.4619029996320023,0.17912799967234605,0.0
pd,00:06:32.726,1742,-90.0,-89.998,40.001,-90.023,0.078,0.003,0.0,0.0,0.0,0.0,0.0,0.0,-90.0,-89.997,40.0,-89.987,0.079,0.003,-90.0,-89.9975,40.0005,-90.005,0.0785,0.003,0.0,0.06309880852118226,-0.06309880852073392,2.2715571067518012,0.06309880852088103,0.0,0.0,0.0005000000000023874,-0.000499999999995282,0.018000000000000682,0.0005000000000000004,0.0,-0.0481943,0.0619641,-0.0275396,0.0413094,-0.0550792,-0.0137698,-0.003172893772854,-0.021031257630993998,0.000138705738704,0.002552503052556,-0.0025697496948030004,3.4493284494e-05,0.03604164258188163,2.795547000005172,0.24044200017669937,0.11579499960134854,0.0
pd,00:06:32.729,1743,-90.0,-89.998,40.001,-90.023,0.078,0.003,0.0,0.0,0.0,0.0,0.0,0.0,-90.0,-89.997,40.0,-89.987,0.079,0.003,-90.0,-89.9975,40.0005,-90.005,0.0785,0.003,0.0,0.07689762393700549,-0.07689762393645909,2.768314461719084,0.07689762393663838,0.0,0.0,0.0005000000000023874,-0.000499999999995282,0.018000000000000682,0.0005000000000000004,0.0,-0.0481943,0.0619641,-0.0275396,0.0413094,-0.0550792,-0.0137698,-0.003172893772854,-0.021031257630993998,0.000138705738704,0.002552503052556,-0.0025697496948030004,3.4493284494e-05,0.03604164258188163,2.0716829999400943,0.2312390001861786,0.11670200001390185,0.0
pd,00:06:32.732,1744,-90.0,-89.998,40.001,-90.023,0.078,0.003,0.0,0.0,0.0,0.0,0.0,0.0,-90.0,-89.997,40.0,-89.987,0.079,0.003,-90.0,-89.9975,40.0005,-90.005,0.0785,0.003,0.0,0.09929696969744382,-0.09929696969673828,3.5746909090910446,0.09929696969696979,0.0,0.0,0.0005000000000023874,-0.000499999999995282,0.018000000000000682,0.0005000000000000004,0.0,-0.0481943,0.0619641,-0.0275396,0.0413094,-0.0550792,-0.0137698,-0.003172893772854,-0.021031257630993998,0.000138705738704,0.002552503052556,-0.0025697496948030004,3.4493284494e-05,0.03604164258188163,2.249052000024676,0.24905300006139441,0.1208879998557677,0.0
pd,00:06:32.734,1745,-90.0,-89.998,40.001,-90.023,0.078,0.003,0.0,0.0,0.0,0.0,0.0,0.0,-90.0,-89.997,40.0,-89.987,0.079,0.003,-90.0,-89.9975,40.0005,-90.005,0.0785,0.003,0.0,0.09169881941451742,-0.09169881941386587,3.30115749890699,0.09169881941407966,0.0,0.0,0.0005000000000023874,-0.000499999999995282,0.018000000000000682,0.0005000000000000004,0.0,-0.0481943,0.0619641,-0.0275396,0.0413094,-0.0550792,-0.0137698,-0.003172893772854,-0.021031257630993998,0.000138705738704,0.002552503052556,-0.0025697496948030004,3.4493284494e-05,0.03604164258188163,1.7171320000670676,0.15072099995450117,0.06801800009270664,0.0
pd,00:06:32.736,1746,-90.0,-89.998,40.001,-90.023,0.078,0.003,0.0,0.0,0.0,0.0,0.0,0.0,-90.0,-89.997,40.0,-89.987,0.079,0.003,-90.0,-89.9975,40.0005,-90.005,0.0785,0.003,0.0,0.12460796197326283,-0.12460796197237745,4.485886631016212,0.12460796197266796,0.0,0.0,0.0005000000000023874,-0.000499999999995282,0.018000000000000682,0.0005000000000000004,0.0,-0.0481943,0.0619641,-0.0275396,0.0413094,-0.0550792,-0.0137698,-0.003172893772854,-0.021031257630993998,0.000138705738704,0.002552503052556,-0.0025697496948030004,3.4493284494e-05,0.03604164258188163,1.8073530000037863,0.15436800003953977,0.06946199982849066,0.0
pd,00:06:32.739,1747,-90.0,-89.998,40.001,-90.023,0.078,0.003,0.0,0.0,0.0,0.0,0.0,0.0,-90.0,-89.997,40.0,-89.987,0.079,0.003,-90.0,-89.9975,40.0005,-90.005,0.0785,0.003,0.0,0.11898059684613715,-0.11898059684529175,4.283301486440648,0.11898059684556915,0.0,0.0,0.0005000000000023874,-0.000499999999995282,0.018000000000000682,0.0005000000000000004,0.0,-0.0481943,0.0619641,-0.0275396,0.0413094,-0.0550792,-0.0137698,-0.003172893772854,-0.021031257630993998,0.000138705738704,0.002552503052556,-0.0025697496948030004,3.4493284494e-05,0.03604164258188163,1.6507240002283652,0.13107299992043409,0.05685099995389464,0.0
pd,00:06:32.740,1748,-90.0,-89.998,40.001,-90.023,0.078,0.003,0.0,0.0,0.0,0.0,0.0,0.0,-90.0,-89.997,40.0,-89.987,0.079,0.003,-90.0,-89.9975,40.0005,-90.005,0.0785,0.003,0.0,0.13159839357492556,-0.1315983935739905,4.737542168674878,0.1315983935742973,0.0,0.0,0.0005000000000023874,-0.000499999999995282,0.018000000000000682,0.0005000000000000004,0.0,-0.0481943,0.0619641,-0.0275396,0.0413094,-0.0550792,-0.0137698,-0.003172893772854,-0.021031257630993998,0.000138705738704,0.002552503052556,-0.0025697496948030004,3.4493284494e-05,0.03604164258188163,1.7188909996548318,0.15653500031476142,0.0780169998506608,0.0
pd,00:06:32.742,1749,-90.0,-89.998,40.001,-90.023,0.078,0.003,0.0,0.0,0.0,0.0,0.0,0.0,-90.0,-89.997,40.0,-89.987,0.079,0.003,-90.0,-89.9975,40.0005,-90.005,0.0785,0.003,0.0,0.12327486480190533,-0.12327486480102942,4.43789513284757,0.12327486480131683,0.0,0.0,0.0005000000000023874,-0.000499999999995282,0.018000000000000682,0.0005000000000000004,0.0,0.0,-0.0068849,0.0137698,0.0413094,-0.0619641,0.0068849,-0.0026007326007,-0.021447374847105998,-0.0014910866910679999,0.002276556776604,-0.002052350427393,0.000379426129434,0.03604164258188163,3.0265440000221133,0.3745889998754137,0.09486900034971768,0.0
pd,00:06:32.746,1750,-90.0,-89.998,40.001,-90.023,0.078,0.003,0.0,0.0,0.0,0.0,0.0,0.0,-90.0,-89.997,40.0,-89.987,0.079,0.003,-90.0,-89.9975,40.0005,-90.005,0.0785,0.003,0.0,0.06973769619612974,-0.06973769619563422,2.510557063048778,0.06973769619579681,0.0,0.0,0.0005000000000023874,-0.000499999999995282,0.018000000000000682,0.0005000000000000004,0.0,0.0,-0.0068849,0.0137698,0.0413094,-0.0619641,0.0068849,-0.0026007326007,-0.021447374847105998,-0.0014910866910679999,0.002276556776604,-0.002052350427393,0.000379426129434,0.03604164258188163,2.6597149999361136,0.16598000001977198,0.07557299977634102,0.0
pd,00:06:32.750,1751,-90.0,-89.998,40.001,-90.023,0.078,0.003,0.0,0.0,0.0,0.0,0.0,0.0,-90.0,-89.997,40.0,-89.987,0.079,0.003,-90.0,-89.9975,40.0005,-90.005,0.0785,0.003,0.0,0.06057631426949779,-0.06057631426906737,2.1807473136915903,0.060576314269208606,0.0,0.0,0.0005000000000023874,-0.000499999999995282,0.018000000000000682,0.0005000000000000004,0.0,0.0,-0.0068849,0.0137698,0.0413094,-0.0619641,0.0068849,-0.0026007326007,-0.021447374847105998,-0.0014910866910679999,0.002276556776604,-0.002052350427393,0.000379426129434,0.03604164258188163,2.1177940002417017,0.2577749996817147,0.12977699998373282,0.0
pd,00:06:32.753,1752,-90.0,-89.998,40.001,-90.023,0.078,0.003,0.0,0.0,0.0,0.0,0.0,0.0,-90.0,-89.997,40.0,-89.987,0.079,0.003,-90.0,-89.9975,40.0005,-90.005,0.0785,0.003,0.0,0.09404269058340868,-0.09404269058274047,3.3855368609866754,0.09404269058295972,0.0,0.0,0.0005000000000023874,-0.000499999999995282,0.018000000000000682,0.0005000000000000004,0.0,0.0,-0.0068849,0.0137698,0.0413094,-0.0619641,0.0068849,-0.0026007326007,-0.021447374847105998,-0.0014910866910679999,0.002276556776604,-0.002052350427393,0.000379426129434,0.03604164258188163,1.8213530001958134,0.2350540003135393,0.113979999696312,0.0
pd,00:06:32.755,1753,-90.0,-89.998,40.001,-90.023,0.078,0.003,0.0,0.0,0.0,0.0,0.0,0.0,-90.0,-89.997,40.0,-89.987,0.079,0.003,-90.0,-89.9975,40.0005,-90.005,0.0785,0.003,0.0,0.10994820174111428,-0.10994820174033304,3.958135262661364,0.10994820174058938,0.0,0.0,0.0005000000000023874,-0.000499999999995282,0.018000000000000682,0.0005000000000000004,0.0,0.0,-0.0068849,0.0137698,0.0413094,-0.0619641,0.0068849,-0.0026007326007,-0.021447374847105998,-0.0014910866910679999,0.002276556776604,-0.002052350427393,0.000379426129434,0.03604164258188163,1.9336099999236467,0.8038999999371299,0.11929499987672898,0.0
pd,00:06:32.758,1754,-90.0,-89.998,40.001,-90.023,0.078,0.003,0.0,0.0,0.0,0.0,0.0,0.0,-90.0,-89.997,40.0,-89.987,0.079,0.003,-90.0,-89.9975,40.0005,-90.005,0.0785,0.003,0.0,0.08426358084257528,-0.08426358084197655,3.0334889103183404,0.08426358084217302,0.0,0.0,0.0005000000000023874,-0.000499999999995282,0.018000000000000682,0.0005000000000000004,0.0,0.0,-0.0068849,0.0137698,0.0413094,-0.0619641,0.0068849,-0.0026007326007,-0.021447374847105998,-0.0014910866910679999,0.002276556776604,-0.002052350427393,0.000379426129434,0.03604164258188163,1.757798000198818,0.16518299980816664,0.062073999743006425,0.0
pd,00:06:32.760,1755,-90.0,-89.998,40.001,-90.023,0.078,0.003,0.0,0.0,0.0,0.0,0.0,0.0,-90.0,-89.997,40.0,-89.987,0.079,0.003,-90.0,-89.9975,40.0005,-90.005,0.0785,0.003,0.0,0.12167277790728787,-0.12167277790642332,4.380220004641614,0.121672777906707,0.0,0.0,0.0005000000000023874,-0.000499999999995282,0.018000000000000682,0.0005000000000000004,0.0,0.0,-0.0068849,0.0137698,0.0413094,-0.0619641,0.0068849,-0.0026007326007,-0.021447374847105998,-0.0014910866910679999,0.002276556776604,-0.002052350427393,0.000379426129434,0.03604164258188163,1.7284830000789952,0.16898000012588454,0.08005499967111973,0.0
pd,00:06:32.762,1756,-90.0,-89.998,40.001,-90.022,0.078,0.003,0.0,0.0,0.0,0.48697364448629077,0.0,0.0,-90.0,-89.997,40.0,-89.987,0.079,0.003,-90.0,-89.9975,40.0005,-90.05319736444864,0.0785,0.003,0.0,0.12174341112330278,-0.12174341112243774,-7.596147132028334,0.12174341112272158,0.0,0.0,0.0005000000000023874,-0.000499999999995282,-0.031197364448630083,0.0005000000000000004,0.0,0.0275396,0.0068849,-0.0,0.0963886,-0.0275396,-0.0137698,-0.0017164835164619999,-0.021378021977754,-0.001421733821716,0.0018453907204290002,-0.0017419108669470002,0.00020695970696400003,0.03504283093588132,3.0435819999183877,0.49142199986818014,0.10190600005444139,0.0
pd,00:06:32.766,1757,-90.0,-89.998,40.001,-90.022,0.078,0.003,0.0,0.0,0.0,0.0,0.0,0.0,-90.0,-89.997,40.0,-89.987,0.079,0.003,-90.0,-89.9975,40.0005,-90.00450000000001,0.0785,0.003,0.0,0.06698026189747727,-0.06698026189700136,2.3443091664012345,0.06698026189715751,0.0,0.0,0.0005000000000023874,-0.000499999999995282,0.017499999999998295,0.0005000000000000004,0.0,0.0275396,0.0068849,-0.0,0.0963886,-0.0275396,-0.0137698,-0.0017164835164619999,-0.021378021977754,-0.001421733821716,0.0018453907204290002,-0.0017419108669470002,0.00020695970696400003,0.03504283093588132,2.689808000013727,0.17410999998901389,0.0818879998405464,0.0
pd,00:06:32.769,1758,-90.0,-89.998,40.001,-90.022,0.078,0.003,0.0,0.0,0.0,0.0,0.0,0.0,-90.0,-89.997,40.0,-89.987,0.079,0.003,-90.0,-89.9975,40.0005,-90.00450000000001,0.0785,0.003,0.0,0.08268874694464212,-0.08268874694405459,2.8941061430495485,0.08268874694424737,0.0,0.0,0.0005000000000023874,-0.000499999999995282,0.017499999999998295,0.0005000000000000004,0.0,0.0275396,0.0068849,-0.0,0.0963886,-0.0275396,-0.0137698,-0.0017164835164619999,-0.021378021977754,-0.001421733821716,0.0018453907204290002,-0.0017419108669470002,0.00020695970696400003,0.03504283093588132,1.7870749998110114,0.3600330001063412,0.1401280001118721,0.0
pd,00:06:32.771,1759,-90.0,-89.998,40.001,-90.022,0.078,0.003,0.0,0.0,0.0,0.0,0.0,0.0,-90.0,-89.997,40.0,-89.987,0.079,0.003,-90.0,-89.9975,40.0005,-90.00450000000001,0.0785,0.003,0.0,0.10347108742895271,-0.1034710874282175,3.6214880599971706,0.10347108742845874,0.0,0.0,0.0005000000000023874,-0.000499999999995282,0.017499999999998295,0.0005000000000000004,0.0,0.0275396,0.0068849,-0.0,0.0963886,-0.0275396,-0.0137698,-0.0017164835164619999,-0.021378021977754,-0.001421733821716,0.0018453907204290002,-0.0017419108669470002,0.00020695970696400003,0.03504283093588132,1.8108900003426243,0.21436799988805433,0.0928879999264609,0.0
pd,00:06:32.774,1760,-90.0,-89.998,40.001,-90.022,0.078,0.003,0.0,0.0,0.0,0.0,0.0,0.0,-90.0,-89.997,40.0,-89.987,0.079,0.003,-90.0,-89.9975,40.0005,-90.00450000000001,0.0785,0.003,0.0,0.11333506268968944,-0.11333506268888416,3.966727194121414,0.11333506268914839,0.0,0.0,0.0005000000000023874,-0.000499999999995282,0.017499999999998295,0.0005000000000000004,0.0,0.0275396,0.0068849,-0.0,0.0963886,-0.0275396,-0.0137698,-0.0017164835164619999,-0.021378021977754,-0.001421733821716,0.0018453907204290002,-0.0017419108669470002,0.00020695970696400003,0.03504283093588132,1.7202799999722629,0.16046100017774734,0.09738800008562976,0.0
pd,00:06:32.777,1761,-90.0,-89.998,40.001,-90.022,0.078,0.003,0.0,0.0,0.0,0.0,0.0,0.0,-90.0,-89.997,40.0,-89.987,0.079,0.003,-90.0,-89.9975,40.0005,-90.00450000000001,0.0785,0.003,0.0,0.074430437251917,-0.07443043725138815,2.6050653038054605,0.07443043725156168,0.0,0.0,0.0005000000000023874,-0.000499999999995282,0.017499999999998295,0.0005000000000000004,0.0,0.0275396,0.0068849,-0.0,0.0963886,-0.0275396,-0.0137698,-0.0017164835164619999,-0.021378021977754,-0.001421733821716,0.0018453907204290002,-0.0017419108669470002,0.00020695970696400003,0.03504283093588132,1.993128999856708,0.26442299986229045,0.12668399995163782,0.0
pd,00:06:32.779,1762,-90.0,-89.998,40.001,-90.022,0.078,0.003,0.0,0.0,0.0,0.0,0.0,0.0,-90.0,-89.997,40.0,-89.987,0.079,0.003,-90.0,-89.9975,40.0005,-90.00450000000001,0.0785,0.003,0.0,0.09952315869447673,-0.09952315869376957,3.483310554291128,0.0995231586940016,0.0,0.0,0.0005000000000023874,-0.000499999999995282,0.017499999999998295,0.0005000000000000004,0.0,0.0275396,0.0068849,-0.0,0.0963886,-0.0275396,-0.0137698,-0.0017164835164619999,-0.021378021977754,-0.001421733821716,0.0018453907204290002,-0.0017419108669470002,0.00020695970696400003,0.03504283093588132,1.9973509997726069,0.2648310000950005,0.13185099987822468,0.0
pd,00:06:32.782,1763,-90.0,-89.998,40.001,-90.022,0.078,0.003,0.0,0.0,0.0,0.0,0.0,0.0,-90.0,-89.997,40.0,-89.987,0.079,0.003,-90.0,-89.9975,40.0005,-90.00450000000001,0.0785,0.003,0.0,0.0995704111675061,-0.09957041116679861,3.484964390847149,0.09957041116703076,0.0,0.0,0.0005000000000023874,-0.000499999999995282,0.017499999999998295,0.0005000000000000004,0.0,0.0,0.0068849,-0.0481943,0.13081310000000002,-0.0137698,0.0137698,-0.0025140415140099998,-0.020823199022938,-0.001976556776532,0.0019488705739110002,-0.001603937728971,0.000275946275952,0.03504283093588132,4.0011270002651145,0.38358799974957947,0.7301040000129433,0.0
pd,00:06:32.788,1764,-90.0,-89.998,40.001,-90.022,0.078,0.003,0.0,0.0,0.0,0.0,0.0,0.0,-90.0,-89.997,40.0,-89.987,0.079,0.003,-90.0,-89.9975,40.0005,-90.00450000000001,0.0785,0.003,0.0,0.044684905821401465,-0.04468490582108396,1.5639717037420662,0.04468490582118814,0.0,0.0,0.0005000000000023874,-0.000499999999995282,0.017499999999998295,0.0005000000000000004,0.0,0.0,0.0068849,-0.0481943,0.13081310000000002,-0.0137698,0.0137698,-0.0025140415140099998,-0.020823199022938,-0.001976556776532,0.0019488705739110002,-0.001603937728971,0.000275946275952,0.03504283093588132,2.9116020000401477,0.3652740001598431,0.19159100020260666,0.0
pd,00:06:32.791,1765,-90.0,-89.998,40.001,-90.022,0.078,0.003,0.0,0.0,0.0,0.0,0.0,0.0,-90.0,-89.997,40.0,-89.987,0.079,0.003,-90.0,-89.9975,40.0005,-90.00450000000001,0.0785,0.003,0.0,0.0689127234493301,-0.06891272344884045,2.4119453207157813,0.06891272344900111,0.0,0.0,0.0005000000000023874,-0.000499999999995282,0.017499999999998295,0.0005000000000000004,0.0,0.0,0.0068849,-0.0481943,0.13081310000000002,-0.0137698,0.0137698,-0.0025140415140099998,-0.020823199022938,-0.001976556776532,0.0019488705739110002,-0.001603937728971,0.000275946275952,0.03504283093588132,2.0977950002816215,0.2740720001384034,0.13653600035468116,0.0
pd,00:06:32.794,1766,-90.0,-89.998,40.001,-90.022,0.078,0.003,0.0,0.0,0.0,0.0,0.0,0.0,-90.0,-89.997,40.0,-89.987,0.079,0.003,-90.0,-89.9975,40.0005,-90.00450000000001,0.0785,0.003,0.0,0.09486799963856028,-0.09486799963788621,3.32037998733478,0.09486799963810738,0.0,0.0,0.0005000000000023874,-0.000499999999995282,0.017499999999998295,0.0005000000000000004,0.0,0.0,0.0068849,-0.0481943,0.13081310000000002,-0.0137698,0.0137698,-0.0025140415140099998,-0.020823199022938,-0.001976556776532,0.0019488705739110002,-0.001603937728971,0.000275946275952,0.03504283093588132,2.420771999823046,0.4185329999017995,0.16881400006241165,0.0
pd,00:06:32.797,1767,-90.0,-89.998,40.001,-90.022,0.078,0.003,0.0,0.0,0.0,0.0,0.0,0.0,-90.0,-89.997,40.0,-89.987,0.079,0.003,-90.0,-89.9975,40.0005,-90.00450000000001,0.0785,0.003,0.0,0.07881067267982013,-0.07881067267926015,2.758373543781385,0.07881067267944389,0.0,0.0,0.0005000000000023874,-0.000499999999995282,0.017499999999998295,0.0005000000000000004,0.0,0.0,0.0068849,-0.0481943,0.13081310000000002,-0.0137698,0.0137698,-0.0025140415140099998,-0.020823199022938,-0.001976556776532,0.0019488705739110002,-0.001603937728971,0.000275946275952,0.03504283093588132,2.0298689996707253,0.4836250000153086,0.1718499997878098,0.0
pd,00:06:32.800,1768,-90.0,-89.998,40.001,-90.022,0.078,0.003,0.0,0.0,0.0,0.0,0.0,0.0,-90.0,-89.997,40.0,-89.987,0.079,0.003,-90.0,-89.9975,40.0005,-90.00450000000001,0.0785,0.003,0.0,0.08668783068824461,-0.08668783068762866,3.0340740740750105,0.08668783068783076,0.0,0.0,0.0005000000000023874,-0.000499999999995282,0.017499999999998295,0.0005000000000000004,0.0,0.0,0.0068849,-0.0481943,0.13081310000000002,-0.0137698,0.0137698,-0.0025140415140099998,-0.020823199022938,-0.001976556776532,0.0019488705739110002,-0.001603937728971,0.000275946275952,0.03504283093588132,2.0349060000626196,0.4124219999539491,0.19855300024573808,0.0
pd,00:06:32.803,1769,-90.0,-89.998,40.001,-90.02,0.078,0.003,0.0,0.0,0.0,0.7105376927020205,0.0,0.0,-90.0,-89.997,40.0,-89.987,0.079,0.003,-90.0,-89.9975,40.0005,-90.0745537692702,0.0785,0.003,0.0,0.08881721158775256,-0.08881721158712148,-9.690627336315558,0.08881721158732855,0.0,0.0,0.0005000000000023874,-0.000499999999995282,-0.05455376927019984,0.0005000000000000004,0.0,-0.0206547,0.0137698,0.0275396,0.0895037,0.0206547,0.0068849,-0.002826129426094,-0.021360683760416,-0.0020459096458839998,0.002138583638628,-0.0019661172161580002,-0.000155219780223,0.033045423283717935,3.701223000007303,0.5981049998808885,0.3677929998957552,0.0
pd,00:06:32.808,1770,-90.0,-89.998,40.001,-90.02,0.078,0.003,0.0,0.0,0.0,0.0,0.0,0.0,-90.0,-89.997,40.0,-89.987,0.079,0.003,-90.0,-89.9975,40.0005,-90.0035,0.0785,0.003,0.0,0.04832147465460861,-0.04832147465426526,1.5946086635945305,0.04832147465437792,0.0,0.0,0.0005000000000023874,-0.000499999999995282,0.01649999999999352,0.0005000000000000004,0.0,-0.0206547,0.0137698,0.0275396,0.0895037,0.0206547,0.0068849,-0.002826129426094,-0.021360683760416,-0.0020459096458839998,0.002138583638628,-0.0019661172161580002,-0.000155219780223,0.033045423283717935,2.3491630004173203,0.2870719999918947,0.14029499971002224,0.0
pd,00:06:32.812,1771,-90.0,-89.998,40.001,-90.02,0.078,0.003,0.0,0.0,0.0,0.0,0.0,0.0,-90.0,-89.997,40.0,-89.987,0.079,0.003,-90.0,-89.9975,40.0005,-90.0035,0.0785,0.003,0.0,0.05977516816811121,-0.05977516816768648,1.9725805495383257,0.05977516816782584,0.0,0.0,0.0005000000000023874,-0.000499999999995282,0.01649999999999352,0.0005000000000000004,0.0,-0.0206547,0.0137698,0.0275396,0.0895037,0.0206547,0.0068849,-0.002826129426094,-0.021360683760416,-0.0020459096458839998,0.002138583638628,-0.0019661172161580002,-0.000155219780223,0.033045423283717935,2.1131090002199926,0.25186799985021935,0.1249249999091262,0.0
pd,00:06:32.815,1772,-90.0,-89.998,40.001,-90.02,0.078,0.003,0.0,0.0,0.0,0.0,0.0,0.0,-90.0,-89.997,40.0,-89.987,0.079,0.003,-90.0,-89.9975,40.0005,-90.0035,0.0785,0.003,0.0,0.0959707120634273,-0.09597071206274539,3.167033498078099,0.09597071206296914,0.0,0.0,0.0005000000000023874,-0.000499999999995282,0.01649999999999352,0.0005000000000000004,0.0,-0.0206547,0.0137698,0.0275396,0.0895037,0.0206547,0.0068849,-0.002826129426094,-0.021360683760416,-0.0020459096458839998,0.002138583638628,-0.0019661172161580002,-0.000155219780223,0.033045423283717935,1.8015570003626635,0.30242299999372335,0.12829500019506668,0.0
pd,00:06:32.817,1773,-90.0,-89.998,40.001,-90.02,0.078,0.003,0.0,0.0,0.0,0.0,0.0,0.0,-90.0,-89.997,40.0,-89.987,0.079,0.003,-90.0,-89.9975,40.0005,-90.0035,0.0785,0.003,0.0,0.10667100712156732,-0.10667100712080937,3.520143234995047,0.10667100712105808,0.0,0.0,0.0005000000000023874,-0.000499999999995282,0.01649999999999352,0.0005000000000000004,0.0,-0.0206547,0.0137698,0.0275396,0.0895037,0.0206547,0.0068849,-0.002826129426094,-0.021360683760416,-0.0020459096458839998,0.002138583638628,-0.0019661172161580002,-0.000155219780223,0.033045423283717935,1.8513709997023398,0.2669790001164074,0.14511000017591869,0.0
pd,00:06:32.820,1774,-90.0,-89.998,40.001,-90.02,0.078,0.003,0.0,0.0,0.0,0.0,0.0,0.0,-90.0,-89.997,40.0,-89.987,0.079,0.003,-90.0,-89.9975,40.0005,-90.0035,0.0785,0.003,0.0,0.09619963302798228,-0.09619963302729874,3.174587889908377,0.09619963302752302,0.0,0.0,0.0005000000000023874,-0.000499999999995282,0.01649999999999352,0.0005000000000000004,0.0,-0.0206547,0.0137698,0.0275396,0.0895037,0.0206547,0.0068849,-0.002826129426094,-0.021360683760416,-0.0020459096458839998,0.002138583638628,-0.0019661172161580002,-0.000155219780223,0.033045423283717935,2.0844979999310453,0.29451599993990385,0.13566600000558537,0.0
pd,00:06:32.822,1775,-90.0,-89.998,40.001,-90.018,0.078,0.003,0.0,0.0,0.0,0.7599065132693587,0.0,0.0,-90.0,-89.997,40.0,-89.987,0.079,0.003,-90.0,-89.9975,40.0005,-90.07849065132693,0.0785,0.003,0.0,0.09498831415934476,-0.09498831415866983,-11.491809983837307,0.0949883141588913,0.0,0.0,0.0005000000000023874,-0.000499999999995282,-0.06049065132692988,0.0005000000000000004,0.0,-0.0206547,-0.0275396,0.0275396,0.1170433,0.034424500000000004,-0.0206547,-0.002548717948686,-0.020493772893515998,-0.002531379731348,0.002483516483568,-0.0018971306471700002,0.00044841269842200006,0.03104834939252603,3.3446520001234603,0.4334769996603427,0.3647189996627276,0.0
pd,00:06:32.827,1776,-90.0,-89.998,40.001,-90.018,0.078,0.003,0.0,0.0,0.0,0.0,0.0,0.0,-90.0,-89.997,40.0,-89.987,0.079,0.003,-90.0,-89.9975,40.0005,-90.0025,0.0785,0.003,0.0,0.05762989832399048,-0.057629898323580994,1.7865268480355152,0.05762989832371536,0.0,0.0,0.0005000000000023874,-0.000499999999995282,0.015500000000002956,0.0005000000000000004,0.0,-0.0206547,-0.0275396,0.0275396,0.1170433,0.034424500000000004,-0.0206547,-0.002548717948686,-0.020493772893515998,-0.002531379731348,0.002483516483568,-0.0018971306471700002,0.00044841269842200006,0.03104834939252603,2.694437000172911,0.2614420000099926,0.12540599982457934,0.0
pd,00:06:32.830,1777,-90.0,-89.998,40.001,-90.018,0.078,0.003,0.0,0.0,0.0,0.0,0.0,0.0,-90.0,-89.997,40.0,-89.987,0.079,0.003,-90.0,-89.9975,40.0005,-90.0025,0.0785,0.003,0.0,0.07722041387473354,-0.07722041387418487,2.393832830105766,0.0772204138743649,0.0,0.0,0.0005000000000023874,-0.000499999999995282,0.015500000000002956,0.0005000000000000004,0.0,-0.0206547,-0.0275396,0.0275396,0.1170433,0.034424500000000004,-0.0206547,-0.002548717948686,-0.020493772893515998,-0.002531379731348,0.002483516483568,-0.0018971306471700002,0.00044841269842200006,0.03104834939252603,1.7760199998519965,0.20381300009830738,0.10510999982216163,0.0
pd,00:06:32.832,1778,-90.0,-89.998,40.001,-90.018,0.078,0.003,0.0,0.0,0.0,0.0,0.0,0.0,-90.0,-89.997,40.0,-89.987,0.079,0.003,-90.0,-89.9975,40.0005,-90.0025,0.0785,0.003,0.0,0.1148243539208286,-0.11482435392001272,3.5595549715293693,0.11482435392028044,0.0,0.0,0.0005000000000023874,-0.000499999999995282,0.015500000000002956,0.0005000000000000004,0.0,-0.0206547,-0.0275396,0.0275396,0.1170433,0.034424500000000004,-0.0206547,-0.002548717948686,-0.020493772893515998,-0.002531379731348,0.002483516483568,-0.0018971306471700002,0.00044841269842200006,0.03104834939252603,2.161793000141188,0.2511090001462435,0.12349899998298497,0.0
pd,00:06:32.835,1779,-90.0,-89.998,40.001,-90.018,0.078,0.003,0.0,0.0,0.0,0.0,0.0,0.0,-90.0,-89.997,40.0,-89.987,0.079,0.003,-90.0,-89.9975,40.0005,-90.0025,0.0785,0.003,0.0,0.0946026705165109,-0.0946026705158387,2.932682785998394,0.09460267051605926,0.0,0.0,0.0005000000000023874,-0.000499999999995282,0.015500000000002956,0.0005000000000000004,0.0,-0.0206547,-0.0275396,0.0275396,0.1170433,0.034424500000000004,-0.0206547,-0.002548717948686,-0.020493772893515998,-0.002531379731348,0.002483516483568,-0.0018971306471700002,0.00044841269842200006,0.03104834939252603,1.8115200000465848,0.3712550001182535,0.10997999970641104,0.0
pd,00:06:32.837,1780,-90.0,-89.998,40.001,-90.018,0.078,0.003,0.0,0.0,0.0,0.0,0.0,0.0,-90.0,-89.997,40.0,-89.987,0.079,0.003,-90.0,-89.9975,40.0005,-90.0025,0.0785,0.003,0.0,0.10437746366762958,-0.10437746366688794,3.235701373681684,0.10437746366713128,0.0,0.0,0.0005000000000023874,-0.000499999999995282,0.015500000000002956,0.0005000000000000004,0.0,-0.0206547,-0.0275396,0.0275396,0.1170433,0.034424500000000004,-0.0206547,-0.002548717948686,-0.020493772893515998,-0.002531379731348,0.002483516483568,-0.0018971306471700002,0.00044841269842200006,0.03104834939252603,1.7727240001477185,0.2192200004174083,0.11044299981222139,0.0
pd,00:06:32.841,1781,-90.0,-89.998,40.001,-90.018,0.078,0.003,0.0,0.0,0.0,0.0,0.0,0.0,-90.0,-89.997,40.0,-89.987,0.079,0.003,-90.0,-89.9975,40.0005,-90.0025,0.0785,0.003,0.0,0.07052094962707692,-0.07052094962657585,2.186149438429363,0.07052094962674026,0.0,0.0,0.0005000000000023874,-0.000499999999995282,0.015500000000002956,0.0005000000000000004,0.0,-0.0206547,-0.0275396,0.0275396,0.1170433,0.034424500000000004,-0.0206547,-0.002548717948686,-0.020493772893515998,-0.002531379731348,0.002483516483568,-0.0018971306471700002,0.00044841269842200006,0.03104834939252603,1.9884990001628466,0.2529049997974653,0.12088800031051505,0.0
pd,00:06:32.843,1782,-90.0,-89.998,40.001,-90.016,0.078,0.003,0.0,0.0,0.0,0.8074509577418856,0.0,0.0,-90.0,-89.997,40.0,-89.987,0.079,0.003,-90.0,-89.9975,40.0005,-90.08224509577418,0.0785,0.003,0.0,0.10093136971845286,-0.1009313697177357,-13.372416507172971,0.10093136971797102,0.0,0.0,0.0005000000000023874,-0.000499999999995282,-0.06624509577417825,0.0005000000000000004,0.0,0.0413094,-0.0275396,-0.0137698,0.06884900000000001,-0.0275396,-0.0413094,-0.001751159951138,-0.021360683760416,-0.002219291819264,0.002104090354134,-0.002052350427393,-0.00020695970696400003,0.02905167809267854,4.021146000013687,0.9784720000425295,0.13622100004795357,0.0
pd,00:06:32.848,1783,-90.0,-89.998,40.001,-90.016,0.078,0.003,0.0,0.0,0.0,0.0,0.0,0.0,-90.0,-89.997,40.0,-89.987,0.079,0.003,-90.0,-89.9975,40.0005,-90.0015,0.0785,0.003,0.0,0.04602853254927382,-0.04602853254894676,1.3348274439230536,0.04602853254905408,0.0,0.0,0.0005000000000023874,-0.000499999999995282,0.014500000000012392,0.0005000000000000004,0.0,0.0413094,-0.0275396,-0.0137698,0.06884900000000001,-0.0275396,-0.0413094,-0.001751159951138,-0.021360683760416,-0.002219291819264,0.002104090354134,-0.002052350427393,-0.00020695970696400003,0.02905167809267854,1.897982000173215,0.23531299984824727,0.09820300010687788,0.0
pd,00:06:32.851,1784,-90.0,-89.998,40.001,-90.016,0.078,0.003,0.0,0.0,0.0,0.0,0.0,0.0,-90.0,-89.997,40.0,-89.987,0.079,0.003,-90.0,-89.9975,40.0005,-90.0015,0.0785,0.003,0.0,0.10741405449754218,-0.10741405449677896,3.1150075804149853,0.1074140544970294,0.0,0.0,0.0005000000000023874,-0.000499999999995282,0.014500000000012392,0.0005000000000000004,0.0,0.0413094,-0.0275396,-0.0137698,0.06884900000000001,-0.0275396,-0.0413094,-0.001751159951138,-0.021360683760416,-0.002219291819264,0.002104090354134,-0.002052350427393,-0.00020695970696400003,0.02905167809267854,1.781742000275699,0.3818850000243401,0.11757299989767489,0.0
pd,00:06:32.853,1785,-90.0,-89.998,40.001,-90.016,0.078,0.003,0.0,0.0,0.0,0.0,0.0,0.0,-90.0,-89.997,40.0,-89.987,0.079,0.003,-90.0,-89.9975,40.0005,-90.0015,0.0785,0.003,0.0,0.10431516116245591,-0.1043151611617147,3.0251396736978795,0.10431516116195791,0.0,0.0,0.0005000000000023874,-0.000499999999995282,0.014500000000012392,0.0005000000000000004,0.0,0.0413094,-0.0275396,-0.0137698,0.06884900000000001,-0.0275396,-0.0413094,-0.001751159951138,-0.021360683760416,-0.002219291819264,0.002104090354134,-0.002052350427393,-0.00020695970696400003,0.02905167809267854,1.8641110000316985,0.25683100011519855,0.12720200038529583,0.0
pd,00:06:32.856,1786,-90.0,-89.998,40.001,-90.016,0.078,0.003,0.0,0.0,0.0,0.0,0.0,0.0,-90.0,-89.997,40.0,-89.987,0.079,0.003,-90.0,-89.9975,40.0005,-90.0015,0.0785,0.003,0.0,0.1059274674214574,-0.10592746742070473,3.0718965552087165,0.1059274674209517,0.0,0.0,0.0005000000000023874,-0.000499999999995282,0.014500000000012392,0.0005000000000000004,0.0,0.0413094,-0.0275396,-0.0137698,0.06884900000000001,-0.0275396,-0.0413094,-0.001751159951138,-0.021360683760416,-0.002219291819264,0.002104090354134,-0.002052350427393,-0.00020695970696400003,0.02905167809267854,1.9559620000109135,0.2614789996187028,0.12305400014156476,0.0
pd,00:06:32.858,1787,-90.0,-89.998,40.001,-90.016,0.078,0.003,0.0,0.0,0.0,0.0,0.0,0.0,-90.0,-89.997,40.0,-89.987,0.079,0.003,-90.0,-89.9975,40.0005,-90.0015,0.0785,0.003,0.0,0.10202140494308297,-0.10202140494235806,2.958620743336358,0.10202140494259593,0.0,0.0,0.0005000000000023874,-0.000499999999995282,0.014500000000012392,0.0005000000000000004,0.0,0.0413094,-0.0275396,-0.0137698,0.06884900000000001,-0.0275396,-0.0413094,-0.001751159951138,-0.021360683760416,-0.002219291819264,0.002104090354134,-0.002052350427393,-0.00020695970696400003,0.02905167809267854,2.2036830000615737,0.2610349997667072,0.21871999979339307,0.0
pd,00:06:32.861,1788,-90.0,-89.998,40.001,-90.016,0.078,0.003,0.0,0.0,0.0,0.0,0.0,0.0,-90.0,-89.997,40.0,-89.987,0.079,0.003,-90.0,-89.9975,40.0005,-90.0015,0.0785,0.003,0.0,0.08921773164341078,-0.08921773164277684,2.5873142176475015,0.08921773164298485,0.0,0.0,0.0005000000000023874,-0.000499999999995282,0.014500000000012392,0.0005000000000000004,0.0,0.0413094,-0.0275396,-0.0137698,0.06884900000000001,-0.0275396,-0.0413094,-0.001751159951138,-0.021360683760416,-0.002219291819264,0.002104090354134,-0.002052350427393,-0.00020695970696400003,0.02905167809267854,1.864686000317306,0.26518300001043826,0.12481399971875362,0.0
pd,00:06:32.863,1789,-90.0,-89.998,40.001,-90.014,0.078,0.003,0.0,0.0,0.0,0.844689155174711,0.0,0.0,-90.0,-89.997,40.0,-89.987,0.079,0.003,-90.0,-89.9975,40.0005,-90.08496891551746,0.0785,0.003,0.0,0.10558614439683887,-0.10558614439608863,-14.986668322957858,0.1055861443963348,0.0,0.0,0.0005000000000023874,-0.000499999999995282,-0.07096891551746864,0.0005000000000000004,0.0,0.0068849,0.0068849,-0.0206547,0.1239282,0.0206547,0.0068849,-0.002288644688616,-0.020771184370923998,-0.001421733821716,0.0019316239316640002,-0.002276556776604,-0.000638125763139,0.02705549851693848,4.784398000083456,0.27360800004316843,0.13246200023786514,0.0
pd,00:06:32.869,1790,-90.0,-89.998,40.001,-90.014,0.078,0.003,0.0,0.0,0.0,0.0,0.0,0.0,-90.0,-89.997,40.0,-89.987,0.079,0.003,-90.0,-89.9975,40.0005,-90.00049999999999,0.0785,0.003,0.0,0.04648355350673849,-0.046483553506408204,1.255055944675994,0.046483553506516576,0.0,0.0,0.0005000000000023874,-0.000499999999995282,0.013500000000007617,0.0005000000000000004,0.0,0.0068849,0.0068849,-0.0206547,0.1239282,0.0206547,0.0068849,-0.002288644688616,-0.020771184370923998,-0.001421733821716,0.0019316239316640002,-0.002276556776604,-0.000638125763139,0.02705549851693848,1.9469250000838656,0.26249699976688134,0.12710999999399064,0.0
pd,00:06:32.872,1791,-90.0,-89.998,40.001,-90.014,0.078,0.003,0.0,0.0,0.0,0.0,0.0,0.0,-90.0,-89.997,40.0,-89.987,0.079,0.003,-90.0,-89.9975,40.0005,-90.00049999999999,0.0785,0.003,0.0,0.06867352151450697,-0.06867352151401901,1.8541850808829048,0.06867352151417912,0.0,0.0,0.0005000000000023874,-0.000499999999995282,0.013500000000007617,0.0005000000000000004,0.0,0.0068849,0.0068849,-0.0206547,0.1239282,0.0206547,0.0068849,-0.002288644688616,-0.020771184370923998,-0.001421733821716,0.0019316239316640002,-0.002276556776604,-0.000638125763139,0.02705549851693848,2.138368000032642,0.282794000213471,0.14390600017577526,0.0
pd,00:06:32.875,1792,-90.0,-89.998,40.001,-90.014,0.078,0.003,0.0,0.0,0.0,0.0,0.0,0.0,-90.0,-89.997,40.0,-89.987,0.079,0.003,-90.0,-89.9975,40.0005,-90.00049999999999,0.0785,0.003,0.0,0.09285185513194075,-0.09285185513128098,2.5070000885505244,0.09285185513149748,0.0,0.0,0.0005000000000023874,-0.000499999999995282,0.013500000000007617,0.0005000000000000004,0.0,0.0068849,0.0068849,-0.0206547,0.1239282,0.0206547,0.0068849,-0.002288644688616,-0.020771184370923998,-0.001421733821716,0.0019316239316640002,-0.002276556776604,-0.000638125763139,0.02705549851693848,1.956609999979264,0.2679969998098386,0.1339060004283965,0.0
pd,00:06:32.877,1793,-90.0,-89.998,40.001,-90.014,0.078,0.003,0.0,0.0,0.0,0.0,0.0,0.0,-90.0,-89.997,40.0,-89.987,0.079,0.003,-90.0,-89.9975,40.0005,-90.00049999999999,0.0785,0.003,0.0,0.1007664808768986,-0.1007664808761826,2.7206949836633743,0.10076648087641754,0.0,0.0,0.0005000000000023874,-0.000499999999995282,0.013500000000007617,0.0005000000000000004,0.0,0.0068849,0.0068849,-0.0206547,0.1239282,0.0206547,0.0068849,-0.002288644688616,-0.020771184370923998,-0.001421733821716,0.0019316239316640002,-0.002276556776604,-0.000638125763139,0.02705549851693848,2.1733859998676053,0.2700350000850449,0.13118400011080666,0.0
pd,00:06:32.880,1794,-90.0,-89.998,40.001,-90.014,0.078,0.003,0.0,0.0,0.0,0.0,0.0,0.0,-90.0,-89.997,40.0,-89.987,0.079,0.003,-90.0,-89.9975,40.0005,-90.00049999999999,0.0785,0.003,0.0,0.09265494389016583,-0.09265494388950749,2.5016834850226273,0.0926549438897235,0.0,0.0,0.0005000000000023874,-0.000499999999995282,0.013500000000007617,0.0005000000000000004,0.0,0.0068849,0.0068849,-0.0206547,0.1239282,0.0206547,0.0068849,-0.002288644688616,-0.020771184370923998,-0.001421733821716,0.0019316239316640002,-0.002276556776604,-0.000638125763139,0.02705549851693848,2.0267400000193447,0.26281300006303354,0.1329059996351134,0.0
pd,00:06:32.883,1795,-90.0,-89.998,40.001,-90.012,0.078,0.003,0.0,0.0,0.0,0.7881067267926014,0.0,0.0,-90.0,-89.997,40.0,-89.987,0.079,0.003,-90.0,-89.9975,40.0005,-90.07831067267925,0.0785,0.003,0.0,0.09851334084977516,-0.09851334084907518,-13.064971799196712,0.09851334084930485,0.0,0.0,0.0005000000000023874,-0.000499999999995282,-0.06631067267925062,0.0005000000000000004,0.0,-0.0895037,0.0137698,0.0137698,0.0757339,0.0206547,-0.0,-0.002236630036602,-0.02019902319877,-0.0009709401709279999,0.0018453907204290002,-0.0018108974359350002,0.00010347985348200002,0.025059928172289105,3.880184000081499,0.4682549997596652,0.4557920001388993,0.0
pd,00:06:32.888,1796,-90.0,-89.998,40.001,-90.012,0.078,0.003,0.0,0.0,0.0,0.0,0.0,0.0,-90.0,-89.997,40.0,-89.987,0.079,0.003,-90.0,-89.9975,40.0005,-89.9995,0.0785,0.003,0.0,0.0461135494087254,-0.04611354940839774,1.1528387352128924,0.046113549408505254,0.0,0.0,0.0005000000000023874,-0.000499999999995282,0.012500000000002842,0.0005000000000000004,0.0,-0.0895037,0.0137698,0.0137698,0.0757339,0.0206547,-0.0,-0.002236630036602,-0.02019902319877,-0.0009709401709279999,0.0018453907204290002,-0.0018108974359350002,0.00010347985348200002,0.025059928172289105,2.1457759999066184,0.2555529999881401,0.12425800014170818,0.0
pd,00:06:32.891,1797,-90.0,-89.998,40.001,-90.012,0.078,0.003,0.0,0.0,0.0,0.0,0.0,0.0,-90.0,-89.997,40.0,-89.987,0.079,0.003,-90.0,-89.9975,40.0005,-89.9995,0.0785,0.003,0.0,0.09466245373341219,-0.09466245373273957,2.366561343324543,0.09466245373296027,0.0,0.0,0.0005000000000023874,-0.000499999999995282,0.012500000000002842,0.0005000000000000004,0.0,-0.0895037,0.0137698,0.0137698,0.0757339,0.0206547,-0.0,-0.002236630036602,-0.02019902319877,-0.0009709401709279999,0.0018453907204290002,-0.0018108974359350002,0.00010347985348200002,0.025059928172289105,1.844259999870701,0.355608000063512,0.13301700028023333,0.0
pd,00:06:32.893,1798,-90.0,-89.998,40.001,-90.012,0.078,0.003,0.0,0.0,0.0,0.0,0.0,0.0,-90.0,-89.997,40.0,-89.987,0.079,0.003,-90.0,-89.9975,40.0005,-89.9995,0.0785,0.003,0.0,0.1017837313147939,-0.10178373131407069,2.5445932828582762,0.101783731314308,0.0,0.0,0.0005000000000023874,-0.000499999999995282,0.012500000000002842,0.0005000000000000004,0.0,-0.0895037,0.0137698,0.0137698,0.0757339,0.0206547,-0.0,-0.002236630036602,-0.02019902319877,-0.0009709401709279999,0.0018453907204290002,-0.0018108974359350002,0.00010347985348200002,0.025059928172289105,1.9165920002706116,0.2459600000292994,0.11909200020454591,0.0
pd,00:06:32.895,1799,-90.0,-89.998,40.001,-90.012,0.078,0.003,0.0,0.0,0.0,0.0,0.0,0.0,-90.0,-89.997,40.0,-89.987,0.079,0.003,-90.0,-89.9975,40.0005,-89.9995,0.0785,0.003,0.0,0.10449187842600964,-0.10449187842526718,2.612296960638362,0.1044918784255108,0.0,0.0,0.0005000000000023874,-0.000499999999995282,0.012500000000002842,0.0005000000000000004,0.0,-0.0895037,0.0137698,0.0137698,0.0757339,0.0206547,-0.0,-0.002236630036602,-0.02019902319877,-0.0009709401709279999,0.0018453907204290002,-0.0018108974359350002,0.00010347985348200002,0.025059928172289105,2.020721000008052,0.25529399999868474,0.12698000000455067,0.0
pd,00:06:32.898,1800,-90.0,-89.998,40.001,-90.012,0.078,0.003,0.0,0.0,0.0,0.0,0.0,0.0,-90.0,-89.997,40.0,-89.987,0.079,0.003,-90.0,-89.9975,40.0005,-89.9995,0.0785,0.003,0.0,0.0993157795041681,-0.09931577950346242,2.4828944875929118,0.09931577950369397,0.0,0.0,0.0005000000000023874,-0.000499999999995282,0.012500000000002842,0.0005000000000000004,0.0,-0.0895037,0.0137698,0.0137698,0.0757339,0.0206547,-0.0,-0.002236630036602,-0.02019902319877,-0.0009709401709279999,0.0018453907204290002,-0.0018108974359350002,0.00010347985348200002,0.025059928172289105,1.8754070001705259,0.24455399989165016,0.11898100001417333,0.0
pd,00:06:32.902,1801,-90.0,-89.998,40.001,-90.012,0.078,0.003,0.0,0.0,0.0,0.0,0.0,0.0,-90.0,-89.997,40.0,-89.987,0.079,0.003,-90.0,-89.9975,40.0005,-89.9995,0.0785,0.003,0.0,0.06842704254796442,-0.06842704254747822,1.7106760636913312,0.06842704254763775,0.0,0.0,0.0005000000000023874,-0.000499999999995282,0.012500000000002842,0.0005000000000000004,0.0,-0.0895037,0.0137698,0.0137698,0.0757339,0.0206547,-0.0481943,-0.002236630036602,-0.02019902319877,-0.0009709401709279999,0.0018453907204290002,-0.0026387362637910004,0.00020695970696400003,0.025059928172289105,3.3565409999027906,0.8139919996210665,0.1532210003460932,0.0
pd,00:06:32.906,1802,-90.0,-89.998,40.001,-90.01,0.078,0.003,0.0,0.0,0.0,0.43972364627459504,0.0,0.0,-90.0,-89.997,40.0,-89.987,0.079,0.003,-90.0,-89.9975,40.0005,-90.04247236462746,0.0785,0.003,0.0,0.054965455784714935,-0.05496545578432438,-3.56971664429392,0.054965455784452534,0.0,0.0,0.0005000000000023874,-0.000499999999995282,-0.032472364627452066,0.0005000000000000004,0.0,0.0137698,0.0275396,-0.034424500000000004,0.0137698,-0.034424500000000004,-0.0481943,-0.00286080586077,-0.020771184370923998,-0.001421733821716,0.0017936507936880002,-0.0026387362637910004,0.00020695970696400003,0.023065125189352016,3.1645060003029357,0.5612730001303134,0.12168400007794844,0.0
pd,00:06:32.910,1803,-90.0,-89.998,40.001,-90.01,0.078,0.003,0.0,0.0,0.0,0.0,0.0,0.0,-90.0,-89.997,40.0,-89.987,0.079,0.003,-90.0,-89.9975,40.0005,-89.9985,0.0785,0.003,0.0,0.06322054744995821,-0.063220547449509,1.4540725913427497,0.0632205474496564,0.0,0.0,0.0005000000000023874,-0.000499999999995282,0.011499999999998067,0.0005000000000000004,0.0,0.0137698,0.0275396,-0.034424500000000004,0.0137698,-0.034424500000000004,-0.0481943,-0.00286080586077,-0.020771184370923998,-0.001421733821716,0.0017936507936880002,-0.0026387362637910004,0.00020695970696400003,0.023065125189352016,1.8346119995840127,0.2561820001574233,0.11979500004599686,0.0
pd,00:06:32.912,1804,-90.0,-89.998,40.001,-90.01,0.078,0.003,0.0,0.0,0.0,0.0,0.0,0.0,-90.0,-89.997,40.0,-89.987,0.079,0.003,-90.0,-89.9975,40.0005,-89.9985,0.0785,0.003,0.0,0.10754625641076992,-0.10754625641000576,2.47356389743701,0.1075462564102565,0.0,0.0,0.0005000000000023874,-0.000499999999995282,0.011499999999998067,0.0005000000000000004,0.0,0.0137698,0.0275396,-0.034424500000000004,0.0137698,-0.034424500000000004,-0.0481943,-0.00286080586077,-0.020771184370923998,-0.001421733821716,0.0017936507936880002,-0.0026387362637910004,0.00020695970696400003,0.023065125189352016,1.9952950001425052,0.2591269999356882,0.12886900003650226,0.0
pd,00:06:32.915,1805,-90.0,-89.998,40.001,-90.01,0.078,0.003,0.0,0.0,0.0,0.0,0.0,0.0,-90.0,-89.997,40.0,-89.987,0.079,0.003,-90.0,-89.9975,40.0005,-89.9985,0.0785,0.003,0.0,0.10016965991641257,-0.10016965991570083,2.3039021780675246,0.10016965991593436,0.0,0.0,0.0005000000000023874,-0.000499999999995282,0.011499999999998067,0.0005000000000000004,0.0,0.0137698,0.0275396,-0.034424500000000004,0.0137698,-0.034424500000000004,-0.0481943,-0.00286080586077,-0.020771184370923998,-0.001421733821716,0.0017936507936880002,-0.0026387362637910004,0.00020695970696400003,0.023065125189352016,2.0351840003058896,0.25708999964990653,0.12670200021602795,0.0
pd,00:06:32.918,1806,-90.0,-89.998,40.001,-90.01,0.078,0.003,0.0,0.0,0.0,0.0,0.0,0.0,-90.0,-89.997,40.0,-89.987,0.079,0.003,-90.0,-89.9975,40.0005,-89.9985,0.0785,0.003,0.0,0.09858743888727028,-0.09858743888656979,2.2675110943974097,0.09858743888679963,0.0,0.0,0.0005000000000023874,-0.000499999999995282,0.011499999999998067,0.0005000000000000004,0.0,0.0137698,0.0275396,-0.034424500000000004,0.0137698,-0.034424500000000004,-0.0481943,-0.00286080586077,-0.020771184370923998,-0.001421733821716,0.0017936507936880002,-0.0026387362637910004,0.00020695970696400003,0.023065125189352016,1.892758999929356,0.25075699977605836,0.1198140002998116,0.0
pd,00:06:32.920,1807,-90.0,-89.998,40.001,-90.01,0.078,0.003,0.0,0.0,0.0,0.0,0.0,0.0,-90.0,-89.997,40.0,-89.987,0.079,0.003,-90.0,-89.9975,40.0005,-89.9985,0.0785,0.003,0.0,0.10513094044565939,-0.10513094044491239,2.418011630239708,0.1051309404451575,0.0,0.0,0.0005000000000023874,-0.000499999999995282,0.011499999999998067,0.0005000000000000004,0.0,0.0137698,0.0275396,-0.034424500000000004,0.0137698,-0.034424500000000004,-0.0481943,-0.00286080586077,-0.020771184370923998,-0.001421733821716,0.0017936507936880002,-0.0026387362637910004,0.00020695970696400003,0.023065125189352016,2.011238999784837,0.2533120000407507,0.1278689996979665,0.0
pd,00:06:32.922,1808,-90.0,-89.998,40.001,-90.01,0.078,0.003,0.0,0.0,0.0,0.0,0.0,0.0,-90.0,-89.997,40.0,-89.987,0.079,0.003,-90.0,-89.9975,40.0005,-89.9985,0.0785,0.003,0.0,0.09966505085115548,-0.09966505085044731,2.292296169566662,0.09966505085067968,0.0,0.0,0.0005000000000023874,-0.000499999999995282,0.011499999999998067,0.0005000000000000004,0.0,-0.0068849,-0.0206547,0.0137698,-0.0137698,0.0068849,-0.034424500000000004,-0.0014910866910679999,-0.020840537240276,-0.001751159951138,0.002052350427393,-0.002345543345592,-3.4493284494e-05,0.023065125189352016,3.6840759998995054,0.7656590000806318,0.4375330004222633,0.0
pd,00:06:32.928,1809,-90.0,-89.998,40.001,-90.009,0.078,0.003,0.0,0.0,0.0,0.19880102379467376,0.0,0.0,-90.0,-89.997,40.0,-89.987,0.079,0.003,-90.0,-89.9975,40.0005,-90.01788010237946,0.0785,0.003,0.0,0.04970025594866844,-0.0497002559483153,-0.8826867222153251,0.04970025594843117,0.0,0.0,0.0005000000000023874,-0.000499999999995282,-0.00888010237946446,0.0005000000000000004,0.0,-0.0068849,-0.0206547,0.0137698,-0.0137698,0.0068849,-0.034424500000000004,-0.0014910866910679999,-0.020840537240276,-0.001751159951138,0.002052350427393,-0.002345543345592,-3.4493284494e-05,0.022068076490719575,2.2273849999692175,0.2629420000630489,0.12975799972991808,0.0
pd,00:06:32.930,1810,-90.0,-89.998,40.001,-90.009,0.078,0.003,0.0,0.0,0.0,0.0,0.0,0.0,-90.0,-89.997,40.0,-89.987,0.079,0.003,-90.0,-89.9975,40.0005,-89.99799999999999,0.0785,0.003,0.0,0.09133937282273578,-0.09133937282208678,2.009466202091101,0.09133937282229973,0.0,0.0,0.0005000000000023874,-0.000499999999995282,0.01100000000000989,0.0005000000000000004,0.0,-0.0068849,-0.0206547,0.0137698,-0.0137698,0.0068849,-0.034424500000000004,-0.0014910866910679999,-0.020840537240276,-0.001751159951138,0.002052350427393,-0.002345543345592,-3.4493284494e-05,0.022068076490719575,1.8212039999525587,0.2494420000402897,0.1252960000783787,0.0
pd,00:06:32.934,1811,-90.0,-89.998,40.001,-90.007,0.078,0.003,0.0,0.0,0.0,0.5114693006512072,0.0,0.0,-90.0,-89.997,40.0,-89.987,0.079,0.003,-90.0,-89.9975,40.0005,-90.04814693006512,0.0785,0.003,0.0,0.06393366258185518,-0.0639336625814009,-5.261347886099465,0.06393366258154996,0.0,0.0,0.0005000000000023874,-0.000499999999995282,-0.04114693006511061,0.0005000000000000004,0.0,-0.0068849,-0.0206547,0.0137698,-0.0137698,0.0068849,-0.034424500000000004,-0.0014910866910679999,-0.020840537240276,-0.001751159951138,0.002052350427393,-0.002345543345592,-3.4493284494e-05,0.020074859899895048,2.002592000280856,0.27179399967280915,0.12355399985608528,0.0
pd,00:06:32.937,1812,-90.0,-89.998,40.001,-90.007,0.078,0.003,0.0,0.0,0.0,0.0,0.0,0.0,-90.0,-89.997,40.0,-89.987,0.079,0.003,-90.0,-89.9975,40.0005,-89.997,0.0785,0.003,0.0,0.09403425701775686,-0.09403425701708872,1.8806851403471194,0.09403425701730794,0.0,0.0,0.0005000000000023874,-0.000499999999995282,0.010000000000005116,0.0005000000000000004,0.0,-0.0068849,-0.0206547,0.0137698,-0.0137698,0.0068849,-0.034424500000000004,-0.0014910866910679999,-0.020840537240276,-0.001751159951138,0.002052350427393,-0.002345543345592,-3.4493284494e-05,0.020074859899895048,1.8833149997590226,0.25401699986105086,0.11944300013055908,0.0
pd,00:06:32.939,1813,-90.0,-89.998,40.001,-90.007,0.078,0.003,0.0,0.0,0.0,0.0,0.0,0.0,-90.0,-89.997,40.0,-89.987,0.079,0.003,-90.0,-89.9975,40.0005,-89.997,0.0785,0.003,0.0,0.10543750628506855,-0.10543750628431937,2.108750125692381,0.1054375062845652,0.0,0.0,0.0005000000000023874,-0.000499999999995282,0.010000000000005116,0.0005000000000000004,0.0,-0.0068849,-0.0206547,0.0137698,-0.0137698,0.0068849,-0.034424500000000004,-0.0014910866910679999,-0.020840537240276,-0.001751159951138,0.002052350427393,-0.002345543345592,-3.4493284494e-05,0.020074859899895048,2.043295000021317,0.270311999884143,0.13734999993175734,0.0
pd,00:06:32.942,1814,-90.0,-89.998,40.001,-90.007,0.078,0.003,0.0,0.0,0.0,0.0,0.0,0.0,-90.0,-89.997,40.0,-89.987,0.079,0.003,-90.0,-89.9975,40.0005,-89.997,0.0785,0.003,0.0,0.09704544192549808,-0.09704544192480853,1.940908838501687,0.0970454419250348,0.0,0.0,0.0005000000000023874,-0.000499999999995282,0.010000000000005116,0.0005000000000000004,0.0,-0.0068849,0.034424500000000004,-0.0206547,0.0481943,0.0275396,-0.0206547,-0.0014910866910679999,-0.021464713064444,-0.001196336996322,0.001569444444477,-0.0018971306471700002,3.4493284494e-05,0.020074859899895048,3.7462049999703595,0.5924749998484913,0.13627599992105388,0.0
pd,00:06:32.946,1815,-90.0,-89.998,40.001,-90.007,0.078,0.003,0.0,0.0,0.0,0.0,0.0,0.0,-90.0,-89.997,40.0,-89.987,0.079,0.003,-90.0,-89.9975,40.0005,-89.997,0.0785,0.003,0.0,0.05422360119996932,-0.05422360119958404,1.0844720239947632,0.05422360119971046,0.0,0.0,0.0005000000000023874,-0.000499999999995282,0.010000000000005116,0.0005000000000000004,0.0,0.0413094,0.034424500000000004,-0.0206547,0.0481943,0.0275396,-0.0206547,-0.0024620268619959997,-0.021464713064444,-0.001196336996322,0.001569444444477,-0.0018971306471700002,3.4493284494e-05,0.020074859899895048,2.8180650001559115,0.2691649997359491,0.13383200030148146,0.0
pd,00:06:32.950,1816,-90.0,-89.998,40.001,-90.007,0.078,0.003,0.0,0.0,0.0,0.0,0.0,0.0,-90.0,-89.997,40.0,-89.987,0.079,0.003,-90.0,-89.9975,40.0005,-89.997,0.0785,0.003,0.0,0.07167790006186389,-0.07167790006135459,1.4335580012311662,0.0716779000615217,0.0,0.0,0.0005000000000023874,-0.000499999999995282,0.010000000000005116,0.0005000000000000004,0.0,0.0413094,0.034424500000000004,-0.0206547,0.0481943,0.0275396,-0.0206547,-0.0024620268619959997,-0.021464713064444,-0.001196336996322,0.001569444444477,-0.0018971306471700002,3.4493284494e-05,0.020074859899895048,1.8835560003935825,0.2577569998720719,0.1694430002316949,0.0
pd,00:06:32.952,1817,-90.0,-89.998,40.001,-90.007,0.078,0.003,0.0,0.0,0.0,0.0,0.0,0.0,-90.0,-89.997,40.0,-89.987,0.079,0.003,-90.0,-89.9975,40.0005,-89.997,0.0785,0.003,0.0,0.10301365556587158,-0.10301365556513963,2.060273111308648,0.1030136555653798,0.0,0.0,0.0005000000000023874,-0.000499999999995282,0.010000000000005116,0.0005000000000000004,0.0,0.0413094,0.034424500000000004,-0.0206547,0.0481943,0.0275396,-0.0206547,-0.0024620268619959997,-0.021464713064444,-0.001196336996322,0.001569444444477,-0.0018971306471700002,3.4493284494e-05,0.020074859899895048,1.9579439999688475,0.26651600001059705,0.1298129996030184,0.0
pd,00:06:32.955,1818,-90.0,-89.998,40.001,-90.006,0.078,0.003,0.0,0.0,0.0,0.4044651880443613,0.0,0.0,-90.0,-89.997,40.0,-89.987,0.079,0.003,-90.0,-89.9975,40.0005,-90.03694651880443,0.0785,0.003,0.0,0.10111629701109033,-0.10111629701037186,-6.258394773746878,0.1011162970106076,0.0,0.0,0.0005000000000023874,-0.000499999999995282,-0.030946518804427114,0.0005000000000000004,0.0,0.0413094,0.034424500000000004,-0.0206547,0.0481943,0.0275396,-0.0206547,-0.0024620268619959997,-0.021464713064444,-0.001196336996322,0.001569444444477,-0.0018971306471700002,3.4493284494e-05,0.019078784028344474,1.8806859998221626,0.2586450000308105,0.12683199975072057,0.0
pd,00:06:32.957,1819,-90.0,-89.998,40.001,-90.006,0.078,0.003,0.0,0.0,0.0,0.0,0.0,0.0,-90.0,-89.997,40.0,-89.987,0.079,0.003,-90.0,-89.9975,40.0005,-89.9965,0.0785,0.003,0.0,0.10059247889533833,-0.10059247889462358,1.9112570990028512,0.1005924788948581,0.0,0.0,0.0005000000000023874,-0.000499999999995282,0.009500000000002728,0.0005000000000000004,0.0,0.0413094,0.034424500000000004,-0.0206547,0.0481943,0.0275396,-0.0206547,-0.0024620268619959997,-0.021464713064444,-0.001196336996322,0.001569444444477,-0.0018971306471700002,3.4493284494e-05,0.019078784028344474,2.1814420001646795,0.25862699976642034,0.12727600005746353,0.0
pd,00:06:32.960,1820,-90.0,-89.998,40.001,-90.006,0.078,0.003,0.0,0.0,0.0,0.0,0.0,0.0,-90.0,-89.997,40.0,-89.987,0.079,0.003,-90.0,-89.9975,40.0005,-89.9965,0.0785,0.003,0.0,0.0931487963049664,-0.09314879630430455,1.7698271297864192,0.09314879630452172,0.0,0.0,0.0005000000000023874,-0.000499999999995282,0.009500000000002728,0.0005000000000000004,0.0,0.0413094,0.034424500000000004,-0.0206547,0.0481943,0.0275396,-0.0206547,-0.0024620268619959997,-0.021464713064444,-0.001196336996322,0.001569444444477,-0.0018971306471700002,3.4493284494e-05,0.019078784028344474,2.160441999876639,0.2872939999178925,0.14048000002730987,0.0
pd,00:06:32.965,1821,-90.0,-89.998,40.001,-90.006,0.078,0.003,0.0,0.0,0.0,0.0,0.0,0.0,-90.0,-89.997,40.0,-89.987,0.079,0.003,-90.0,-89.9975,40.0005,-89.9965,0.0785,0.003,0.0,0.04864427537599772,-0.04864427537565208,0.9242412321398089,0.04864427537576549,0.0,0.0,0.0005000000000023874,-0.000499999999995282,0.009500000000002728,0.0005000000000000004,0.0,-0.0068849,0.0137698,0.034424500000000004,-0.0,-0.0137698,0.034424500000000004,-0.0016644688644479998,-0.021117948717684,-0.002219291819264,0.001586691086724,-0.002207570207616,-0.000258699633705,0.019078784028344474,3.784110999731638,0.2766829998108733,0.13768400003755232,0.0
pd,00:06:32.969,1822,-90.0,-89.998,40.001,-90.006,0.078,0.003,0.0,0.0,0.0,0.0,0.0,0.0,-90.0,-89.997,40.0,-89.987,0.079,0.003,-90.0,-89.9975,40.0005,-89.9965,0.0785,0.003,0.0,0.057667931584722366,-0.05766793158431261,1.095690700104808,0.05766793158444706,0.0,0.0,0.0005000000000023874,-0.000499999999995282,0.009500000000002728,0.0005000000000000004,0.0,-0.0068849,0.0137698,0.034424500000000004,-0.0,-0.0137698,0.034424500000000004,-0.0016644688644479998,-0.021117948717684,-0.002219291819264,0.001586691086724,-0.002207570207616,-0.000258699633705,0.019078784028344474,2.1823490001224854,0.3135160000056203,0.13486899979398004,0.0
pd,00:06:32.972,1823,-90.0,-89.998,40.001,-90.006,0.078,0.003,0.0,0.0,0.0,0.0,0.0,0.0,-90.0,-89.997,40.0,-89.987,0.079,0.003,-90.0,-89.9975,40.0005,-89.9965,0.0785,0.003,0.0,0.09058971922289476,-0.09058971922225108,1.721204665227276,0.09058971922246228,0.0,0.0,0.0005000000000023874,-0.000499999999995282,0.009500000000002728,0.0005000000000000004,0.0,-0.0068849,0.0137698,0.034424500000000004,-0.0,-0.0137698,0.034424500000000004,-0.0016644688644479998,-0.021117948717684,-0.002219291819264,0.001586691086724,-0.002207570207616,-0.000258699633705,0.019078784028344474,1.9536299996616435,0.2619599999889033,0.12953499981449568,0.0
pd,00:06:32.975,1824,-90.0,-89.998,40.001,-90.005,0.078,0.003,0.0,0.0,0.0,0.40575640901809296,0.0,0.0,-90.0,-89.997,40.0,-89.987,0.079,0.003,-90.0,-89.9975,40.0005,-90.0365756409018,0.0785,0.003,0.0,0.10143910225452324,-0.10143910225380248,-6.4060093323508225,0.10143910225403897,0.0,0.0,0.0005000000000023874,-0.000499999999995282,-0.03157564090180642,0.0005000000000000004,0.0,-0.0068849,0.0137698,0.034424500000000004,-0.0,-0.0137698,0.034424500000000004,-0.0016644688644479998,-0.021117948717684,-0.002219291819264,0.001586691086724,-0.002207570207616,-0.000258699633705,0.01808314132002594,1.874907000001258,0.32660799979566946,0.12705399967671838,0.0
pd,00:06:32.977,1825,-90.0,-89.998,40.001,-90.005,0.078,0.003,0.0,0.0,0.0,0.0,0.0,0.0,-90.0,-89.997,40.0,-89.987,0.079,0.003,-90.0,-89.9975,40.0005,-89.996,0.0785,0.003,0.0,0.10244001563159504,-0.10244001563086716,1.843920281359976,0.102440015631106,0.0,0.0,0.0005000000000023874,-0.000499999999995282,0.009000000000000341,0.0005000000000000004,0.0,-0.0068849,0.0137698,0.034424500000000004,-0.0,-0.0137698,0.034424500000000004,-0.0016644688644479998,-0.021117948717684,-0.002219291819264,0.001586691086724,-0.002207570207616,-0.000258699633705,0.01808314132002594,1.8587409999781812,0.24620100020911195,0.11901700008820626,0.0
pd,00:06:32.979,1826,-90.0,-89.998,40.001,-90.005,0.078,0.003,0.0,0.0,0.0,0.0,0.0,0.0,-90.0,-89.997,40.0,-89.987,0.079,0.003,-90.0,-89.9975,40.0005,-89.996,0.0785,0.003,0.0,0.10704124132350008,-0.10704124132273951,1.9267423438138747,0.10704124132298908,0.0,0.0,0.0005000000000023874,-0.000499999999995282,0.009000000000000341,0.0005000000000000004,0.0,-0.0068849,0.0137698,0.034424500000000004,-0.0,-0.0137698,0.034424500000000004,-0.0016644688644479998,-0.021117948717684,-0.002219291819264,0.001586691086724,-0.002207570207616,-0.000258699633705,0.01808314132002594,2.2091079999881913,0.27673800013872096,0.13738699999521486,0.0
