controller,timestamp,loop,q0,q1,q2,q3,q4,q5,qvel0,qvel1,qvel2,qvel3,qvel4,qvel5,target0,target1,target2,target3,target4,target5,cmd_pos0,cmd_pos1,cmd_pos2,cmd_pos3,cmd_pos4,cmd_pos5,cmd_vel0,cmd_vel1,cmd_vel2,cmd_vel3,cmd_vel4,cmd_vel5,u0,u1,u2,u3,u4,u5,hal_vel0,hal_vel1,hal_vel2,hal_vel3,hal_vel4,hal_vel5,hal_torq0,hal_torq1,hal_torq2,hal_torq3,hal_torq4,hal_torq5,err_norm,poll_ms,solve_ms,hal_write_ms,sleep_ms
invdyn,00:51:42.337,1,-90.021,-89.982,-10.204,-90.053,-0.011,0.004,0.0,0.0,0.0,0.0,0.0,0.0,-90.021,-89.982,0.0,-90.052,-0.011,0.004,-90.021,-89.982,-5.102,-90.05250000000001,-0.011,0.004,0.0,0.0,127.55000000000001,0.01249999999988205,0.0,0.0,0.0,0.0,5.102,0.0004999999999881766,0.0,0.0,-0.034424500000000004,0.0413094,0.1514678,0.0619641,0.0068849,0.034424500000000004,0.012916971916809999,0.009761416361294,0.038612210011725996,-0.002380036630086,-0.001345238095266,0.001483211233242,10.204000049000392,3.123080000477785,0.30605200026911916,0.13038699944445398,16.481133000525006
invdyn,00:51:42.358,2,-90.021,-89.982,-10.201,-90.053,-0.011,0.004,0.0,0.0,0.14762092024684387,0.0,0.0,0.0,-90.021,-89.982,0.0,-90.052,-0.011,0.004,-90.021,-89.982,-5.1005,-90.05250000000001,-0.011,0.004,0.0,0.0,125.49008395316643,0.01230174335378711,0.0,0.0,0.0,0.0,5.1005,0.0004999999999881766,0.0,0.0,0.0,0.0413094,0.1239282,0.0619641,-0.0137698,0.034424500000000004,0.012500854700698,0.009570695970576,0.038768253967768,-0.002552503052556,-0.0009140720390910001,0.0025352564103090004,10.201000049014803,2.141644999937853,0.2490719998604618,0.12151800001447555,17.65619500019966
invdyn,00:51:42.378,3,-90.021,-89.982,-10.198,-90.052,-0.011,0.004,0.0,0.0,0.14609887838748434,0.048699626128700074,0.0,0.0,-90.021,-89.982,0.0,-90.052,-0.011,0.004,-90.021,-89.982,-5.099,-90.052,-0.011,0.004,0.0,0.0,124.15969681629241,0.0,0.0,0.0,0.0,0.0,5.099,0.0,0.0,0.0,-0.0068849,-0.0137698,0.13081310000000002,0.0275396,0.0068849,-0.0068849,0.01257020757005,0.010645665445532,0.040432722832216,-0.001465964590995,-0.000620879120892,0.0019143772894170002,10.198,2.0664240000769496,0.34297799993510125,0.641918999463087,17.00072000039654
invdyn,00:51:42.399,4,-90.021,-89.982,-10.195,-90.052,-0.011,0.004,0.0,0.0,0.14696401499667686,0.0,0.0,0.0,-90.021,-89.982,0.0,-90.052,-0.011,0.004,-90.021,-89.982,-5.0975,-90.052,-0.011,0.004,0.0,0.0,124.85817774092199,0.0,0.0,0.0,0.0,0.0,5.0975,0.0,0.0,0.0,-0.0068849,-0.0206547,4.7850055000000005,-0.0481943,-0.0068849,0.0413094,0.013558485958316,0.01109645909632,0.046830525029938,-0.00155219780223,-0.00103479853482,0.001431471306501,10.195,4.377511999337003,0.23644199973205104,0.15451699982804712,15.779788000145345
invdyn,00:51:42.419,5,-90.021,-89.982,-10.148,-90.052,-0.011,0.004,0.0,0.0,2.267634707188323,0.0,0.0,0.0,-90.021,-89.982,0.0,-90.052,-0.011,0.004,-90.021,-89.982,-5.074,-90.052,-0.011,0.004,0.0,0.0,122.40402664120644,0.0,0.0,0.0,0.0,0.0,5.074,0.0,0.0,0.0,-0.0275396,0.0068849,7.7455125,-0.0137698,-0.034424500000000004,-0.0068849,0.013211721611556,0.010940415140278,0.038906959706472,-0.0022593101343570004,-0.001103785103808,0.001431471306501,10.148,3.0448030001934967,0.23586799943586811,0.11829499999294057,16.649907999635616
invdyn,00:51:42.439,6,-90.021,-89.982,-10.019,-90.053,-0.011,0.004,0.0,0.0,6.384551672055297,-0.04949264862011685,0.0,0.0,-90.021,-89.982,0.0,-90.052,-0.011,0.004,-90.021,-89.982,-5.0095,-90.05250000000001,-0.011,0.004,0.0,0.0,123.96671163240742,0.012373162155029212,0.0,0.0,0.0,0.0,5.0095,0.0004999999999881766,0.0,0.0,0.0,0.0275396,7.6697786,-0.034424500000000004,0.0137698,-0.0275396,0.012466178266022,0.009848107447983999,0.037988034187558,-0.002086843711887,-0.001224511599537,0.0016556776557120003,10.01900004990518,2.3075700000845245,0.4834769997614785,1.959999000064272,15.554549000626139
invdyn,00:51:42.460,7,-90.021,-89.982,-9.856,-90.053,-0.011,0.004,0.0,0.0,7.956793314944789,0.0,0.0,0.0,-90.021,-89.982,0.0,-90.052,-0.011,0.004,-90.021,-89.982,-4.928,-90.05250000000001,-0.011,0.004,0.0,0.0,120.2793786995333,0.012203670728327754,0.0,0.0,0.0,0.0,4.928,0.0004999999999881766,0.0,0.0,-0.0068849,0.0068849,8.3100743,0.0275396,-0.0413094,-0.0137698,0.012708913308754,0.009588034187913999,0.030497924297542,-0.0019143772894170002,-0.001224511599537,0.001534951159983,9.85600005073052,2.85652700040373,0.23151599998527672,0.39718100015306845,16.558149999582383
invdyn,00:51:42.480,8,-90.021,-89.982,-9.698,-90.052,-0.011,0.004,0.0,0.0,7.8274122649532005,0.0495405839549327,0.0,0.0,-90.021,-89.982,0.0,-90.052,-0.011,0.004,-90.021,-89.982,-4.849,-90.052,-0.011,0.004,0.0,0.0,120.11114579986771,0.0,0.0,0.0,0.0,0.0,4.849,0.0,0.0,0.0,0.0275396,0.0137698,7.57339,-0.0,0.0068849,-0.0206547,0.013142368742204,0.010056166056039999,0.029735042734669998,-0.002380036630086,-0.00103479853482,0.0016556776557120003,9.698,2.058146000308625,0.2237010003227624,0.08251700000982964,17.689991000224836
invdyn,00:51:42.500,9,-90.021,-89.982,-9.539,-90.052,-0.011,0.004,0.0,0.0,7.87379083331369,0.0,0.0,0.0,-90.021,-89.982,0.0,-90.052,-0.011,0.004,-90.021,-89.982,-4.7695,-90.052,-0.011,0.004,0.0,0.0,118.09448232543862,0.0,0.0,0.0,0.0,0.0,4.7695,0.0,0.0,0.0,0.0,0.0,7.3874977,-0.0550792,0.0068849,-0.0481943,0.012864957264796,0.009761416361294,0.029873748473374,-0.0024662698413210004,-0.001155525030549,0.0019488705739110002,9.539,2.0302769999034354,0.2211459996033227,0.08748100026423344,17.709732000184886
invdyn,00:51:42.521,10,-90.021,-89.982,-9.396,-90.051,-0.011,0.004,0.0,0.0,7.0859774112754055,0.049552289589575485,0.0,0.0,-90.021,-89.982,0.0,-90.052,-0.011,0.004,-90.021,-89.982,-4.698,-90.0515,-0.011,0.004,0.0,0.0,116.39832824535704,-0.012388072397393871,0.0,0.0,0.0,0.0,4.698,-0.0005000000000023874,0.0,0.0,0.0275396,0.0275396,7.0914470000000005,0.0413094,0.0550792,-0.0206547,0.012535531135374,0.00979609279597,0.034260317459888,-0.0024662698413210004,-0.001638431013465,0.0019488705739110002,9.396000053214134,2.0487020001382916,0.21933100015303353,0.08077699931163806,17.720972000461188
invdyn,00:51:42.541,11,-90.021,-89.982,-9.247,-90.052,-0.011,0.004,0.0,0.0,7.323075884696553,-0.04914816030021124,0.0,0.0,-90.021,-89.982,0.0,-90.052,-0.011,0.004,-90.021,-89.982,-4.6235,-90.052,-0.011,0.004,0.0,0.0,113.61825957347082,0.0,0.0,0.0,0.0,0.0,4.6235,0.0,0.0,0.0,-0.0275396,-0.0481943,7.2016054,-0.0275396,0.0206547,-0.0275396,0.012708913308754,0.010853724053587999,0.033098656898242,-0.0019143772894170002,-0.0009313186813380001,0.001586691086724,9.247,2.410865000456397,0.22366499979398213,0.09744299950398272,17.311605999566382
invdyn,00:51:42.561,12,-90.021,-89.982,-9.113,-90.052,-0.011,0.004,0.0,0.0,6.640399059535219,0.0,0.0,0.0,-90.021,-89.982,0.0,-90.052,-0.011,0.004,-90.021,-89.982,-4.5565,-90.052,-0.011,0.004,0.0,0.0,112.89917281631399,0.0,0.0,0.0,0.0,0.0,4.5565,0.0,0.0,0.0,-0.0137698,-0.0068849,7.4012675,-0.0068849,0.0068849,0.0068849,0.012708913308754,0.010056166056039999,0.028053235652884,-0.001603937728971,-0.0008623321123500001,0.002017857142899,9.113,1.9829619996016845,0.22336799975164467,0.081740000496211,17.762211999979627
invdyn,00:51:42.581,13,-90.021,-89.982,-8.96,-90.052,-0.011,0.004,0.0,0.0,7.580873374206973,0.0,0.0,0.0,-90.021,-89.982,0.0,-90.052,-0.011,0.004,-90.021,-89.982,-4.48,-90.052,-0.011,0.004,0.0,0.0,110.98795005375011,0.0,0.0,0.0,0.0,0.0,4.48,0.0,0.0,0.0,0.0481943,0.034424500000000004,7.3737279000000004,-0.0137698,-0.034424500000000004,-0.0275396,0.0130036630035,0.00979609279597,0.025053724053409998,-0.002380036630086,-0.000810592185609,0.001483211233242,8.96,1.9703509997270885,0.21886800004722318,0.0841290002426831,18.48748300017178
invdyn,00:51:42.602,14,-90.021,-89.982,-8.814,-90.051,-0.011,0.004,0.0,0.0,6.982137666039603,0.047822860726526736,0.0,0.0,-90.021,-89.982,0.0,-90.052,-0.011,0.004,-90.021,-89.982,-4.407,-90.0515,-0.011,0.004,0.0,0.0,105.37767361039849,-0.011955715181631684,0.0,0.0,0.0,0.0,4.407,-0.0005000000000023874,0.0,0.0,0.0206547,-0.0413094,6.6921228,0.0275396,-0.0275396,-0.0,0.013021001220838,0.010558974358842,0.028764102563742,-0.0009830586080790001,-0.001155525030549,0.0016556776557120003,8.814000056727933,3.5890749995814986,0.23971900009200908,0.12440600039553829,16.13041400014481
invdyn,00:51:42.622,15,-90.021,-89.982,-8.677,-90.051,-0.011,0.004,0.0,0.0,6.765882654923547,0.0,0.0,0.0,-90.021,-89.982,0.0,-90.052,-0.011,0.004,-90.021,-89.982,-4.3385,-90.0515,-0.011,0.004,0.0,0.0,107.13059087002084,-0.012346501195174874,0.0,0.0,0.0,0.0,4.3385,-0.0005000000000023874,0.0,0.0,-0.0413094,0.0206547,6.6645832,-0.0068849,0.0206547,-0.0137698,0.012968986568824,0.009813431013308,0.032006349205948,-0.00137973137976,-0.0008623321123500001,0.0017246642247000002,8.677000057623601,3.030025000043679,0.23677500030316878,0.11622100009844871,17.330217000562698
invdyn,00:51:42.643,16,-90.021,-89.982,-8.546,-90.051,-0.011,0.004,0.0,0.0,6.27352139113756,0.0,0.0,0.0,-90.021,-89.982,0.0,-90.052,-0.011,0.004,-90.021,-89.982,-4.273,-90.0515,-0.011,0.004,0.0,0.0,102.31586604706392,-0.011972369067113558,0.0,0.0,0.0,0.0,4.273,-0.0005000000000023874,0.0,0.0,0.0206547,0.0,6.4511513,-0.0068849,-0.0,-0.0068849,0.013229059828894,0.010645665445532,0.031416849816456,-0.0019143772894170002,-0.001155525030549,0.001586691086724,8.546000058506902,2.1278860003803857,0.3912559996024356,0.10955400011880556,17.44643799975165
invdyn,00:51:42.664,17,-90.021,-89.982,-8.414,-90.051,-0.011,0.004,0.0,0.0,6.5222548830195635,0.0,0.0,0.0,-90.021,-89.982,0.0,-90.052,-0.011,0.004,-90.021,-89.982,-4.207,-90.0515,-0.011,0.004,0.0,0.0,103.93608444266428,-0.012352755460323337,0.0,0.0,0.0,0.0,4.207,-0.0005000000000023874,0.0,0.0,-0.0068849,-0.0068849,6.7885114,-0.0826188,0.0275396,-0.0413094,0.013211721611556,0.010298901098772,0.029787057386684,-0.002690476190532,-0.000810592185609,0.0018971306471700002,8.414000059424767,2.0092569993721554,0.22657099998468766,0.09077599952433957,17.723768999530876
invdyn,00:51:42.684,18,-90.021,-89.982,-8.283,-90.052,-0.011,0.004,0.0,0.0,6.483766493987715,-0.04949440071769972,0.0,0.0,-90.021,-89.982,0.0,-90.052,-0.011,0.004,-90.021,-89.982,-4.1415,-90.052,-0.011,0.004,0.0,0.0,102.49053028568731,0.0,0.0,0.0,0.0,0.0,4.1415,0.0,0.0,0.0,-0.0068849,0.0550792,6.6714681,-0.0,0.034424500000000004,-0.0,0.013211721611556,0.01057631257618,0.028313308912954,-0.0024662698413210004,-0.001103785103808,0.0023282967033450004,8.283,1.9998689995190944,0.22351600000547478,0.08872099988366244,17.739601000357652
invdyn,00:51:42.704,19,-90.021,-89.982,-8.152,-90.052,-0.011,0.004,0.0,0.0,6.486292338566886,0.0,0.0,0.0,-90.021,-89.982,0.0,-90.052,-0.011,0.004,-90.021,-89.982,-4.076,-90.052,-0.011,0.004,0.0,0.0,100.90888386259,0.0,0.0,0.0,0.0,0.0,4.076,0.0,0.0,0.0,0.0206547,0.0137698,6.1206761,0.034424500000000004,0.0413094,-0.0137698,0.013021001220838,0.010073504273378,0.028885470085108,-0.00020695970696400003,-0.001103785103808,0.001431471306501,8.152,1.956129000063811,0.22518300011142856,0.08461000015813624,17.77745299932576
invdyn,00:51:42.724,20,-90.021,-89.982,-8.023,-90.051,-0.011,0.004,0.0,0.0,6.392396398950853,0.049553460457220144,0.0,0.0,-90.021,-89.982,0.0,-90.052,-0.011,0.004,-90.021,-89.982,-4.0115,-90.0515,-0.011,0.004,0.0,0.0,99.39185331159472,-0.012388365114305036,0.0,0.0,0.0,0.0,4.0115,-0.0005000000000023874,0.0,0.0,0.034424500000000004,-0.0413094,6.2239496,-0.0137698,-0.034424500000000004,0.0068849,0.013315750915583999,0.010108180708054,0.030844688644302,-0.0027767094017670003,-0.001638431013465,0.0018971306471700002,8.023000062320827,1.9684250000864267,0.2693489996090648,0.08672100011608563,17.71884199933993
invdyn,00:51:42.744,21,-90.021,-89.982,-7.901,-90.051,-0.011,0.004,0.0,0.0,6.005857771622393,0.0,0.0,0.0,-90.021,-89.982,0.0,-90.052,-0.011,0.004,-90.021,-89.982,-3.9505,-90.0515,-0.011,0.004,0.0,0.0,97.23828330653396,-0.012307085597645647,0.0,0.0,0.0,0.0,3.9505,-0.0005000000000023874,0.0,0.0,0.0137698,0.0068849,6.2996835,-0.0,-0.0206547,0.0206547,0.01274358974343,0.010333577533448,0.028157264956912,-0.001138278388302,-0.001465964590995,0.001259004884031,7.901000063283128,2.021905999754381,0.22125699979369529,0.09659100032877177,17.703399000311038
invdyn,00:51:42.765,22,-90.021,-89.982,-7.775,-90.051,-0.011,0.004,0.0,0.0,6.245285496507932,0.0,0.0,0.0,-90.021,-89.982,0.0,-90.052,-0.011,0.004,-90.021,-89.982,-3.8875,-90.0515,-0.011,0.004,0.0,0.0,96.34344193521703,-0.012391439477257498,0.0,0.0,0.0,0.0,3.8875,-0.0005000000000023874,0.0,0.0,0.0206547,0.0481943,6.148215700000001,-0.0413094,0.0068849,-0.0,0.012708913308754,0.010298901098772,0.028122588522235998,-0.002380036630086,-0.0009830586080790001,0.0030181623932250003,7.775000064308681,1.9449629999144236,0.2186640003856155,0.08342500041180756,17.79895299932832
invdyn,00:51:42.785,23,-90.021,-89.982,-7.652,-90.051,-0.011,0.004,0.0,0.0,6.095939879475374,0.0,0.0,0.0,-90.021,-89.982,0.0,-90.052,-0.011,0.004,-90.021,-89.982,-3.826,-90.0515,-0.011,0.004,0.0,0.0,94.80921129623066,-0.0123901217063099,0.0,0.0,0.0,0.0,3.826,-0.0005000000000023874,0.0,0.0,-0.0413094,-0.0275396,6.4236117,0.0275396,0.0137698,-0.0068849,0.013211721611556,0.010333577533448,0.024169474969172,-0.001603937728971,-0.001103785103808,0.002104090354134,7.652000065342394,1.9417950006754836,0.2199789996666368,0.08151800011546584,17.83052700011467
invdyn,00:51:42.805,24,-90.021,-89.982,-7.525,-90.051,-0.011,0.004,0.0,0.0,6.280082622023097,0.0,0.0,0.0,-90.021,-89.982,0.0,-90.052,-0.011,0.004,-90.021,-89.982,-3.7625,-90.0515,-0.011,0.004,0.0,0.0,93.02681443055883,-0.012362367366246248,0.0,0.0,0.0,0.0,3.7625,-0.0005000000000023874,0.0,0.0,-0.0550792,0.0068849,5.8246254,0.0275396,0.0137698,-0.0,0.012882295482134,0.010333577533448,0.026163369963042,-0.002155830280875,-0.001103785103808,0.0017936507936880002,7.525000066445183,2.7585100006035645,0.6269750001592911,0.11814699973911047,16.546260999348306
invdyn,00:51:42.825,25,-90.021,-89.982,-7.404,-90.051,-0.011,0.004,0.0,0.0,5.9861382149302536,0.0,0.0,0.0,-90.021,-89.982,0.0,-90.052,-0.011,0.004,-90.021,-89.982,-3.702,-90.0515,-0.011,0.004,0.0,0.0,91.57307302343685,-0.012368054163138048,0.0,0.0,0.0,0.0,3.702,-0.0005000000000023874,0.0,0.0,-0.0068849,0.0413094,5.6525029,-0.0137698,-0.0137698,-0.034424500000000004,0.0130036630035,0.00979609279597,0.028035897435546,-0.002690476190532,-0.00103479853482,0.0018971306471700002,7.404000067531063,2.2814399999333546,0.47392099986609537,1.647558000513527,16.462485000374727
invdyn,00:51:42.846,26,-90.021,-89.982,-7.29,-90.051,-0.011,0.004,0.0,0.0,5.400757403935206,0.0,0.0,0.0,-90.021,-89.982,0.0,-90.052,-0.011,0.004,-90.021,-89.982,-3.645,-90.0515,-0.011,0.004,0.0,0.0,86.34105586554318,-0.011843766236756577,0.0,0.0,0.0,0.0,3.645,-0.0005000000000023874,0.0,0.0,0.0137698,0.0137698,5.3977616,-0.0137698,0.0137698,0.034424500000000004,0.013021001220838,0.01170329670315,0.029769719169346,-0.0018453907204290002,-0.0009140720390910001,0.001586691086724,7.290000068587105,2.023369000198727,0.24801600011414848,0.136572999508644,17.512380999505694
invdyn,00:51:42.867,27,-90.021,-89.982,-7.178,-90.051,-0.011,0.004,0.0,0.0,5.535077742429603,0.0,0.0,0.0,-90.021,-89.982,0.0,-90.052,-0.011,0.004,-90.021,-89.982,-3.589,-90.0515,-0.011,0.004,0.0,0.0,88.68479472133852,-0.012355084246553632,0.0,0.0,0.0,0.0,3.589,-0.0005000000000023874,0.0,0.0,0.0068849,0.0413094,5.6593878,-0.0275396,0.0550792,-0.0206547,0.012362148961994,0.010957753357616,0.028573382173024,-0.0028456959707550003,-0.001465964590995,0.0018971306471700002,7.178000069657285,2.494956999726128,0.2342570005566813,0.1048320000336389,17.216587999428157
invdyn,00:51:42.887,28,-90.021,-89.982,-7.066,-90.051,-0.011,0.004,0.0,0.0,5.543699969317195,0.0,0.0,0.0,-90.021,-89.982,0.0,-90.052,-0.011,0.004,-90.021,-89.982,-3.533,-90.0515,-0.011,0.004,0.0,0.0,87.43701781963227,-0.012374330288713526,0.0,0.0,0.0,0.0,3.533,-0.0005000000000023874,0.0,0.0,0.0068849,-0.0137698,5.6318482,0.0206547,0.0068849,0.0275396,0.013211721611556,0.010108180708054,0.027446398046053998,-0.00206959706964,-0.000810592185609,0.0017246642247000002,7.066000070761392,2.011331999710819,0.22453499968833057,0.07842499962862348,17.742768000061915
invdyn,00:51:42.907,29,-90.021,-89.982,-6.952,-90.051,-0.011,0.004,0.0,0.0,5.643027580753656,0.0,0.0,0.0,-90.021,-89.982,0.0,-90.052,-0.011,0.004,-90.021,-89.982,-3.476,-90.0515,-0.011,0.004,0.0,0.0,86.03142048552512,-0.012375060484167996,0.0,0.0,0.0,0.0,3.476,-0.0005000000000023874,0.0,0.0,0.0068849,0.0068849,5.3977616,0.0137698,0.0137698,0.0068849,0.013021001220838,0.010056166056039999,0.027238339437998,-0.00206959706964,-0.001224511599537,0.0016556776557120003,6.9520000719217485,2.0458870003494667,0.22279400036495645,0.0789440000517061,17.70506499997282
invdyn,00:51:42.927,30,-90.021,-89.982,-6.842,-90.051,-0.011,0.004,0.0,0.0,5.4449623527745805,0.0,0.0,0.0,-90.021,-89.982,0.0,-90.052,-0.011,0.004,-90.021,-89.982,-3.421,-90.0515,-0.011,0.004,0.0,0.0,84.66916458564448,-0.0123749144381831,0.0,0.0,0.0,0.0,3.421,-0.0005000000000023874,0.0,0.0,0.0,-0.0068849,5.1980995000000005,-0.0,-0.0550792,0.0275396,0.012882295482134,0.011339194139052,0.0294749694746,-0.001448717948748,-0.001276251526278,0.001121031746055,6.842000073078046,2.0023130000481615,0.22214599994185846,0.07874000039009843,18.07133900001645
invdyn,00:51:42.948,31,-90.021,-89.982,-6.738,-90.051,-0.011,0.004,0.0,0.0,5.032564763432013,0.0,0.0,0.0,-90.021,-89.982,0.0,-90.052,-0.011,0.004,-90.021,-89.982,-3.369,-90.0515,-0.011,0.004,0.0,0.0,81.51303215385859,-0.012097511450615581,0.0,0.0,0.0,0.0,3.369,-0.0005000000000023874,0.0,0.0,0.0550792,0.0275396,5.2187542,-0.0413094,-0.0,0.0068849,0.012882295482134,0.009484004883886,0.028850793650432,-0.0017419108669470002,-0.001103785103808,0.0017246642247000002,6.738000074205996,2.152274999389192,0.2812189995893277,0.1357769997412106,17.472288999670127
invdyn,00:51:42.968,32,-90.021,-89.982,-6.631,-90.051,-0.011,0.004,0.0,0.0,5.294463912417725,0.0,0.0,0.0,-90.021,-89.982,0.0,-90.052,-0.011,0.004,-90.021,-89.982,-3.3155,-90.0515,-0.011,0.004,0.0,0.0,82.02707991411651,-0.012370242786081764,0.0,0.0,0.0,0.0,3.3155,-0.0005000000000023874,0.0,0.0,0.0068849,-0.0481943,5.0190921,0.06884900000000001,-0.0550792,-0.0206547,0.013021001220838,0.010056166056039999,0.03129548229509,-0.0022938034188510004,-0.001224511599537,0.002207570207616,6.631000075403408,2.046941999651608,0.22808999983681133,0.08772199998929864,17.69265799975983
invdyn,00:51:42.988,33,-90.021,-89.982,-6.531,-90.051,-0.011,0.004,0.0,0.0,4.949790528340657,0.0,0.0,0.0,-90.021,-89.982,0.0,-90.052,-0.011,0.004,-90.021,-89.982,-3.2655,-90.0515,-0.011,0.004,0.0,0.0,80.81770485148164,-0.012374476320910661,0.0,0.0,0.0,0.0,3.2655,-0.0005000000000023874,0.0,0.0,-0.0413094,-0.0206547,5.4253012,-0.0619641,-0.06884900000000001,-0.0137698,0.012674236874078,0.008981196581083999,0.027273015872674,-0.0022248168498630004,-0.001103785103808,0.0017246642247000002,6.5310000765579534,1.9805550000455696,0.2224789996034815,0.12418400001479313,17.735360999722616
invdyn,00:51:43.008,34,-90.021,-89.982,-6.428,-90.051,-0.011,0.004,0.0,0.0,5.094857088944961,0.0,0.0,0.0,-90.021,-89.982,0.0,-90.052,-0.011,0.004,-90.021,-89.982,-3.214,-90.0515,-0.011,0.004,0.0,0.0,79.48966351392787,-0.012366157982935194,0.0,0.0,0.0,0.0,3.214,-0.0005000000000023874,0.0,0.0,0.034424500000000004,-0.0068849,5.1567901,0.0275396,-0.0,-0.0550792,0.012882295482134,0.010333577533448,0.02661416361383,-0.002000610500652,-0.0009830586080790001,0.0016556776557120003,6.4280000777846915,2.436013000078674,1.8987399998877663,0.14538800041918876,15.770824999890465
invdyn,00:51:43.029,35,-90.021,-89.982,-6.323,-90.051,-0.011,0.004,0.0,0.0,5.053668254059304,0.0,0.0,0.0,-90.021,-89.982,0.0,-90.052,-0.011,0.004,-90.021,-89.982,-3.1615,-90.0515,-0.011,0.004,0.0,0.0,76.08177231051695,-0.012032543462103468,0.0,0.0,0.0,0.0,3.1615,-0.0005000000000023874,0.0,0.0,0.0206547,-0.034424500000000004,4.7918904,0.034424500000000004,-0.0275396,0.0068849,0.013021001220838,0.00979609279597,0.030185836385458,-0.00206959706964,-0.000793345543362,0.0025352564103090004,6.323000079076388,2.7131220003866474,0.23375599994324148,0.11470299978100229,17.118941000262566
invdyn,00:51:43.050,36,-90.021,-89.982,-6.226,-90.051,-0.011,0.004,0.0,0.0,4.768042002625185,0.0,0.0,0.0,-90.021,-89.982,0.0,-90.052,-0.011,0.004,-90.021,-89.982,-3.113,-90.0515,-0.011,0.004,0.0,0.0,76.50986986686668,-0.012288768048061676,0.0,0.0,0.0,0.0,3.113,-0.0005000000000023874,0.0,0.0,0.0068849,0.0137698,5.0810562,-0.0137698,0.0206547,-0.0275396,0.012864957264796,0.00927594627583,0.028590720390362,-0.0016901709402060002,-0.001224511599537,0.001483211233242,6.226000080308383,2.7299359999233275,0.23436900028173113,0.25458999971306184,16.83396200041898
invdyn,00:51:43.070,37,-90.021,-89.982,-6.129,-90.051,-0.011,0.004,0.0,0.0,4.800107222917031,0.0,0.0,0.0,-90.021,-89.982,0.0,-90.052,-0.011,0.004,-90.021,-89.982,-3.0645,-90.0515,-0.011,0.004,0.0,0.0,75.82437414757308,-0.012371410368401883,0.0,0.0,0.0,0.0,3.0645,-0.0005000000000023874,0.0,0.0,-0.0413094,0.0,4.8813941000000005,-0.0068849,-0.0137698,-0.0068849,0.0130036630035,0.00979609279597,0.02739438339404,-0.00224206349211,-0.00103479853482,0.001483211233242,6.129000081579376,1.928443999531737,0.2185159992222907,0.07618400013598148,17.831711999861
invdyn,00:51:43.090,38,-90.021,-89.982,-6.028,-90.051,-0.011,0.004,0.0,0.0,5.002771723470086,0.0,0.0,0.0,-90.021,-89.982,0.0,-90.052,-0.011,0.004,-90.021,-89.982,-3.014,-90.0515,-0.011,0.004,0.0,0.0,74.64531670563782,-0.012383098325480135,0.0,0.0,0.0,0.0,3.014,-0.0005000000000023874,0.0,0.0,0.0068849,-0.0481943,4.6266528000000005,0.0068849,-0.0206547,-0.0,0.012362148961994,0.009813431013308,0.029162881562516,-0.001465964590995,-0.000741605616621,0.00206959706964,6.0280000829462494,2.0277020003049984,0.2534789991841535,0.1277029996344936,17.634435999752895
invdyn,00:51:43.110,39,-90.021,-89.982,-5.935,-90.051,-0.011,0.004,0.0,0.0,4.60341384315808,0.0,0.0,0.0,-90.021,-89.982,0.0,-90.052,-0.011,0.004,-90.021,-89.982,-2.9675,-90.0515,-0.011,0.004,0.0,0.0,73.44425042780432,-0.012374768395645327,0.0,0.0,0.0,0.0,2.9675,-0.0005000000000023874,0.0,0.0,-0.034424500000000004,-0.0619641,4.544034,-0.034424500000000004,0.0275396,0.0206547,0.012812942612782,0.010298901098772,0.0294749694746,-0.0016901709402060002,-0.001276251526278,0.001483211233242,5.935000084245997,2.0402010004545446,0.23620100000698585,0.11033200007659616,17.677861000265693
invdyn,00:51:43.130,40,-90.021,-89.982,-5.845,-90.051,-0.011,0.004,0.0,0.0,4.450924526299647,0.0,0.0,0.0,-90.021,-89.982,0.0,-90.052,-0.011,0.004,-90.021,-89.982,-2.9225,-90.0515,-0.011,0.004,0.0,0.0,72.26570515617078,-0.012363679239780297,0.0,0.0,0.0,0.0,2.9225,-0.0005000000000023874,0.0,0.0,-0.0206547,-0.0619641,4.8607394,-0.0275396,-0.0,0.0137698,0.012864957264796,0.00979609279597,0.026423443223112,-0.002138583638628,-0.0009830586080790001,0.0019488705739110002,5.845000085543198,1.9580919997679302,0.2636640001583146,0.08292500024253968,17.69228800003475
invdyn,00:51:43.151,41,-90.021,-89.982,-5.75,-90.051,-0.011,0.004,0.0,0.0,4.6602832715406715,0.0,0.0,0.0,-90.021,-89.982,0.0,-90.052,-0.011,0.004,-90.021,-89.982,-2.875,-90.0515,-0.011,0.004,0.0,0.0,70.51744424041824,-0.012263903346218252,0.0,0.0,0.0,0.0,2.875,-0.0005000000000023874,0.0,0.0,-0.0206547,-0.0481943,4.3994511,0.0137698,-0.1032735,-0.0,0.012882295482134,0.010281562881434,0.027290354090012,-0.00137973137976,-0.000551892551904,0.001431471306501,5.750000086956521,2.0095919999221223,0.2283869998791488,0.0945919991863775,17.72449000054621
invdyn,00:51:43.171,42,-90.021,-89.982,-5.658,-90.051,-0.011,0.004,0.0,0.0,4.551819756057264,0.0,0.0,0.0,-90.021,-89.982,0.0,-90.052,-0.011,0.004,-90.021,-89.982,-2.829,-90.0515,-0.011,0.004,0.0,0.0,69.9842287493807,-0.012369075424127761,0.0,0.0,0.0,0.0,2.829,-0.0005000000000023874,0.0,0.0,-0.0206547,0.0275396,4.4545303,0.0137698,-0.0206547,-0.0068849,0.012674236874078,0.010281562881434,0.028209279608926,-0.0022938034188510004,-0.001396978022007,0.00155219780223,5.658000088370448,2.0047759999215486,0.224737999815261,0.07986899981915485,17.752101000041876
invdyn,00:51:43.191,43,-90.021,-89.982,-5.569,-90.051,-0.011,0.004,0.0,0.0,4.393957530957222,0.0,0.0,0.0,-90.021,-89.982,0.0,-90.052,-0.011,0.004,-90.021,-89.982,-2.7845,-90.0515,-0.011,0.004,0.0,0.0,68.73581317387824,-0.012342577334208377,0.0,0.0,0.0,0.0,2.7845,-0.0005000000000023874,0.0,0.0,-0.0137698,-0.034424500000000004,4.5853434,-0.0275396,-0.0,0.0068849,0.013073015872852,0.010056166056039999,0.026423443223112,-0.0019143772894170002,-0.001345238095266,0.001586691086724,5.569000089782725,1.9837019999613403,0.22222000006877352,0.08053600049606757,17.762378999577777
invdyn,00:51:43.211,44,-90.021,-89.982,-5.479,-90.051,-0.011,0.004,0.0,0.0,4.456810115821903,0.0,0.0,0.0,-90.021,-89.982,0.0,-90.052,-0.011,0.004,-90.021,-89.982,-2.7395,-90.0515,-0.011,0.004,0.0,0.0,67.83017395718957,-0.01238002809956442,0.0,0.0,0.0,0.0,2.7395,-0.0005000000000023874,0.0,0.0,0.0068849,0.034424500000000004,4.4958397,-0.0275396,-0.0137698,-0.0068849,0.012656898656739999,0.009813431013308,0.023874725274426,-0.0031561355312010003,-0.001224511599537,0.001483211233242,5.479000091257528,2.0017580000057933,0.21894299970881548,0.08210999931179686,17.772917000002053
invdyn,00:51:43.232,45,-90.021,-89.981,-5.391,-90.051,-0.011,0.004,0.0,0.04942557829886552,4.349450890279402,0.0,0.0,0.0,-90.021,-89.982,0.0,-90.052,-0.011,0.004,-90.021,-89.9815,-2.6955,-90.0515,-0.011,0.004,0.0,-0.01235639457471638,66.61332315197794,-0.01235639457471638,0.0,0.0,0.0,-0.0005000000000023874,2.6955,-0.0005000000000023874,0.0,0.0,-0.0206547,-0.0481943,4.2066739,-0.034424500000000004,-0.0137698,-0.0275396,0.012864957264796,0.01057631257618,0.027273015872674,-0.001293498168525,-0.0008623321123500001,0.0018453907204290002,5.39100018549434,2.1463309994942392,0.26758999956655316,0.13273900003696326,17.48512300036964
invdyn,00:51:43.252,46,-90.021,-89.981,-5.307,-90.051,-0.011,0.004,0.0,0.0,4.159198385059421,0.0,0.0,0.0,-90.021,-89.982,0.0,-90.052,-0.011,0.004,-90.021,-89.9815,-2.6535,-90.0515,-0.011,0.004,0.0,-0.012378566622259817,65.69305306401918,-0.012378566622259817,0.0,0.0,0.0,-0.0005000000000023874,2.6535,-0.0005000000000023874,0.0,0.0,0.0137698,-0.0137698,4.3168323,0.0137698,0.0206547,-0.0068849,0.012864957264796,0.00979609279597,0.025296459096142,-0.002380036630086,-0.001155525030549,0.0017246642247000002,5.307000188430372,2.053850000265811,0.23166399932961212,0.094609999905515,17.657417000009445
invdyn,00:51:43.272,47,-90.021,-89.981,-5.223,-90.051,-0.011,0.004,0.0,0.0,4.16588670142956,0.0,0.0,0.0,-90.021,-89.982,0.0,-90.052,-0.011,0.004,-90.021,-89.9815,-2.6115,-90.0515,-0.011,0.004,0.0,-0.012398472325742338,64.75722095704303,-0.012398472325742338,0.0,0.0,0.0,-0.0005000000000023874,2.6115,-0.0005000000000023874,0.0,0.0,-0.0068849,0.0,4.0827457,0.034424500000000004,-0.0,-0.0206547,0.012535531135374,0.010056166056039999,0.026128693528365998,-0.0016901709402060002,-0.000741605616621,0.0018281440781820002,5.223000191460843,1.995275999433943,0.2256459993077442,0.1299620007557678,17.714990999593283
invdyn,00:51:43.292,48,-90.021,-89.981,-5.14,-90.051,-0.011,0.004,0.0,0.0,4.105370787046874,0.0,0.0,0.0,-90.021,-89.982,0.0,-90.052,-0.011,0.004,-90.021,-89.9815,-2.57,-90.0515,-0.011,0.004,0.0,-0.012365574659838756,63.55905375126771,-0.012365574659838756,0.0,0.0,0.0,-0.0005000000000023874,2.57,-0.0005000000000023874,0.0,0.0,-0.0206547,0.034424500000000004,3.8830836,-0.034424500000000004,-0.0413094,-0.0068849,0.012882295482134,0.010056166056039999,0.029804395604022,-0.0009140720390910001,-0.001345238095266,0.00206959706964,5.140000194552525,2.2238110004764167,0.23398000030283583,0.11085100049967878,17.484177999904205
invdyn,00:51:43.312,49,-90.021,-89.981,-5.062,-90.051,-0.011,0.004,0.0,0.0,3.858741870422107,0.0,0.0,0.0,-90.021,-89.982,0.0,-90.052,-0.011,0.004,-90.021,-89.9815,-2.531,-90.0515,-0.011,0.004,0.0,-0.01236776240525821,62.605613295118125,-0.01236776240525821,0.0,0.0,0.0,-0.0005000000000023874,2.531,-0.0005000000000023874,0.0,0.0,-0.0137698,-0.0068849,3.8830836,0.0137698,-0.0137698,-0.0413094,0.012882295482134,0.009518681318561999,0.029058852258487998,-0.0022938034188510004,-0.001276251526278,0.0017246642247000002,5.062000197550372,1.9917760000680573,0.22307200015347917,0.08772099954512669,17.74613900033728
invdyn,00:51:43.333,50,-90.021,-89.981,-4.984,-90.051,-0.011,0.004,0.0,0.0,3.858741870422151,0.0,0.0,0.0,-90.021,-89.982,0.0,-90.052,-0.011,0.004,-90.021,-89.9815,-2.492,-90.0515,-0.011,0.004,0.0,-0.01236776240525821,61.64092782751259,-0.01236776240525821,0.0,0.0,0.0,-0.0005000000000023874,2.492,-0.0005000000000023874,0.0,0.0,-0.034424500000000004,-0.0137698,3.9243930000000002,-0.0275396,0.0137698,0.0413094,0.012916971916809999,0.008981196581083999,0.026076678876352,-0.001603937728971,-0.000810592185609,0.0026732295482850004,4.9840002006420505,3.255356999943615,0.4313480003474979,0.1715910002531018,16.090692000034323
invdyn,00:51:43.353,51,-90.021,-89.981,-4.904,-90.051,-0.011,0.004,0.0,0.0,3.9244031718556327,0.0,0.0,0.0,-90.021,-89.982,0.0,-90.052,-0.011,0.004,-90.021,-89.9815,-2.452,-90.0515,-0.011,0.004,0.0,-0.012263759912107399,60.141478608687514,-0.012263759912107399,0.0,0.0,0.0,-0.0005000000000023874,2.452,-0.0005000000000023874,0.0,0.0,-0.034424500000000004,-0.0137698,3.9243930000000002,-0.0275396,0.0137698,0.0413094,0.012916971916809999,0.008981196581083999,0.026076678876352,-0.001603937728971,-0.000810592185609,0.0026732295482850004,4.904000203915167,2.1094610001455294,0.8400280003115768,0.1932579998538131,16.78831499975786
invdyn,00:51:43.373,52,-90.021,-89.981,-4.824,-90.051,-0.011,0.004,0.0,0.0,3.9618428696247703,0.0,0.0,0.0,-90.021,-89.982,0.0,-90.052,-0.011,0.004,-90.021,-89.9815,-2.412,-90.0515,-0.011,0.004,0.0,-0.012380758967636513,59.72478125959336,-0.012380758967636513,0.0,0.0,0.0,-0.0005000000000023874,2.412,-0.0005000000000023874,0.0,0.0,-0.0275396,0.0206547,3.8211195,0.0275396,0.0275396,-0.0550792,0.013021001220838,0.010056166056039999,0.0268742368739,-0.002690476190532,-0.001396978022007,0.0018971306471700002,4.824000207296844,2.061942999716848,0.37462599993887125,0.26121999962924747,17.337272000077064
invdyn,00:51:43.393,53,-90.021,-89.981,-4.745,-90.051,-0.011,0.004,0.0,0.0,3.906047577507944,0.0,0.0,0.0,-90.021,-89.982,0.0,-90.052,-0.011,0.004,-90.021,-89.9815,-2.3725,-90.0515,-0.011,0.004,0.0,-0.012360910055463949,58.65251821289638,-0.012360910055463949,0.0,0.0,0.0,-0.0005000000000023874,2.3725,-0.0005000000000023874,0.0,0.0,0.0,0.0068849,3.7247309,0.0206547,0.0550792,-0.0068849,0.013142368742204,0.010073504273378,0.02670085470052,-0.0026042429792970004,-0.00103479853482,0.00206959706964,4.7450002107481515,2.1784230002594995,0.44531000003189547,0.16962800054898253,17.254903000321065
invdyn,00:51:43.414,54,-90.021,-89.981,-4.674,-90.051,-0.011,0.004,0.0,0.0,3.511616145655211,0.0,0.0,0.0,-90.021,-89.982,0.0,-90.052,-0.011,0.004,-90.021,-89.9815,-2.337,-90.0515,-0.011,0.004,0.0,-0.012364845583352085,57.79328825631169,-0.012364845583352085,0.0,0.0,0.0,-0.0005000000000023874,2.337,-0.0005000000000023874,0.0,0.0,-0.0275396,0.0,3.5526084,-0.0275396,0.0206547,-0.0206547,0.01335042735026,0.009813431013308,0.026804884004548,-0.0019143772894170002,-0.000551892551904,0.0018281440781820002,4.674000213949504,5.166040999938559,0.48912500005826587,0.13797999963571783,14.229006000277877
invdyn,00:51:43.434,55,-90.021,-89.981,-4.597,-90.051,-0.011,0.004,0.0,0.0,3.8085969952121492,0.0,0.0,0.0,-90.021,-89.982,0.0,-90.052,-0.011,0.004,-90.021,-89.9815,-2.2985,-90.0515,-0.011,0.004,0.0,-0.012365574659838756,56.84454671100734,-0.012365574659838756,0.0,0.0,0.0,-0.0005000000000023874,2.2985,-0.0005000000000023874,0.0,0.0,-0.0068849,0.034424500000000004,3.4286802,0.0137698,-0.0275396,-0.0,0.012882295482134,0.009085225885112,0.027793162392814,-0.0017591575091940002,-0.000620879120892,0.001586691086724,4.597000217533169,2.1057759995528613,0.7141779997255071,0.11772099969675764,17.120571000305063
invdyn,00:51:43.454,56,-90.021,-89.981,-4.524,-90.051,-0.011,0.004,0.0,0.0,3.6066222038989535,0.0,0.0,0.0,-90.021,-89.982,0.0,-90.052,-0.011,0.004,-90.021,-89.9815,-2.262,-90.0515,-0.011,0.004,0.0,-0.012351445903822448,55.87794126862595,-0.012351445903822448,0.0,0.0,0.0,-0.0005000000000023874,2.262,-0.0005000000000023874,0.0,0.0,-0.06884900000000001,-0.0206547,3.4975292000000002,-0.0275396,0.0068849,-0.0550792,0.013073015872852,0.010541636141504,0.028261294260939998,-0.0018453907204290002,-0.001103785103808,0.0017246642247000002,4.52400022104332,2.1865150001758593,0.2541820003898465,0.12296099976083497,17.432270999961474
invdyn,00:51:43.474,57,-90.021,-89.981,-4.456,-90.051,-0.011,0.004,0.0,0.0,3.3641504128331965,0.0,0.0,0.0,-90.021,-89.982,0.0,-90.052,-0.011,0.004,-90.021,-89.9815,-2.228,-90.0515,-0.011,0.004,0.0,-0.012368200047239996,55.11269941023827,-0.012368200047239996,0.0,0.0,0.0,-0.0005000000000023874,2.228,-0.0005000000000023874,0.0,0.0,0.0550792,0.0,3.6421121000000003,-0.0,-0.0,0.0275396,0.013419780219612,0.01057631257618,0.024828327228016,-0.001534951159983,-0.001396978022007,0.0026042429792970004,4.4560002244165124,2.028554000389704,0.7754560001558275,0.12249900009919656,17.4199379998754
invdyn,00:51:43.495,58,-90.021,-89.981,-4.388,-90.051,-0.011,0.004,0.0,0.0,3.315539704497659,0.0,0.0,0.0,-90.021,-89.982,0.0,-90.052,-0.011,0.004,-90.021,-89.9815,-2.194,-90.0515,-0.011,0.004,0.0,-0.012189484207770093,53.487456703439776,-0.012189484207770093,0.0,0.0,0.0,-0.0005000000000023874,2.194,-0.0005000000000023874,0.0,0.0,-0.0619641,0.0,3.5250688,-0.0206547,-0.034424500000000004,-0.0413094,0.01335042735026,0.009553357753238,0.025175091574775998,-0.0019143772894170002,-0.001103785103808,0.0017246642247000002,4.388000227894251,2.1192379999774857,0.24884999947971664,0.11237000035180245,17.55315900027199
invdyn,00:51:43.515,59,-90.021,-89.981,-4.317,-90.051,-0.011,0.004,0.0,0.0,3.5136463647733307,0.0,0.0,0.0,-90.021,-89.982,0.0,-90.052,-0.011,0.004,-90.021,-89.9815,-2.1585,-90.0515,-0.011,0.004,0.0,-0.012371994242218737,53.409899143403265,-0.012371994242218737,0.0,0.0,0.0,-0.0005000000000023874,2.1585,-0.0005000000000023874,0.0,0.0,0.0206547,-0.0068849,3.3254067000000003,0.0757339,-0.0413094,0.034424500000000004,0.013142368742204,0.00979609279597,0.025799267398944,-0.001224511599537,-0.000793345543362,0.0019488705739110002,4.317000231642338,2.0841460000156076,0.24044200017669937,0.10183199992752634,17.621214000428154
invdyn,00:51:43.535,60,-90.021,-89.981,-4.246,-90.051,-0.011,0.004,0.0,0.0,3.512320241549299,0.0,0.0,0.0,-90.021,-89.982,0.0,-90.052,-0.011,0.004,-90.021,-89.9815,-2.123,-90.0515,-0.011,0.004,0.0,-0.012367324794246772,52.511661076121065,-0.012367324794246772,0.0,0.0,0.0,-0.0005000000000023874,2.123,-0.0005000000000023874,0.0,0.0,0.0413094,-0.0275396,3.2290181000000002,-0.0275396,0.0275396,0.034424500000000004,0.01239682539667,0.010264224664096,0.026735531135196,-0.002380036630086,-0.001103785103808,0.0018971306471700002,4.2460002355157735,2.07833100012067,0.22879399966768688,0.09388800026499666,17.650601999775972
invdyn,00:51:43.556,61,-90.021,-89.981,-4.179,-90.051,-0.011,0.004,0.0,0.0,3.2831933452502042,0.0,0.0,0.0,-90.021,-89.982,0.0,-90.052,-0.011,0.004,-90.021,-89.9815,-2.0895,-90.0515,-0.011,0.004,0.0,-0.012250721437559226,51.195764887315555,-0.012250721437559226,0.0,0.0,0.0,-0.0005000000000023874,2.0895,-0.0005000000000023874,0.0,0.0,0.0,-0.06884900000000001,3.2427879,-0.0068849,-0.0068849,-0.0206547,0.012864957264796,0.010021489621364,0.026562148961816,-0.0017591575091940002,-0.0009830586080790001,0.002104090354134,4.17900023929169,2.7989720001642127,0.27314500039210543,0.14714700046170037,16.82372100003704
invdyn,00:51:43.576,62,-90.021,-89.981,-4.114,-90.051,-0.011,0.004,0.0,0.0,3.214253410202922,0.0,0.0,0.0,-90.021,-89.982,0.0,-90.052,-0.011,0.004,-90.021,-89.9815,-2.057,-90.0515,-0.011,0.004,0.0,-0.01236251311622404,50.85937895990285,-0.01236251311622404,0.0,0.0,0.0,-0.0005000000000023874,2.057,-0.0005000000000023874,0.0,0.0,-0.0137698,0.0413094,3.3736010000000003,-0.0275396,0.0275396,0.0137698,0.013021001220838,0.009813431013308,0.023441269840975998,-0.001448717948748,-0.001103785103808,0.0018971306471700002,4.114000243072429,2.5182159997712006,0.2566639996075537,0.11331300083838869,17.152052000710682
invdyn,00:51:43.596,63,-90.021,-89.981,-4.049,-90.051,-0.011,0.004,0.0,0.0,3.219187379706903,0.0,0.0,0.0,-90.021,-89.982,0.0,-90.052,-0.011,0.004,-90.021,-89.9815,-2.0245,-90.0515,-0.011,0.004,0.0,-0.012381489922008842,50.13265269397443,-0.012381489922008842,0.0,0.0,0.0,-0.0005000000000023874,2.0245,-0.0005000000000023874,0.0,0.0,0.0,0.0137698,3.1326295,-0.0413094,-0.0068849,-0.0137698,0.013073015872852,0.009241269841154,0.024048107447806,-0.0017591575091940002,-0.001396978022007,0.0016556776557120003,4.049000246974555,2.0491089999268297,0.24392399973294232,0.11227699997107266,17.65456599969184
invdyn,00:51:43.616,64,-90.021,-89.981,-3.982,-90.051,-0.011,0.004,0.0,0.0,3.314325773390425,0.0,0.0,0.0,-90.021,-89.982,0.0,-90.052,-0.011,0.004,-90.021,-89.9815,-1.991,-90.0515,-0.011,0.004,0.0,-0.012366887214202394,49.2449448867188,-0.012366887214202394,0.0,0.0,0.0,-0.0005000000000023874,1.991,-0.0005000000000023874,0.0,0.0,-0.0137698,0.0,3.0155862,0.0206547,-0.0275396,-0.0,0.013021001220838,0.009588034187913999,0.025521855921536,-0.002000610500652,-0.001396978022007,0.0017936507936880002,3.9820002511300774,2.629251000143995,0.28960799954802496,0.1388139999107807,17.03942400035885
invdyn,00:51:43.637,65,-90.021,-89.981,-3.917,-90.051,-0.011,0.004,0.0,0.0,3.2044683702014813,0.0,0.0,0.0,-90.021,-89.982,0.0,-90.052,-0.011,0.004,-90.021,-89.9815,-1.9585,-90.0515,-0.011,0.004,0.0,-0.01232487834698755,48.276548484919715,-0.01232487834698755,0.0,0.0,0.0,-0.0005000000000023874,1.9585,-0.0005000000000023874,0.0,0.0,-0.0137698,0.0619641,3.0224711,0.0068849,-0.0068849,-0.0137698,0.013021001220838,0.009813431013308,0.025244444444128,-0.0024662698413210004,-0.000741605616621,0.001190018315043,3.917000255297413,2.6672880003388855,0.3137559997412609,0.20279400087019894,16.932220999478886
invdyn,00:51:43.657,66,-90.021,-89.981,-3.856,-90.051,-0.011,0.004,0.0,0.0,2.9998656786417754,0.0,0.0,0.0,-90.021,-89.982,0.0,-90.052,-0.011,0.004,-90.021,-89.9815,-1.928,-90.0515,-0.011,0.004,0.0,-0.01229453146990206,47.40771334771597,-0.01229453146990206,0.0,0.0,0.0,-0.0005000000000023874,1.928,-0.0005000000000023874,0.0,0.0,-0.0068849,0.0068849,3.0155862,0.0068849,0.0413094,0.0137698,0.013211721611556,0.010073504273378,0.02540048840017,-0.000603632478645,-0.0009830586080790001,0.0016556776557120003,3.8560002593360903,2.075127999887627,0.25947900030587334,0.09981400035030674,17.638344000260986
invdyn,00:51:43.677,67,-90.021,-89.981,-3.795,-90.051,-0.011,0.004,0.0,0.0,3.013326863509484,0.0,0.0,0.0,-90.021,-89.982,0.0,-90.052,-0.011,0.004,-90.021,-89.9815,-1.8975,-90.0515,-0.011,0.004,0.0,-0.01234970026034375,46.867112487780744,-0.01234970026034375,0.0,0.0,0.0,-0.0005000000000023874,1.8975,-0.0005000000000023874,0.0,0.0,-0.0206547,0.0275396,2.8778882,0.0137698,-0.0068849,0.0206547,0.013021001220838,0.00936263736252,0.025435164834845998,-0.002380036630086,-0.001103785103808,0.002086843711887,3.795000263504602,2.1060720000605215,0.2716449998843018,0.12646199957089266,17.556843999955163
invdyn,00:51:43.697,68,-90.021,-89.981,-3.733,-90.05,-0.011,0.004,0.0,0.0,3.0632668331527033,0.049407529567215135,0.0,0.0,-90.021,-89.982,0.0,-90.052,-0.011,0.004,-90.021,-89.9815,-1.8665,-90.051,-0.011,0.004,0.0,-0.012351882391803784,46.10957696838336,-0.024703764783607567,0.0,0.0,0.0,-0.0005000000000023874,1.8665,-0.0010000000000047748,0.0,0.0,-0.0206547,0.0275396,2.8778882,0.0137698,-0.0068849,0.0206547,0.012916971916809999,0.010056166056039999,0.025435164834845998,-0.002380036630086,-0.001103785103808,0.0018971306471700002,3.733000669702592,2.550697000515356,0.28310800007602666,0.1065359992935555,17.690861000119185
invdyn,00:51:43.718,69,-90.021,-89.981,-3.675,-90.05,-0.011,0.004,0.0,0.0,2.787487762398033,0.0,0.0,0.0,-90.021,-89.982,0.0,-90.052,-0.011,0.004,-90.021,-89.9815,-1.8375,-90.051,-0.011,0.004,0.0,-0.012015033458669526,44.15524796039967,-0.02403006691733905,0.0,0.0,0.0,-0.0005000000000023874,1.8375,-0.0010000000000047748,0.0,0.0,0.0068849,0.0619641,2.7814996,0.0137698,0.0206547,-0.0137698,0.013385103784935999,0.009761416361294,0.026735531135196,-0.0024662698413210004,-0.001103785103808,0.0019488705739110002,3.6750006802720456,2.0179059993097326,0.22373800038621994,0.08403599986195331,17.770860000382527
invdyn,00:51:43.739,70,-90.021,-89.981,-3.675,-90.05,-0.011,0.004,0.0,0.0,0.0,0.0,0.0,0.0,-90.021,-89.982,0.0,-90.052,-0.011,0.004,-90.021,-89.9815,-1.8375,-90.051,-0.011,0.004,0.0,-0.012334011645062716,45.32749279538905,-0.02466802329012543,0.0,0.0,0.0,-0.0005000000000023874,1.8375,-0.0010000000000047748,0.0,0.0,-0.0137698,0.034424500000000004,2.8090392,-0.0757339,0.0068849,0.0068849,0.012708913308754,0.009518681318561999,0.02661416361383,-0.0018453907204290002,-0.001103785103808,0.0017591575091940002,3.6750006802720456,2.056646000710316,0.3914039998562657,0.10575899977993686,17.507991999991646
invdyn,00:51:43.759,71,-90.021,-89.981,-3.565,-90.05,-0.011,0.004,0.0,0.0,5.392522499357155,0.0,0.0,0.0,-90.021,-89.982,0.0,-90.052,-0.011,0.004,-90.021,-89.9815,-1.7825,-90.051,-0.011,0.004,0.0,-0.012255732953142976,43.69168797774609,-0.024511465906285952,0.0,0.0,0.0,-0.0005000000000023874,1.7825,-0.0010000000000047748,0.0,0.0,-0.0137698,-0.0481943,2.8090392,0.0481943,-0.034424500000000004,-0.0137698,0.013315750915583999,0.009813431013308,0.025383150182832,-0.0017591575091940002,-0.001276251526278,0.00206959706964,3.565000701262203,2.1466830003191717,0.2621080002427334,0.11990599978162209,17.523974000141607
invdyn,00:51:43.779,72,-90.021,-89.981,-3.509,-90.05,-0.011,0.004,0.0,0.0,2.7664631874020964,0.0,0.0,0.0,-90.021,-89.982,0.0,-90.052,-0.011,0.004,-90.021,-89.9815,-1.7545,-90.051,-0.011,0.004,0.0,-0.012350282086675463,43.337139841937265,-0.024700564173350925,0.0,0.0,0.0,-0.0005000000000023874,1.7545,-0.0010000000000047748,0.0,0.0,-0.0275396,0.0206547,2.7814996,0.0068849,0.0206547,-0.0275396,0.012882295482134,0.009761416361294,0.025937973137648,-0.001465964590995,-0.000620879120892,0.0024317765568270004,3.5090007124536178,2.048905000265222,0.2302940001754905,0.1009620000331779,17.686324999885983
invdyn,00:51:43.799,73,-90.021,-89.981,-3.451,-90.05,-0.011,0.004,0.0,0.0,2.865940553467706,0.0,0.0,0.0,-90.021,-89.982,0.0,-90.052,-0.011,0.004,-90.021,-89.9815,-1.7255,-90.051,-0.011,0.004,0.0,-0.012353192040868098,42.630865732832255,-0.024706384081736196,0.0,0.0,0.0,-0.0005000000000023874,1.7255,-0.0010000000000047748,0.0,0.0,0.0206547,0.0,2.7470751,0.0068849,-0.0137698,-0.0137698,0.012708913308754,0.00927594627583,0.024082783882482,-0.001224511599537,-0.001276251526278,0.002380036630086,3.451000724427626,2.0904060002067126,0.22896000064065447,0.09609199969418114,17.66104699981952
invdyn,00:51:43.820,74,-90.021,-89.981,-3.396,-90.05,-0.011,0.004,0.0,0.0,2.717766284563102,0.0,0.0,0.0,-90.021,-89.982,0.0,-90.052,-0.011,0.004,-90.021,-89.9815,-1.698,-90.051,-0.011,0.004,0.0,-0.012353483111709414,41.95242864716485,-0.02470696622341883,0.0,0.0,0.0,-0.0005000000000023874,1.698,-0.0010000000000047748,0.0,0.0,-0.0275396,-0.0137698,2.5818375000000002,0.0137698,0.0206547,-0.0137698,0.0130036630035,0.009570695970576,0.027116971916632,-0.0025352564103090004,-0.001276251526278,0.001431471306501,3.3960007361601083,2.046867999524693,0.22334900040732464,0.0866290001795278,17.721528000038234
invdyn,00:51:43.840,75,-90.021,-89.981,-3.341,-90.05,-0.011,0.004,0.0,0.0,2.7174781481917636,0.0,0.0,0.0,-90.021,-89.982,0.0,-90.052,-0.011,0.004,-90.021,-89.9815,-1.6705,-90.051,-0.011,0.004,0.0,-0.012352173400930696,41.2686113323124,-0.024704346801861392,0.0,0.0,0.0,-0.0005000000000023874,1.6705,-0.0010000000000047748,0.0,0.0,-0.0413094,0.034424500000000004,2.5267583,-0.0068849,0.0137698,0.034424500000000004,0.0130036630035,0.009553357753238,0.026562148961816,-0.001310744810772,-0.001465964590995,0.0018281440781820002,3.341000748278875,2.1569040000031237,0.2721450000535697,0.1418880001438083,17.559048000293842
invdyn,00:51:43.860,76,-90.021,-89.981,-3.293,-90.05,-0.011,0.004,0.0,0.0,2.3625444986856947,0.0,0.0,0.0,-90.021,-89.982,0.0,-90.052,-0.011,0.004,-90.021,-89.9815,-1.6465,-90.051,-0.011,0.004,0.0,-0.012304919264046737,40.52009913631243,-0.024609838528093474,0.0,0.0,0.0,-0.0005000000000023874,1.6465,-0.0010000000000047748,0.0,0.0,0.0206547,-0.0137698,2.5887224,-0.0275396,0.0275396,-0.0,0.013523809523639999,0.009206593406478,0.02670085470052,-0.0022248168498630004,-0.001155525030549,0.0016556776557120003,3.293000759186065,2.327457999854232,0.27351600056135794,0.1352580002276227,17.31169899994711
invdyn,00:51:43.880,77,-90.021,-89.981,-3.239,-90.05,-0.011,0.004,0.0,0.0,2.66825804627493,0.0,0.0,0.0,-90.021,-89.982,0.0,-90.052,-0.011,0.004,-90.021,-89.9815,-1.6195,-90.051,-0.011,0.004,0.0,-0.012353046510591005,40.01151764761321,-0.02470609302118201,0.0,0.0,0.0,-0.0005000000000023874,1.6195,-0.0010000000000047748,0.0,0.0,-0.0068849,-0.0137698,2.5129885,-0.0068849,-0.0137698,0.0137698,0.012760927960768,0.009501343101224,0.026510134309801998,-0.0009140720390910001,-0.00103479853482,0.001483211233242,3.2390007718430693,2.2259229999690433,0.2907939997385256,0.1436829998056055,17.378290000124252
invdyn,00:51:43.901,78,-90.021,-89.981,-3.189,-90.05,-0.011,0.004,0.0,0.0,2.4557390102812624,0.0,0.0,0.0,-90.021,-89.982,0.0,-90.052,-0.011,0.004,-90.021,-89.9815,-1.5945,-90.051,-0.011,0.004,0.0,-0.012278695051464984,39.15675851893487,-0.02455739010292997,0.0,0.0,0.0,-0.0005000000000023874,1.5945,-0.0010000000000047748,0.0,0.0,0.0206547,0.0068849,2.4992187,0.0068849,-0.0275396,0.0137698,0.012708913308754,0.009570695970576,0.025643223442902,-0.001224511599537,-0.001224511599537,0.0019488705739110002,3.189000783944714,2.079182999295881,0.24353499975404702,0.11862899918924086,17.614491999665916
invdyn,00:51:43.921,79,-90.021,-89.981,-3.14,-90.05,-0.011,0.004,0.0,0.0,2.4208548812664876,0.0,0.0,0.0,-90.021,-89.982,0.0,-90.052,-0.011,0.004,-90.021,-89.9815,-1.57,-90.051,-0.011,0.004,0.0,-0.012351300414683929,38.78308330192235,-0.024702600829367857,0.0,0.0,0.0,-0.0005000000000023874,1.57,-0.0010000000000047748,0.0,0.0,-0.034424500000000004,0.0,2.3615207000000003,-0.0137698,-0.0,-0.0413094,0.012708913308754,0.010021489621364,0.026926251525913998,-0.001534951159983,-0.0009313186813380001,0.002138583638628,3.140000796178243,2.059443000689498,0.26910899941867683,0.1261469997189124,17.610231999242387
invdyn,00:51:43.941,80,-90.021,-89.981,-3.09,-90.05,-0.011,0.004,0.0,0.0,2.467760231578465,0.0,0.0,0.0,-90.021,-89.982,0.0,-90.052,-0.011,0.004,-90.021,-89.9815,-1.545,-90.051,-0.011,0.004,0.0,-0.012338801157951175,38.12689557788708,-0.02467760231590235,0.0,0.0,0.0,-0.0005000000000023874,1.545,-0.0010000000000047748,0.0,0.0,0.034424500000000004,0.0413094,2.2789019,-0.0413094,0.0206547,-0.0068849,0.012864957264796,0.009518681318561999,0.02739438339404,-0.000776098901115,-0.001396978022007,0.002207570207616,3.0900008090613826,2.018664999923203,0.2539610004532733,0.11455399999249494,17.66991699969367
invdyn,00:51:43.962,81,-90.021,-89.981,-3.039,-90.05,-0.011,0.004,0.0,0.0,2.5059395274188305,0.0,0.0,0.0,-90.021,-89.982,0.0,-90.052,-0.011,0.004,-90.021,-89.9815,-1.5195,-90.051,-0.011,0.004,0.0,-0.012284017291327502,37.33112854816603,-0.024568034582655003,0.0,0.0,0.0,-0.0005000000000023874,1.5195,-0.0010000000000047748,0.0,0.0,0.0413094,0.0206547,2.2307076,-0.0,0.0206547,-0.0,0.012674236874078,0.00979609279597,0.029665689865318,-0.002138583638628,-0.00103479853482,0.002138583638628,3.0390008226389145,1.9688689999384223,0.26290499954484403,0.11234999965381576,17.710786999487027
invdyn,00:51:43.982,82,-90.021,-89.981,-2.994,-90.05,-0.011,0.004,0.0,0.0,2.224649112467878,0.0,0.0,0.0,-90.021,-89.982,0.0,-90.052,-0.011,0.004,-90.021,-89.9815,-1.497,-90.051,-0.011,0.004,0.0,-0.012359161735991688,37.00333023738243,-0.024718323471983376,0.0,0.0,0.0,-0.0005000000000023874,1.497,-0.0010000000000047748,0.0,0.0,0.0206547,-0.034424500000000004,2.1687435,-0.034424500000000004,0.0137698,0.0068849,0.013211721611556,0.009761416361294,0.03224908424868,-0.0025352564103090004,-0.001276251526278,0.001586691086724,2.9940008350032237,1.9763880000027712,0.30218199935916346,0.11086900030932156,17.674435999651905
invdyn,00:51:44.002,83,-90.021,-89.981,-2.951,-90.05,-0.011,0.004,0.0,0.0,2.1237732507477523,0.0,0.0,0.0,-90.021,-89.982,0.0,-90.052,-0.011,0.004,-90.021,-89.9815,-1.4755,-90.051,-0.011,0.004,0.0,-0.012347518899755149,36.437528273003466,-0.024695037799510298,0.0,0.0,0.0,-0.0005000000000023874,1.4755,-0.0010000000000047748,0.0,0.0,-0.0275396,-0.0137698,2.2995566000000003,0.0481943,0.0068849,0.0068849,0.012864957264796,0.009744078143956,0.029995115994739998,-0.00137973137976,-0.0017591575091940002,0.0018453907204290002,2.951000847170329,2.000239999688347,0.24127500000759028,0.11283200001344085,17.69923200026824
invdyn,00:51:44.022,84,-90.021,-89.981,-2.909,-90.05,-0.011,0.004,0.0,0.0,2.0767063317104353,0.0,0.0,0.0,-90.021,-89.982,0.0,-90.052,-0.011,0.004,-90.021,-89.9815,-1.4545,-90.051,-0.011,0.004,0.0,-0.012361347212621061,35.959159041342964,-0.024722694425242123,0.0,0.0,0.0,-0.0005000000000023874,1.4545,-0.0010000000000047748,0.0,0.0,-0.0413094,0.0137698,2.4992187,0.0068849,-0.0206547,0.034424500000000004,0.013073015872852,0.008946520146408,0.02670085470052,-0.00206959706964,-0.000672619047633,0.002000610500652,2.909000859401729,1.969554999959655,0.22742400051356526,0.22940500002732733,17.632103000323696
invdyn,00:51:44.043,85,-90.021,-89.981,-2.863,-90.05,-0.011,0.004,0.0,0.0,2.2750242786562342,0.0,0.0,0.0,-90.021,-89.982,0.0,-90.052,-0.011,0.004,-90.021,-89.9815,-1.4315,-90.051,-0.011,0.004,0.0,-0.012364262384060357,35.398883205395784,-0.024728524768120715,0.0,0.0,0.0,-0.0005000000000023874,1.4315,-0.0010000000000047748,0.0,0.0,-0.0068849,0.034424500000000004,2.340866,0.0206547,0.0068849,0.0068849,0.013211721611556,0.00849572649562,0.027619780219434,-0.0009140720390910001,-0.001103785103808,0.0016556776557120003,2.8630008732097862,2.0077389999642037,0.7627699997101445,0.11346199971740134,17.175199999655888
invdyn,00:51:44.063,86,-90.021,-89.981,-2.813,-90.05,-0.011,0.004,0.0,0.0,2.471628422255999,0.0,0.0,0.0,-90.021,-89.982,0.0,-90.052,-0.011,0.004,-90.021,-89.9815,-1.4065,-90.051,-0.011,0.004,0.0,-0.012358142111339046,34.76345375903075,-0.024716284222678093,0.0,0.0,0.0,-0.0005000000000023874,1.4065,-0.0010000000000047748,0.0,0.0,0.0,0.0137698,2.1687435,0.0413094,0.0137698,-0.0206547,0.013073015872852,0.009744078143956,0.027030280829942,-0.00137973137976,-0.001224511599537,0.00155219780223,2.8130008887307523,2.122479000718158,0.3435339995121467,0.126257999909285,17.444233999412972
invdyn,00:51:44.083,87,-90.021,-89.981,-2.768,-90.05,-0.011,0.004,0.0,0.0,2.2261709756558026,0.0,0.0,0.0,-90.021,-89.982,0.0,-90.052,-0.011,0.004,-90.021,-89.9815,-1.384,-90.051,-0.011,0.004,0.0,-0.012367616531480077,34.23356255897339,-0.024735233062960153,0.0,0.0,0.0,-0.0005000000000023874,1.384,-0.0010000000000047748,0.0,0.0,0.0068849,0.0,2.0035059,-0.0206547,0.0137698,-0.0206547,0.012882295482134,0.009813431013308,0.028642735042375998,-0.002000610500652,-0.001155525030549,0.001586691086724,2.7680009031790433,1.9914989998142119,0.2349050000702846,0.10372100041422527,17.719212999509182
invdyn,00:51:44.103,88,-90.021,-89.981,-2.724,-90.05,-0.011,0.004,0.0,0.0,2.176957274636071,0.0,0.0,0.0,-90.021,-89.982,0.0,-90.052,-0.011,0.004,-90.021,-89.9815,-1.362,-90.051,-0.011,0.004,0.0,-0.012369075424127761,33.69336145516314,-0.024738150848255522,0.0,0.0,0.0,-0.0005000000000023874,1.362,-0.0010000000000047748,0.0,0.0,-0.0137698,0.0068849,2.1136643,0.0413094,-0.0,-0.0,0.0130036630035,0.010298901098772,0.02956166056129,-0.0022938034188510004,-0.000810592185609,0.0017936507936880002,2.724000917767834,2.026942999691528,0.23151599998527672,0.09766600032889983,17.688861000351608
invdyn,00:51:44.123,89,-90.021,-89.981,-2.68,-90.05,-0.011,0.004,0.0,0.0,2.1774452952628183,0.0,0.0,0.0,-90.021,-89.982,0.0,-90.052,-0.011,0.004,-90.021,-89.9815,-1.34,-90.051,-0.011,0.004,0.0,-0.012371848268597803,33.1565533596838,-0.024743696537195606,0.0,0.0,0.0,-0.0005000000000023874,1.34,-0.0010000000000047748,0.0,0.0,-0.0413094,-0.0068849,2.0792398,-0.0481943,0.0206547,0.0275396,0.013211721611556,0.009241269841154,0.029735042734669998,-0.00206959706964,-0.00103479853482,0.0017246642247000002,2.6800009328356587,2.003202999731002,0.2325529994777753,0.13946200033387868,17.671139999947627
invdyn,00:51:44.144,90,-90.021,-89.981,-2.642,-90.05,-0.011,0.004,0.0,0.0,1.8808316163368508,0.0,0.0,0.0,-90.021,-89.982,0.0,-90.052,-0.011,0.004,-90.021,-89.9815,-1.321,-90.051,-0.011,0.004,0.0,-0.012373892212801439,32.6918232260653,-0.024747784425602878,0.0,0.0,0.0,-0.0005000000000023874,1.321,-0.0010000000000047748,0.0,0.0,-0.0275396,0.0,2.1687435,-0.0481943,-0.034424500000000004,0.034424500000000004,0.012968986568824,0.008807814407704,0.028504029303671997,-0.001534951159983,-0.001155525030549,0.002138583638628,2.642000946252669,2.066238999759662,0.3425699997023912,0.14070199995330768,17.457068000112486
invdyn,00:51:44.164,91,-90.021,-89.981,-2.558,-90.05,-0.011,0.004,0.0,0.0,4.1297036359800305,0.0,0.0,0.0,-90.021,-89.982,0.0,-90.052,-0.011,0.004,-90.021,-89.9815,-1.279,-90.051,-0.011,0.004,0.0,-0.012290784630951623,31.43982708582413,-0.024581569261903247,0.0,0.0,0.0,-0.0005000000000023874,1.279,-0.0010000000000047748,0.0,0.0,-0.0413094,0.0137698,2.2651321,0.0068849,-0.0,-0.0,0.012812942612782,0.010004151404026,0.027012942612604,-0.0022938034188510004,-0.000810592185609,0.002138583638628,2.558000977325849,2.0949419995304197,0.23847899956308538,0.12124000022595283,17.596863000107987
invdyn,00:51:44.184,92,-90.021,-89.981,-2.512,-90.05,-0.011,0.004,0.0,0.0,2.2756951239649834,0.0,0.0,0.0,-90.021,-89.982,0.0,-90.052,-0.011,0.004,-90.021,-89.9815,-1.256,-90.051,-0.011,0.004,0.0,-0.012367908282477493,31.068185605435115,-0.024735816564954986,0.0,0.0,0.0,-0.0005000000000023874,1.256,-0.0010000000000047748,0.0,0.0,0.0275396,-0.0068849,2.2031680000000002,0.0068849,-0.0481943,0.0068849,0.01317704517688,0.00927594627583,0.025053724053409998,-0.00206959706964,-0.001103785103808,0.0017246642247000002,2.5120009952227327,2.0460169998841593,0.22942400028114207,0.10296199980075471,17.67532499980007
invdyn,00:51:44.204,93,-90.021,-89.981,-2.471,-90.05,-0.011,0.004,0.0,0.0,2.0288394898597195,0.0,0.0,0.0,-90.021,-89.982,0.0,-90.052,-0.011,0.004,-90.021,-89.9815,-1.2355,-90.051,-0.011,0.004,0.0,-0.012370972499203723,30.56867304538644,-0.024741944998407445,0.0,0.0,0.0,-0.0005000000000023874,1.2355,-0.0010000000000047748,0.0,0.0,-0.0068849,-0.0068849,1.927772,-0.0206547,0.0068849,-0.0275396,0.012708913308754,0.009258608058492,0.026319413919084,-0.001000305250326,-0.001103785103808,0.0018281440781820002,2.471001011735932,2.0138310001129867,0.22623899985774187,0.09277699973608833,17.71986099993228
invdyn,00:51:44.225,94,-90.021,-89.981,-2.428,-90.05,-0.011,0.004,0.0,0.0,2.127154776085964,0.0,0.0,0.0,-90.021,-89.982,0.0,-90.052,-0.011,0.004,-90.021,-89.9815,-1.214,-90.051,-0.011,0.004,0.0,-0.012367178930791357,30.027510443818038,-0.024734357861582713,0.0,0.0,0.0,-0.0005000000000023874,1.214,-0.0010000000000047748,0.0,0.0,-0.0137698,-0.0275396,1.9621965000000001,-0.0275396,0.0206547,0.0206547,0.013385103784935999,0.009744078143956,0.025799267398944,-0.00275946275952,-0.001155525030549,0.001017551892573,2.4280010296538177,2.4285499994221027,0.9093239996218472,0.17049800044333097,17.118830000072194
invdyn,00:51:44.245,95,-90.021,-89.981,-2.388,-90.05,-0.011,0.004,0.0,0.0,1.9223833258854417,0.0,0.0,0.0,-90.021,-89.982,0.0,-90.052,-0.011,0.004,-90.021,-89.9815,-1.194,-90.051,-0.011,0.004,0.0,-0.01201489578684137,28.69157113884019,-0.02402979157368274,0.0,0.0,0.0,-0.0005000000000023874,1.194,-0.0010000000000047748,0.0,0.0,0.0137698,-0.0550792,1.7969589000000001,0.0068849,0.0137698,0.034424500000000004,0.012032722832572,0.009518681318561999,0.029076190475826,-0.002138583638628,-0.001276251526278,0.0017936507936880002,2.3880010469009427,1.9493330000841524,0.22436899962485768,0.08703599996806588,17.795101000046998
invdyn,00:51:44.266,96,-90.021,-89.981,-2.353,-90.05,-0.011,0.004,0.0,0.0,1.7320383217707152,0.0,0.0,0.0,-90.021,-89.982,0.0,-90.052,-0.011,0.004,-90.021,-89.9815,-1.1765,-90.051,-0.011,0.004,0.0,-0.01237170229842143,29.11061550804663,-0.02474340459684286,0.0,0.0,0.0,-0.0005000000000023874,1.1765,-0.0010000000000047748,0.0,0.0,-0.0550792,-0.0550792,1.7281099,-0.0413094,0.0137698,-0.0206547,0.013073015872852,0.00979609279597,0.028399999999643998,-0.0022248168498630004,-0.0017074175824530002,0.0017936507936880002,2.3530010624731985,1.955870000529103,0.2599240006020409,0.08842500028549694,17.754565000359435
invdyn,00:51:44.286,97,-90.021,-89.981,-2.318,-90.05,-0.011,0.004,0.0,0.0,1.7320791939023596,0.0,0.0,0.0,-90.021,-89.982,0.0,-90.052,-0.011,0.004,-90.021,-89.9815,-1.159,-90.051,-0.011,0.004,0.0,-0.012371994242218737,28.678282653326097,-0.024743988484437474,0.0,0.0,0.0,-0.0005000000000023874,1.159,-0.0010000000000047748,0.0,0.0,0.0413094,0.0275396,1.8382683,-0.034424500000000004,0.0206547,-0.0137698,0.012708913308754,0.010021489621364,0.028781440781079998,-0.001603937728971,-0.0008623321123500001,0.0017591575091940002,2.318001078515711,1.9985179997092928,0.2233870000054594,0.08585099931224249,17.74749099968176
invdyn,00:51:44.306,98,-90.021,-89.981,-2.282,-90.05,-0.011,0.004,0.0,0.0,1.7817563750073766,0.0,0.0,0.0,-90.021,-89.982,0.0,-90.052,-0.011,0.004,-90.021,-89.9815,-1.141,-90.051,-0.011,0.004,0.0,-0.012373308159832518,28.235889220602985,-0.024746616319665037,0.0,0.0,0.0,-0.0005000000000023874,1.141,-0.0010000000000047748,0.0,0.0,-0.0275396,-0.0206547,1.7625344,-0.0,-0.0,-0.0137698,0.012968986568824,0.009501343101224,0.027897191696842,-0.001293498168525,-0.001155525030549,0.0019488705739110002,2.282001095529974,1.9646660002763383,0.22407200049201492,0.08303599952341756,17.780508000214468
invdyn,00:51:44.326,99,-90.021,-89.981,-2.282,-90.05,-0.011,0.004,0.0,0.0,0.0,0.0,0.0,0.0,-90.021,-89.982,0.0,-90.052,-0.011,0.004,-90.021,-89.9815,-1.141,-90.051,-0.011,0.004,0.0,-0.012374184259963025,28.237888481100793,-0.02474836851992605,0.0,0.0,0.0,-0.0005000000000023874,1.141,-0.0010000000000047748,0.0,0.0,-0.0068849,-0.034424500000000004,1.8726928,0.0275396,-0.0481943,-0.0068849,0.0130036630035,0.010298901098772,0.02713431013397,-0.00206959706964,-0.001345238095266,0.002207570207616,2.282001095529974,1.97812900023564,0.22320100015349453,0.08470299962937133,18.03313500022341
invdyn,00:51:44.347,100,-90.021,-89.981,-2.209,-90.05,-0.011,0.004,0.0,0.0,3.565048518367582,0.0,0.0,0.0,-90.021,-89.982,0.0,-90.052,-0.011,0.004,-90.021,-89.9815,-1.1045,-90.051,-0.011,0.004,0.0,-0.012209070268440435,26.969836222856145,-0.02441814053688087,0.0,0.0,0.0,-0.0005000000000023874,1.1045,-0.0010000000000047748,0.0,0.0,0.0,0.0068849,1.8726928,-0.0895037,-0.0206547,-0.0137698,0.012812942612782,0.010004151404026,0.025972649572323998,-0.002000610500652,-0.001276251526278,0.002017857142899,2.2090011317335265,2.4352349992113886,0.2601269998194766,0.13381299959291937,17.75889799955621
invdyn,00:51:44.368,101,-90.021,-89.981,-2.172,-90.05,-0.011,0.004,0.0,0.0,1.7666660747014522,0.0,0.0,0.0,-90.021,-89.982,0.0,-90.052,-0.011,0.004,-90.021,-89.9815,-1.086,-90.051,-0.011,0.004,0.0,-0.011936932937228997,25.927018339537586,-0.023873865874457993,0.0,0.0,0.0,-0.0005000000000023874,1.086,-0.0010000000000047748,0.0,0.0,0.0137698,0.0137698,1.6799156,0.0068849,-0.0,-0.0137698,0.012864957264796,0.00970940170928,0.026128693528365998,-0.0033803418804120005,-0.001465964590995,0.0016556776557120003,2.1720011510125863,1.9917019999411423,0.28745999952661805,0.09077699996851152,18.500056999982917
invdyn,00:51:44.389,102,-90.021,-89.981,-2.138,-90.05,-0.011,0.004,0.0,0.0,1.6134493698097103,0.0,0.0,0.0,-90.021,-89.982,0.0,-90.052,-0.011,0.004,-90.021,-89.9815,-1.069,-90.051,-0.011,0.004,0.0,-0.0118635983074809,25.364373181273052,-0.0237271966149618,0.0,0.0,0.0,-0.0005000000000023874,1.069,-0.0010000000000047748,0.0,0.0,-0.0481943,0.0068849,1.7763042,0.0206547,0.0413094,-0.0068849,0.012812942612782,0.009241269841154,0.026232722832393997,-0.001155525030549,-0.001465964590995,0.001586691086724,2.138001169316799,2.158367999982147,0.24823800049489364,0.12164700001449091,18.048765000457934
invdyn,00:51:44.409,103,-90.021,-89.981,-2.106,-90.05,-0.011,0.004,0.0,0.0,1.5419703824546502,0.0,0.0,0.0,-90.021,-89.982,0.0,-90.052,-0.011,0.004,-90.021,-89.9815,-1.053,-90.051,-0.011,0.004,0.0,-0.012046643612984465,25.370231448824143,-0.02409328722596893,0.0,0.0,0.0,-0.0005000000000023874,1.053,-0.0010000000000047748,0.0,0.0,-0.034424500000000004,-0.0137698,1.6454911,0.0757339,0.0068849,0.0206547,0.012916971916809999,0.009744078143956,0.0268742368739,-0.00137973137976,-0.001396978022007,0.0017246642247000002,2.106001187084186,2.0581829994625878,0.2220719998149434,0.08842499937600223,18.179079000219645
invdyn,00:51:44.430,104,-90.021,-89.981,-2.071,-90.05,-0.011,0.004,0.0,0.0,1.6902779504893348,0.0,0.0,0.0,-90.021,-89.982,0.0,-90.052,-0.011,0.004,-90.021,-89.9815,-1.0355,-90.051,-0.011,0.004,0.0,-0.012073413932124431,25.004040253310308,-0.024146827864248863,0.0,0.0,0.0,-0.0005000000000023874,1.0355,-0.0010000000000047748,0.0,0.0,0.0206547,-0.0275396,1.652376,0.0137698,0.034424500000000004,0.0068849,0.012535531135374,0.009241269841154,0.026111355311027998,-0.002380036630086,-0.001103785103808,0.0018281440781820002,2.0710012071459545,2.9792109999107197,0.3202190000592964,0.13792400022794027,17.16497800043726
invdyn,00:51:44.451,105,-90.021,-89.981,-2.041,-90.05,-0.011,0.004,0.0,0.0,1.4432262060422665,0.0,0.0,0.0,-90.021,-89.982,0.0,-90.052,-0.011,0.004,-90.021,-89.9815,-1.0205,-90.051,-0.011,0.004,0.0,-0.012026885050409547,24.546872387768676,-0.024053770100819095,0.0,0.0,0.0,-0.0005000000000023874,1.0205,-0.0010000000000047748,0.0,0.0,0.0206547,0.0413094,1.5009082,-0.034424500000000004,-0.0275396,-0.0206547,0.013229059828894,0.008946520146408,0.027099633699294,-0.0016901709402060002,-0.001276251526278,0.0018971306471700002,2.041001224889392,2.0479800004977733,0.22781300049246056,0.16116500046337023,17.847656000412826
invdyn,00:51:44.472,106,-90.021,-89.981,-2.009,-90.05,-0.011,0.004,0.0,0.0,1.5294944674256163,0.0,0.0,0.0,-90.021,-89.982,0.0,-90.052,-0.011,0.004,-90.021,-89.9815,-1.0045,-90.051,-0.011,0.004,0.0,-0.011949175526819674,24.005893633266098,-0.023898351053639348,0.0,0.0,0.0,-0.0005000000000023874,1.0045,-0.0010000000000047748,0.0,0.0,0.0,0.0413094,1.5559874,0.0413094,0.0137698,-0.0275396,0.013073015872852,0.009744078143956,0.026718192917858,-0.001534951159983,-0.001224511599537,0.0016556776557120003,2.0090012443998133,2.8701379997073673,0.2646450002430356,0.16575700010434957,17.257753999729175
invdyn,00:51:44.493,107,-90.021,-89.981,-1.979,-90.05,-0.011,0.004,0.0,0.0,1.4434745500223605,0.0,0.0,0.0,-90.021,-89.982,0.0,-90.052,-0.011,0.004,-90.021,-89.9815,-0.9895,-90.051,-0.011,0.004,0.0,-0.012028954583577185,23.805301120785582,-0.02405790916715437,0.0,0.0,0.0,-0.0005000000000023874,0.9895,-0.0010000000000047748,0.0,0.0,0.0137698,0.0206547,1.4664837,0.0206547,-0.0068849,-0.0068849,0.013073015872852,0.009484004883886,0.027203663003322,-0.0009140720390910001,-0.001345238095266,0.0016556776557120003,1.9790012632638718,2.0390719992064987,0.22251599966693902,0.09085100009542657,17.70347199999378
invdyn,00:51:44.513,108,-90.021,-89.981,-1.948,-90.05,-0.011,0.004,0.0,0.0,1.53398249215451,0.0,0.0,0.0,-90.021,-89.982,0.0,-90.052,-0.011,0.004,-90.021,-89.9815,-0.974,-90.051,-0.011,0.004,0.0,-0.01237082654969216,24.09837011868526,-0.02474165309938432,0.0,0.0,0.0,-0.0005000000000023874,0.974,-0.0010000000000047748,0.0,0.0,-0.0206547,-0.0481943,1.6386062000000001,-0.034424500000000004,-0.0550792,-0.0137698,0.0130036630035,0.00979609279597,0.025643223442902,-0.002449023199074,-0.001155525030549,0.0016556776557120003,1.9480012833671339,1.9731470001715934,0.23127500026021153,0.12618399978236994,17.71750899933977
invdyn,00:51:44.533,109,-90.021,-89.981,-1.917,-90.05,-0.011,0.004,0.0,0.0,1.5341453871839303,0.0,0.0,0.0,-90.021,-89.982,0.0,-90.052,-0.011,0.004,-90.021,-89.9815,-0.9585,-90.051,-0.011,0.004,0.0,-0.012372140219284353,23.71739280025486,-0.024744280438568706,0.0,0.0,0.0,-0.0005000000000023874,0.9585,-0.0010000000000047748,0.0,0.0,-0.0068849,-0.0068849,1.4940233,0.0206547,-0.0137698,-0.0206547,0.012795604395443999,0.010298901098772,0.026683516483182,-0.001465964590995,-0.000500152625163,0.0017936507936880002,1.917001304120579,1.9867580003847252,0.2634230004332494,0.12148099995101802,17.6623240004119
invdyn,00:51:44.553,110,-90.021,-89.981,-1.888,-90.05,-0.011,0.004,0.0,0.0,1.4348635264418323,0.0,0.0,0.0,-90.021,-89.982,0.0,-90.052,-0.011,0.004,-90.021,-89.9815,-0.944,-90.051,-0.011,0.004,0.0,-0.012369513159040318,23.353640844156608,-0.024739026318080636,0.0,0.0,0.0,-0.0005000000000023874,0.944,-0.0010000000000047748,0.0,0.0,-0.0481943,0.0206547,1.4802535,0.0275396,0.0068849,-0.0068849,0.013021001220838,0.009241269841154,0.025712576312253998,-0.001155525030549,-0.0009140720390910001,0.001483211233242,1.888001324152078,2.0722760000353446,0.2569600001152139,0.10810999992827419,18.000025000219466
invdyn,00:51:44.574,111,-90.021,-89.981,-1.857,-90.05,-0.011,0.004,0.0,0.0,1.4870186530038043,0.0,0.0,0.0,-90.021,-89.982,0.0,-90.052,-0.011,0.004,-90.021,-89.9815,-0.9285,-90.051,-0.011,0.004,0.0,-0.011992085911378295,22.26930353732316,-0.02398417182275659,0.0,0.0,0.0,-0.0005000000000023874,0.9285,-0.0010000000000047748,0.0,0.0,0.0275396,0.0275396,1.4251743000000001,-0.0068849,-0.0206547,-0.0,0.013021001220838,0.00901587301576,0.02696092796059,-0.002000610500652,-0.001345238095266,0.002017857142899,1.8570013462569166,2.1051650001027156,0.24601600034657167,0.1344620004601893,18.03308000035031
invdyn,00:51:44.595,112,-90.021,-89.981,-1.83,-90.05,-0.011,0.004,0.0,0.0,1.3052061084538655,0.0,0.0,0.0,-90.021,-89.982,0.0,-90.052,-0.011,0.004,-90.021,-89.9815,-0.915,-90.051,-0.011,0.004,0.0,-0.012085241745000943,22.115992393246124,-0.024170483490001886,0.0,0.0,0.0,-0.0005000000000023874,0.915,-0.0010000000000047748,0.0,0.0,0.0206547,0.0137698,1.3287857,-0.0137698,-0.0,0.0481943,0.012812942612782,0.009518681318561999,0.026423443223112,-0.0022248168498630004,-0.001103785103808,0.001586691086724,1.8300013661197088,2.3069030003171065,0.28751499939971836,0.12794299982488155,17.823804999352433
invdyn,00:51:44.616,113,-90.021,-89.981,-1.802,-90.05,-0.011,0.004,0.0,0.0,1.3502323806019925,0.0,0.0,0.0,-90.021,-89.982,0.0,-90.052,-0.011,0.004,-90.021,-89.9815,-0.901,-90.051,-0.011,0.004,0.0,-0.012055646255432486,21.724274552185612,-0.02411129251086497,0.0,0.0,0.0,-0.0005000000000023874,0.901,-0.0010000000000047748,0.0,0.0,0.0206547,0.0206547,1.4114045,0.034424500000000004,0.0413094,-0.0068849,0.013489133088964,0.00927594627583,0.027116971916632,-0.002138583638628,-0.0008623321123500001,0.002173076923122,1.8020013873468579,2.353754000068875,0.25499700041109463,0.12284999957046239,17.822657000579056
invdyn,00:51:44.636,114,-90.021,-89.981,-1.775,-90.05,-0.011,0.004,0.0,0.0,1.3031184755592442,0.0,0.0,0.0,-90.021,-89.982,0.0,-90.052,-0.011,0.004,-90.021,-89.9815,-0.8875,-90.051,-0.011,0.004,0.0,-0.012065911810791296,21.416993464052286,-0.02413182362158259,0.0,0.0,0.0,-0.0005000000000023874,0.8875,-0.0010000000000047748,0.0,0.0,-0.0481943,0.034424500000000004,1.2186273,-0.0413094,-0.0206547,0.0206547,0.013385103784935999,0.009241269841154,0.028157264956912,-0.0017591575091940002,-0.001465964590995,0.0018971306471700002,1.7750014084501455,3.9917379999678815,0.28833099986513844,0.15227699987008236,16.133968999383796
invdyn,00:51:44.657,115,-90.021,-89.981,-1.747,-90.05,-0.011,0.004,0.0,0.0,1.347675797252782,0.0,0.0,0.0,-90.021,-89.982,0.0,-90.052,-0.011,0.004,-90.021,-89.9815,-0.8735,-90.051,-0.011,0.004,0.0,-0.01203281961838595,21.021335873219883,-0.0240656392367719,0.0,0.0,0.0,-0.0005000000000023874,0.8735,-0.0010000000000047748,0.0,0.0,-0.0137698,0.0413094,1.3425555,-0.0137698,-0.0068849,0.0137698,0.012656898656739999,0.009241269841154,0.027377045176702,-0.0018453907204290002,-0.001345238095266,0.00155219780223,1.7470014310240276,2.0514609996098443,0.2795149994199164,0.08449899996776367,17.654213000241725
invdyn,00:51:44.677,116,-90.021,-89.981,-1.72,-90.05,-0.011,0.004,0.0,0.0,1.3344119906676475,0.0,0.0,0.0,-90.021,-89.982,0.0,-90.052,-0.011,0.004,-90.021,-89.9815,-0.86,-90.051,-0.011,0.004,0.0,-0.01235566658031493,21.251746518040203,-0.02471133316062986,0.0,0.0,0.0,-0.0005000000000023874,0.86,-0.0010000000000047748,0.0,0.0,0.0275396,-0.0137698,1.3012461,0.0068849,-0.034424500000000004,-0.0068849,0.013263736263569999,0.008946520146408,0.027463736263391998,-0.002380036630086,-0.0008623321123500001,0.0018971306471700002,1.720001453487758,2.3102179993657046,0.25366400041093584,0.19236900061514461,17.279920999499154
invdyn,00:51:44.698,117,-90.021,-89.981,-1.695,-90.05,-0.011,0.004,0.0,0.0,1.2187642382258546,0.0,0.0,0.0,-90.021,-89.982,0.0,-90.052,-0.011,0.004,-90.021,-89.9815,-0.8475,-90.051,-0.011,0.004,0.0,-0.012187642382316784,20.65805383792831,-0.02437528476463357,0.0,0.0,0.0,-0.0005000000000023874,0.8475,-0.0010000000000047748,0.0,0.0,0.0137698,0.0068849,1.2874763,-0.0275396,0.0275396,-0.0206547,0.0130036630035,0.009761416361294,0.02765445665411,-0.00137973137976,-0.001465964590995,0.0016556776557120003,1.6950014749256122,2.381235999564524,0.2226270007668063,0.08798100043350132,17.390678999618103
invdyn,00:51:44.718,118,-90.021,-89.981,-1.668,-90.05,-0.011,0.004,0.0,0.0,1.333406428823744,0.0,0.0,0.0,-90.021,-89.982,0.0,-90.052,-0.011,0.004,-90.021,-89.9815,-0.834,-90.051,-0.011,0.004,0.0,-0.012346355822500963,20.593721511833273,-0.024692711645001926,0.0,0.0,0.0,-0.0005000000000023874,0.834,-0.0010000000000047748,0.0,0.0,-0.0550792,-0.0275396,1.3700951000000001,-0.0,0.034424500000000004,-0.0137698,0.012708913308754,0.008426373626268,0.026284737484408,-0.0018453907204290002,-0.00103479853482,0.0017246642247000002,1.6680014988002858,2.021627999965858,0.22529400030180113,0.08485099988320144,17.719676000524487
invdyn,00:51:44.738,119,-90.021,-89.981,-1.642,-90.05,-0.011,0.004,0.0,0.0,1.286596319018406,0.0,0.0,0.0,-90.021,-89.982,0.0,-90.052,-0.011,0.004,-90.021,-89.9815,-0.821,-90.051,-0.011,0.004,0.0,-0.012371118452159118,20.313376498348276,-0.024742236904318236,0.0,0.0,0.0,-0.0005000000000023874,0.821,-0.0010000000000047748,0.0,0.0,0.0206547,0.0,1.2255122,-0.0,-0.0137698,-0.0068849,0.012708913308754,0.008946520146408,0.02618070818038,-0.0034493284494000005,-0.001155525030549,0.0019488705739110002,1.6420015225327897,2.0043690001330106,0.22599800013267668,0.14859100065223174,17.670508999799495
invdyn,00:51:44.758,120,-90.021,-89.981,-1.615,-90.05,-0.011,0.004,0.0,0.0,1.3357183397615044,0.0,0.0,0.0,-90.021,-89.982,0.0,-90.052,-0.011,0.004,-90.021,-89.9815,-0.8075,-90.051,-0.011,0.004,0.0,-0.01236776240525821,19.973936284396636,-0.02473552481051642,0.0,0.0,0.0,-0.0005000000000023874,0.8075,-0.0010000000000047748,0.0,0.0,0.0068849,-0.0206547,1.1910877,0.0619641,-0.0137698,0.0206547,0.013021001220838,0.008998534798422,0.02791452991418,-0.0022248168498630004,-0.001103785103808,0.0017246642247000002,1.6150015479868742,2.0038510001541,0.3011819999301224,0.08723999962967355,17.657213999882515
invdyn,00:51:44.779,121,-90.021,-89.981,-1.59,-90.05,-0.011,0.004,0.0,0.0,1.2265481342847073,0.0,0.0,0.0,-90.021,-89.982,0.0,-90.052,-0.011,0.004,-90.021,-89.9815,-0.795,-90.051,-0.011,0.004,0.0,-0.012265481342905683,19.502115335126916,-0.024530962685811366,0.0,0.0,0.0,-0.0005000000000023874,0.795,-0.0010000000000047748,0.0,0.0,0.0206547,-0.0206547,1.1497783000000001,-0.0413094,0.0413094,0.0137698,0.012708913308754,0.009258608058492,0.028330647130292,-0.0019143772894170002,-0.001224511599537,0.002000610500652,1.5900015723262668,1.9943320003221743,0.226053000005777,0.09681400024419418,17.73769400006131
invdyn,00:51:44.799,122,-90.021,-89.981,-1.566,-90.05,-0.011,0.004,0.0,0.0,1.1868152514796397,0.0,0.0,0.0,-90.021,-89.982,0.0,-90.052,-0.011,0.004,-90.021,-89.9815,-0.783,-90.051,-0.011,0.004,0.0,-0.012362658869638601,19.35992378976161,-0.024725317739277202,0.0,0.0,0.0,-0.0005000000000023874,0.783,-0.0010000000000047748,0.0,0.0,-0.034424500000000004,0.0,1.2117424,0.0275396,-0.0,-0.0206547,0.018343833943604,0.00875579975569,0.02817460317425,-0.002000610500652,-0.001103785103808,0.0018281440781820002,1.5660015964231966,2.085905000058119,0.2228679995823768,0.09581399990565842,17.648046999966027
invdyn,00:51:44.819,123,-90.021,-89.981,-1.542,-90.05,-0.011,0.004,0.0,0.0,1.187515288788223,0.0,0.0,0.0,-90.021,-89.982,0.0,-90.052,-0.011,0.004,-90.021,-89.9815,-0.771,-90.051,-0.011,0.004,0.0,-0.012369950924936377,19.074464326160815,-0.024739901849872754,0.0,0.0,0.0,-0.0005000000000023874,0.771,-0.0010000000000047748,0.0,0.0,-0.0757339,-0.0068849,1.1015840000000001,0.0206547,0.0206547,-0.0206547,0.013073015872852,0.010246886446757999,0.028746764346404,-0.0017591575091940002,-0.000620879120892,0.002138583638628,1.5420016212702243,2.0263880005586543,0.2187390000472078,0.08486900060233893,17.71924999957264
invdyn,00:51:44.839,124,-90.021,-89.981,-1.52,-90.05,-0.011,0.004,0.0,0.0,1.0891981397105701,0.0,0.0,0.0,-90.021,-89.982,0.0,-90.052,-0.011,0.004,-90.021,-89.9815,-0.76,-90.051,-0.011,0.004,0.0,-0.012377251587679204,18.813422413182558,-0.02475450317535841,0.0,0.0,0.0,-0.0005000000000023874,0.76,-0.0010000000000047748,0.0,0.0,0.034424500000000004,0.0,1.0602746,-0.0206547,0.0275396,-0.034424500000000004,0.013107692307528,0.009449328449209999,0.030411233210852,-0.001603937728971,-0.001396978022007,0.002017857142899,1.5200016447359523,2.0476649997362983,0.2526819998820429,0.13297999976202846,18.818276000274636
invdyn,00:51:44.861,125,-90.021,-89.981,-1.497,-90.05,-0.011,0.004,0.0,0.0,1.0728193859054016,0.0,0.0,0.0,-90.021,-89.982,0.0,-90.052,-0.011,0.004,-90.021,-89.9815,-0.7485,-90.051,-0.011,0.004,0.0,-0.011661080281636179,17.45663718152601,-0.023322160563272357,0.0,0.0,0.0,-0.0005000000000023874,0.7485,-0.0010000000000047748,0.0,0.0,-0.0206547,0.0068849,1.1910877,-0.0068849,-0.0413094,0.034424500000000004,0.013021001220838,0.009518681318561999,0.029353601953234,-0.0018453907204290002,-0.000810592185609,0.00206959706964,1.4970016700057487,2.0885339999949792,0.2568869995229761,0.13442500039673178,18.343855000239273
invdyn,00:51:44.882,126,-90.021,-89.981,-1.474,-90.05,-0.011,0.004,0.0,0.0,1.095329919498604,0.0,0.0,0.0,-90.021,-89.982,0.0,-90.052,-0.011,0.004,-90.021,-89.9815,-0.737,-90.051,-0.011,0.004,0.0,-0.011905759994606824,17.549090231966662,-0.023811519989213648,0.0,0.0,0.0,-0.0005000000000023874,0.737,-0.0010000000000047748,0.0,0.0,-0.0137698,-0.0413094,1.1497783000000001,-0.0,0.0413094,-0.0137698,0.012535531135374,0.009206593406478,0.028937484737122,-0.0030871489622130003,-0.0009140720390910001,0.001327991453019,1.4740016960641533,1.9727399994735606,0.28647900035139173,0.13398099963524146,18.64681400002155
invdyn,00:51:44.903,127,-90.021,-89.981,-1.43,-90.05,-0.011,0.004,0.0,0.0,2.0758976389466954,0.0,0.0,0.0,-90.021,-89.982,0.0,-90.052,-0.011,0.004,-90.021,-89.9815,-0.715,-90.051,-0.011,0.004,0.0,-0.011794872948617077,16.866668316441885,-0.023589745897234154,0.0,0.0,0.0,-0.0005000000000023874,0.715,-0.0010000000000047748,0.0,0.0,-0.0137698,0.0,1.1773179,-0.0481943,0.034424500000000004,-0.0137698,0.01335042735026,0.008981196581083999,0.028417338216982,-0.001534951159983,-0.0009140720390910001,0.0018281440781820002,1.4300017482506795,2.038941999671806,0.23205299930850742,0.0891839999894728,18.17207900057838
invdyn,00:51:44.924,128,-90.021,-89.981,-1.406,-90.05,-0.011,0.004,0.0,0.0,1.1601832075145517,0.0,0.0,0.0,-90.021,-89.982,0.0,-90.052,-0.011,0.004,-90.021,-89.9815,-0.703,-90.051,-0.011,0.004,0.0,-0.012085241745000943,16.991849893390192,-0.024170483490001886,0.0,0.0,0.0,-0.0005000000000023874,0.703,-0.0010000000000047748,0.0,0.0,-0.0068849,0.0206547,1.1015840000000001,-0.0137698,-0.0,0.0068849,0.012882295482134,0.008461050060944,0.02886813186777,-0.002000610500652,-0.0009830586080790001,0.00137973137976,1.406001778092759,2.1063120002509095,0.22781300049246056,0.09203599984175526,18.375206000200706
invdyn,00:51:44.945,129,-90.021,-89.981,-1.384,-90.05,-0.011,0.004,0.0,0.0,1.0494704350298558,0.0,0.0,0.0,-90.021,-89.982,0.0,-90.052,-0.011,0.004,-90.021,-89.9815,-0.692,-90.051,-0.011,0.004,0.0,-0.011925800398123477,16.505307750924082,-0.023851600796246954,0.0,0.0,0.0,-0.0005000000000023874,0.692,-0.0010000000000047748,0.0,0.0,-0.0275396,0.0413094,1.1153538,0.0206547,-0.0,-0.0757339,0.012812942612782,0.008998534798422,0.028035897435546,-0.002000610500652,-0.001396978022007,0.0018453907204290002,1.3840018063572026,2.0052399995620362,0.22479399922303855,0.08783300017967122,18.081134999192727
invdyn,00:51:44.965,130,-90.021,-89.981,-1.361,-90.05,-0.011,0.004,0.0,0.0,1.1184551314752078,0.0,0.0,0.0,-90.021,-89.982,0.0,-90.052,-0.011,0.004,-90.021,-89.9815,-0.6805,-90.051,-0.011,0.004,0.0,-0.012157120994353832,16.545841673236563,-0.024314241988707665,0.0,0.0,0.0,-0.0005000000000023874,0.6805,-0.0010000000000047748,0.0,0.0,0.0068849,0.0275396,1.0740444,0.0619641,-0.0068849,0.0206547,0.013021001220838,0.009241269841154,0.027377045176702,-0.001155525030549,-0.001155525030549,0.0018971306471700002,1.361001836883404,1.9993879996036412,0.26368299950263463,0.0793329991211067,18.098912999448658
invdyn,00:51:44.986,131,-90.021,-89.981,-1.34,-90.05,-0.011,0.004,0.0,0.0,1.0137115630286873,0.0,0.0,0.0,-90.021,-89.982,0.0,-90.052,-0.011,0.004,-90.021,-89.9815,-0.67,-90.051,-0.011,0.004,0.0,-0.012067994798018239,16.17111302926723,-0.024135989596036477,0.0,0.0,0.0,-0.0005000000000023874,0.67,-0.0010000000000047748,0.0,0.0,0.0619641,-0.0137698,1.1566632000000001,-0.0275396,0.0068849,0.0206547,0.012916971916809999,0.008738461538352,0.026562148961816,-0.0017591575091940002,-0.001103785103808,0.0016556776557120003,1.3400018656703432,2.0379980005600373,0.22929399983695475,0.09766600032889983,18.087839000145323
invdyn,00:51:45.007,132,-90.021,-89.981,-1.318,-90.05,-0.011,0.004,0.0,0.0,1.064900439694869,0.0,0.0,0.0,-90.021,-89.982,0.0,-90.052,-0.011,0.004,-90.021,-89.9815,-0.659,-90.051,-0.011,0.004,0.0,-0.012101141360226735,15.949304312702681,-0.02420228272045347,0.0,0.0,0.0,-0.0005000000000023874,0.659,-0.0010000000000047748,0.0,0.0,-0.0206547,-0.0275396,1.0051954,0.0137698,-0.0,0.0275396,0.013107692307528,0.008981196581083999,0.026926251525913998,-0.0018453907204290002,-0.000500152625163,0.001586691086724,1.3180018968119886,2.088145000016084,0.22655300017504487,0.09197999952448299,18.12146800057235
invdyn,00:51:45.027,133,-90.021,-89.981,-1.297,-90.05,-0.011,0.004,0.0,0.0,1.0153709523095962,0.0,0.0,0.0,-90.021,-89.982,0.0,-90.052,-0.011,0.004,-90.021,-89.9815,-0.6485,-90.051,-0.011,0.004,0.0,-0.01208774943231474,15.677811013637358,-0.02417549886462948,0.0,0.0,0.0,-0.0005000000000023874,0.6485,-0.0010000000000047748,0.0,0.0,0.0068849,0.0206547,0.9707709,-0.0413094,0.0206547,-0.0,0.012934310134148,0.008773137973028,0.027602442002096,-0.001069291819314,-0.0009830586080790001,0.002017857142899,1.2970019275236255,2.253718000247318,0.2547190006225719,0.12392500048008515,17.95400700029859
invdyn,00:51:45.048,134,-90.021,-89.981,-1.278,-90.05,-0.011,0.004,0.0,0.0,0.9135507892655257,0.0,0.0,0.0,-90.021,-89.982,0.0,-90.052,-0.011,0.004,-90.021,-89.9815,-0.639,-90.051,-0.011,0.004,0.0,-0.012020405121972267,15.362077745807206,-0.024040810243944534,0.0,0.0,0.0,-0.0005000000000023874,0.639,-0.0010000000000047748,0.0,0.0,0.0068849,0.0206547,0.9845407,0.0206547,0.0481943,-0.0206547,0.013211721611556,0.009258608058492,0.026839560439224,-0.0017591575091940002,-0.000741605616621,0.001483211233242,1.2780019561800364,2.2464399999080342,0.9789529995032353,0.13755500003753696,17.262031999962346
invdyn,00:51:45.069,135,-90.021,-89.981,-1.258,-90.05,-0.011,0.004,0.0,0.0,0.9612907957462421,0.0,0.0,0.0,-90.021,-89.982,0.0,-90.052,-0.011,0.004,-90.021,-89.9815,-0.629,-90.051,-0.011,0.004,0.0,-0.01201613494688539,15.116297763109644,-0.02403226989377078,0.0,0.0,0.0,-0.0005000000000023874,0.629,-0.0010000000000047748,0.0,0.0,-0.0137698,-0.0068849,0.9156917,-0.0275396,-0.0068849,0.0413094,0.01257020757005,0.008946520146408,0.028191941391588,-0.002380036630086,-0.001103785103808,0.001190018315043,1.2580019872798294,2.9555080000136513,0.2346459996260819,0.11644299956969917,17.26730999962456
invdyn,00:51:45.090,136,-90.021,-89.981,-1.239,-90.05,-0.011,0.004,0.0,0.0,0.9163344678502392,0.0,0.0,0.0,-90.021,-89.982,0.0,-90.052,-0.011,0.004,-90.021,-89.9815,-0.6195,-90.051,-0.011,0.004,0.0,-0.012057032471771305,14.938663232453317,-0.02411406494354261,0.0,0.0,0.0,-0.0005000000000023874,0.6195,-0.0010000000000047748,0.0,0.0,-0.0137698,-0.0137698,0.9363464,0.0137698,-0.0,-0.0206547,0.012916971916809999,0.009449328449209999,0.029110866910502,-0.000620879120892,-0.001103785103808,0.001431471306501,1.2390020177546122,3.4015780001936946,0.2651090007930179,0.13770300029136706,16.24265300051775
invdyn,00:51:45.110,137,-90.021,-89.981,-1.222,-90.05,-0.011,0.004,0.0,0.0,0.8402051282051345,0.0,0.0,0.0,-90.021,-89.982,0.0,-90.052,-0.011,0.004,-90.021,-89.9815,-0.611,-90.051,-0.011,0.004,0.0,-0.012355957767781471,15.098980392156863,-0.024711915535562942,0.0,0.0,0.0,-0.0005000000000023874,0.611,-0.0010000000000047748,0.0,0.0,-0.0275396,-0.0206547,0.9845407,0.0068849,0.0068849,-0.0550792,0.01274358974343,0.00892918192907,0.027966544566193997,-0.0022248168498630004,-0.001103785103808,0.0030871489622130003,1.2220020458248013,1.9827579999400768,0.2362200002608006,0.10496199956833152,17.7326949997223
invdyn,00:51:45.130,138,-90.021,-89.981,-1.204,-90.05,-0.011,0.004,0.0,0.0,0.8903108763075044,0.0,0.0,0.0,-90.021,-89.982,0.0,-90.052,-0.011,0.004,-90.021,-89.9815,-0.602,-90.051,-0.011,0.004,0.0,-0.01236542883766326,14.887976320475477,-0.02473085767532652,0.0,0.0,0.0,-0.0005000000000023874,0.602,-0.0010000000000047748,0.0,0.0,-0.0481943,0.0068849,0.8743823000000001,-0.0413094,0.0206547,-0.0068849,0.012864957264796,0.008374358974254,0.02938827838791,-0.0022938034188510004,-0.001465964590995,0.001362484737513,1.2040020764101695,1.9604429999162676,0.22360900038620457,0.075906999882136,17.800286000237975
invdyn,00:51:45.150,139,-90.021,-89.981,-1.186,-90.05,-0.011,0.004,0.0,0.0,0.8905524204963677,0.0,0.0,0.0,-90.021,-89.982,0.0,-90.052,-0.011,0.004,-90.021,-89.9815,-0.593,-90.051,-0.011,0.004,0.0,-0.012368783618064155,14.669377370954043,-0.02473756723612831,0.0,0.0,0.0,-0.0005000000000023874,0.593,-0.0010000000000047748,0.0,0.0,0.0068849,-0.0206547,0.7917635000000001,-0.034424500000000004,0.0068849,-0.0275396,0.013385103784935999,0.00901587301576,0.030653968253583998,-0.001155525030549,-0.0009830586080790001,0.0018453907204290002,1.1860021079239278,1.9414059997870936,0.2186640003856155,0.13825799942424055,17.761434999556514
invdyn,00:51:45.171,140,-90.021,-89.981,-1.17,-90.05,-0.011,0.004,0.0,0.0,0.7916114892362142,0.0,0.0,0.0,-90.021,-89.982,0.0,-90.052,-0.011,0.004,-90.021,-89.9815,-0.585,-90.051,-0.011,0.004,0.0,-0.012368929519374896,14.471647537599527,-0.024737859038749793,0.0,0.0,0.0,-0.0005000000000023874,0.585,-0.0010000000000047748,0.0,0.0,0.0137698,-0.0068849,0.8950370000000001,-0.0068849,0.0550792,0.034424500000000004,0.012916971916809999,0.008946520146408,0.02956166056129,-0.0009313186813380001,-0.001155525030549,0.0025352564103090004,1.1700021367501856,1.9425179998506792,0.2730899996095104,0.1090360001398949,17.724694999742496
invdyn,00:51:45.191,141,-90.021,-89.981,-1.154,-90.05,-0.011,0.004,0.0,0.0,0.7866009963078012,0.0,0.0,0.0,-90.021,-89.982,0.0,-90.052,-0.011,0.004,-90.021,-89.9815,-0.577,-90.051,-0.011,0.004,0.0,-0.01229064056736807,14.183399214675028,-0.02458128113473614,0.0,0.0,0.0,-0.0005000000000023874,0.577,-0.0010000000000047748,0.0,0.0,-0.0550792,0.0481943,0.9225766000000001,-0.034424500000000004,-0.0206547,0.0206547,0.012812942612782,0.009449328449209999,0.030810012209626,-0.001310744810772,-0.000620879120892,0.001362484737513,1.154002166375783,2.0218689996909234,0.22651600011158735,0.09192499965138268,17.71254699997371
invdyn,00:51:45.211,142,-90.021,-89.981,-1.135,-90.05,-0.011,0.004,0.0,0.0,0.939916684358262,0.0,0.0,0.0,-90.021,-89.982,0.0,-90.052,-0.011,0.004,-90.021,-89.9815,-0.5675,-90.051,-0.011,0.004,0.0,-0.012367324794246772,14.036913641403062,-0.024734649588493543,0.0,0.0,0.0,-0.0005000000000023874,0.5675,-0.0010000000000047748,0.0,0.0,-0.0068849,0.0275396,0.8606125,0.0206547,-0.0068849,-0.0,0.012864957264796,0.008738461538352,0.030220512820134,-0.0018453907204290002,-0.0008623321123500001,0.0017246642247000002,1.1350022026410345,2.002776000153972,0.22307100061880192,0.07916600043245126,17.751915999724588
invdyn,00:51:45.231,143,-90.021,-89.981,-1.118,-90.05,-0.011,0.004,0.0,0.0,0.8410673649692676,0.0,0.0,0.0,-90.021,-89.982,0.0,-90.052,-0.011,0.004,-90.021,-89.9815,-0.559,-90.051,-0.011,0.004,0.0,-0.012368637720195415,13.82813697111245,-0.02473727544039083,0.0,0.0,0.0,-0.0005000000000023874,0.559,-0.0010000000000047748,0.0,0.0,0.0275396,0.0413094,0.9363464,-0.0206547,-0.0068849,-0.0206547,0.013021001220838,0.009588034187913999,0.029717704517331998,-0.0016901709402060002,-0.001103785103808,0.0016556776557120003,1.118002236133721,2.0188129992675385,0.2241829997728928,0.0787029994171462,17.736341999807337
invdyn,00:51:45.252,144,-90.021,-89.981,-1.1,-90.05,-0.011,0.004,0.0,0.0,0.8905944415608935,0.0,0.0,0.0,-90.021,-89.982,0.0,-90.052,-0.011,0.004,-90.021,-89.9815,-0.55,-90.051,-0.011,0.004,0.0,-0.01236936724396035,13.606303968291417,-0.0247387344879207,0.0,0.0,0.0,-0.0005000000000023874,0.55,-0.0010000000000047748,0.0,0.0,-0.0275396,0.0550792,0.9501162000000001,0.0481943,-0.034424500000000004,-0.0275396,0.013211721611556,0.009484004883886,0.027793162392814,-0.002000610500652,-0.000810592185609,0.0019488705739110002,1.100002272724925,2.016960999753792,0.22664599964627996,0.09975800003303448,17.71641699997417
invdyn,00:51:45.272,145,-90.021,-89.981,-1.081,-90.05,-0.011,0.004,0.0,0.0,0.9398612588600268,0.0,0.0,0.0,-90.021,-89.982,0.0,-90.052,-0.011,0.004,-90.021,-89.9815,-0.5405,-90.051,-0.011,0.004,0.0,-0.012366595511375108,13.36828974773266,-0.024733191022750216,0.0,0.0,0.0,-0.0005000000000023874,0.5405,-0.0010000000000047748,0.0,0.0,0.0068849,0.034424500000000004,0.8812672,-0.0275396,-0.0,0.0275396,0.013211721611556,0.009744078143956,0.02990842490805,-0.001534951159983,-0.001224511599537,0.0018971306471700002,1.0810023126709767,2.0420350001586485,0.37890300063736504,0.1502209997852333,17.42930799991882
invdyn,00:51:45.292,146,-90.021,-89.981,-1.063,-90.05,-0.011,0.004,0.0,0.0,0.8904368830127268,0.0,0.0,0.0,-90.021,-89.982,0.0,-90.052,-0.011,0.004,-90.021,-89.9815,-0.5315,-90.051,-0.011,0.004,0.0,-0.012367178930791357,13.146311203368441,-0.024734357861582713,0.0,0.0,0.0,-0.0005000000000023874,0.5315,-0.0010000000000047748,0.0,0.0,0.0,-0.0137698,0.8468427000000001,-0.0206547,0.034424500000000004,0.0068849,0.012882295482134,0.008703785103676,0.029093528693164,-0.0019143772894170002,-0.001345238095266,0.001190018315043,1.063002351831829,2.148720000150206,0.24710900015634252,0.1250730001629563,17.544788999657612
invdyn,00:51:45.312,147,-90.021,-89.981,-1.046,-90.05,-0.011,0.004,0.0,0.0,0.8402447325005845,0.0,0.0,0.0,-90.021,-89.982,0.0,-90.052,-0.011,0.004,-90.021,-89.9815,-0.523,-90.051,-0.011,0.004,0.0,-0.012356540183891195,12.924941032288476,-0.02471308036778239,0.0,0.0,0.0,-0.0005000000000023874,0.523,-0.0010000000000047748,0.0,0.0,0.0068849,-0.0206547,0.9501162000000001,-0.06884900000000001,-0.0068849,0.0068849,0.013073015872852,0.008703785103676,0.02808791208756,-0.0025352564103090004,-0.0008623321123500001,0.0017936507936880002,1.046002390054631,2.0229429992468795,0.2282760005982709,0.09151799986284459,17.721936000270944
invdyn,00:51:45.332,148,-90.021,-89.981,-1.028,-90.05,-0.011,0.004,0.0,0.0,0.8902898786570921,0.0,0.0,0.0,-90.021,-89.982,0.0,-90.052,-0.011,0.004,-90.021,-89.9815,-0.514,-90.051,-0.011,0.004,0.0,-0.012365137203629754,12.711361045270692,-0.024730274407259507,0.0,0.0,0.0,-0.0005000000000023874,0.514,-0.0010000000000047748,0.0,0.0,0.0137698,-0.0275396,0.8950370000000001,-0.0275396,-0.0068849,0.0137698,0.013021001220838,0.009241269841154,0.027238339437998,-0.0017591575091940002,-0.000793345543362,0.002017857142899,1.0280024319037382,2.0408869995662826,0.22038699989934685,0.0818879998405464,18.113097999957972
invdyn,00:51:45.353,149,-90.021,-89.981,-1.01,-90.049,-0.011,0.004,0.0,0.0,0.8734696068676686,0.0485260892699681,0.0,0.0,-90.021,-89.982,0.0,-90.052,-0.011,0.004,-90.021,-89.9815,-0.505,-90.0505,-0.011,0.004,0.0,-0.012131522317664423,12.252837540782563,-0.036394566952820874,0.0,0.0,0.0,-0.0005000000000023874,0.505,-0.0014999999999929514,0.0,0.0,-0.0206547,-0.0068849,0.7917635000000001,0.0137698,0.0068849,-0.0481943,0.013315750915583999,0.009761416361294,0.026839560439224,-0.001224511599537,-0.0009140720390910001,0.0024317765568270004,1.0100049504829172,2.163627000300039,1.0215460006293142,0.22134999926493037,16.57426099973236
invdyn,00:51:45.374,150,-90.021,-89.981,-0.993,-90.049,-0.011,0.004,0.0,0.0,0.8214272153356995,0.0,0.0,0.0,-90.021,-89.982,0.0,-90.052,-0.011,0.004,-90.021,-89.9815,-0.4965,-90.0505,-0.011,0.004,0.0,-0.012079811990288545,11.995253306299249,-0.03623943597069397,0.0,0.0,0.0,-0.0005000000000023874,0.4965,-0.0014999999999929514,0.0,0.0,0.0068849,-0.0275396,0.8674974,0.0275396,-0.0206547,-0.0275396,0.01335042735026,0.009171916971802,0.026683516483182,-0.001224511599537,-0.0009830586080790001,0.0017246642247000002,0.993005035233961,3.183764999448613,0.6764929994460545,0.11436900058470201,16.575484000895813
invdyn,00:51:45.395,151,-90.021,-89.981,-0.978,-90.049,-0.011,0.004,0.0,0.0,0.7198791706714273,0.0,0.0,0.0,-90.021,-89.982,0.0,-90.052,-0.011,0.004,-90.021,-89.9815,-0.489,-90.0505,-0.011,0.004,0.0,-0.011997986177914399,11.734030481944254,-0.03599395853357269,0.0,0.0,0.0,-0.0005000000000023874,0.489,-0.0014999999999929514,0.0,0.0,0.0137698,0.0206547,0.6816051000000001,0.0275396,-0.0,-0.0068849,0.012778266178106,0.009171916971802,0.02800122100087,-0.001603937728971,-0.00103479853482,0.00206959706964,0.978005112461075,3.9143690000855713,0.7897329996922053,0.1251459998456994,15.566863999993075
invdyn,00:51:45.415,152,-90.021,-89.981,-0.962,-90.049,-0.011,0.004,0.0,0.0,0.7734643861509388,0.0,0.0,0.0,-90.021,-89.982,0.0,-90.052,-0.011,0.004,-90.021,-89.9815,-0.481,-90.0505,-0.011,0.004,0.0,-0.012085381033666114,11.62613655433129,-0.0362561431008266,0.0,0.0,0.0,-0.0005000000000023874,0.481,-0.0014999999999929514,0.0,0.0,0.0206547,0.0,0.5921014,-0.0137698,-0.0206547,0.0068849,0.013385103784935999,0.008998534798422,0.029995115994739998,-0.00137973137976,-0.0008623321123500001,0.0018971306471700002,0.962005197491157,4.27475400010735,0.29077500039420556,0.11470200024632504,15.789084000061848
invdyn,00:51:45.436,153,-90.021,-89.981,-0.947,-90.049,-0.011,0.004,0.0,0.0,0.7193935166657144,0.0,0.0,0.0,-90.021,-89.982,0.0,-90.052,-0.011,0.004,-90.021,-89.9815,-0.4735,-90.0505,-0.011,0.004,0.0,-0.011989891944485813,11.354427671373848,-0.03596967583328705,0.0,0.0,0.0,-0.0005000000000023874,0.4735,-0.0014999999999929514,0.0,0.0,0.0068849,-0.0413094,0.6747202,0.0413094,-0.0206547,-0.0,0.01274358974343,0.009501343101224,0.029492307691938,-0.0017591575091940002,-0.000379426129434,0.002207570207616,0.9470052798163271,3.557872000783391,0.22749700019630836,0.10001800001191441,16.268097000647685
invdyn,00:51:45.457,154,-90.021,-89.981,-0.934,-90.049,-0.011,0.004,0.0,0.0,0.6365392481905158,0.0,0.0,0.0,-90.021,-89.982,0.0,-90.052,-0.011,0.004,-90.021,-89.9815,-0.467,-90.0505,-0.011,0.004,0.0,-0.012241139388337693,11.433224188652813,-0.03672341816483912,0.0,0.0,0.0,-0.0005000000000023874,0.467,-0.0014999999999929514,0.0,0.0,0.0068849,0.0481943,0.6058712,0.0137698,0.0275396,0.0068849,0.012882295482134,0.008738461538352,0.030567277166894,-0.00137973137976,-0.001465964590995,0.0018971306471700002,0.9340053533037165,3.333317999931751,0.24625700007163687,0.12792399957106682,16.3607080003203
invdyn,00:51:45.477,155,-90.021,-89.981,-0.922,-90.05,-0.011,0.004,0.0,0.0,0.5928833708315179,-0.04940694756882691,0.0,0.0,-90.021,-89.982,0.0,-90.052,-0.011,0.004,-90.021,-89.9815,-0.461,-90.051,-0.011,0.004,0.0,-0.012351736892382255,11.388301414722063,-0.02470347378476451,0.0,0.0,0.0,-0.0005000000000023874,0.461,-0.0010000000000047748,0.0,0.0,-0.0137698,0.0137698,0.6334108,-0.0068849,-0.0,0.0068849,0.013021001220838,0.008686446886338,0.03042857142819,-0.0017591575091940002,-0.001103785103808,0.001483211233242,0.9220027114927591,3.0188769997039344,0.23747899922454963,0.11801700020441785,16.682518999914464
invdyn,00:51:45.497,156,-90.021,-89.981,-0.909,-90.05,-0.011,0.004,0.0,0.0,0.642843103041736,0.0,0.0,0.0,-90.021,-89.982,0.0,-90.052,-0.011,0.004,-90.021,-89.9815,-0.4545,-90.051,-0.011,0.004,0.0,-0.012362367366246248,11.237391935864183,-0.024724734732492495,0.0,0.0,0.0,-0.0005000000000023874,0.4545,-0.0010000000000047748,0.0,0.0,-0.0206547,0.0,0.6402957,0.0413094,0.0137698,-0.034424500000000004,0.012500854700698,0.010021489621364,0.030931379730991998,-0.001000305250326,-0.001396978022007,0.001293498168525,0.909002750270867,2.25923700054409,0.26421999973536003,0.16207299995585345,17.35690199984674
invdyn,00:51:45.517,157,-90.021,-89.981,-0.896,-90.05,-0.011,0.004,0.0,0.0,0.6422373616018852,0.0,0.0,0.0,-90.021,-89.982,0.0,-90.052,-0.011,0.004,-90.021,-89.9815,-0.448,-90.051,-0.011,0.004,0.0,-0.012350718492402907,11.066243769140165,-0.024701436984805814,0.0,0.0,0.0,-0.0005000000000023874,0.448,-0.0010000000000047748,0.0,0.0,0.0206547,0.0826188,0.6334108,0.0275396,-0.0068849,0.034424500000000004,0.013419780219612,0.009171916971802,0.031798290597892,-0.001534951159983,-0.001224511599537,0.002207570207616,0.8960027901742271,2.393902000221715,0.2492379999239347,0.12275800054339925,17.301477000728482
invdyn,00:51:45.538,158,-90.021,-89.981,-0.884,-90.05,-0.011,0.004,0.0,0.0,0.5786843267108173,0.0,0.0,0.0,-90.021,-89.982,0.0,-90.052,-0.011,0.004,-90.021,-89.9815,-0.442,-90.051,-0.011,0.004,0.0,-0.012055923473199582,10.657436350257543,-0.024111846946399163,0.0,0.0,0.0,-0.0005000000000023874,0.442,-0.0010000000000047748,0.0,0.0,0.0413094,-0.0619641,0.619641,-0.0413094,-0.0068849,0.0206547,0.01239682539667,0.00901587301576,0.031174114773723997,-0.0017591575091940002,-0.0008623321123500001,0.002138583638628,0.884002828049775,2.255848000459082,0.23064600009092828,0.1571650000187219,17.41823399970599
invdyn,00:51:45.558,159,-90.021,-89.981,-0.872,-90.05,-0.011,0.004,0.0,0.0,0.5935335849056609,0.0,0.0,0.0,-90.021,-89.982,0.0,-90.052,-0.011,0.004,-90.021,-89.9815,-0.436,-90.051,-0.011,0.004,0.0,-0.012365283018926967,10.78252679245283,-0.024730566037853934,0.0,0.0,0.0,-0.0005000000000023874,0.436,-0.0010000000000047748,0.0,0.0,0.0275396,-0.06884900000000001,0.6678353,0.0619641,-0.0206547,-0.0137698,0.013073015872852,0.00901587301576,0.031278144077752,-0.002380036630086,-0.001103785103808,0.00155219780223,0.8720028669677641,2.2216070001377375,0.3081640006712405,0.10207299965259153,17.428512000151386
invdyn,00:51:45.578,160,-90.021,-89.981,-0.859,-90.049,-0.011,0.004,0.0,0.0,0.6428506820405812,0.04945005246419343,0.0,0.0,-90.021,-89.982,0.0,-90.052,-0.011,0.004,-90.021,-89.9815,-0.4295,-90.0505,-0.011,0.004,0.0,-0.01236251311622404,10.619398766785743,-0.037087539348496436,0.0,0.0,0.0,-0.0005000000000023874,0.4295,-0.0014999999999929514,0.0,0.0,0.0137698,0.0481943,0.68849,0.0206547,0.0826188,0.0206547,0.012916971916809999,0.009501343101224,0.031486202685808,-0.0016901709402060002,-0.001103785103808,0.0016556776557120003,0.8590058207020486,2.1622200001729652,0.22505299966724124,0.09594400034984574,17.51332599997113
invdyn,00:51:45.599,161,-90.021,-89.981,-0.846,-90.049,-0.011,0.004,0.0,0.0,0.6242881579098024,0.0,0.0,0.0,-90.021,-89.982,0.0,-90.052,-0.011,0.004,-90.021,-89.9815,-0.423,-90.0505,-0.011,0.004,0.0,-0.012005541498322744,10.156688107532544,-0.036016624494797624,0.0,0.0,0.0,-0.0005000000000023874,0.423,-0.0014999999999929514,0.0,0.0,0.0,0.0068849,0.619641,0.0206547,0.0481943,-0.0206547,0.013142368742204,0.009397313797196,0.032491819291412,-0.00206959706964,-0.001103785103808,0.0016556776557120003,0.8460059101448405,2.1673299997928552,0.22505299966724124,0.09318400043412112,17.570566999893344
invdyn,00:51:45.619,162,-90.021,-89.981,-0.832,-90.049,-0.011,0.004,0.0,0.0,0.6923986935040746,0.0,0.0,0.0,-90.021,-89.982,0.0,-90.052,-0.011,0.004,-90.021,-89.9815,-0.416,-90.0505,-0.011,0.004,0.0,-0.012364262384060357,10.287066303489098,-0.03709278715200537,0.0,0.0,0.0,-0.0005000000000023874,0.416,-0.0014999999999929514,0.0,0.0,0.0,0.0275396,0.5783316000000001,-0.034424500000000004,0.0137698,0.0206547,0.013558485958316,0.008859829059718,0.032786568986158,-0.001621184371218,-0.001517704517736,0.0025352564103090004,0.8320060095936808,2.1771630008515785,0.227368000196293,0.09299900011683349,17.556843999955163
invdyn,00:51:45.640,163,-90.021,-89.981,-0.82,-90.049,-0.011,0.004,0.0,0.0,0.5937926689711318,0.0,0.0,0.0,-90.021,-89.982,0.0,-90.052,-0.011,0.004,-90.021,-89.9815,-0.41,-90.0505,-0.011,0.004,0.0,-0.012370680603624304,10.143958094923493,-0.03711204181069711,0.0,0.0,0.0,-0.0005000000000023874,0.41,-0.0014999999999929514,0.0,0.0,-0.0550792,-0.0275396,0.6058712,-0.0068849,-0.0413094,0.0275396,0.012795604395443999,0.009241269841154,0.031659584859187996,-0.0016901709402060002,-0.001638431013465,0.0019488705739110002,0.8200060975383049,2.1449790001497604,0.22346100013237447,0.08914699992601527,17.600713999854634
invdyn,00:51:45.660,164,-90.021,-89.981,-0.808,-90.049,-0.011,0.004,0.0,0.0,0.5937156203552927,0.0,0.0,0.0,-90.021,-89.982,0.0,-90.052,-0.011,0.004,-90.021,-89.9815,-0.404,-90.0505,-0.011,0.004,0.0,-0.012369075424127761,9.994212942647511,-0.03710722627220751,0.0,0.0,0.0,-0.0005000000000023874,0.404,-0.0014999999999929514,0.0,0.0,0.0275396,-0.034424500000000004,0.6609504,0.0137698,0.0206547,0.0137698,0.01317704517688,0.00927594627583,0.031503540903146,-0.0018281440781820002,-0.000500152625163,0.002138583638628,0.8080061880951162,2.1665519998350646,0.26599699958751444,0.0953880007728003,17.594732000361546
invdyn,00:51:45.680,165,-90.021,-89.981,-0.795,-90.049,-0.011,0.004,0.0,0.0,0.641021760853976,0.0,0.0,0.0,-90.021,-89.982,0.0,-90.052,-0.011,0.004,-90.021,-89.9815,-0.3975,-90.0505,-0.011,0.004,0.0,-0.012327341554943003,9.800236536132893,-0.03698202466465383,0.0,0.0,0.0,-0.0005000000000023874,0.3975,-0.0014999999999929514,0.0,0.0,0.0,0.0206547,0.6058712,0.0068849,0.0137698,0.0275396,0.012535531135374,0.008703785103676,0.03129548229509,-0.001069291819314,-0.0009830586080790001,0.002000610500652,0.7950062892832988,4.588473000694648,0.24605399994470645,0.1266469998881803,15.098201999535377
invdyn,00:51:45.700,166,-90.021,-89.981,-0.782,-90.05,-0.011,0.004,0.0,0.0,0.6423130168453298,-0.049408693603020644,0.0,0.0,-90.021,-89.982,0.0,-90.052,-0.011,0.004,-90.021,-89.9815,-0.391,-90.051,-0.011,0.004,0.0,-0.012352173400930696,9.659399599481683,-0.024704346801861392,0.0,0.0,0.0,-0.0005000000000023874,0.391,-0.0010000000000047748,0.0,0.0,-0.0068849,0.0,0.6334108,0.0275396,-0.0,-0.0,0.012812942612782,0.008530402930296,0.031659584859187996,-0.001155525030549,-0.0009140720390910001,0.0018971306471700002,0.7820031969244117,2.568529999734892,0.22825699943496147,0.09605500054021832,17.16803300041647
invdyn,00:51:45.721,167,-90.021,-89.981,-0.769,-90.05,-0.011,0.004,0.0,0.0,0.6394056006379292,0.0,0.0,0.0,-90.021,-89.982,0.0,-90.052,-0.011,0.004,-90.021,-89.9815,-0.3845,-90.051,-0.011,0.004,0.0,-0.012296261550788109,9.455825132510906,-0.024592523101576218,0.0,0.0,0.0,-0.0005000000000023874,0.3845,-0.0010000000000047748,0.0,0.0,-0.034424500000000004,0.0,0.6609504,-0.0275396,0.0137698,-0.0137698,0.012362148961994,0.008426373626268,0.030445909645528,-0.001000305250326,-0.001155525030549,0.002311050061098,0.7690032509684208,4.007960999842908,0.2627379999466939,0.13503599984687753,15.633623000212538
invdyn,00:51:45.741,168,-90.021,-89.981,-0.756,-90.05,-0.011,0.004,0.0,0.0,0.6428658405744138,0.0,0.0,0.0,-90.021,-89.982,0.0,-90.052,-0.011,0.004,-90.021,-89.9815,-0.378,-90.051,-0.011,0.004,0.0,-0.012362804626490052,9.346280297581853,-0.024725609252980105,0.0,0.0,0.0,-0.0005000000000023874,0.378,-0.0010000000000047748,0.0,0.0,-0.0413094,0.0,0.7022598,0.034424500000000004,0.0275396,-0.0275396,0.01317704517688,0.009171916971802,0.029509645909276,-0.002000610500652,-0.000672619047633,0.002173076923122,0.7560033068710745,2.076831000522361,0.22372000057657715,0.08757399973546853,17.663972999798716
invdyn,00:51:45.761,169,-90.021,-89.981,-0.743,-90.05,-0.011,0.004,0.0,0.0,0.6438222715518774,0.0,0.0,0.0,-90.021,-89.982,0.0,-90.052,-0.011,0.004,-90.021,-89.9815,-0.3715,-90.051,-0.011,0.004,0.0,-0.012381197529902903,9.199229764673932,-0.024762395059805806,0.0,0.0,0.0,-0.0005000000000023874,0.3715,-0.0010000000000047748,0.0,0.0,0.0275396,0.0206547,0.6747202,-0.0068849,0.0275396,-0.0413094,0.01361050061033,0.008669108669,0.029318925518557998,-0.001224511599537,-0.001224511599537,0.002000610500652,0.7430033647299318,2.1378680003181216,0.2636819999679574,0.12697999954980332,17.50964000075328
invdyn,00:51:45.781,170,-90.021,-89.981,-0.73,-90.05,-0.011,0.004,0.0,0.0,0.6437006622829288,0.0,0.0,0.0,-90.021,-89.982,0.0,-90.052,-0.011,0.004,-90.021,-89.9815,-0.365,-90.051,-0.011,0.004,0.0,-0.012378858890115418,9.036566989741107,-0.024757717780230837,0.0,0.0,0.0,-0.0005000000000023874,0.365,-0.0010000000000047748,0.0,0.0,0.0,-0.0275396,0.5989863,-0.0068849,-0.0137698,0.0206547,0.013385103784935999,0.008738461538352,0.0286080586077,-0.000776098901115,-0.0009140720390910001,0.0018281440781820002,0.7300034246495012,2.1622929998557083,0.2421080007479759,0.1194240003314917,17.532881000079215
invdyn,00:51:45.802,171,-90.021,-89.981,-0.704,-90.05,-0.011,0.004,0.0,0.0,1.2434510894972703,0.0,0.0,0.0,-90.021,-89.982,0.0,-90.052,-0.011,0.004,-90.021,-89.9815,-0.352,-90.051,-0.011,0.004,0.0,-0.011956260475992369,8.417207375058437,-0.023912520951984737,0.0,0.0,0.0,-0.0005000000000023874,0.352,-0.0010000000000047748,0.0,0.0,-0.0413094,-0.0068849,0.5576769,0.0206547,0.0206547,0.0137698,0.012708913308754,0.008426373626268,0.028746764346404,-0.001310744810772,-0.000672619047633,0.0017246642247000002,0.7040035511274073,1.9652399996630265,0.2236460004496621,0.07627700051671127,17.796230999920226
invdyn,00:51:45.822,172,-90.021,-89.981,-0.693,-90.05,-0.011,0.004,0.0,0.0,0.5440275448960586,0.0,0.0,0.0,-90.021,-89.982,0.0,-90.052,-0.011,0.004,-90.021,-89.9815,-0.3465,-90.051,-0.011,0.004,0.0,-0.012364262384060357,8.568433832112914,-0.024728524768120715,0.0,0.0,0.0,-0.0005000000000023874,0.3465,-0.0010000000000047748,0.0,0.0,0.034424500000000004,-0.0550792,0.5232524000000001,0.0275396,0.0413094,-0.0,0.012864957264796,0.008738461538352,0.029683028082656,-0.001603937728971,-0.00103479853482,0.0018281440781820002,0.6930036074942179,1.946888000020408,0.31264500012184726,0.08694300049683079,17.711082999994687
invdyn,00:51:45.843,173,-90.021,-89.981,-0.682,-90.05,-0.011,0.004,0.0,0.0,0.5442457386196027,0.0,0.0,0.0,-90.021,-89.982,0.0,-90.052,-0.011,0.004,-90.021,-89.9815,-0.341,-90.051,-0.011,0.004,0.0,-0.012369221332322872,8.435808948603919,-0.024738442664645744,0.0,0.0,0.0,-0.0005000000000023874,0.341,-0.0010000000000047748,0.0,0.0,0.0068849,0.0068849,0.5852165,0.0481943,0.0068849,0.0068849,0.01317704517688,0.008634432234324,0.028504029303671997,-0.0026732295482850004,-0.001155525030549,0.0017246642247000002,0.6820036656792984,1.989423999475548,0.2233870000054594,0.07905500024207868,17.760490000000573
invdyn,00:51:45.863,174,-90.021,-89.981,-0.67,-90.05,-0.011,0.004,0.0,0.0,0.5921440016941381,0.0,0.0,0.0,-90.021,-89.982,0.0,-90.052,-0.011,0.004,-90.021,-89.9815,-0.335,-90.051,-0.011,0.004,0.0,-0.01233633336868677,8.26534335698067,-0.02467266673737354,0.0,0.0,0.0,-0.0005000000000023874,0.335,-0.0010000000000047748,0.0,0.0,-0.0481943,-0.0206547,0.5439071,0.0481943,-0.0481943,0.0137698,0.013021001220838,0.008946520146408,0.02834798534763,-0.001224511599537,-0.001155525030549,0.0018281440781820002,0.6700037313328935,2.0575529997586273,0.22912799977348186,0.08964700009528315,17.67739899969456
invdyn,00:51:45.883,175,-90.021,-89.981,-0.659,-90.05,-0.011,0.004,0.0,0.0,0.5442393186590233,0.0,0.0,0.0,-90.021,-89.982,0.0,-90.052,-0.011,0.004,-90.021,-89.9815,-0.3295,-90.051,-0.011,0.004,0.0,-0.012369075424127761,8.151220704461274,-0.024738150848255522,0.0,0.0,0.0,-0.0005000000000023874,0.3295,-0.0010000000000047748,0.0,0.0,0.034424500000000004,0.0275396,0.5370222,-0.0206547,0.0137698,-0.0,0.01317704517688,0.008634432234324,0.028070573870222,-0.002449023199074,-0.001155525030549,0.001362484737513,0.659003793615788,1.991072999771859,0.23607200000697048,0.08909200005291495,17.738065000230563
invdyn,00:51:45.903,176,-90.021,-89.981,-0.649,-90.05,-0.011,0.004,0.0,0.0,0.49481554887040685,0.0,0.0,0.0,-90.021,-89.982,0.0,-90.052,-0.011,0.004,-90.021,-89.9815,-0.3245,-90.051,-0.011,0.004,0.0,-0.012370388721819227,8.028382280422344,-0.024740777443638454,0.0,0.0,0.0,-0.0005000000000023874,0.3245,-0.0010000000000047748,0.0,0.0,0.0206547,-0.0619641,0.4406336,0.0275396,-0.034424500000000004,0.0068849,0.012448840048683999,0.009501343101224,0.029336263735895998,-0.001465964590995,-0.0009140720390910001,0.0018281440781820002,0.6490038520686916,2.7101579998998204,0.682307999340992,1.181228999485029,16.284431000713084
invdyn,00:51:45.924,177,-90.021,-89.981,-0.639,-90.05,-0.011,0.004,0.0,0.0,0.475442251669142,0.0,0.0,0.0,-90.021,-89.982,0.0,-90.052,-0.011,0.004,-90.021,-89.9815,-0.3195,-90.051,-0.011,0.004,0.0,-0.011886056291785293,7.595189970414537,-0.023772112583570586,0.0,0.0,0.0,-0.0005000000000023874,0.3195,-0.0010000000000047748,0.0,0.0,0.0413094,0.0275396,0.413094,-0.0068849,-0.0275396,0.0413094,0.013021001220838,0.009414652014534,0.030047130646754,-0.0018453907204290002,-0.0009140720390910001,0.0017246642247000002,0.6390039123510904,2.824416999828827,0.2330170000277576,0.11355400056345388,16.88857299996016
invdyn,00:51:45.945,178,-90.021,-89.981,-0.631,-90.05,-0.011,0.004,0.0,0.0,0.39503687308688523,0.0,0.0,0.0,-90.021,-89.982,0.0,-90.052,-0.011,0.004,-90.021,-89.9815,-0.3155,-90.051,-0.011,0.004,0.0,-0.012344902284024097,7.789633341182011,-0.024689804568048195,0.0,0.0,0.0,-0.0005000000000023874,0.3155,-0.0010000000000047748,0.0,0.0,0.0137698,0.0,0.4681732,0.0481943,0.0275396,-0.0,0.012535531135374,0.008461050060944,0.030411233210852,-0.002138583638628,-0.001517704517736,0.0019488705739110002,0.6310039619526965,2.0327199999883305,0.2230340005553444,0.0837580000734306,17.73191600022983
invdyn,00:51:45.965,179,-90.021,-89.981,-0.622,-90.05,-0.011,0.004,0.0,0.0,0.4446415774408994,0.0,0.0,0.0,-90.021,-89.982,0.0,-90.052,-0.011,0.004,-90.021,-89.9815,-0.311,-90.051,-0.011,0.004,0.0,-0.012351154928972836,7.682418365784421,-0.02470230985794567,0.0,0.0,0.0,-0.0005000000000023874,0.311,-0.0010000000000047748,0.0,0.0,0.0068849,0.0,0.5094826,0.034424500000000004,-0.1170433,-0.0137698,0.012535531135374,0.009171916971802,0.029318925518557998,-0.001603937728971,-0.000810592185609,0.002207570207616,0.6220040192796186,2.6841959997909726,0.23823900028219214,0.11862799965456361,17.010442000355397
invdyn,00:51:45.985,180,-90.021,-89.981,-0.612,-90.05,-0.011,0.004,0.0,0.0,0.49463465257795225,0.0,0.0,0.0,-90.021,-89.982,0.0,-90.052,-0.011,0.004,-90.021,-89.9815,-0.306,-90.051,-0.011,0.004,0.0,-0.01236586631450784,7.567910184442662,-0.02473173262901568,0.0,0.0,0.0,-0.0005000000000023874,0.306,-0.0010000000000047748,0.0,0.0,-0.0275396,0.0275396,0.5370222,0.0068849,0.0619641,-0.0550792,0.013021001220838,0.008426373626268,0.029544322343952,-0.0018453907204290002,-0.001345238095266,0.002017857142899,0.6120040849536873,2.0474060002015904,0.22438599989982322,0.08327700015797745,17.697973000394995
invdyn,00:51:46.006,181,-90.021,-89.981,-0.602,-90.05,-0.011,0.004,0.0,0.0,0.48299216950714,0.0,0.0,0.0,-90.021,-89.982,0.0,-90.052,-0.011,0.004,-90.021,-89.9815,-0.301,-90.051,-0.011,0.004,0.0,-0.012074804237736145,7.26903215108245,-0.02414960847547229,0.0,0.0,0.0,-0.0005000000000023874,0.301,-0.0010000000000047748,0.0,0.0,0.0,0.06884900000000001,0.47505810000000004,0.0275396,-0.0826188,0.0137698,0.013419780219612,0.008634432234324,0.029804395604022,-0.001224511599537,-0.001586691086724,0.001483211233242,0.6020041528095965,3.6722409995491034,0.2929780002887128,0.16957200023171026,15.536345999862533
invdyn,00:51:46.026,182,-90.021,-89.98,-0.593,-90.049,-0.011,0.004,0.0,0.049398801040673,0.44458920937025254,0.049398801040673,0.0,0.0,-90.021,-89.982,0.0,-90.052,-0.011,0.004,-90.021,-89.981,-0.2965,-90.0505,-0.011,0.004,0.0,-0.024699400520512,7.323372254348875,-0.03704910078085575,0.0,0.0,0.0,-0.000999999999990564,0.2965,-0.0014999999999929514,0.0,0.0,0.0068849,0.0413094,0.4062091,0.0481943,0.0206547,-0.0137698,0.013281074480908,0.008478388278282,0.02938827838791,-0.00137973137976,-0.001586691086724,0.001586691086724,0.5930109611128617,2.112202000716934,0.24014600057853386,0.11549900045793038,17.666472000200883
invdyn,00:51:46.046,183,-90.021,-89.98,-0.584,-90.049,-0.011,0.004,0.0,0.0,0.44337251585623716,0.0,0.0,0.0,-90.021,-89.982,0.0,-90.052,-0.011,0.004,-90.021,-89.981,-0.292,-90.0505,-0.011,0.004,0.0,-0.024631806436400193,7.192487479445618,-0.0369477096546878,0.0,0.0,0.0,-0.000999999999990564,0.292,-0.0014999999999929514,0.0,0.0,-0.0275396,-0.0275396,0.3511299,-0.0068849,-0.0481943,0.0550792,0.013419780219612,0.008374358974254,0.030810012209626,-0.0019143772894170002,-0.0009830586080790001,0.0017591575091940002,0.5840111300309266,2.0058129994140472,0.29034900035185274,0.09296200005337596,17.668823999883898
invdyn,00:51:46.067,184,-90.021,-89.981,-0.576,-90.049,-0.011,0.004,0.0,-0.04947338373843077,0.3957870699111812,0.0,0.0,0.0,-90.021,-89.982,0.0,-90.052,-0.011,0.004,-90.021,-89.9815,-0.288,-90.0505,-0.011,0.004,0.0,-0.012368345934783458,7.124167258401254,-0.03710503780417461,0.0,0.0,0.0,-0.0005000000000023874,0.288,-0.0014999999999929514,0.0,0.0,0.0137698,-0.0481943,0.3648997,0.0206547,-0.0068849,-0.0,0.0130036630035,0.008131623931522,0.031070085469695998,-0.001310744810772,-0.0009830586080790001,0.001483211233242,0.5760086804901468,2.0043140002599102,0.283571000181837,0.08751699988351902,17.691953999928955
invdyn,00:51:46.087,185,-90.021,-89.981,-0.569,-90.049,-0.011,0.004,0.0,0.0,0.3461748552698292,0.0,0.0,0.0,-90.021,-89.982,0.0,-90.052,-0.011,0.004,-90.021,-89.9815,-0.2845,-90.0505,-0.011,0.004,0.0,-0.012363387688267209,7.034767594590451,-0.03709016306462593,0.0,0.0,0.0,-0.0005000000000023874,0.2845,-0.0014999999999929514,0.0,0.0,0.0068849,0.0068849,0.3993242,-0.034424500000000004,0.0068849,-0.0068849,0.012864957264796,0.008426373626268,0.030671306470921998,-0.001155525030549,-0.0009830586080790001,0.002138583638628,0.5690087872783688,2.050238999800058,0.22740600070392247,0.0830549997772323,17.69541700014088
invdyn,00:51:46.107,186,-90.021,-89.981,-0.56,-90.049,-0.011,0.004,0.0,0.0,0.445328740296812,0.0,0.0,0.0,-90.021,-89.982,0.0,-90.052,-0.011,0.004,-90.021,-89.9815,-0.28,-90.0505,-0.011,0.004,0.0,-0.012370242786081764,6.927335960172711,-0.0371107283580695,0.0,0.0,0.0,-0.0005000000000023874,0.28,-0.0014999999999929514,0.0,0.0,0.0137698,-0.0481943,0.5025977,0.0068849,0.0068849,0.0206547,0.012864957264796,0.008686446886338,0.03016849816812,-0.0016901709402060002,-0.0008623321123500001,0.0018971306471700002,0.5600089285002517,2.034238999840454,0.22460900072474033,0.08159099979820894,17.765415999747347
invdyn,00:51:46.127,187,-90.021,-89.981,-0.551,-90.049,-0.011,0.004,0.0,0.0,0.444254345600264,0.0,0.0,0.0,-90.021,-89.982,0.0,-90.052,-0.011,0.004,-90.021,-89.9815,-0.2755,-90.0505,-0.011,0.004,0.0,-0.012340398488955136,6.799559567381813,-0.03702119546669004,0.0,0.0,0.0,-0.0005000000000023874,0.2755,-0.0014999999999929514,0.0,0.0,0.0137698,0.0275396,0.4544034,0.0413094,-0.0,-0.0275396,0.012708913308754,0.009397313797196,0.03008180708143,-0.00068986568988,-0.001276251526278,0.0017246642247000002,0.5510090743354414,2.868490000764723,0.24175699945772067,0.12186899948574137,16.826092999508546
invdyn,00:51:46.148,188,-90.021,-89.98,-0.542,-90.049,-0.011,0.004,0.0,0.0494267431852888,0.44484068867179716,0.0,0.0,0.0,-90.021,-89.982,0.0,-90.052,-0.011,0.004,-90.021,-89.981,-0.271,-90.0505,-0.011,0.004,0.0,-0.02471337159282,6.697323701669829,-0.0370700573893178,0.0,0.0,0.0,-0.000999999999990564,0.271,-0.0014999999999929514,0.0,0.0,0.0,-0.0481943,0.3924393,0.0206547,0.0619641,-0.0137698,0.01257020757005,0.009449328449209999,0.030480586080204,-0.00206959706964,-0.001345238095266,0.0017246642247000002,0.5420119924872512,2.3226250004881877,0.23971999962668633,0.11849900056404294,17.364104999614938
invdyn,00:51:46.168,189,-90.021,-89.981,-0.533,-90.049,-0.011,0.004,0.0,-0.04946813228240344,0.44521319054583236,0.0,0.0,0.0,-90.021,-89.982,0.0,-90.052,-0.011,0.004,-90.021,-89.9815,-0.2665,-90.0505,-0.011,0.004,0.0,-0.012367033070776605,6.591628626692457,-0.03710109921215407,0.0,0.0,0.0,-0.0005000000000023874,0.2665,-0.0014999999999929514,0.0,0.0,-0.0068849,0.0275396,0.4681732,-0.0206547,0.0137698,0.0481943,0.013211721611556,0.008703785103676,0.030549938949556,-0.001069291819314,-0.001103785103808,0.002017857142899,0.5330093807804888,2.213495999967563,0.23020099979476072,0.11153600007673958,17.500881999694684
invdyn,00:51:46.188,190,-90.021,-89.98,-0.525,-90.049,-0.011,0.004,0.0,0.04947396730237116,0.3957917384227044,0.0,0.0,0.0,-90.021,-89.982,0.0,-90.052,-0.011,0.004,-90.021,-89.981,-0.2625,-90.0505,-0.011,0.004,0.0,-0.024736983651361347,6.493458208497488,-0.037105475477129904,0.0,0.0,0.0,-0.000999999999990564,0.2625,-0.0014999999999929514,0.0,0.0,0.034424500000000004,0.0,0.3511299,-0.0275396,-0.0068849,-0.0206547,0.012968986568824,0.008461050060944,0.030914041513653998,-0.001241758241784,-0.001155525030549,0.001431471306501,0.5250123808063958,2.0207950001349673,0.22390499998437008,0.08238800000981428,17.73028699972201
invdyn,00:51:46.209,191,-90.021,-89.98,-0.517,-90.049,-0.011,0.004,0.0,0.0,0.38500162929986037,0.0,0.0,0.0,-90.021,-89.982,0.0,-90.052,-0.011,0.004,-90.021,-89.981,-0.2585,-90.0505,-0.011,0.004,0.0,-0.024062601831185172,6.2201825733758636,-0.03609390274686324,0.0,0.0,0.0,-0.000999999999990564,0.2585,-0.0014999999999929514,0.0,0.0,0.0275396,0.0,0.3786695,-0.0137698,-0.0481943,-0.0068849,0.012812942612782,0.008859829059718,0.031208791208399998,-0.00068986568988,-0.0009140720390910001,0.00206959706964,0.5170125723809819,1.9883880004272214,0.218904999201186,0.08077700022113277,17.774693999854208
invdyn,00:51:46.229,192,-90.021,-89.98,-0.51,-90.049,-0.011,0.004,0.0,0.0,0.34618710057776236,0.0,0.0,0.0,-90.021,-89.982,0.0,-90.052,-0.011,0.004,-90.021,-89.981,-0.255,-90.0505,-0.011,0.004,0.0,-0.024727650041211087,6.3055507605235235,-0.03709147506190448,0.0,0.0,0.0,-0.000999999999990564,0.255,-0.0014999999999929514,0.0,0.0,0.0206547,0.0275396,0.3924393,-0.0068849,0.0413094,0.034424500000000004,0.013211721611556,0.008426373626268,0.030792673992287998,-0.0019143772894170002,-0.000258699633705,0.0019488705739110002,0.5100127449387907,1.9893879998562625,0.22105300013208762,0.08066600003076019,17.765546000191534
invdyn,00:51:46.249,193,-90.021,-89.98,-0.502,-90.049,-0.011,0.004,0.0,0.0,0.3959365169268532,0.0,0.0,0.0,-90.021,-89.982,0.0,-90.052,-0.011,0.004,-90.021,-89.981,-0.251,-90.0505,-0.011,0.004,0.0,-0.024746032307870633,6.211254109290004,-0.037119048461893865,0.0,0.0,0.0,-0.000999999999990564,0.251,-0.0014999999999929514,0.0,0.0,0.0206547,0.0137698,0.4337487,0.0137698,0.0275396,-0.0,0.012795604395443999,0.00823565323555,0.030792673992287998,-0.0016901709402060002,-0.000672619047633,0.0019488705739110002,0.5020129480401875,2.014776000578422,0.2187390000472078,0.07785100024193525,17.74839800054906
invdyn,00:51:46.269,194,-90.021,-89.98,-0.493,-90.049,-0.011,0.004,0.0,0.0,0.4453392477938752,0.0,0.0,0.0,-90.021,-89.982,0.0,-90.052,-0.011,0.004,-90.021,-89.981,-0.2465,-90.0505,-0.011,0.004,0.0,-0.02474106932182427,6.098673587843896,-0.0371116039828243,0.0,0.0,0.0,-0.000999999999990564,0.2465,-0.0014999999999929514,0.0,0.0,-0.0275396,-0.0550792,0.5025977,-0.0,-0.0481943,-0.0068849,0.013021001220838,0.00832234432224,0.029977777777401998,-0.00275946275952,-0.001103785103808,0.0018971306471700002,0.4930131844078817,2.049256999271165,0.27014500028599286,0.12862800031143706,17.59034399947268
invdyn,00:51:46.290,195,-90.021,-89.981,-0.484,-90.049,-0.011,0.004,0.0,-0.04940287396890957,0.444625865724382,0.0,0.0,0.0,-90.021,-89.982,0.0,-90.052,-0.011,0.004,-90.021,-89.9815,-0.242,-90.0505,-0.011,0.004,0.0,-0.012350718492402907,5.977747750294464,-0.03705215547703321,0.0,0.0,0.0,-0.0005000000000023874,0.242,-0.0014999999999929514,0.0,0.0,0.034424500000000004,0.0,0.4199789,-0.0206547,0.0068849,0.034424500000000004,0.012760927960768,0.009241269841154,0.029266910866544,-0.0016901709402060002,-0.001396978022007,0.0018281440781820002,0.4840103304682659,2.040035999925749,0.23942300049384357,0.11759199969674228,17.675101999884646
invdyn,00:51:46.310,196,-90.021,-89.98,-0.475,-90.049,-0.011,0.004,0.0,0.04928966449216079,0.4436069804336334,0.0,0.0,0.0,-90.021,-89.982,0.0,-90.052,-0.011,0.004,-90.021,-89.981,-0.2375,-90.0505,-0.011,0.004,0.0,-0.024644832246255508,5.853147658499324,-0.036967248369470816,0.0,0.0,0.0,-0.000999999999990564,0.2375,-0.0014999999999929514,0.0,0.0,-0.0137698,0.0,0.3717846,0.0275396,-0.0206547,-0.0068849,0.013021001220838,0.008183638583535999,0.030237851037471997,-0.001414224664254,-0.001276251526278,0.0016556776557120003,0.4750136840134187,2.641566999955103,0.31970000054570846,0.1280169999517966,16.982683999231085
invdyn,00:51:46.330,197,-90.021,-89.98,-0.467,-90.049,-0.011,0.004,0.0,0.0,0.3950880382437071,0.0,0.0,0.0,-90.021,-89.982,0.0,-90.052,-0.011,0.004,-90.021,-89.981,-0.2335,-90.0505,-0.011,0.004,0.0,-0.02469300239017429,5.765816058119135,-0.037039503585349166,0.0,0.0,0.0,-0.000999999999990564,0.2335,-0.0014999999999929514,0.0,0.0,-0.0413094,-0.0137698,0.2822809,0.0137698,-0.034424500000000004,-0.0550792,0.012535531135374,0.008131623931522,0.02990842490805,-0.00206959706964,-0.001276251526278,0.001483211233242,0.4670139184221387,2.41753200043604,0.3972550002799835,0.13242499971966026,17.08318200053327
invdyn,00:51:46.350,198,-90.021,-89.98,-0.461,-90.049,-0.011,0.004,0.0,0.0,0.2968893293222441,0.0,0.0,0.0,-90.021,-89.982,0.0,-90.052,-0.011,0.004,-90.021,-89.981,-0.2305,-90.0505,-0.011,0.004,0.0,-0.02474077744346266,5.702749200731434,-0.037111166165281886,0.0,0.0,0.0,-0.000999999999990564,0.2305,-0.0014999999999929514,0.0,0.0,-0.034424500000000004,0.0481943,0.3235903,0.0137698,-0.0068849,-0.0137698,0.012535531135374,0.009258608058492,0.031434188033794,-0.0023627899878390004,-0.001586691086724,0.00206959706964,0.4610140995674644,1.9570920003388892,0.22196000008989358,0.11114700009784428,17.766637999557133
invdyn,00:51:46.371,199,-90.021,-89.98,-0.454,-90.049,-0.011,0.004,0.0,0.0,0.3464076643541463,0.0,0.0,0.0,-90.021,-89.982,0.0,-90.052,-0.011,0.004,-90.021,-89.981,-0.227,-90.0505,-0.011,0.004,0.0,-0.02474340459666705,5.616752843456511,-0.03711510689508848,0.0,0.0,0.0,-0.000999999999990564,0.227,-0.0014999999999929514,0.0,0.0,-0.0137698,-0.0619641,0.3511299,-0.0481943,-0.0,-0.0068849,0.012916971916809999,0.008426373626268,0.02956166056129,-0.000620879120892,-0.000672619047633,0.0016556776557120003,0.45401431695487315,1.9295550000606454,0.2759970002443879,0.08285100011562463,17.759972000021662
invdyn,00:51:46.391,200,-90.021,-89.981,-0.447,-90.049,-0.011,0.004,0.0,-0.04951309747211605,0.34659168230808307,0.0,0.0,0.0,-90.021,-89.982,0.0,-90.052,-0.011,0.004,-90.021,-89.9815,-0.2235,-90.0505,-0.011,0.004,0.0,-0.012378274368204918,5.533088642561179,-0.03713482310443885,0.0,0.0,0.0,-0.0005000000000023874,0.2235,-0.0014999999999929514,0.0,0.0,-0.0275396,-0.0481943,0.3786695,0.0068849,0.0068849,0.0068849,0.012812942612782,0.008599755799648,0.030151159950782,-0.001448717948748,-0.001396978022007,0.001586691086724,0.44701118554237546,2.002775999244477,0.220219999391702,0.07977699988259701,18.201300999862724
invdyn,00:51:46.412,201,-90.021,-89.981,-0.44,-90.049,-0.011,0.004,0.0,0.0,0.33065813746579154,0.0,0.0,0.0,-90.021,-89.982,0.0,-90.052,-0.011,0.004,-90.021,-89.9815,-0.22,-90.0505,-0.011,0.004,0.0,-0.011809219195263216,5.196056445891005,-0.03542765758562183,0.0,0.0,0.0,-0.0005000000000023874,0.22,-0.0014999999999929514,0.0,0.0,0.0206547,-0.0068849,0.4199789,-0.0068849,0.0619641,-0.0068849,0.013073015872852,0.008357020756916,0.029440293039923997,-0.002138583638628,-0.001155525030549,0.0018971306471700002,0.4400113634896263,1.9583129997045035,0.22640499992121477,0.08627699935459532,17.838192999988678
invdyn,00:51:46.432,202,-90.021,-89.98,-0.432,-90.049,-0.011,0.004,0.0,0.04927634577833622,0.3942107662304099,0.0,0.0,0.0,-90.021,-89.982,0.0,-90.052,-0.011,0.004,-90.021,-89.981,-0.216,-90.0505,-0.011,0.004,0.0,-0.024638172889343175,5.321845344110529,-0.036957259334102294,0.0,0.0,0.0,-0.000999999999990564,0.216,-0.0014999999999929514,0.0,0.0,-0.0206547,-0.0068849,0.4199789,0.0068849,-0.0275396,0.0413094,0.013558485958316,0.008669108669,0.028573382173024,-0.0017591575091940002,-0.000379426129434,0.0019488705739110002,0.4320150460342787,3.0460799998763832,0.3131630001007579,0.14066499988985015,16.540965999411128
invdyn,00:51:46.452,203,-90.021,-89.98,-0.424,-90.049,-0.011,0.004,0.0,0.0,0.3955304712733106,0.0,0.0,0.0,-90.021,-89.982,0.0,-90.052,-0.011,0.004,-90.021,-89.981,-0.212,-90.0505,-0.011,0.004,0.0,-0.024720654454524277,5.240778744371361,-0.03708098168187424,0.0,0.0,0.0,-0.000999999999990564,0.212,-0.0014999999999929514,0.0,0.0,-0.0206547,0.0068849,0.3993242,-0.034424500000000004,-0.0068849,-0.0206547,0.012812942612782,0.008599755799648,0.028209279608926,-0.0009313186813380001,-0.001155525030549,0.00155219780223,0.4240153299115493,2.264904000185197,0.6691969992971281,0.4908840001007775,16.61800200054131
invdyn,00:51:46.473,204,-90.021,-89.98,-0.416,-90.049,-0.011,0.004,0.0,0.0,0.39397008336268674,0.0,0.0,0.0,-90.021,-89.982,0.0,-90.052,-0.011,0.004,-90.021,-89.981,-0.208,-90.0505,-0.011,0.004,0.0,-0.024623130210110512,5.121611083714923,-0.03693469531525325,0.0,0.0,0.0,-0.000999999999990564,0.208,-0.0014999999999929514,0.0,0.0,0.0206547,0.0,0.3580148,0.0275396,-0.0137698,0.0413094,0.012812942612782,0.008391697191592,0.028295970695616,-0.001000305250326,-0.001155525030549,0.0016556776557120003,0.4160156247065727,2.4380130007557455,0.28584900064743124,0.12797999988833908,17.188533000080497
invdyn,00:51:46.493,205,-90.021,-89.98,-0.408,-90.049,-0.011,0.004,0.0,0.0,0.3956610617173317,0.0,0.0,0.0,-90.021,-89.982,0.0,-90.052,-0.011,0.004,-90.021,-89.981,-0.204,-90.0505,-0.011,0.004,0.0,-0.024728816357275574,5.044678536895974,-0.03709322453600122,0.0,0.0,0.0,-0.000999999999990564,0.204,-0.0014999999999929514,0.0,0.0,-0.0137698,0.0137698,0.3235903,0.0137698,0.0068849,-0.0206547,0.013021001220838,0.008686446886338,0.029266910866544,-0.001534951159983,-0.00103479853482,0.0024317765568270004,0.4080159310615211,1.9225170008212444,0.2290720003657043,0.1083329998436966,17.781620000278053
invdyn,00:51:46.513,206,-90.021,-89.98,-0.402,-90.049,-0.011,0.004,0.0,0.0,0.29673180049522213,0.0,0.0,0.0,-90.021,-89.982,0.0,-90.052,-0.011,0.004,-90.021,-89.981,-0.201,-90.0505,-0.011,0.004,0.0,-0.024727650041211087,4.970257658295012,-0.03709147506190448,0.0,0.0,0.0,-0.000999999999990564,0.201,-0.0014999999999929514,0.0,0.0,-0.0068849,-0.0206547,0.3167054,0.0413094,-0.0206547,-0.0,0.013489133088964,0.008461050060944,0.028452014651658,-0.00137973137976,-0.001396978022007,0.0017246642247000002,0.4020161688290659,2.8394529999786755,0.3003669999088743,0.1487949994043447,16.789369999969495
invdyn,00:51:46.533,207,-90.021,-89.98,-0.396,-90.049,-0.011,0.004,0.0,0.0,0.2960859344667336,0.0,0.0,0.0,-90.021,-89.982,0.0,-90.052,-0.011,0.004,-90.021,-89.981,-0.198,-90.0505,-0.011,0.004,0.0,-0.024673827872170272,4.8854179187011,-0.03701074180834307,0.0,0.0,0.0,-0.000999999999990564,0.198,-0.0014999999999929514,0.0,0.0,0.0068849,0.034424500000000004,0.3373601,0.0206547,-0.0,-0.0,0.01274358974343,0.008391697191592,0.027862515262165998,-0.001465964590995,-0.000620879120892,0.002311050061098,0.39601641380124636,4.565287999866996,0.5915310002819751,0.22979400000622263,14.736334999724932
invdyn,00:51:46.554,208,-90.021,-89.98,-0.39,-90.049,-0.011,0.004,0.0,0.0,0.29430614321299536,0.0,0.0,0.0,-90.021,-89.982,0.0,-90.052,-0.011,0.004,-90.021,-89.981,-0.195,-90.0505,-0.011,0.004,0.0,-0.0245255119343591,4.782474827211171,-0.03678826790162579,0.0,0.0,0.0,-0.000999999999990564,0.195,-0.0014999999999929514,0.0,0.0,-0.0068849,-0.0206547,0.3167054,-0.0,-0.034424500000000004,0.0137698,0.01274358974343,0.008703785103676,0.028486691086334,-0.001000305250326,-0.001155525030549,0.0018971306471700002,0.39001666631055654,3.568852999705996,0.2447199995003757,0.1215170004797983,16.011693000109517
invdyn,00:51:46.574,209,-90.021,-89.98,-0.384,-90.049,-0.011,0.004,0.0,0.0,0.2967318004952249,0.0,0.0,0.0,-90.021,-89.982,0.0,-90.052,-0.011,0.004,-90.021,-89.981,-0.192,-90.0505,-0.011,0.004,0.0,-0.024727650041211087,4.747708807923594,-0.03709147506190448,0.0,0.0,0.0,-0.000999999999990564,0.192,-0.0014999999999929514,0.0,0.0,-0.0481943,0.0275396,0.3580148,-0.06884900000000001,0.0068849,0.034424500000000004,0.013385103784935999,0.008374358974254,0.028798778998417998,-0.001224511599537,-0.0008623321123500001,0.0018971306471700002,0.3840169267102688,3.7256120003803517,0.9095470004467643,0.13466500058711972,15.131422999729693
invdyn,00:51:46.594,210,-90.021,-89.98,-0.377,-90.049,-0.011,0.004,0.0,0.0,0.3461544483482283,0.0,0.0,0.0,-90.021,-89.982,0.0,-90.052,-0.011,0.004,-90.021,-89.981,-0.1885,-90.0505,-0.011,0.004,0.0,-0.024725317739101516,4.660722393831498,-0.037087976608740116,0.0,0.0,0.0,-0.000999999999990564,0.1885,-0.0014999999999929514,0.0,0.0,-0.034424500000000004,-0.0068849,0.2960507,0.0068849,0.0068849,-0.0068849,0.013211721611556,0.008131623931522,0.028209279608926,-0.0009140720390910001,-0.000741605616621,0.0027767094017670003,0.3770172409850775,3.4752430001390167,0.23183099983725697,0.25962699965020875,16.086896000160777
invdyn,00:51:46.615,211,-90.021,-89.98,-0.37,-90.049,-0.011,0.004,0.0,0.0,0.3441863474907099,0.0,0.0,0.0,-90.021,-89.982,0.0,-90.052,-0.011,0.004,-90.021,-89.981,-0.185,-90.0505,-0.011,0.004,0.0,-0.02458473910642196,4.548176734698663,-0.036877108659720284,0.0,0.0,0.0,-0.000999999999990564,0.185,-0.0014999999999929514,0.0,0.0,-0.0550792,-0.0206547,0.3304752,0.034424500000000004,0.0137698,-0.0,0.0130036630035,0.008426373626268,0.02739438339404,-0.0026042429792970004,-0.001155525030549,0.002828449328508,0.3700175671505341,4.292141999940213,0.23531199985882267,0.11470299978100229,15.407883999614569
invdyn,00:51:46.635,212,-90.021,-89.98,-0.364,-90.049,-0.011,0.004,0.0,0.0,0.2968613119743317,0.0,0.0,0.0,-90.021,-89.982,0.0,-90.052,-0.011,0.004,-90.021,-89.981,-0.182,-90.0505,-0.011,0.004,0.0,-0.024738442664469965,4.502396564944027,-0.037107663996792835,0.0,0.0,0.0,-0.000999999999990564,0.182,-0.0014999999999929514,0.0,0.0,-0.0413094,0.0137698,0.26162620000000003,0.0206547,-0.0,-0.0619641,0.01274358974343,0.008374358974254,0.027810500610152,-0.001534951159983,-0.0008623321123500001,0.0017246642247000002,0.36401785670486,4.141421999520389,0.23325700021814555,0.1022770002236939,17.26808799958235
invdyn,00:51:46.657,213,-90.021,-89.98,-0.358,-90.049,-0.011,0.004,0.0,0.0,0.2698747882037536,0.0,0.0,0.0,-90.021,-89.982,0.0,-90.052,-0.011,0.004,-90.021,-89.981,-0.179,-90.0505,-0.011,0.004,0.0,-0.0224895656835937,4.025632257372654,-0.03373434852547045,0.0,0.0,0.0,-0.000999999999990564,0.179,-0.0014999999999929514,0.0,0.0,0.0481943,-0.0275396,0.28916580000000003,0.0895037,-0.034424500000000004,-0.0413094,0.01309035409019,0.008686446886338,0.028538705738348,-0.001534951159983,-0.001103785103808,0.0019488705739110002,0.3580181559641913,3.2446530003653606,0.4734209996968275,0.13748000037594466,16.249782999693707
invdyn,00:51:46.677,214,-90.021,-89.98,-0.353,-90.049,-0.011,0.004,0.0,0.0,0.24642225982327526,0.0,0.0,0.0,-90.021,-89.982,0.0,-90.052,-0.011,0.004,-90.021,-89.981,-0.1765,-90.0505,-0.011,0.004,0.0,-0.024642225982270075,4.349352885880805,-0.03696333897349266,0.0,0.0,0.0,-0.000999999999990564,0.1765,-0.0014999999999929514,0.0,0.0,0.0206547,-0.0413094,0.2340866,-0.0137698,-0.0068849,-0.0068849,0.013246398046232,0.008634432234324,0.027689133088786,-0.0016901709402060002,-0.001224511599537,0.001190018315043,0.3530184131175029,2.8915449993291986,0.22772000011173077,0.09175899958790978,16.84846199987078
invdyn,00:51:46.698,215,-90.021,-89.98,-0.347,-90.049,-0.011,0.004,0.0,0.0,0.2956198710192769,0.0,0.0,0.0,-90.021,-89.982,0.0,-90.052,-0.011,0.004,-90.021,-89.981,-0.1735,-90.0505,-0.011,0.004,0.0,-0.024634989251548972,4.274170635153707,-0.03695248387741098,0.0,0.0,0.0,-0.000999999999990564,0.1735,-0.0014999999999929514,0.0,0.0,-0.0068849,-0.034424500000000004,0.2547413,-0.0,-0.0206547,-0.0137698,0.012535531135374,0.008131623931522,0.02964835164798,-0.001465964590995,-0.0008623321123500001,0.0019488705739110002,0.3470187314828984,2.8630830001930008,0.29671899937966373,0.09861000035016332,16.991219999908935
invdyn,00:51:46.718,216,-90.021,-89.98,-0.342,-90.05,-0.011,0.004,0.0,0.0,0.24366505164580834,-0.04873301032870232,0.0,0.0,-90.021,-89.982,0.0,-90.052,-0.011,0.004,-90.021,-89.981,-0.171,-90.051,-0.011,0.004,0.0,-0.024366505164524294,4.166672383143365,-0.02436650516469743,0.0,0.0,0.0,-0.000999999999990564,0.171,-0.0010000000000047748,0.0,0.0,-0.0481943,0.0275396,0.2134319,-0.0206547,-0.0757339,0.0481943,0.013575824175654,0.008391697191592,0.028885470085108,-0.001603937728971,-0.000741605616621,0.0017246642247000002,0.34201169570644807,3.60840899975301,0.24005300019780407,1.4808179994361126,15.61338200008322
invdyn,00:51:46.741,217,-90.021,-89.98,-0.338,-90.049,-0.011,0.004,0.0,0.0,0.1739346651875967,0.043483666296488824,0.0,0.0,-90.021,-89.982,0.0,-90.052,-0.011,0.004,-90.021,-89.981,-0.169,-90.0505,-0.011,0.004,0.0,-0.021741833148398896,3.6743698020879774,-0.03261274972267559,0.0,0.0,0.0,-0.000999999999990564,0.169,-0.0014999999999929514,0.0,0.0,-0.0413094,-0.0206547,0.2822809,-0.0481943,-0.0413094,-0.0068849,0.01317704517688,0.008703785103676,0.028469352868996,-0.002380036630086,-0.0009140720390910001,0.002138583638628,0.33801923022218716,3.1982460004655877,0.3153490006297943,0.11997999990853714,16.897868999876664
invdyn,00:51:46.762,218,-90.021,-89.98,-0.333,-90.049,-0.011,0.004,0.0,0.0,0.24156562805966733,0.0,0.0,0.0,-90.021,-89.982,0.0,-90.052,-0.011,0.004,-90.021,-89.981,-0.1665,-90.0505,-0.011,0.004,0.0,-0.02415656280591041,4.022067707193457,-0.03623484420895144,0.0,0.0,0.0,-0.000999999999990564,0.1665,-0.0014999999999929514,0.0,0.0,-0.0275396,0.0413094,0.2685111,-0.0206547,0.0137698,0.034424500000000004,0.010524297924165999,0.009206593406478,0.029492307691938,-0.00206959706964,-0.001345238095266,0.0019488705739110002,0.33301951894746346,1.991979999729665,0.22884999998495914,0.5797719995825901,17.76212000004307
invdyn,00:51:46.783,219,-90.021,-89.98,-0.324,-90.049,-0.011,0.004,0.0,0.0,0.43124655562410075,0.0,0.0,0.0,-90.021,-89.982,0.0,-90.052,-0.011,0.004,-90.021,-89.981,-0.162,-90.0505,-0.011,0.004,0.0,-0.02395814197906085,3.881219000616903,-0.03593721296867639,0.0,0.0,0.0,-0.000999999999990564,0.162,-0.0014999999999929514,0.0,0.0,-0.0206547,0.0550792,0.26162620000000003,0.0137698,0.0413094,0.0137698,0.013281074480908,0.008391697191592,0.02609401709369,-0.0016901709402060002,-0.001224511599537,0.00206959706964,0.3240200611073332,2.087165000375535,0.22586800059798406,0.09111000053962925,17.657084000347822
invdyn,00:51:46.803,220,-90.021,-89.98,-0.319,-90.049,-0.011,0.004,0.0,0.0,0.24726775376416374,0.0,0.0,0.0,-90.021,-89.982,0.0,-90.052,-0.011,0.004,-90.021,-89.981,-0.1595,-90.0505,-0.011,0.004,0.0,-0.024726775376358725,3.943920672538408,-0.03709016306462593,0.0,0.0,0.0,-0.000999999999990564,0.1595,-0.0014999999999929514,0.0,0.0,0.0,0.034424500000000004,0.2134319,-0.0137698,-0.0137698,0.0137698,0.013021001220838,0.00814896214886,0.029735042734669998,-0.0009313186813380001,-0.0009140720390910001,0.002207570207616,0.3190203755248244,2.0750720004798495,0.23358999987976858,0.0905740007510758,17.654249999395688
invdyn,00:51:46.824,221,-90.021,-89.98,-0.314,-90.05,-0.011,0.004,0.0,0.0,0.24137100765379546,-0.04827420153030353,0.0,0.0,-90.021,-89.982,0.0,-90.052,-0.011,0.004,-90.021,-89.981,-0.157,-90.051,-0.011,0.004,0.0,-0.02413710076532327,3.7895248201645853,-0.024137100765494777,0.0,0.0,0.0,-0.000999999999990564,0.157,-0.0010000000000047748,0.0,0.0,-0.0275396,0.0137698,0.2340866,0.0757339,-0.0137698,-0.0,0.013211721611556,0.008461050060944,0.028295970695616,-0.001000305250326,-0.001276251526278,0.00224206349211,0.3140127385951086,2.1594790005110553,0.22786799945606617,0.0952949994825758,18.051154000204406
invdyn,00:51:46.844,222,-90.021,-89.98,-0.309,-90.05,-0.011,0.004,0.0,0.0,0.24161572404576218,0.0,0.0,0.0,-90.021,-89.982,0.0,-90.052,-0.011,0.004,-90.021,-89.981,-0.1545,-90.051,-0.011,0.004,0.0,-0.024161572404519886,3.7329629365070223,-0.024161572404691564,0.0,0.0,0.0,-0.000999999999990564,0.1545,-0.0010000000000047748,0.0,0.0,0.0068849,0.0206547,0.2272017,-0.034424500000000004,-0.0068849,0.0068849,0.012708913308754,0.00814896214886,0.028590720390362,-0.0009140720390910001,-0.000258699633705,0.002173076923122,0.30901294471267704,2.0767020005223458,0.22620200070377905,0.08994299969344866,18.108617000507365
invdyn,00:51:46.865,223,-90.021,-89.98,-0.304,-90.05,-0.011,0.004,0.0,0.0,0.24152111573055726,0.0,0.0,0.0,-90.021,-89.982,0.0,-90.052,-0.011,0.004,-90.021,-89.981,-0.152,-90.051,-0.011,0.004,0.0,-0.02415211157299942,3.671120959104467,-0.02415211157317103,0.0,0.0,0.0,-0.000999999999990564,0.152,-0.0010000000000047748,0.0,0.0,0.0481943,0.0,0.2272017,-0.0206547,0.0206547,0.0137698,0.012067399267248,0.00788888888879,0.02869474969439,-0.001310744810772,-0.0009830586080790001,0.0019488705739110002,0.3040131576099956,2.0294429996283725,0.22183100008987822,0.08481399981974391,18.216096999822184
invdyn,00:51:46.886,224,-90.021,-89.98,-0.3,-90.05,-0.011,0.004,0.0,0.0,0.19318796923218662,0.0,0.0,0.0,-90.021,-89.982,0.0,-90.052,-0.011,0.004,-90.021,-89.981,-0.15,-90.051,-0.011,0.004,0.0,-0.024148496153967025,3.622274423103496,-0.02414849615413861,0.0,0.0,0.0,-0.000999999999990564,0.15,-0.0010000000000047748,0.0,0.0,0.0137698,0.034424500000000004,0.2272017,0.0137698,-0.0481943,-0.0068849,0.012708913308754,0.008357020756916,0.029301587301219997,-0.001534951159983,-0.000810592185609,0.0016556776557120003,0.3000133330370502,1.9951659996877424,0.2195350007241359,0.08055499984038761,18.22676399933698
invdyn,00:51:46.906,225,-90.021,-89.98,-0.295,-90.05,-0.011,0.004,0.0,0.0,0.24186651596756914,0.0,0.0,0.0,-90.021,-89.982,0.0,-90.052,-0.011,0.004,-90.021,-89.981,-0.1475,-90.051,-0.011,0.004,0.0,-0.024186651596700526,3.567531110521642,-0.02418665159687238,0.0,0.0,0.0,-0.000999999999990564,0.1475,-0.0010000000000047748,0.0,0.0,-0.0068849,0.0413094,0.1927772,0.0068849,-0.0481943,-0.0137698,0.01274358974343,0.00788888888879,0.028556043955686,-0.001069291819314,-0.0009830586080790001,0.0018281440781820002,0.2950135590104292,1.9795729995166766,0.2646450002430356,0.08344300022145035,18.18678200015711
invdyn,00:51:46.927,226,-90.021,-89.98,-0.291,-90.05,-0.011,0.004,0.0,0.0,0.1935758163147573,0.0,0.0,0.0,-90.021,-89.982,0.0,-90.052,-0.011,0.004,-90.021,-89.981,-0.1455,-90.051,-0.011,0.004,0.0,-0.024196977039288248,3.520660159224645,-0.024196977039460176,0.0,0.0,0.0,-0.000999999999990564,0.1455,-0.0010000000000047748,0.0,0.0,0.0619641,-0.0068849,0.1996621,-0.0068849,0.0206547,0.0481943,0.012882295482134,0.008426373626268,0.028989499389136,-0.0017591575091940002,-0.001345238095266,0.00206959706964,0.291013745379836,1.9999609994556522,0.24744199981796555,0.14653600010205992,19.497473000228638
invdyn,00:51:46.949,227,-90.021,-89.98,-0.287,-90.049,-0.011,0.004,0.0,0.0,0.18135374171720137,0.04533843542887248,0.0,0.0,-90.021,-89.982,0.0,-90.052,-0.011,0.004,-90.021,-89.981,-0.1435,-90.0505,-0.011,0.004,0.0,-0.022669217714597317,3.253032742052296,-0.034003826571976516,0.0,0.0,0.0,-0.000999999999990564,0.1435,-0.0014999999999929514,0.0,0.0,0.0,-0.0206547,0.1927772,-0.0137698,-0.0275396,-0.0413094,0.01317704517688,0.00814896214886,0.02895482295446,-0.0016901709402060002,-0.000793345543362,0.002207570207616,0.2870226471900779,2.858767999896372,0.23697900087427115,0.11586900018301094,17.47138199971232
invdyn,00:51:46.970,228,-90.021,-89.98,-0.283,-90.049,-0.011,0.004,0.0,0.0,0.19189532077457153,0.0,0.0,0.0,-90.021,-89.982,0.0,-90.052,-0.011,0.004,-90.021,-89.981,-0.1415,-90.0505,-0.011,0.004,0.0,-0.023986915096765517,3.3941484862002307,-0.035980372645233495,0.0,0.0,0.0,-0.000999999999990564,0.1415,-0.0014999999999929514,0.0,0.0,-0.0068849,0.0137698,0.1583527,-0.0068849,-0.034424500000000004,-0.0206547,0.01317704517688,0.008357020756916,0.029769719169346,-0.0009313186813380001,-0.001103785103808,0.0018971306471700002,0.28302296726590925,1.9505730006130761,0.4801990007763379,0.20166500053164782,17.400049000571016
invdyn,00:51:46.990,229,-90.021,-89.98,-0.279,-90.049,-0.011,0.004,0.0,0.0,0.1977605733415034,0.0,0.0,0.0,-90.021,-89.982,0.0,-90.052,-0.011,0.004,-90.021,-89.981,-0.1395,-90.0505,-0.011,0.004,0.0,-0.024720071667630635,3.4484499976425105,-0.037080107501533774,0.0,0.0,0.0,-0.000999999999990564,0.1395,-0.0014999999999929514,0.0,0.0,-0.0275396,0.0068849,0.2409715,0.0137698,0.0137698,0.0068849,0.012656898656739999,0.008114285714183999,0.030116483516105998,-0.002138583638628,-0.001345238095266,0.001586691086724,0.279023296518409,2.7635460000965395,0.27146000047650887,0.10303599992766976,16.92549799918197
invdyn,00:51:47.010,230,-90.021,-89.98,-0.275,-90.049,-0.011,0.004,0.0,0.0,0.197716292498969,0.0,0.0,0.0,-90.021,-89.982,0.0,-90.052,-0.011,0.004,-90.021,-89.981,-0.1375,-90.0505,-0.011,0.004,0.0,-0.024714536562313504,3.398248777326027,-0.037071804843558064,0.0,0.0,0.0,-0.000999999999990564,0.1375,-0.0014999999999929514,0.0,0.0,-0.0550792,0.0137698,0.1858923,0.0068849,-0.0,-0.0206547,0.012500854700698,0.008131623931522,0.030012454212078,-0.002138583638628,-0.001345238095266,0.00206959706964,0.275023635347946,2.631641000334639,1.3526709999496234,0.14273999931901926,15.93021300050168
invdyn,00:51:47.031,231,-90.021,-89.98,-0.271,-90.049,-0.011,0.004,0.0,0.0,0.19650284027688325,0.0,0.0,0.0,-90.021,-89.982,0.0,-90.052,-0.011,0.004,-90.021,-89.981,-0.1355,-90.0505,-0.011,0.004,0.0,-0.02456285503455314,3.3282668571897074,-0.03684428255191697,0.0,0.0,0.0,-0.000999999999990564,0.1355,-0.0014999999999929514,0.0,0.0,0.0,-0.0068849,0.1858923,-0.0963886,0.0206547,0.0068849,0.012674236874078,0.008686446886338,0.029700366299994,-0.001224511599537,-0.000672619047633,0.001396978022007,0.2710239841785224,2.0017400001961505,0.2265719995193649,0.09518499973637518,17.73793500069587
invdyn,00:51:47.051,232,-90.021,-89.98,-0.268,-90.05,-0.011,0.004,0.0,0.0,0.148355404640634,-0.04945180154641132,0.0,0.0,-90.021,-89.982,0.0,-90.052,-0.011,0.004,-90.021,-89.981,-0.134,-90.051,-0.011,0.004,0.0,-0.024725900773381347,3.3132707036408227,-0.024725900773557036,0.0,0.0,0.0,-0.000999999999990564,0.134,-0.0010000000000047748,0.0,0.0,-0.0550792,0.0068849,0.1721225,-0.0275396,-0.0413094,0.0137698,0.012864957264796,0.008357020756916,0.030619291818908,-0.001155525030549,-0.000810592185609,0.0019488705739110002,0.26801492495754786,1.9922769997720025,0.2459600000292994,0.10164699961023871,17.712564999783353
invdyn,00:51:47.071,233,-90.021,-89.98,-0.264,-90.05,-0.011,0.004,0.0,0.0,0.19787719670700368,0.0,0.0,0.0,-90.021,-89.982,0.0,-90.052,-0.011,0.004,-90.021,-89.981,-0.132,-90.051,-0.011,0.004,0.0,-0.024734649588317795,3.264973745665558,-0.024734649588493543,0.0,0.0,0.0,-0.000999999999990564,0.132,-0.0010000000000047748,0.0,0.0,-0.0137698,0.0206547,0.2203168,-0.0206547,-0.0275396,-0.0137698,0.012916971916809999,0.00788888888879,0.031208791208399998,-0.00137973137976,-0.001276251526278,0.0016556776557120003,0.26401515108038787,2.011757999753172,0.22149799951876048,0.08090600022114813,17.934413999682874
invdyn,00:51:47.092,234,-90.021,-89.98,-0.26,-90.05,-0.011,0.004,0.0,0.0,0.19553636903998806,0.0,0.0,0.0,-90.021,-89.982,0.0,-90.052,-0.011,0.004,-90.021,-89.981,-0.13,-90.051,-0.011,0.004,0.0,-0.02444204612994152,3.1774659968998034,-0.02444204613011519,0.0,0.0,0.0,-0.000999999999990564,0.13,-0.0010000000000047748,0.0,0.0,-0.0068849,-0.0550792,0.1790074,-0.0413094,-0.0068849,0.0206547,0.012916971916809999,0.0072647130646219995,0.029787057386684,-0.002449023199074,-0.001224511599537,0.001259004884031,0.26001538416024544,2.2249220000958303,0.2767749992926838,0.14409100003831554,17.415882999557653
invdyn,00:51:47.112,235,-90.021,-89.98,-0.256,-90.05,-0.011,0.004,0.0,0.0,0.19756262879617545,0.0,0.0,0.0,-90.021,-89.982,0.0,-90.052,-0.011,0.004,-90.021,-89.981,-0.128,-90.051,-0.011,0.004,0.0,-0.024695328599464356,3.1610020607388045,-0.024695328599639826,0.0,0.0,0.0,-0.000999999999990564,0.128,-0.0010000000000047748,0.0,0.0,0.0,0.0206547,0.2272017,0.0206547,-0.0068849,-0.0137698,0.01317704517688,0.00814896214886,0.029683028082656,-0.0009313186813380001,-0.001103785103808,0.0017591575091940002,0.25601562452319193,2.031275999797799,0.23995999981707428,0.10181400011788355,17.690101999505714
invdyn,00:51:47.132,236,-90.021,-89.98,-0.251,-90.05,-0.011,0.004,0.0,0.0,0.24712497937828495,0.0,0.0,0.0,-90.021,-89.982,0.0,-90.052,-0.011,0.004,-90.021,-89.981,-0.1255,-90.051,-0.011,0.004,0.0,-0.02471249793777088,3.1014184911974736,-0.024712497937946474,0.0,0.0,0.0,-0.000999999999990564,0.1255,-0.0010000000000047748,0.0,0.0,0.0206547,0.0068849,0.2409715,-0.0413094,-0.06884900000000001,-0.0,0.012864957264796,0.008357020756916,0.029526984126614,-0.0026042429792970004,-0.00103479853482,0.0019488705739110002,0.2510159357491074,2.4941230003605597,0.2486830007910612,0.1269980002689408,17.19412599959469
invdyn,00:51:47.152,237,-90.021,-89.98,-0.246,-90.05,-0.011,0.004,0.0,0.0,0.24704055789188512,0.0,0.0,0.0,-90.021,-89.982,0.0,-90.052,-0.011,0.004,-90.021,-89.981,-0.123,-90.051,-0.011,0.004,0.0,-0.024704055789130912,3.038598862070184,-0.024704055789306446,0.0,0.0,0.0,-0.000999999999990564,0.123,-0.0010000000000047748,0.0,0.0,-0.0137698,0.0137698,0.2203168,0.0068849,0.034424500000000004,-0.0,0.012674236874078,0.008391697191592,0.029943101342726,-0.0022938034188510004,-0.0017764041514410002,0.0019488705739110002,0.24601625962525328,2.078849999634258,0.26994200015906245,0.09096200028579915,17.64512099998683
invdyn,00:51:47.173,238,-90.021,-89.98,-0.242,-90.049,-0.011,0.004,0.0,0.0,0.1969203032935047,0.0492300758229116,0.0,0.0,-90.021,-89.982,0.0,-90.052,-0.011,0.004,-90.021,-89.981,-0.121,-90.0505,-0.011,0.004,0.0,-0.0246150379116307,2.978419587314256,-0.0369225568675335,0.0,0.0,0.0,-0.000999999999990564,0.121,-0.0014999999999929514,0.0,0.0,0.0275396,-0.0068849,0.1721225,0.0481943,-0.0206547,-0.0275396,0.013419780219612,0.008426373626268,0.02912820512784,-0.001224511599537,-0.001103785103808,0.0018971306471700002,0.24202685801373364,2.6117520001207595,0.3013679997820873,0.14955400001781527,16.975905000435887
invdyn,00:51:47.193,239,-90.021,-89.98,-0.238,-90.049,-0.011,0.004,0.0,0.0,0.19800330453665693,0.0,0.0,0.0,-90.021,-89.982,0.0,-90.052,-0.011,0.004,-90.021,-89.981,-0.119,-90.0505,-0.011,0.004,0.0,-0.024750413067024413,2.945299154982769,-0.03712561960062455,0.0,0.0,0.0,-0.000999999999990564,0.119,-0.0014999999999929514,0.0,0.0,-0.034424500000000004,-0.0275396,0.14458290000000001,-0.0619641,-0.0,-0.0206547,0.012708913308754,0.008374358974254,0.030116483516105998,-0.001603937728971,-0.001586691086724,0.00206959706964,0.23802730935756086,2.647565999723156,0.2799419999064412,0.1340909993814421,17.012053999678756
invdyn,00:51:47.213,240,-90.021,-89.98,-0.235,-90.05,-0.011,0.004,0.0,0.0,0.14796984841892366,-0.04932328280584243,0.0,0.0,-90.021,-89.982,0.0,-90.052,-0.011,0.004,-90.021,-89.981,-0.1175,-90.051,-0.011,0.004,0.0,-0.024661641403096447,2.8977428648705854,-0.024661641403271678,0.0,0.0,0.0,-0.000999999999990564,0.1175,-0.0010000000000047748,0.0,0.0,0.0068849,-0.0206547,0.1170433,0.034424500000000004,-0.0137698,0.0206547,0.013142368742204,0.00814896214886,0.02912820512784,-0.001534951159983,-0.00103479853482,0.001586691086724,0.2350170206602067,3.4423729994159658,0.3542000004017609,0.16725800014683045,16.08546999977989
invdyn,00:51:47.234,241,-90.021,-89.98,-0.231,-90.05,-0.011,0.004,0.0,0.0,0.19492524689206342,0.0,0.0,0.0,-90.021,-89.982,0.0,-90.052,-0.011,0.004,-90.021,-89.981,-0.1155,-90.051,-0.011,0.004,0.0,-0.02436565586145129,2.8142332520041826,-0.024365655861624418,0.0,0.0,0.0,-0.000999999999990564,0.1155,-0.0010000000000047748,0.0,0.0,0.0068849,0.0068849,0.1583527,0.0068849,0.0137698,0.0068849,0.013662515262343999,0.008131623931522,0.031087423687034,-0.001310744810772,-0.001276251526278,0.0017246642247000002,0.23101731536835074,4.638231999706477,0.3649039999800152,0.1704239994069212,14.877038000122411
invdyn,00:51:47.254,242,-90.021,-89.98,-0.228,-90.05,-0.011,0.004,0.0,0.0,0.14781340820186323,0.0,0.0,0.0,-90.021,-89.982,0.0,-90.052,-0.011,0.004,-90.021,-89.981,-0.114,-90.051,-0.011,0.004,0.0,-0.024635568033586436,2.808454755835399,-0.02463556803376148,0.0,0.0,0.0,-0.000999999999990564,0.114,-0.0010000000000047748,0.0,0.0,-0.0619641,0.0068849,0.1514678,0.0137698,0.0275396,0.0068849,0.012778266178106,0.00814896214886,0.029960439560064,-0.002380036630086,-0.0009313186813380001,0.002035103785146,0.22801754318472958,3.4165770002800855,0.3908480002792203,0.16159099959622836,16.08021100037149
invdyn,00:51:47.274,243,-90.021,-89.98,-0.225,-90.05,-0.011,0.004,0.0,0.0,0.14811441485980661,0.0,0.0,0.0,-90.021,-89.982,0.0,-90.052,-0.011,0.004,-90.021,-89.981,-0.1125,-90.051,-0.011,0.004,0.0,-0.024685735809910216,2.7771452786213717,-0.024685735810085617,0.0,0.0,0.0,-0.000999999999990564,0.1125,-0.0010000000000047748,0.0,0.0,0.034424500000000004,0.0275396,0.1652376,0.0619641,0.0413094,-0.034424500000000004,0.013523809523639999,0.008079609279508,0.030515262514879998,-0.0017591575091940002,-0.000551892551904,0.001327991453019,0.22501777707550136,3.279911999925389,0.3347930005475064,0.14342400027089752,16.284078999888152
invdyn,00:51:47.295,244,-90.021,-89.98,-0.222,-90.05,-0.011,0.004,0.0,0.0,0.1481022116029709,0.0,0.0,0.0,-90.021,-89.982,0.0,-90.052,-0.011,0.004,-90.021,-89.981,-0.111,-90.051,-0.011,0.004,0.0,-0.024683701933770934,2.7398909146549593,-0.024683701933946322,0.0,0.0,0.0,-0.000999999999990564,0.111,-0.0010000000000047748,0.0,0.0,0.0068849,-0.0481943,0.13769800000000001,0.0481943,-0.0550792,0.0275396,0.01257020757005,0.007646153846058,0.029509645909276,-0.001000305250326,-0.0009830586080790001,0.002207570207616,0.22201801728688603,3.4596329996929853,0.3146640001432388,0.14133200056676287,16.14820999930089
invdyn,00:51:47.315,245,-90.021,-89.98,-0.218,-90.049,-0.011,0.004,0.0,0.0,0.19738133389804605,0.04934533347404584,0.0,0.0,-90.021,-89.982,0.0,-90.052,-0.011,0.004,-90.021,-89.981,-0.109,-90.0505,-0.011,0.004,0.0,-0.024672666737198232,2.6893206743608746,-0.037009000105885,0.0,0.0,0.0,-0.000999999999990564,0.109,-0.0014999999999929514,0.0,0.0,-0.0413094,0.0,0.2134319,-0.0068849,-0.0068849,0.0068849,0.012674236874078,0.008634432234324,0.030359218558838,-0.001465964590995,-0.001103785103808,0.0017246642247000002,0.21802981447499326,3.346337000039057,0.3322000002299319,0.1426839999112417,16.223579999859794
invdyn,00:51:47.335,246,-90.021,-89.98,-0.215,-90.049,-0.011,0.004,0.0,0.0,0.14815801434139117,0.0,0.0,0.0,-90.021,-89.982,0.0,-90.052,-0.011,0.004,-90.021,-89.981,-0.1075,-90.0505,-0.011,0.004,0.0,-0.02469300239017429,2.654497756949923,-0.037039503585349166,0.0,0.0,0.0,-0.000999999999990564,0.1075,-0.0014999999999929514,0.0,0.0,-0.0068849,0.0413094,0.1583527,-0.0206547,-0.0137698,-0.0206547,0.012882295482134,0.008357020756916,0.030671306470921998,-0.00017246642247,-0.0009830586080790001,0.001483211233242,0.21503023043283934,3.6248529995646095,0.5821980003020144,0.19562800025596516,15.622659000655403
